CorWatt	PkgWatt
16.48	171.19
0.21	86.02
0.20
0.18
0.18
0.17
0.16
0.17
0.16
0.20
0.20
3.74
0.20
0.15
0.15
0.15
0.15
0.17
0.17
0.17
0.17
0.18
0.17
0.17
0.17
0.16
0.16
0.16
0.16
0.17
0.16
0.16
0.16
0.15	83.48
0.15
0.14
0.15
0.15
0.15
0.16
0.16
0.16
0.16
0.25
2.75
0.13
0.13
0.13
0.13
0.14
0.13
0.13
0.14
0.16
0.16
0.15
0.15
0.14
0.15
0.14
0.14
0.14
0.14
0.13
0.13
CorWatt	PkgWatt
11.41	163.25
0.19	86.29
0.18
0.18
0.25
0.16
0.16
0.16
0.16
0.20
0.20
3.73
0.20
0.16
0.15
0.15
0.15
0.17
0.18
0.17
0.17
0.18
0.17
0.17
0.17
0.16
0.16
0.16
0.17
0.16
0.15
0.16
0.15
0.08	76.78
0.08
0.07
0.09
0.08
0.08
0.09
0.08
0.06
0.08
0.09
0.06
0.06
0.07
0.06
0.06
0.07
0.08
0.08
0.07
0.07
0.11
0.07
0.07
0.07
0.09
0.09
0.08
0.06
0.06
0.07
0.06
CorWatt	PkgWatt
16.87	177.65
0.23	90.62
0.18
0.18
0.18
0.17
0.17
0.17
0.17
0.20
0.20
3.73
0.20
0.15
0.15
0.15
0.15
0.17
0.17
0.17
0.17
0.18
0.18
0.17
0.17
0.16
0.16
0.16
0.16
0.22
0.20
0.21
0.22
0.26	87.22
0.32
0.16
0.18
0.14
0.27
0.18
0.34
0.48
0.28
0.21
0.24
0.15
0.29
0.14
0.24
0.28
0.20
0.13
0.26
0.12
0.35
0.48
0.14
0.30
0.29
0.15
0.15
0.27
0.17
0.27
0.21
CorWatt	PkgWatt
12.59	166.48
0.19	88.58
0.18
0.18
0.17
0.17
0.17
0.17
0.17
0.20
0.20
3.74
0.20
0.15
0.15
0.14
0.15
0.17
0.17
0.16
0.16
0.18
0.17
0.17
0.17
0.16
0.16
0.16
0.16
0.17
0.17
1.48
0.17
0.08	77.82
0.08
0.07
0.07
0.08
0.08
0.08
0.09
0.06
0.07
0.06
0.06
0.07
0.06
0.06
0.06
0.07
0.08
0.07
0.08
0.07
0.08
0.07
0.07
0.07
0.08
0.07
0.07
0.06
0.06
0.06
0.06
CorWatt	PkgWatt
17.72	169.45
0.18	89.52
0.18
0.18
0.17
0.17
0.16
0.17
0.17
0.19
0.20
3.76
0.20
0.15
0.15
0.14
0.15
0.16
0.16
0.16
0.16
0.18
0.17
0.17
0.17
0.16
0.16
0.16
0.16
0.20
0.21
3.98
0.21
0.11	79.80
0.11
0.11
0.11
0.12
0.12
0.12
0.12
0.12
0.12
0.11
1.46
0.10
0.10
0.10
0.10
0.11
0.11
0.11
0.11
0.11
0.11
0.11
0.11
0.11
0.11
0.11
0.11
0.10
0.10
0.10
0.11
CorWatt	PkgWatt
29.16	187.33
0.22	93.58
0.22
0.19
0.18
0.17
0.17
0.17
0.17
0.20
0.20
3.81
0.20
1.35
0.17
0.16
0.17
0.18
0.17
0.17
0.17
0.19
0.18
0.19
0.17
0.18
0.18
0.18
1.28
0.28
0.28
2.63
0.29
0.21	93.93
0.21
0.21
0.20
0.22
0.22
0.22
0.23
0.24
0.25
0.24
4.15
0.22
0.20
0.20
0.20
0.21
0.21
0.21
0.21
0.22
0.22
0.22
0.21
0.23
0.22
4.14
0.23
0.19
0.20
0.19
0.20
CorWatt	PkgWatt
29.40	182.95
0.20	93.06
0.19
0.19
0.18
0.18
0.17
0.17
0.17
0.21
0.21
3.86
0.21
3.64
0.20
0.20
0.20
0.18
0.18
0.18
0.17
0.19
0.18
0.18
0.18
0.21
0.22
0.21
3.20
0.16
0.16
0.16
0.17
0.15	89.85
0.15
0.15
0.15
0.16
0.17
0.16
0.16
0.18
0.18
0.18
2.75
0.15
0.14
0.15
0.14
0.16
0.15
0.15
0.15
0.16
0.17
0.16
0.17
0.20
0.20
5.67
0.20
0.16
0.15
0.15
0.15
CorWatt	PkgWatt
20.63	173.00
0.16	86.40
0.16
0.15
0.15
0.14
0.14
0.14
0.14
0.16
0.15
1.49
0.16
2.38
0.16
0.16
0.16
0.17
0.17
0.16
0.17
0.16
0.15
0.17
0.16
0.17
0.17
0.16
2.05
0.14
0.14
0.14
0.15
0.15	86.52
0.14
0.14
0.15
0.15
0.15
0.15
0.15
0.14
0.14
0.14
0.14
0.14
0.14
0.14
0.14
0.15
0.14
0.14
0.15
0.16
0.16
0.16
0.16
0.19
0.19
5.54
0.20
0.14
0.14
0.14
0.14
CorWatt	PkgWatt
12.90	163.26
0.10	76.70
0.09
0.09
0.09
0.08
0.08
0.08
0.08
0.08
0.08
0.08
0.08
0.08
0.08
0.08
0.08
0.09
0.09
0.09
0.09
0.10
0.09
0.09
0.09
0.08
0.08
0.08
0.08
0.08
0.08
0.08
0.09
0.15	86.53
0.15
0.15
0.15
0.15
0.15
0.15
0.15
0.14
0.14
0.14
0.14
0.14
0.14
0.14
0.13
0.15
0.14
0.14
0.15
0.16
0.16
0.16
0.16
0.19
0.19
5.51
0.20
0.14
0.14
0.14
0.14
CorWatt	PkgWatt
16.58	167.51
0.12	79.35
0.12
0.12
0.11
0.11
0.11
0.11
0.11
0.10
0.10
0.10
0.10
0.10
0.10
0.10
0.10
0.11
0.11
0.11
0.11
0.12
0.11
0.11
0.11
0.10
0.10
0.10
0.11
0.12
0.12
1.46
0.12
0.15	88.23
0.15
0.15
0.15
0.15
0.15
0.15
0.15
0.16
0.16
0.16
1.53
0.14
0.14
0.14
0.14
0.15
0.15
0.15
0.15
0.16
0.16
0.16
0.16
0.20
0.19
5.59
0.20
0.15
0.14
0.14
0.14
CorWatt	PkgWatt
26.11	179.36
0.18	87.96
0.17
0.17
0.17
0.17
0.16
0.16
0.17
0.16
0.15
0.15
0.15
0.15
0.16
0.16
0.15
0.19
0.17
0.18
0.17
0.21
0.19
0.19
2.25
0.16
0.16
0.16
0.16
0.19
0.20
4.07
0.21
0.16	91.30
0.16
0.16
0.16
0.16
0.16
0.16
0.16
0.19
0.20
0.19
4.12
0.14
0.14
0.14
0.14
0.16
0.16
0.15
0.16
0.16
0.17
0.16
0.17
0.20
0.20
5.66
0.20
0.15
0.15
0.15
0.15
CorWatt	PkgWatt
29.04	182.23
0.19	90.98
0.18
0.18
0.26
0.17
0.17
0.17
0.17
0.16
0.15
0.15
0.15
1.59
0.16
0.16
0.16
0.17
0.17
0.17
0.19
0.23
0.21
0.21
3.56
0.18
0.18
0.18
1.47
0.19
0.19
2.69
0.19
0.16	91.26
0.16
0.16
0.15
0.16
0.16
0.16
0.16
0.19
0.20
0.19
4.12
0.14
0.14
0.14
0.14
0.16
0.16
0.15
0.16
0.16
0.17
0.16
0.16
0.20
0.20
5.69
0.20
0.15
0.14
0.14
0.14
CorWatt	PkgWatt
31.54	184.91
0.19	93.64
0.19
0.18
0.18
0.17
0.18
0.17
0.18
0.16
0.16
0.16
0.16
4.17
0.20
0.20
0.20
0.18
0.18
0.18
0.18
0.23
0.22
0.21
3.61
0.21
0.22
0.21
3.67
0.16
0.16
0.16
0.17
0.16	91.33
0.16
0.16
0.16
0.16
0.16
0.16
0.16
0.19
0.20
0.19
4.13
0.15
0.15
0.14
0.14
0.16
0.16
0.16
0.16
0.17
0.17
0.16
0.17
0.20
0.20
5.67
0.20
0.15
0.15
0.15
0.15
CorWatt	PkgWatt
28.45	181.92
0.19	90.57
0.18
0.18
0.18
0.17
0.17
0.17
0.17
0.16
0.15
0.15
0.15
2.70
0.18
0.18
0.18
0.18
0.18
0.20
0.19
0.23
0.21
0.21
3.59
0.19
0.19
0.19
2.35
0.16
0.16
0.16
0.16
0.16	91.30
0.16
0.16
0.16
0.16
0.16
0.16
0.16
0.19
0.19
0.19
4.11
0.14
0.14
0.14
0.14
0.16
0.16
0.15
0.16
0.16
0.17
0.16
0.16
0.20
0.20
5.68
0.20
0.15
0.15
0.14
0.14
CorWatt	PkgWatt
24.24	177.41
0.18	86.43
0.17
0.17
0.17
0.17
0.17
0.17
0.16
0.15
0.15
0.14
0.15
0.14
0.14
0.14
0.14
0.17
0.17
0.17
0.17
0.23
0.21
0.21
3.53
0.16
0.16
0.16
0.16
0.17
0.17
1.27
0.18
0.16	90.99
0.16
0.16
0.16
0.16
0.16
0.16
0.16
0.19
0.19
0.19
3.89
0.14
0.14
0.14
0.14
0.16
0.16
0.16
0.16
0.16
0.17
0.16
0.16
0.20
0.20
5.72
0.20
0.15
0.15
0.14
0.15
CorWatt	PkgWatt
21.98	178.95
0.19	90.52
0.20
0.18
0.21
0.17
0.17
0.17
0.17
0.15
0.15
0.15
0.15
0.15
0.15
0.14
0.15
0.17
0.17
0.17
0.17
0.23
0.21
0.21
3.55
0.16
0.16
0.16
0.17
0.20
0.20
3.31
0.22
0.16	88.51
0.16
0.16
0.18
0.17
0.16
0.16
0.16
0.20
0.20
0.19
3.39
0.15
0.16
0.16
0.14
0.16
0.16
0.16
0.16
0.16
0.16
0.16
0.16
0.18
0.17
1.54
0.18
0.15
0.17
0.15
0.15
CorWatt	PkgWatt
22.96	178.26
0.19	91.26
0.18
0.18
0.18
0.17
0.17
0.17
0.17
0.15
0.15
0.15
0.15
1.30
0.16
0.16
0.16
0.17
0.17
0.17
0.17
0.23
0.21
0.21
3.56
0.18
0.18
0.18
1.23
0.20
0.21
3.35
0.23
0.16	87.05
0.18
0.16
0.17
0.17
0.16
0.16
0.16
0.21
0.20
0.19
3.39
0.15
0.15
0.15
0.15
0.16
0.16
0.16
0.17
0.16
0.17
0.16
0.17
0.16
0.16
0.15
0.16
0.15
0.17
0.16
0.16
CorWatt	PkgWatt
27.02	180.60
0.19	95.43
0.18
0.18
0.18
0.17
0.17
0.17
0.17
0.16
0.16
0.16
0.16
3.38
0.19
0.19
0.19
0.17
0.17
0.17
0.17
0.23
0.21
0.21
3.61
0.21
0.21
0.21
3.13
0.20
0.21
3.40
0.22
0.16	85.05
0.16
0.15
0.15
0.16
0.16
0.16
0.17
0.19
0.19
0.19
3.36
0.14
0.14
0.14
0.14
0.16
0.16
0.15
0.16
0.16
0.16
0.16
0.17
0.16
0.16
0.15
0.15
0.14
0.15
0.14
0.14
CorWatt	PkgWatt
31.51	184.79
0.24	95.54
0.19
0.18
0.19
0.18
0.18
0.18
0.19
0.16
0.16
0.16
0.16
3.38
0.19
0.19
0.19
0.17
0.17
0.17
0.17
0.23
0.22
0.21
3.61
0.21
0.21
0.21
3.13
0.21
0.22
3.40
0.24
0.16	89.28
0.18
0.18
0.17
0.17
0.16
0.16
0.17
0.19
0.20
0.19
3.37
0.14
0.14
0.15
0.14
0.19
0.19
0.18
4.23
0.16
0.17
0.16
0.17
0.17
0.17
0.16
0.16
0.15
0.17
0.15
0.16
CorWatt	PkgWatt
32.79	185.97
0.20	95.38
0.18
0.18
0.18
0.18
0.17
0.17
0.19
0.16
0.16
0.16
0.16
3.38
0.20
0.19
0.20
0.17
0.17
0.17
0.17
0.23
0.22
0.22
3.61
0.21
0.21
0.21
3.12
0.21
0.21
3.40
0.21
0.16	90.66
0.16
0.16
0.16
0.16
0.16
0.16
0.16
0.19
0.20
0.19
3.38
0.14
0.14
0.14
0.14
0.20
0.21
0.19
5.75
0.16
0.17
0.16
0.17
0.15
0.15
0.15
0.15
0.14
0.14
0.14
0.14
CorWatt	PkgWatt
30.82	184.45
0.23	93.65
0.21
0.19
0.22
0.19
0.18
0.18
0.18
0.17
0.17
0.19
0.16
3.35
0.20
0.20
0.20
0.18
0.22
0.18
0.22
0.22
0.20
0.20
1.38
0.21
0.22
0.21
3.07
0.21
0.21
3.35
0.23
0.16	90.75
0.16
0.16
0.16
0.17
0.16
0.16
0.17
0.19
0.20
0.19
3.36
0.15
0.16
0.15
0.14
0.20
0.21
0.20
5.73
0.17
0.17
0.16
0.17
0.15
0.16
0.15
0.15
0.15
0.15
0.15
0.16
CorWatt	PkgWatt
29.36	182.98
0.24	92.38
0.23
0.19
0.30
0.18
0.18
0.18
0.19
0.16
0.16
0.16
0.16
3.37
0.20
0.19
0.20
0.21
0.18
0.18
0.18
0.19
0.18
0.18
0.18
0.21
0.21
0.21
3.05
0.21
0.21
3.31
0.22
0.16	90.56
0.16
0.16
0.16
0.16
0.16
0.16
0.16
0.19
0.20
0.19
3.37
0.14
0.14
0.14
0.14
0.20
0.21
0.19
5.74
0.16
0.17
0.16
0.17
0.15
0.15
0.15
0.15
0.14
0.14
0.14
0.15
CorWatt	PkgWatt
29.09	182.51
0.19	91.94
0.18
0.18
0.18
0.17
0.17
0.17
0.17
0.16
0.16
0.16
0.16
3.37
0.20
0.19
0.20
0.17
0.17
0.17
0.17
0.19
0.18
0.18
0.18
0.21
0.21
0.21
3.06
0.21
0.21
3.33
0.21
0.16	90.64
0.16
0.16
0.16
0.16
0.16
0.16
0.16
0.19
0.20
0.19
3.38
0.14
0.14
0.14
0.14
0.20
0.21
0.19
5.78
0.16
0.17
0.16
0.17
0.15
0.15
0.15
0.15
0.14
0.15
0.15
0.15
CorWatt	PkgWatt
31.22	184.68
0.21	94.02
0.19
0.19
0.20
0.17
0.17
0.17
0.18
0.18
0.19
0.18
2.19
3.37
0.20
0.19
0.20
0.17
0.17
0.17
0.17
0.20
0.19
0.19
0.19
0.21
0.22
0.21
3.07
0.21
0.21
3.33
0.22
0.16	90.56
0.16
0.16
0.16
0.16
0.16
0.16
0.16
0.19
0.19
0.19
3.39
0.14
0.14
0.14
0.14
0.20
0.21
0.19
5.66
0.16
0.17
0.16
0.17
0.15
0.15
0.15
0.15
0.14
0.14
0.14
0.14
CorWatt	PkgWatt
32.85	186.08
0.19	95.45
0.18
0.18
0.18
0.17
0.17
0.17
0.17
0.20
0.21
0.20
3.84
3.37
0.20
0.19
0.20
0.17
0.17
0.17
0.17
0.19
0.18
0.18
0.18
0.21
0.21
0.21
3.06
0.21
0.21
3.33
0.22
0.16	90.60
0.16
0.16
0.16
0.17
0.17
0.16
0.16
0.19
0.20
0.19
3.38
0.14
0.14
0.14
0.14
0.20
0.21
0.19
5.67
0.16
0.17
0.16
0.17
0.15
0.15
0.15
0.15
0.15
0.15
0.15
0.15
CorWatt	PkgWatt
32.76	185.92
0.19	95.52
0.18
0.18
0.18
0.17
0.17
0.17
0.17
0.20
0.21
0.20
3.84
3.37
0.20
0.19
0.20
0.17
0.17
0.17
0.17
0.19
0.18
0.18
0.18
0.21
0.21
0.21
3.06
0.21
0.21
3.35
0.21
0.16	90.50
0.16
0.16
0.15
0.16
0.16
0.16
0.16
0.19
0.19
0.19
3.39
0.14
0.14
0.14
0.14
0.20
0.21
0.19
5.66
0.16
0.17
0.16
0.17
0.15
0.15
0.15
0.15
0.14
0.14
0.14
0.15
CorWatt	PkgWatt
32.96	186.43
0.20	95.79
0.18
0.19
0.18
0.17
0.17
0.17
0.17
0.21
0.21
0.20
3.84
3.37
0.20
0.19
0.20
0.17
0.18
0.17
0.17
0.19
0.18
0.18
0.18
0.21
0.21
0.21
3.09
0.21
0.21
3.36
0.22
0.16	90.60
0.16
0.16
0.16
0.16
0.16
0.16
0.16
0.19
0.20
0.19
3.38
0.14
0.15
0.15
0.14
0.20
0.21
0.19
5.67
0.16
0.17
0.16
0.17
0.15
0.15
0.15
0.15
0.15
0.15
0.15
0.15
CorWatt	PkgWatt
32.82	186.22
0.19	95.68
0.18
0.18
0.18
0.17
0.17
0.17
0.17
0.20
0.21
0.20
3.84
3.37
0.20
0.19
0.19
0.17
0.17
0.17
0.17
0.19
0.18
0.17
0.17
0.21
0.21
0.21
3.13
0.21
0.21
3.37
0.21
0.16	90.48
0.16
0.16
0.15
0.16
0.16
0.16
0.16
0.19
0.19
0.19
3.35
0.14
0.14
0.14
0.14
0.20
0.21
0.19
5.69
0.16
0.17
0.16
0.17
0.15
0.15
0.15
0.15
0.14
0.14
0.14
0.14
CorWatt	PkgWatt
28.94	186.05
0.20	97.54
0.18
0.18
0.18
0.18
0.17
0.17
0.18
0.21
0.21
0.20
3.84
3.34
0.20
0.20
0.20
0.17
0.17
0.17
0.17
0.19
0.18
0.18
0.18
0.21
0.21
0.21
3.05
0.21
0.21
3.35
0.23
0.16	88.61
0.16
0.16
0.16
0.17
0.19
0.16
0.17
0.23
0.20
0.20
3.38
0.15
0.15
0.19
0.15
0.19
0.19
0.17
1.48
0.17
0.17
0.17
0.19
0.16
0.16
0.16
0.19
0.15
0.19
0.15
0.16
CorWatt	PkgWatt
27.39	181.02
0.19	95.71
0.18
0.18
0.18
0.17
0.17
0.17
0.18
0.21
0.21
0.20
3.84
3.35
0.20
0.19
0.20
0.17
0.17
0.17
0.17
0.19
0.18
0.18
0.17
0.21
0.21
0.21
3.10
0.21
0.21
3.34
0.22
0.16	85.28
0.16
0.16
0.19
0.19
0.20
0.16
0.16
0.20
0.19
0.19
3.34
0.14
0.15
0.17
0.14
0.16
0.16
0.16
0.16
0.17
0.17
0.17
0.18
0.16
0.16
0.16
0.17
0.15
0.15
0.14
0.15
CorWatt	PkgWatt
27.29	180.70
0.19	95.77
0.18
0.18
0.20
0.17
0.17
0.17
0.17
0.21
0.21
0.20
3.84
3.37
0.20
0.19
0.20
0.17
0.17
0.17
0.17
0.19
0.18
0.18
0.18
0.21
0.21
0.21
3.14
0.21
0.21
3.38
0.22
0.16	85.01
0.16
0.16
0.16
0.16
0.16
0.16
0.16
0.19
0.20
0.19
3.36
0.14
0.14
0.14
0.14
0.16
0.16
0.16
0.16
0.16
0.16
0.16
0.16
0.15
0.15
0.15
0.15
0.15
0.15
0.15
0.15
CorWatt	PkgWatt
31.41	184.82
0.20	95.75
0.18
0.18
0.23
0.17
0.17
0.17
0.17
0.21
0.21
0.20
3.84
3.38
0.20
0.19
0.20
0.17
0.17
0.17
0.17
0.19
0.18
0.17
0.17
0.21
0.21
0.21
3.14
0.21
0.21
3.39
0.23
0.19	88.97
0.19
0.19
4.01
0.16
0.16
0.16
0.16
0.19
0.19
0.19
3.36
0.14
0.14
0.14
0.14
0.16
0.17
0.16
0.16
0.17
0.17
0.17
0.18
0.17
0.16
0.16
0.17
0.14
0.14
0.14
0.15
CorWatt	PkgWatt
33.27	186.51
0.19	95.70
0.18
0.18
0.18
0.17
0.17
0.17
0.18
0.21
0.21
0.20
3.84
3.38
0.20
0.19
0.20
0.17
0.17
0.17
0.17
0.19
0.18
0.18
0.18
0.21
0.21
0.21
3.12
0.21
0.21
3.38
0.22
0.20	90.78
0.20
0.21
5.89
0.17
0.17
0.17
0.17
0.20
0.19
0.19
3.38
0.15
0.15
0.14
0.14
0.16
0.16
0.16
0.16
0.16
0.17
0.16
0.17
0.15
0.15
0.15
0.15
0.15
0.15
0.15
0.15
CorWatt	PkgWatt
31.05	184.43
0.20	93.82
0.22
0.22
0.18
0.18
0.17
0.17
0.18
0.20
0.20
0.18
1.69
3.35
0.20
0.19
0.20
0.18
0.19
0.20
0.22
0.22
0.18
0.18
0.18
0.21
0.21
0.21
3.09
0.21
0.21
3.35
0.22
0.20	90.75
0.20
0.21
5.85
0.16
0.16
0.16
0.16
0.19
0.20
0.19
3.38
0.14
0.14
0.14
0.14
0.16
0.16
0.16
0.16
0.16
0.16
0.16
0.16
0.15
0.15
0.15
0.15
0.14
0.14
0.14
0.14
CorWatt	PkgWatt
29.49	183.26
0.19	92.35
0.21
0.21
0.18
0.17
0.17
0.17
0.18
0.16
0.16
0.16
0.16
3.36
0.20
0.20
0.20
0.18
0.19
0.21
0.22
0.21
0.18
0.18
0.18
0.21
0.21
0.21
3.07
0.21
0.21
3.31
0.23
0.20	90.84
0.21
0.21
5.89
0.16
0.16
0.16
0.16
0.19
0.20
0.19
3.39
0.14
0.14
0.14
0.14
0.16
0.16
0.16
0.16
0.16
0.17
0.16
0.16
0.15
0.15
0.15
0.15
0.15
0.15
0.15
0.15
CorWatt	PkgWatt
29.18	182.76
0.19	92.01
0.18
0.18
0.18
0.18
0.17
0.17
0.18
0.16
0.16
0.16
0.16
3.37
0.20
0.19
0.20
0.17
0.17
0.17
0.17
0.19
0.18
0.18
0.17
0.21
0.21
0.21
3.08
0.21
0.21
3.33
0.21
0.20	90.68
0.20
0.21
5.88
0.16
0.16
0.16
0.16
0.19
0.19
0.19
3.41
0.14
0.14
0.14
0.14
0.16
0.16
0.15
0.16
0.16
0.16
0.16
0.16
0.15
0.15
0.15
0.15
0.14
0.14
0.14
0.14
CorWatt	PkgWatt
31.47	184.66
2.11	93.91
0.21
0.21
0.21
0.18
0.17
0.18
0.18
0.17
0.18
0.17
0.17
3.37
0.20
0.20
0.20
0.20
0.19
0.18
0.19
0.19
0.18
0.18
0.18
0.21
0.22
0.21
3.07
0.21
0.21
3.33
0.23
0.21	90.83
0.21
0.21
5.86
0.16
0.16
0.16
0.16
0.19
0.20
0.19
3.40
0.14
0.15
0.14
0.14
0.16
0.16
0.16
0.16
0.16
0.16
0.16
0.16
0.15
0.15
0.15
0.16
0.15
0.15
0.15
0.16
CorWatt	PkgWatt
33.05	186.34
3.92	95.61
0.24
0.23
0.23
0.17
0.17
0.17
0.17
0.16
0.16
0.16
0.16
3.37
0.19
0.19
0.19
0.17
0.17
0.17
0.17
0.19
0.18
0.18
0.18
0.21
0.21
0.21
3.07
0.20
0.21
3.33
0.21
0.20	90.67
0.20
0.21
5.86
0.16
0.16
0.16
0.16
0.19
0.19
0.19
3.41
0.14
0.14
0.14
0.14
0.16
0.16
0.15
0.16
0.16
0.16
0.16
0.16
0.15
0.15
0.15
0.15
0.14
0.14
0.14
0.14
CorWatt	PkgWatt
33.15	186.36
3.92	95.63
0.24
0.23
0.23
0.17
0.17
0.17
0.17
0.16
0.16
0.16
0.16
3.37
0.19
0.19
0.20
0.17
0.17
0.17
0.17
0.19
0.18
0.18
0.17
0.21
0.21
0.21
3.07
0.21
0.21
3.34
0.22
0.20	90.79
0.21
0.21
5.87
0.16
0.17
0.16
0.16
0.19
0.20
0.19
3.41
0.14
0.14
0.14
0.14
0.16
0.16
0.16
0.16
0.16
0.16
0.16
0.16
0.15
0.15
0.15
0.15
0.15
0.15
0.15
0.15
CorWatt	PkgWatt
32.25	187.31
3.92	97.97
0.24
0.23
0.22
0.17
0.17
0.17
0.17
0.16
0.16
0.16
0.16
3.56
0.19
0.19
0.20
0.17
0.17
0.17
0.17
0.19
0.18
0.18
0.17
0.21
0.21
0.21
3.24
0.21
0.21
3.55
0.22
0.23	89.29
0.20
0.21
5.83
0.18
0.16
0.16
0.16
0.19
0.19
0.17
1.92
0.14
0.15
0.17
0.14
0.16
0.16
0.16
0.17
0.17
0.17
0.16
0.18
0.15
0.15
0.15
0.15
0.14
0.14
0.14
0.14
CorWatt	PkgWatt
31.42	184.43
3.92	97.42
0.25
0.23
0.30
0.19
0.18
0.18
0.23
0.19
0.17
0.17
0.21
3.78
0.20
0.20
0.20
0.18
0.18
0.18
0.18
0.20
0.18
0.19
0.18
0.21
0.22
0.22
3.43
0.21
0.21
3.80
0.24
0.23	87.20
0.20
0.21
5.78
0.17
0.17
0.16
0.16
0.15
0.15
0.14
0.15
0.15
0.15
0.17
0.14
0.16
0.16
0.16
0.17
0.19
0.17
0.17
0.18
0.15
0.15
0.15
0.16
0.15
0.15
0.15
0.15
CorWatt	PkgWatt
25.40	177.19
3.92	97.06
0.26
0.23
0.24
0.17
0.17
0.17
0.18
0.18
0.16
0.16
0.17
3.77
0.20
0.20
0.20
0.17
0.17
0.17
0.17
0.19
0.18
0.18
0.17
0.21
0.21
0.21
3.40
0.21
0.21
3.77
0.23
0.14	79.94
0.13
0.12
1.77
0.15
0.12
0.14
0.11
0.10
0.10
0.10
0.11
0.10
0.10
0.10
0.11
0.11
0.10
0.10
0.11
0.11
0.11
0.11
0.11
0.10
0.10
0.10
0.10
0.10
0.12
0.10
0.10
CorWatt	PkgWatt
22.82	173.64
3.92	96.81
0.24
0.23
0.23
0.18
0.17
0.17
0.18
0.16
0.16
0.16
0.16
3.70
0.20
0.20
0.20
0.17
0.17
0.17
0.17
0.19
0.18
0.18
0.18
0.21
0.21
0.21
3.36
0.21
0.21
3.71
0.23
0.09	76.89
0.08
0.08
0.08
0.09
0.11
0.11
0.09
0.10
0.08
0.08
0.09
0.09
0.08
0.08
0.10
0.09
0.09
0.08
0.09
0.11
0.09
0.09
0.11
0.08
0.08
0.08
0.08
0.08
0.12
0.08
0.08
CorWatt	PkgWatt
22.09	172.26
3.93	96.90
0.24
0.23
0.23
0.17
0.17
0.17
0.17
0.16
0.16
0.16
0.16
3.73
0.20
0.20
0.20
0.18
0.18
0.17
0.18
0.19
0.18
0.18
0.18
0.21
0.22
0.21
3.40
0.21
0.21
3.77
0.21
0.07	75.38
0.07
0.06
0.07
0.07
0.07
0.07
0.07
0.05
0.05
0.05
0.06
0.05
0.05
0.05
0.05
0.07
0.07
0.06
0.07
0.07
0.07
0.07
0.07
0.06
0.06
0.06
0.06
0.05
0.05
0.05
0.05
CorWatt	PkgWatt
26.26	180.35
3.93	95.35
0.24
0.24
0.23
0.18
0.18
0.18
0.19
0.16
0.16
0.16
0.18
3.77
0.20
0.20
0.20
0.18
0.18
0.19
0.18
0.19
0.18
0.18
0.18
0.21
0.22
0.21
3.39
0.21
0.19
2.12
0.22
0.13	84.93
0.14
0.13
0.13
0.13
0.13
0.13
0.13
0.14
0.12
0.12
0.13
0.11
0.11
0.11
0.11
0.16
0.16
0.15
3.72
0.13
0.13
0.13
0.13
0.12
0.12
0.12
0.12
0.11
0.13
0.12
0.12
CorWatt	PkgWatt
26.53	179.69
3.93	93.60
0.26
0.24
0.23
0.18
0.18
0.18
0.19
0.16
0.16
0.16
0.18
3.81
0.20
0.20
0.20
0.18
0.18
0.18
0.19
0.20
0.18
0.18
0.18
0.21
0.22
0.21
3.40
0.17
0.16
0.16
0.17
0.14	86.09
0.14
0.14
0.14
0.14
0.14
0.14
0.14
0.13
0.13
0.13
0.13
0.13
0.13
0.13
0.13
0.19
0.19
0.19
5.53
0.15
0.15
0.14
0.15
0.14
0.14
0.14
0.14
0.13
0.13
0.13
0.13
CorWatt	PkgWatt
21.63	173.36
1.83	85.47
0.21
0.18
0.16
0.15
0.13
0.13
0.13
0.12
0.12
0.12
0.14
2.06
0.15
0.15
0.14
0.13
0.15
0.14
0.14
0.15
0.14
0.13
0.13
0.16
0.16
0.15
1.84
0.13
0.13
0.13
0.14
0.15	88.01
0.14
0.14
0.15
0.15
0.15
0.15
0.15
0.14
0.13
0.13
0.14
0.13
0.14
0.13
0.13
0.19
0.20
0.19
5.61
0.17
0.18
0.17
1.64
0.14
0.14
0.14
0.14
0.14
0.14
0.14
0.14
CorWatt	PkgWatt
17.39	171.45
0.10	77.04
0.10
0.10
0.09
0.11
0.09
0.09
0.09
0.10
0.09
0.09
0.11
0.08
0.08
0.09
0.09
0.09
0.09
0.09
0.11
0.10
0.10
0.09
0.09
0.09
0.09
0.09
0.11
0.09
0.09
0.09
0.09
0.15	94.30
0.15
0.15
0.15
0.16
0.16
0.15
0.16
0.14
0.14
0.14
0.14
0.14
0.15
0.14
0.14
0.19
0.21
0.19
5.70
0.21
0.21
0.21
4.01
0.14
0.14
0.14
0.14
0.14
0.14
0.14
0.14
CorWatt	PkgWatt
15.38	165.54
0.09	76.46
0.09
0.09
0.09
0.08
0.08
0.08
0.08
0.08
0.08
0.08
0.08
0.08
0.08
0.08
0.08
0.08
0.08
0.08
0.08
0.09
0.08
0.08
0.08
0.08
0.08
0.08
0.08
0.08
0.08
0.08
0.08
0.15	89.06
0.15
0.15
0.15
0.15
0.16
0.15
0.15
0.14
0.14
0.14
0.14
0.14
0.14
0.14
0.14
0.19
0.20
0.19
5.63
0.19
0.19
0.19
2.54
0.14
0.14
0.14
0.14
0.14
0.14
0.14
0.14
CorWatt	PkgWatt
15.81	167.18
0.14	81.06
0.14
0.14
0.14
0.14
0.13
0.12
0.12
0.11
0.11
0.11
0.11
0.14
0.14
0.14
1.86
0.13
0.13
0.13
0.13
0.14
0.14
0.13
0.13
0.12
0.13
0.12
0.13
0.12
0.12
0.12
0.12
0.14	86.19
0.14
0.14
0.14
0.14
0.15
0.15
0.14
0.13
0.13
0.13
0.13
0.13
0.13
0.13
0.13
0.19
0.19
0.19
5.56
0.15
0.15
0.15
0.15
0.14
0.14
0.14
0.14
0.13
0.13
0.13
0.13
CorWatt	PkgWatt
18.68	171.48
0.18	85.17
0.18
0.18
0.25
0.17
0.16
0.16
0.16
0.15
0.15
0.14
0.15
0.20
0.20
0.19
3.48
0.16
0.16
0.16
0.16
0.18
0.17
0.17
0.17
0.16
0.16
0.16
0.16
0.16
0.15
0.15
0.15
0.15	86.26
0.14
0.14
0.14
0.15
0.15
0.15
0.15
0.13
0.13
0.13
0.13
0.13
0.13
0.13
0.13
0.19
0.19
0.19
5.56
0.15
0.15
0.15
0.15
0.14
0.14
0.14
0.14
0.13
0.13
0.13
0.13
CorWatt	PkgWatt
20.25	173.00
0.18	86.87
0.18
0.18
0.18
0.17
0.17
0.17
0.16
0.15
0.15
0.15
0.15
0.19
0.19
0.19
3.51
0.17
0.17
0.17
0.16
0.18
0.17
0.17
0.17
1.76
0.18
0.18
0.18
0.16
0.15
0.15
0.16
0.14	86.07
0.14
0.14
0.14
0.14
0.14
0.14
0.14
0.13
0.13
0.13
0.13
0.13
0.13
0.13
0.13
0.19
0.19
0.19
5.54
0.15
0.15
0.15
0.15
0.14
0.14
0.14
0.14
0.13
0.13
0.13
0.13
CorWatt	PkgWatt
24.55	177.24
0.19	89.19
0.18
0.18
0.18
0.18
0.17
0.17
0.17
0.16
0.16
0.16
0.16
0.20
0.20
0.19
3.55
0.17
0.17
0.17
0.17
0.19
0.18
0.18
0.17
3.82
0.22
0.21
0.21
0.16
0.16
0.16
0.16
0.15	88.12
0.15
0.14
0.15
0.15
0.15
0.15
0.15
0.14
0.14
0.14
0.14
0.14
0.14
0.13
0.13
0.20
0.20
0.19
5.61
0.17
0.18
0.17
1.73
0.14
0.14
0.14
0.14
0.14
0.14
0.14
0.14
CorWatt	PkgWatt
29.24	182.27
0.22	91.39
0.21
0.22
1.82
0.20
0.17
0.17
0.17
0.16
0.16
0.16
0.20
0.20
0.20
0.20
3.55
0.20
0.20
1.82
0.22
0.20
0.18
0.18
0.21
2.20
0.20
0.19
0.20
0.17
0.17
0.16
0.18
0.15	90.91
0.15
0.15
0.15
0.16
0.16
0.16
0.16
0.14
0.14
0.14
0.14
0.14
0.16
0.14
0.14
0.19
0.21
0.19
5.73
0.21
0.21
0.21
4.12
0.14
0.14
0.14
0.14
0.14
0.14
0.14
0.14
CorWatt	PkgWatt
24.47	177.09
0.24	93.18
0.24
0.23
3.67
0.18
0.17
0.17
0.17
0.17
0.16
0.16
0.17
0.20
0.20
0.19
3.55
0.22
0.23
3.69
0.23
0.22
0.19
0.18
0.19
0.16
0.16
0.16
0.16
0.17
0.17
0.17
0.18
0.12	83.87
0.12
0.12
0.12
0.12
0.13
0.12
0.12
0.13
0.11
0.11
0.11
0.11
0.11
0.11
0.11
0.15
0.15
0.14
1.81
0.18
0.16
0.16
2.49
0.12
0.12
0.12
0.13
0.12
0.16
0.12
0.12
CorWatt	PkgWatt
14.94	166.53
0.21	89.34
0.21
0.21
2.01
0.17
0.17
0.17
0.17
0.15
0.15
0.15
0.15
0.20
0.20
0.19
3.52
0.20
0.20
1.99
0.20
0.19
0.18
0.17
0.17
0.16
0.16
0.16
0.17
0.16
0.16
0.16
0.16
0.07	77.28
0.07
0.07
0.07
0.10
0.07
0.07
0.08
0.08
0.06
0.06
0.06
0.06
0.07
0.07
0.06
0.07
0.07
0.07
0.07
0.07
0.07
0.07
0.07
0.07
0.07
0.07
0.08
0.06
0.08
0.06
0.07
CorWatt	PkgWatt
10.84	161.19
0.18	85.24
0.18
0.17
0.18
0.17
0.16
0.17
0.17
0.15
0.15
0.14
0.15
0.20
0.20
0.19
3.49
0.16
0.16
0.16
0.16
0.18
0.17
0.17
0.17
0.16
0.16
0.16
0.16
0.16
0.15
0.15
0.15
0.07	75.88
0.07
0.07
0.07
0.08
0.07
0.07
0.07
0.06
0.06
0.06
0.06
0.06
0.06
0.06
0.06
0.07
0.07
0.07
0.07
0.07
0.07
0.07
0.07
0.07
0.07
0.07
0.07
0.06
0.06
0.06
0.07
CorWatt	PkgWatt
19.61	171.41
0.18	86.92
0.18
0.18
0.18
0.17
0.17
0.17
0.17
0.15
0.15
0.15
0.15
0.19
0.19
0.19
3.52
0.16
0.17
0.17
0.17
0.19
0.17
0.17
0.17
1.78
0.18
0.18
0.18
0.16
0.15
0.15
0.16
0.15	84.54
0.15
0.16
3.82
0.12
0.12
0.12
0.12
0.11
0.11
0.11
0.11
0.11
0.11
0.11
0.11
0.12
0.13
0.12
0.12
0.15
0.15
0.15
1.71
0.12
0.12
0.12
0.12
0.11
0.11
0.11
0.12
CorWatt	PkgWatt
27.33	180.15
0.19	89.36
0.18
0.18
0.18
0.17
0.17
0.17
0.17
0.16
0.16
0.15
0.16
0.20
0.19
0.19
3.54
0.17
0.17
0.17
0.17
0.19
0.18
0.18
0.17
3.95
0.22
0.21
0.21
0.16
0.16
0.16
0.16
0.19	90.77
0.19
0.20
5.77
0.16
0.16
0.16
0.16
0.14
0.14
0.14
0.14
0.14
0.14
0.14
0.14
0.15
0.15
0.14
0.15
0.21
0.21
0.21
4.07
0.14
0.14
0.14
0.14
0.14
0.14
0.14
0.14
CorWatt	PkgWatt
27.82	182.77
0.22	90.04
0.21
0.22
2.10
0.18
0.17
0.17
0.17
0.16
0.16
0.15
0.16
0.20
0.19
0.18
1.66
0.20
0.20
2.10
0.23
0.19
0.18
0.18
0.19
2.30
0.20
0.19
0.20
0.16
0.16
0.16
0.16
0.20	92.66
0.20
0.20
5.77
0.16
0.15
0.15
0.16
0.14
0.14
0.14
0.14
0.14
0.15
0.14
0.14
0.15
0.15
0.14
0.15
0.21
0.21
0.21
4.06
0.14
0.14
0.14
0.14
0.14
0.14
0.14
0.14
CorWatt	PkgWatt
28.53	181.62
0.28	90.84
0.23
0.25
4.20
0.18
0.18
0.18
0.18
0.16
0.16
0.16
0.16
0.16
0.16
0.16
0.16
0.23
0.25
4.19
0.25
0.20
0.18
0.20
0.18
0.16
0.16
0.16
0.17
0.17
0.16
0.17
0.18
0.20	90.89
0.20
0.21
5.77
0.16
0.16
0.16
0.16
0.14
0.14
0.14
0.14
0.14
0.14
0.14
0.14
0.16
0.16
0.15
0.16
0.21
0.21
0.21
4.07
0.15
0.15
0.15
0.14
0.14
0.14
0.14
0.15
CorWatt	PkgWatt
22.87	174.77
0.18	83.77
0.17
0.17
2.17
0.14
0.13
0.13
0.13
0.12
0.12
0.12
0.12
0.12
0.12
0.12
0.12
0.16
0.16
2.18
0.17
0.15
0.13
0.13
0.13
0.13
0.12
0.12
0.12
0.12
0.12
0.12
0.12
0.20	90.92
0.20
0.20
5.75
0.16
0.16
0.16
0.16
0.14
0.14
0.14
0.14
0.14
0.14
0.14
0.14
0.16
0.16
0.15
0.16
0.21
0.21
0.21
4.07
0.14
0.14
0.14
0.14
0.14
0.14
0.14
0.14
CorWatt	PkgWatt
21.67	173.32
0.17	82.76
0.14
0.15
0.14
0.82
0.14
0.14
0.14
0.99
0.13
0.13
0.13
0.12
0.13
0.12
0.13
0.15
0.14
0.14
0.15
0.15
0.13
0.13
0.13
0.71
0.14
0.14
1.15
0.13
0.12
0.12
0.14
0.20	90.51
0.20
0.20
5.77
0.16
0.16
0.15
0.16
0.14
0.14
0.14
0.14
0.14
0.14
0.14
0.14
0.15
0.15
0.15
0.15
0.21
0.21
0.21
3.72
0.14
0.14
0.14
0.14
0.14
0.14
0.14
0.15
CorWatt	PkgWatt
25.61	178.49
0.18	88.56
0.18
0.20
0.18
3.06
0.21
0.21
0.21
3.79
0.19
0.19
0.19
0.14
0.14
0.14
0.14
0.17
0.19
0.17
0.16
0.18
0.17
0.17
0.17
0.16
0.16
0.16
0.16
0.15
0.15
0.15
0.15
0.20	89.96
0.20
0.20
5.69
0.16
0.16
0.16
0.16
0.14
0.14
0.14
0.14
0.14
0.15
0.14
0.14
0.15
0.15
0.14
0.15
0.20
0.21
0.21
3.25
0.14
0.14
0.14
0.14
0.14
0.14
0.14
0.14
CorWatt	PkgWatt
29.23	182.19
0.21	91.96
0.20
0.21
1.70
3.14
0.21
0.21
0.21
3.83
0.20
0.19
0.20
0.15
0.15
0.15
0.15
0.19
0.19
1.71
0.19
0.19
0.17
0.17
0.17
0.16
0.16
0.16
0.16
0.16
0.15
0.15
0.16
0.20	90.22
0.20
0.21
5.76
0.16
0.16
0.16
0.16
0.14
0.14
0.14
0.14
0.14
0.14
0.14
0.14
0.16
0.16
0.15
0.16
0.21
0.21
0.21
3.31
0.15
0.15
0.14
0.14
0.14
0.14
0.14
0.15
CorWatt	PkgWatt
33.07	186.01
0.24	95.71
0.23
0.23
3.45
3.21
0.21
0.22
0.21
3.87
0.20
0.19
0.20
0.16
0.16
0.15
0.16
0.22
0.23
3.47
0.22
0.19
0.18
0.18
0.18
0.16
0.16
0.16
0.16
0.16
0.16
0.16
0.16
0.20	90.26
0.20
0.20
5.79
0.16
0.15
0.15
0.16
0.14
0.14
0.14
0.14
0.14
0.14
0.14
0.14
0.15
0.15
0.14
0.15
0.20
0.21
0.21
3.37
0.14
0.14
0.14
0.14
0.14
0.14
0.14
0.14
CorWatt	PkgWatt
33.09	185.79
0.24	95.78
0.23
0.23
3.45
3.20
0.21
0.22
0.21
3.87
0.20
0.19
0.20
0.16
0.16
0.15
0.16
0.22
0.23
3.48
0.22
0.19
0.18
0.18
0.18
0.16
0.16
0.16
0.16
0.16
0.16
0.16
0.16
0.20	90.14
0.20
0.20
5.79
0.16
0.16
0.16
0.16
0.14
0.14
0.14
0.14
0.14
0.14
0.14
0.14
0.16
0.15
0.14
0.15
0.21
0.21
0.21
3.37
0.14
0.14
0.14
0.14
0.14
0.14
0.14
0.15
CorWatt	PkgWatt
28.83	184.05
0.24	95.63
0.23
0.24
3.30
3.09
0.21
0.22
0.21
3.88
0.20
0.19
0.20
0.16
0.16
0.15
0.16
0.22
0.23
3.30
0.22
0.19
0.18
0.18
0.17
0.16
0.16
0.16
0.16
0.16
0.16
0.16
0.16
0.19	88.34
0.19
0.17
1.86
0.17
0.19
0.20
0.18
0.18
0.15
0.15
0.18
0.14
0.15
0.14
0.14
0.15
0.15
0.15
0.16
0.21
0.21
0.21
3.23
0.14
0.14
0.14
0.14
0.17
0.15
0.14
0.15
CorWatt	PkgWatt
26.90	180.16
0.24	95.47
0.24
0.25
3.23
3.04
0.21
0.22
0.21
3.88
0.20
0.19
0.20
0.16
0.16
0.16
0.16
0.22
0.23
3.25
0.22
0.19
0.18
0.18
0.18
0.16
0.16
0.16
0.17
0.17
0.17
0.16
0.16
0.16	84.70
0.15
0.15
0.15
0.17
0.17
0.19
0.18
0.15
0.15
0.15
0.16
0.14
0.14
0.14
0.14
0.16
0.16
0.15
0.17
0.23
0.21
0.21
3.19
0.15
0.15
0.15
0.15
0.17
0.15
0.15
0.15
CorWatt	PkgWatt
26.53	179.50
0.24	95.30
0.23
0.23
3.26
3.05
0.21
0.22
0.21
3.88
0.20
0.20
0.20
0.16
0.16
0.16
0.16
0.22
0.23
3.28
0.22
0.20
0.18
0.18
0.18
0.16
0.16
0.16
0.16
0.16
0.16
0.16
0.16
0.15	84.29
0.15
0.14
0.15
0.15
0.15
0.15
0.15
0.14
0.14
0.14
0.14
0.14
0.14
0.14
0.13
0.15
0.15
0.14
0.15
0.20
0.20
0.20
3.20
0.14
0.14
0.14
0.14
0.14
0.14
0.14
0.14
CorWatt	PkgWatt
30.50	183.50
0.25	95.41
0.23
0.25
3.32
3.05
0.21
0.22
0.21
3.88
0.20
0.20
0.20
0.16
0.16
0.16
0.16
0.22
0.22
3.28
0.22
0.19
0.18
0.18
0.18
0.16
0.16
0.16
0.17
0.16
0.16
0.16
0.16
0.15	88.02
0.17
0.15
0.15
0.16
0.17
0.17
0.18
0.14
0.14
0.14
0.15
0.14
0.14
0.14
0.14
0.18
0.18
0.18
3.69
0.21
0.21
0.21
3.21
0.14
0.15
0.14
0.14
0.14
0.15
0.14
0.15
CorWatt	PkgWatt
32.30	185.19
0.24	95.21
0.23
0.23
3.27
3.05
0.21
0.22
0.21
3.87
0.20
0.19
0.20
0.16
0.15
0.15
0.15
0.22
0.22
3.27
0.22
0.19
0.18
0.18
0.18
0.16
0.16
0.16
0.17
0.16
0.16
0.16
0.16
0.15	89.91
0.15
0.15
0.15
0.16
0.15
0.15
0.15
0.14
0.14
0.14
0.14
0.14
0.14
0.14
0.14
0.19
0.20
0.19
5.74
0.20
0.21
0.21
3.23
0.14
0.14
0.14
0.14
0.14
0.14
0.14
0.14
CorWatt	PkgWatt
30.32	183.45
0.24	93.48
0.26
0.28
3.23
3.02
0.22
0.22
0.22
1.73
0.20
0.19
0.18
0.16
0.16
0.16
0.18
0.25
0.23
3.24
0.23
0.20
0.19
0.20
0.18
0.16
0.16
0.16
0.17
0.16
0.16
0.16
0.16
0.15	90.08
0.15
0.15
0.15
0.16
0.16
0.16
0.16
0.14
0.14
0.14
0.14
0.14
0.14
0.14
0.14
0.20
0.21
0.19
5.74
0.21
0.21
0.21
3.17
0.14
0.15
0.14
0.14
0.14
0.14
0.14
0.15
CorWatt	PkgWatt
28.48	181.77
0.24	91.89
0.26
0.27
3.23
3.02
0.21
0.22
0.21
0.16
0.16
0.16
0.16
0.16
0.16
0.16
0.18
0.23
0.25
3.21
0.22
0.22
0.18
0.18
0.18
0.16
0.16
0.16
0.17
0.16
0.16
0.16
0.17
0.15	89.81
0.15
0.15
0.14
0.16
0.15
0.15
0.16
0.14
0.14
0.14
0.14
0.14
0.14
0.14
0.14
0.19
0.20
0.19
5.71
0.20
0.21
0.21
3.17
0.14
0.14
0.14
0.14
0.14
0.14
0.14
0.14
CorWatt	PkgWatt
28.44	181.63
0.24	91.66
0.23
0.24
3.26
3.06
0.21
0.22
0.21
0.16
0.16
0.15
0.15
0.16
0.15
0.16
0.16
0.22
0.22
3.26
0.22
0.19
0.18
0.18
0.17
0.16
0.16
0.16
0.16
0.16
0.16
0.16
0.16
0.15	89.95
0.15
0.15
0.14
0.15
0.15
0.15
0.15
0.14
0.14
0.14
0.14
0.14
0.14
0.14
0.14
0.19
0.20
0.19
5.71
0.20
0.21
0.20
3.22
0.14
0.14
0.14
0.14
0.14
0.14
0.14
0.15
CorWatt	PkgWatt
30.56	183.37
0.24	93.60
0.24
0.24
3.27
3.05
0.21
0.22
0.21
0.17
0.16
0.17
0.17
0.16
0.16
0.16
0.17
0.23
0.23
3.26
0.23
0.21
0.20
0.18
0.18
0.16
0.16
0.16
0.17
2.07
0.18
0.18
0.18
0.15	89.88
0.15
0.15
0.14
0.16
0.15
0.16
0.16
0.14
0.14
0.14
0.14
0.14
0.14
0.14
0.14
0.19
0.21
0.19
5.70
0.21
0.21
0.21
3.22
0.14
0.14
0.14
0.14
0.14
0.14
0.14
0.14
CorWatt	PkgWatt
32.36	185.45
0.24	95.20
0.23
0.24
3.26
3.04
0.21
0.22
0.21
0.16
0.16
0.16
0.16
0.16
0.16
0.16
0.16
0.22
0.22
3.24
0.22
0.19
0.18
0.18
0.18
0.16
0.16
0.16
0.17
3.89
0.21
0.20
0.21
0.15	90.11
0.15
0.15
0.15
0.16
0.15
0.16
0.16
0.14
0.14
0.14
0.14
0.14
0.14
0.14
0.14
0.19
0.21
0.19
5.73
0.21
0.21
0.21
3.21
0.15
0.15
0.14
0.15
0.14
0.14
0.14
0.15
CorWatt	PkgWatt
32.13	184.90
0.24	95.16
0.23
0.23
3.26
3.03
0.21
0.22
0.21
0.16
0.16
0.16
0.16
0.15
0.15
0.15
0.15
0.22
0.22
3.23
0.22
0.19
0.18
0.18
0.17
0.16
0.16
0.16
0.17
3.89
0.21
0.20
0.20
0.15	89.76
0.14
0.14
0.14
0.15
0.15
0.15
0.15
0.14
0.14
0.14
0.14
0.14
0.14
0.14
0.14
0.19
0.20
0.19
5.70
0.20
0.20
0.21
3.20
0.14
0.14
0.14
0.14
0.14
0.14
0.14
0.14
CorWatt	PkgWatt
32.31	185.16
0.24	95.27
0.24
0.24
3.25
3.03
0.21
0.22
0.21
0.16
0.16
0.16
0.16
0.16
0.15
0.15
0.16
0.22
0.23
3.24
0.22
0.20
0.18
0.18
0.18
0.16
0.16
0.16
0.17
3.89
0.21
0.20
0.21
0.15	89.98
0.15
0.15
0.15
0.16
0.15
0.15
0.16
0.14
0.14
0.14
0.15
0.14
0.14
0.14
0.14
0.19
0.21
0.19
5.72
0.21
0.21
0.21
3.20
0.14
0.14
0.14
0.14
0.14
0.14
0.14
0.15
CorWatt	PkgWatt
32.20	185.06
0.24	95.12
0.23
0.23
3.24
3.02
0.21
0.22
0.21
0.16
0.16
0.16
0.16
0.16
0.16
0.16
0.16
0.22
0.23
3.22
0.22
0.19
0.18
0.18
0.18
0.16
0.16
0.16
0.17
3.89
0.21
0.20
0.20
0.15	89.96
0.15
0.15
0.15
0.15
0.15
0.15
0.15
0.14
0.14
0.14
0.14
0.14
0.14
0.14
0.14
0.19
0.21
0.19
5.72
0.21
0.21
0.21
3.18
0.14
0.14
0.14
0.14
0.14
0.14
0.14
0.14
CorWatt	PkgWatt
29.17	185.96
0.26	97.50
0.24
0.25
3.37
3.09
0.21
0.22
0.21
0.16
0.16
0.16
0.16
0.16
0.16
0.16
0.16
0.22
0.23
3.31
0.23
0.19
0.18
0.18
0.18
0.16
0.16
0.16
0.17
3.88
0.21
0.20
0.21
0.15	88.42
0.15
0.15
0.15
0.19
0.20
0.18
0.16
0.14
0.14
0.14
0.14
0.14
0.14
0.14
0.14
0.18
0.18
0.17
2.05
0.22
0.21
0.21
3.27
0.15
0.15
0.15
0.17
0.15
0.15
0.16
0.16
CorWatt	PkgWatt
26.69	179.97
0.24	95.41
0.23
0.24
3.27
3.04
0.21
0.22
0.21
0.16
0.16
0.16
0.16
0.16
0.15
0.15
0.15
0.22
0.22
3.25
0.22
0.19
0.18
0.18
0.17
0.16
0.16
0.16
0.17
3.89
0.21
0.20
0.20
0.16	84.52
0.15
0.15
0.15
0.18
0.18
0.15
0.15
0.14
0.14
0.14
0.14
0.14
0.14
0.16
0.14
0.15
0.15
0.14
0.15
0.23
0.21
0.20
3.16
0.15
0.15
0.15
0.16
0.15
0.16
0.15
0.15
CorWatt	PkgWatt
26.35	179.33
0.24	95.25
0.23
0.24
3.20
3.01
0.21
0.22
0.21
0.16
0.16
0.16
0.16
0.16
0.16
0.15
0.16
0.22
0.23
3.22
0.22
0.19
0.18
0.18
0.18
0.16
0.16
0.16
0.17
3.89
0.21
0.20
0.21
0.15	84.21
0.14
0.14
0.14
0.15
0.15
0.15
0.15
0.14
0.14
0.14
0.14
0.14
0.14
0.13
0.13
0.15
0.15
0.14
0.15
0.20
0.21
0.20
3.14
0.14
0.14
0.14
0.14
0.14
0.14
0.14
0.15
CorWatt	PkgWatt
30.00	183.08
0.24	95.14
0.23
0.24
3.21
3.02
0.21
0.22
0.21
0.16
0.16
0.15
0.16
0.16
0.16
0.15
0.16
0.22
0.22
3.23
0.22
0.19
0.18
0.18
0.17
0.16
0.16
0.16
0.17
3.90
0.21
0.20
0.20
0.15	87.79
0.15
0.15
0.15
0.18
3.52
0.18
0.18
0.14
0.14
0.14
0.14
0.14
0.14
0.14
0.14
0.15
0.16
0.15
0.16
0.21
0.21
0.20
3.17
0.15
0.15
0.15
0.16
0.15
0.15
0.14
0.16
CorWatt	PkgWatt
32.23	185.12
0.24	95.18
0.23
0.23
3.21
3.01
0.21
0.22
0.21
0.16
0.16
0.16
0.16
0.16
0.16
0.16
0.16
0.22
0.22
3.23
0.22
0.19
0.18
0.18
0.18
0.16
0.16
0.16
0.17
3.89
0.21
0.20
0.20
0.15	89.93
0.15
0.15
0.15
0.20
5.73
0.21
0.20
0.14
0.14
0.14
0.14
0.14
0.14
0.14
0.14
0.16
0.15
0.15
0.16
0.21
0.21
0.20
3.18
0.14
0.15
0.14
0.15
0.14
0.14
0.14
0.15
CorWatt	PkgWatt
30.25	183.35
0.24	93.51
0.24
0.25
3.19
3.00
0.21
0.22
0.22
0.16
0.16
0.16
0.16
0.16
0.16
0.16
0.18
0.26
0.26
3.21
0.26
0.21
0.18
0.18
0.18
0.19
0.16
0.16
0.17
1.86
0.20
0.19
0.19
0.15	89.95
0.15
0.15
0.15
0.20
5.70
0.21
0.20
0.14
0.14
0.14
0.14
0.14
0.14
0.14
0.14
0.15
0.15
0.15
0.15
0.21
0.21
0.21
3.16
0.14
0.14
0.14
0.14
0.14
0.14
0.14
0.14
CorWatt	PkgWatt
28.95	182.30
0.24	92.24
0.23
0.25
3.34
3.09
0.21
0.22
0.22
0.16
0.17
0.16
0.16
0.16
0.16
0.16
0.18
0.24
0.25
3.32
0.25
0.20
0.19
0.21
0.21
0.17
0.16
0.16
0.17
0.16
0.16
0.16
0.16
0.15	89.98
0.15
0.15
0.15
0.20
5.72
0.21
0.20
0.14
0.14
0.14
0.14
0.14
0.14
0.14
0.14
0.15
0.15
0.15
0.15
0.21
0.21
0.21
3.24
0.14
0.14
0.14
0.14
0.14
0.14
0.14
0.15
CorWatt	PkgWatt
28.15	184.95
0.24	94.57
0.23
0.24
3.63
3.41
0.21
0.22
0.21
0.16
0.16
0.15
0.16
0.15
0.15
0.15
0.16
0.22
0.23
3.64
0.22
0.19
0.18
0.18
0.17
0.16
0.16
0.16
0.16
0.16
0.16
0.16
0.16
0.15	90.40
0.15
0.15
0.15
0.22
5.69
0.21
0.20
0.16
0.14
0.14
0.14
0.14
0.14
0.14
0.14
0.15
0.15
0.15
0.15
0.22
0.19
0.18
1.73
0.15
0.15
0.15
0.16
0.15
0.16
0.15
0.15
CorWatt	PkgWatt
31.23	184.34
0.32	97.41
0.24
0.26
3.79
3.57
0.22
0.22
0.22
0.36
0.40
0.30
0.35
0.39
0.32
0.38
0.32
0.23
0.24
3.81
0.23
0.26
0.21
0.77
0.27
0.48
0.35
0.31
0.29
0.38
0.41
0.32
0.32
0.16	87.04
0.16
0.16
0.17
0.23
5.67
0.21
0.21
0.15
0.14
0.14
0.15
0.15
0.14
0.17
0.14
0.16
0.15
0.15
0.16
0.16
0.16
0.16
0.16
0.15
0.15
0.15
0.17
0.16
0.16
0.19
0.16
CorWatt	PkgWatt
35.17	188.41
0.40	101.68
0.24
0.27
3.81
3.58
0.22
0.22
0.22
0.62
0.44
0.56
0.61
0.67
0.46
0.52
0.56
0.23
0.24
3.83
0.23
0.32
0.26
1.44
0.34
0.43
0.62
0.70
0.58
0.59
0.53
0.56
0.56
0.15	86.62
0.15
0.15
0.15
0.20
5.64
0.21
0.20
0.14
0.14
0.14
0.14
0.14
0.14
0.13
0.13
0.15
0.15
0.14
0.15
0.16
0.16
0.16
0.16
0.14
0.14
0.14
0.14
0.14
0.14
0.14
0.14
CorWatt	PkgWatt
35.46	188.61
0.40	101.70
0.25
0.27
3.81
3.55
0.22
0.22
0.22
0.56
0.53
0.66
0.49
0.66
0.54
0.53
0.54
0.23
0.24
3.81
0.22
0.28
0.25
0.94
0.87
0.51
0.59
0.61
0.61
0.64
0.57
0.52
0.53
0.15	86.93
0.15
0.15
0.15
0.20
5.69
0.21
0.20
0.17
0.15
0.15
0.17
0.14
0.14
0.14
0.14
0.15
0.15
0.15
0.15
0.16
0.17
0.16
0.16
0.15
0.15
0.15
0.15
0.16
0.15
0.18
0.16
CorWatt	PkgWatt
35.18	188.29
0.37	101.75
0.24
0.27
3.81
3.58
0.22
0.22
0.22
0.53
0.61
0.49
0.61
0.55
0.57
0.57
0.55
0.23
0.24
3.83
0.23
0.34
0.29
0.24
1.46
0.64
0.56
0.45
0.68
0.62
0.54
0.41
0.66
0.15	86.57
0.15
0.14
0.15
0.20
5.68
0.21
0.20
0.14
0.14
0.14
0.14
0.14
0.14
0.13
0.13
0.15
0.15
0.15
0.15
0.16
0.16
0.16
0.16
0.14
0.14
0.14
0.14
0.14
0.14
0.14
0.14
CorWatt	PkgWatt
33.56	186.89
0.40	99.97
0.24
0.29
3.84
1.96
0.38
0.33
0.41
0.39
0.59
0.49
0.57
0.50
0.55
0.50
0.51
0.24
0.23
3.84
0.23
0.39
0.29
0.25
1.40
0.50
0.64
0.55
0.51
0.47
0.51
0.57
0.50
0.15	86.85
0.15
0.15
0.15
0.20
5.68
0.23
0.20
0.14
0.14
0.14
0.15
0.14
0.14
0.14
0.14
0.15
0.15
0.15
0.15
0.16
0.16
0.16
0.16
0.14
0.14
0.14
0.14
0.17
0.15
0.15
0.15
CorWatt	PkgWatt
27.03	178.84
0.40	98.57
0.24
0.25
3.88
0.43
0.56
0.49
0.52
0.46
0.52
0.50
0.50
0.53
0.47
0.53
0.51
0.25
0.24
3.89
0.23
0.38
0.29
0.27
1.21
0.44
0.48
0.47
0.59
0.35
0.41
0.69
0.47
0.11	80.40
0.11
0.11
0.11
0.15
2.14
0.15
0.14
0.12
0.10
0.10
0.12
0.10
0.10
0.10
0.12
0.11
0.11
0.11
0.11
0.11
0.11
0.11
0.11
0.10
0.10
0.10
0.10
0.10
0.10
0.10
0.10
CorWatt	PkgWatt
22.35	176.32
0.40	94.21
0.32
0.46
1.92
0.43
0.46
0.42
0.52
0.46
0.37
0.51
0.39
0.47
0.50
0.38
0.49
0.44
0.38
1.88
0.33
0.37
0.35
0.30
0.93
0.57
0.46
0.40
0.46
0.40
0.49
0.48
0.34
0.11	82.05
0.11
0.11
0.11
0.12
0.12
0.12
0.12
0.13
0.12
0.12
1.77
0.11
0.10
0.10
0.11
0.11
0.11
0.12
0.11
0.11
0.11
0.11
0.11
0.11
0.11
0.10
0.11
0.10
0.10
0.11
0.11
CorWatt	PkgWatt
22.82	178.43
0.50	91.16
0.52
0.45
0.45
0.46
0.44
0.47
0.52
0.42
0.44
0.41
0.44
0.36
0.42
0.36
0.49
0.46
0.49
0.48
0.35
0.36
0.27
0.25
0.91
0.43
0.41
0.39
0.49
0.44
0.36
0.30
0.42
0.15	87.22
0.15
0.15
0.15
0.16
0.16
0.16
0.16
0.19
0.19
0.19
4.01
0.14
0.14
0.14
0.14
0.15
0.15
0.15
0.16
0.17
0.17
0.17
0.20
0.15
0.15
0.14
0.15
0.14
0.14
0.14
0.14
CorWatt	PkgWatt
24.55	178.03
0.46	91.08
0.39
0.41
0.45
0.43
0.42
0.45
0.50
0.48
0.44
0.45
0.47
0.35
0.39
0.48
0.46
0.44
0.45
0.46
0.45
0.30
0.25
0.23
0.87
0.42
0.53
0.40
0.42
0.46
0.40
0.33
0.45
0.15	87.09
0.15
0.15
0.15
0.16
0.16
0.16
0.17
0.17
0.18
0.17
2.33
0.16
0.14
0.15
0.15
0.15
0.15
0.15
0.16
0.17
0.17
0.17
0.21
0.18
0.18
0.18
3.54
0.15
0.15
0.15
0.15
CorWatt	PkgWatt
24.05	177.70
0.55	90.96
0.38
0.51
0.42
0.48
0.40
0.46
0.35
0.39
0.43
0.38
0.50
0.40
0.42
0.52
0.38
0.47
0.39
0.39
0.37
0.35
0.24
0.22
0.93
0.38
0.48
0.42
0.54
0.43
0.40
0.43
0.36
0.14	86.59
0.14
0.14
0.14
0.15
0.15
0.15
0.15
0.13
0.13
0.13
0.13
0.14
0.13
0.13
0.13
0.14
0.14
0.14
0.14
0.16
0.16
0.16
0.20
0.19
0.19
0.19
5.65
0.14
0.14
0.14
0.14
CorWatt	PkgWatt
23.92	177.14
0.50	90.62
0.51
0.41
0.39
0.45
0.36
0.40
0.47
0.42
0.48
0.35
0.43
0.20
0.96
0.31
0.22
0.45
0.41
0.50
0.41
0.45
0.43
0.41
0.34
0.46
0.33
0.42
0.41
0.40
0.43
0.44
0.46
0.14	86.55
0.14
0.14
0.14
0.15
0.15
0.15
0.15
0.13
0.14
0.13
0.14
0.14
0.13
0.14
0.13
0.15
0.14
0.14
0.15
0.16
0.16
0.16
0.20
0.19
0.19
0.19
5.64
0.14
0.14
0.14
0.14
CorWatt	PkgWatt
26.02	179.15
0.57	92.69
0.41
0.44
0.45
0.51
0.43
0.47
0.42
0.59
0.36
0.37
0.41
0.21
1.01
0.32
0.24
0.46
0.49
0.43
0.45
0.39
0.44
0.52
0.43
0.44
0.43
0.40
0.52
2.20
0.29
0.29
0.36
0.14	86.50
0.14
0.14
0.14
0.15
0.15
0.15
0.15
0.13
0.13
0.13
0.13
0.14
0.13
0.13
0.13
0.15
0.14
0.14
0.15
0.16
0.16
0.16
0.20
0.19
0.19
0.19
5.65
0.14
0.15
0.14
0.14
CorWatt	PkgWatt
30.01	183.37
0.60	94.51
0.40
0.39
0.51
0.49
0.44
0.50
0.53
0.49
0.45
0.38
0.43
0.44
0.43
0.37
0.59
0.57
0.41
0.49
0.47
0.29
0.25
1.09
0.36
0.46
0.42
0.40
0.50
3.86
0.21
0.21
0.21
0.15	88.75
0.15
0.15
0.15
0.15
0.15
0.15
0.15
0.16
0.16
0.16
1.91
0.14
0.14
0.14
0.14
0.15
0.15
0.15
0.15
0.17
0.17
0.17
0.19
0.19
0.19
0.20
5.72
0.14
0.15
0.15
0.15
CorWatt	PkgWatt
34.33	187.57
0.46	96.48
0.52
0.51
0.53
2.22
0.37
0.39
0.36
0.48
0.49
0.49
0.37
0.51
0.49
0.44
0.42
0.44
0.56
0.42
0.69
0.30
0.29
1.12
0.40
0.57
0.49
0.47
0.43
1.93
0.21
1.98
0.21
0.15	91.17
0.15
0.15
0.15
0.16
0.16
0.16
0.16
0.19
0.19
0.19
4.14
0.15
0.14
0.14
0.14
0.16
0.15
0.15
0.15
0.20
0.17
0.17
0.17
0.19
0.19
0.20
5.77
0.14
0.15
0.14
0.14
CorWatt	PkgWatt
33.27	186.73
0.66	97.56
0.45
0.49
0.37
3.55
0.22
0.23
0.22
0.39
0.49
0.50
0.49
0.49
0.69
0.42
0.51
0.37
0.32
0.26
1.38
0.55
0.52
0.43
0.49
0.60
0.55
0.47
0.44
0.21
0.21
3.27
0.21
0.15	89.12
0.15
0.15
0.15
0.16
0.15
0.15
0.16
0.17
0.17
0.17
2.33
0.14
0.14
0.14
0.14
0.15
0.15
0.15
0.15
0.22
0.17
0.17
0.17
0.19
0.19
0.20
5.69
0.15
0.15
0.15
0.16
CorWatt	PkgWatt
26.97	180.26
0.55	93.76
0.47
0.45
0.49
1.81
0.35
0.30
0.26
0.42
0.53
0.40
0.47
0.53
0.55
0.35
0.38
0.32
0.28
0.27
1.13
0.57
0.39
0.47
0.39
0.47
0.48
0.47
0.52
0.37
0.29
1.60
0.29
0.14	86.62
0.14
0.14
0.14
0.16
0.15
0.15
0.15
0.13
0.14
0.13
0.13
0.14
0.13
0.13
0.13
0.15
0.14
0.14
0.15
0.17
0.16
0.16
0.20
0.19
0.19
0.19
5.66
0.14
0.14
0.14
0.14
CorWatt	PkgWatt
23.93	177.43
0.58	90.70
0.44
0.36
0.33
0.48
0.46
0.38
0.45
0.46
0.42
0.40
0.40
0.30
0.50
0.52
0.34
0.34
0.26
0.24
0.95
0.39
0.40
0.47
0.34
0.40
0.45
0.44
0.45
0.38
0.46
0.41
0.37
0.15	86.65
0.15
0.14
0.14
0.15
0.15
0.15
0.15
0.14
0.14
0.14
0.14
0.14
0.13
0.13
0.13
0.15
0.15
0.14
0.15
0.17
0.16
0.16
0.20
0.19
0.19
0.19
5.65
0.14
0.14
0.14
0.14
CorWatt	PkgWatt
28.11	186.81
0.64	96.24
0.53
0.40
0.38
0.42
0.54
0.46
0.52
0.45
0.45
0.30
0.42
0.29
0.36
0.82
0.36
0.36
0.37
0.32
0.80
0.51
0.38
0.45
0.41
0.47
0.40
0.42
0.41
2.14
0.27
0.35
0.30
0.16	90.57
0.15
0.15
0.15
0.17
0.16
0.17
0.17
0.16
0.17
0.16
1.91
0.14
0.14
0.14
0.14
0.15
0.15
0.15
0.15
0.17
0.16
0.17
0.19
0.20
0.20
0.20
5.69
0.15
0.14
0.15
0.15
CorWatt	PkgWatt
28.88	187.69
0.69	96.33
0.47
0.38
0.43
0.45
0.43
0.60
0.42
0.41
0.41
0.33
0.47
0.29
0.21
1.18
0.37
0.46
0.43
0.57
0.50
0.42
0.48
0.46
0.44
0.41
0.45
0.54
0.43
3.72
0.24
0.21
0.21
0.16	91.45
0.16
0.16
0.19
0.16
0.18
0.17
0.17
0.20
0.19
0.19
4.07
0.16
0.15
0.15
0.16
0.16
0.17
0.16
0.16
0.18
0.17
0.17
0.18
0.18
0.18
0.17
2.17
0.16
0.16
0.18
0.18
CorWatt	PkgWatt
29.09	184.60
0.49	97.12
0.50
0.60
0.44
1.43
2.43
0.34
0.36
0.45
0.59
0.43
0.36
0.30
0.21
1.24
0.36
1.56
0.39
0.50
0.48
0.58
0.39
0.53
0.38
0.52
0.40
0.53
0.39
1.90
0.40
0.26
0.28
0.16	87.41
0.16
0.16
0.17
0.18
0.18
0.16
0.16
0.19
0.19
0.19
4.06
0.15
0.14
0.15
0.14
0.16
0.17
0.16
0.16
0.16
0.16
0.16
0.16
0.15
0.15
0.15
0.15
0.15
0.15
0.17
0.15
CorWatt	PkgWatt
30.08	183.62
0.47	98.06
0.51
0.54
0.65
0.36
3.71
0.22
0.22
0.56
0.47
0.51
0.47
0.28
0.21
0.82
0.78
4.00
0.24
0.24
0.23
0.51
0.51
0.47
0.44
0.54
0.47
0.58
0.36
0.32
0.54
0.43
0.54
0.15	85.49
0.15
0.15
0.15
0.16
0.16
0.16
0.16
0.19
0.19
0.19
4.06
0.14
0.14
0.14
0.14
0.16
0.16
0.16
0.16
0.16
0.16
0.16
0.16
0.15
0.15
0.15
0.15
0.15
0.14
0.15
0.15
CorWatt	PkgWatt
29.56	182.93
0.54	93.91
0.52
0.53
0.41
0.44
1.74
0.28
0.29
0.42
0.50
0.38
0.50
0.32
0.24
0.22
1.21
1.90
0.29
0.35
0.30
0.48
0.49
0.45
0.47
0.45
0.42
0.46
0.47
0.31
0.51
0.62
0.37
0.15	89.11
0.15
0.15
0.16
0.16
0.16
0.16
0.16
0.19
0.19
0.19
4.08
0.18
0.17
0.17
3.77
0.16
0.16
0.15
0.16
0.16
0.16
0.16
0.16
0.15
0.16
0.15
0.15
0.15
0.15
0.15
0.15
CorWatt	PkgWatt
29.95	183.66
0.51	92.55
0.51
0.39
0.55
0.52
0.38
0.46
0.46
0.43
0.36
0.41
0.52
0.31
0.24
0.21
1.15
0.49
0.43
0.44
0.54
0.42
0.44
0.37
0.40
0.41
0.46
0.42
0.40
1.77
0.25
0.41
0.34
0.15	91.04
0.15
0.15
0.15
0.16
0.16
0.16
0.16
0.19
0.19
0.19
3.75
0.19
0.19
0.19
5.91
0.16
0.15
0.15
0.16
0.16
0.16
0.16
0.16
0.15
0.15
0.15
0.15
0.15
0.15
0.15
0.15
CorWatt	PkgWatt
30.97	184.57
0.49	93.90
0.52
0.47
0.40
0.41
0.48
0.53
0.53
0.39
0.45
0.37
0.49
0.40
0.28
0.21
1.14
0.45
0.44
0.54
0.51
0.53
0.50
0.37
0.39
0.53
0.50
0.39
0.39
3.04
0.21
0.23
0.23
0.15	90.65
0.16
0.15
0.15
0.16
0.16
0.16
0.16
0.19
0.19
0.19
3.40
0.20
0.19
0.19
5.90
0.15
0.15
0.15
0.15
0.16
0.16
0.16
0.16
0.15
0.15
0.15
0.15
0.16
0.15
0.15
0.16
CorWatt	PkgWatt
34.65	188.04
0.50	97.42
0.50
0.68
0.51
0.37
2.00
0.34
0.41
0.51
0.52
0.46
0.56
0.35
0.27
0.25
1.26
2.11
0.37
0.35
0.35
0.65
0.49
0.40
0.52
0.54
0.42
0.52
0.59
3.07
0.21
0.24
0.22
0.16	90.68
0.16
0.16
0.16
0.16
0.16
0.16
0.16
0.19
0.19
0.19
3.38
0.20
0.19
0.20
5.88
0.16
0.16
0.16
0.16
0.16
0.16
0.16
0.17
0.15
0.15
0.15
0.15
0.15
0.14
0.15
0.15
CorWatt	PkgWatt
36.89	190.29
0.54	99.65
0.62
0.71
0.56
0.33
3.10
0.22
0.22
0.55
0.49
0.63
0.53
0.29
0.26
0.23
1.40
3.15
0.23
0.23
0.23
0.76
0.53
0.59
0.44
0.53
0.40
0.70
0.64
3.08
0.21
0.23
0.23
0.15	90.59
0.15
0.15
0.15
0.16
0.16
0.16
0.16
0.19
0.19
0.19
3.37
0.19
0.19
0.19
5.85
0.15
0.15
0.15
0.15
0.16
0.16
0.16
0.16
0.15
0.15
0.15
0.15
0.14
0.14
0.14
0.14
CorWatt	PkgWatt
36.83	190.20
0.56	99.59
0.50
0.60
0.67
0.36
3.10
0.22
0.22
0.54
0.59
0.46
0.64
0.31
0.26
0.22
1.41
3.14
0.23
0.23
0.23
0.58
0.57
0.65
0.56
0.49
0.57
0.62
0.57
3.06
0.21
0.23
0.22
0.15	90.57
0.15
0.15
0.15
0.16
0.16
0.16
0.16
0.19
0.19
0.19
3.37
0.19
0.19
0.20
5.81
0.15
0.15
0.15
0.16
0.16
0.16
0.16
0.16
0.15
0.15
0.15
0.15
0.14
0.14
0.15
0.15
CorWatt	PkgWatt
37.24	190.45
0.57	99.68
0.75
0.51
0.56
0.36
3.10
0.22
0.22
0.60
0.59
0.50
0.52
0.40
0.43
0.37
1.02
3.14
0.23
0.23
0.23
0.46
0.99
0.53
0.40
0.48
0.50
0.71
0.55
3.07
0.21
0.23
0.23
0.18	90.88
0.16
0.16
0.19
0.19
0.17
0.17
0.19
0.19
0.19
0.19
3.36
0.19
0.19
0.19
5.82
0.16
0.16
0.16
0.17
0.17
0.17
0.17
0.19
0.16
0.16
0.16
0.18
0.15
0.15
0.15
0.17
CorWatt	PkgWatt
37.02	190.59
0.59	99.76
0.53
0.74
0.43
0.37
3.09
0.22
0.22
2.50
0.28
0.26
0.34
0.59
0.64
0.50
0.61
3.14
0.23
0.23
0.23
0.31
1.37
0.35
0.30
0.66
0.47
0.53
0.55
1.10
0.38
0.46
0.61
0.16	90.78
0.16
0.16
0.16
0.16
0.16
0.16
0.16
0.19
0.19
0.19
3.38
0.21
0.19
0.20
5.83
0.16
0.16
0.16
0.17
0.16
0.16
0.16
0.16
0.15
0.15
0.15
0.15
0.15
0.15
0.15
0.16
CorWatt	PkgWatt
36.73	190.33
0.58	99.74
0.58
0.58
0.65
0.37
3.09
0.22
0.22
2.99
0.21
0.20
0.21
0.64
0.46
0.66
0.47
3.13
0.23
0.23
0.22
0.26
1.41
0.35
0.30
0.59
0.53
0.63
0.46
0.81
0.51
0.47
0.41
0.16	90.56
0.16
0.16
0.16
0.16
0.16
0.16
0.16
0.21
0.19
0.19
3.37
0.19
0.19
0.19
5.82
0.16
0.15
0.15
0.16
0.16
0.16
0.16
0.16
0.15
0.15
0.15
0.15
0.15
0.14
0.14
0.14
CorWatt	PkgWatt
36.94	190.42
0.54	99.74
0.60
0.64
0.53
0.37
3.08
0.22
0.22
2.99
0.21
0.21
0.21
0.62
0.59
0.47
0.61
3.13
0.23
0.23
0.23
0.28
1.41
0.35
0.31
0.52
0.68
0.58
0.51
0.71
0.53
0.42
0.53
0.16	90.73
0.16
0.16
0.16
0.16
0.16
0.16
0.16
0.24
0.19
0.19
3.37
0.20
0.19
0.20
5.83
0.16
0.16
0.16
0.16
0.16
0.16
0.16
0.17
0.15
0.15
0.15
0.15
0.15
0.15
0.15
0.16
CorWatt	PkgWatt
33.34	189.09
0.54	100.00
0.57
0.77
0.45
0.36
3.07
0.22
0.22
2.99
0.21
0.20
0.21
0.86
0.51
0.48
0.39
3.13
0.23
0.23
0.23
0.31
0.43
1.27
0.34
0.54
0.45
0.66
0.60
0.59
0.54
0.48
0.63
0.18	89.05
0.16
0.16
0.16
0.19
0.16
0.16
0.16
0.23
0.19
0.19
3.36
0.19
0.18
0.17
2.09
0.16
0.16
0.16
0.18
0.17
0.17
0.17
0.19
0.15
0.15
0.15
0.15
0.18
0.17
0.18
0.17
CorWatt	PkgWatt
31.20	184.90
0.67	99.65
0.49
0.63
0.60
0.37
3.02
0.22
0.22
2.95
0.21
0.20
0.21
0.58
0.51
0.58
0.61
3.11
0.23
0.23
0.23
0.31
0.24
1.42
0.31
0.53
0.61
0.53
0.54
0.58
0.49
0.70
0.48
0.18	85.35
0.16
0.16
0.16
0.17
0.19
0.18
0.16
0.24
0.20
0.19
3.33
0.15
0.15
0.15
0.15
0.16
0.16
0.16
0.18
0.20
0.17
0.17
0.20
0.16
0.16
0.16
0.16
0.15
0.15
0.15
0.16
CorWatt	PkgWatt
30.82	184.44
0.54	99.47
0.61
0.68
0.54
0.36
3.03
0.22
0.22
2.94
0.21
0.20
0.21
0.69
0.63
0.44
0.47
3.12
0.23
0.23
0.23
0.31
0.25
1.40
0.32
0.48
0.61
0.54
0.61
0.53
0.59
0.65
0.47
0.16	84.84
0.15
0.15
0.15
0.16
0.16
0.16
0.16
0.23
0.19
0.19
3.35
0.14
0.14
0.14
0.14
0.16
0.16
0.16
0.16
0.16
0.16
0.16
0.16
0.15
0.15
0.15
0.15
0.14
0.14
0.14
0.14
CorWatt	PkgWatt
34.56	187.95
0.61	99.42
0.65
0.47
0.57
0.37
3.04
0.22
0.22
2.93
0.21
0.20
0.21
0.61
0.61
0.49
0.56
3.13
0.23
0.23
0.23
0.30
0.24
1.41
0.35
0.48
0.72
0.56
0.54
0.55
0.57
0.56
0.53
0.16	88.65
0.16
0.16
0.16
0.16
0.16
0.16
0.16
0.24
0.19
0.20
3.36
0.15
0.17
0.15
0.15
0.18
0.19
0.18
3.60
0.17
0.19
0.19
0.17
0.15
0.16
0.16
0.15
0.15
0.15
0.15
0.15
CorWatt	PkgWatt
37.14	195.89
0.62	101.33
0.57
0.60
0.59
0.38
3.06
0.23
0.23
2.96
0.21
0.21
0.21
0.54
0.67
0.54
0.55
3.14
0.23
0.23
0.23
0.29
0.24
1.42
0.29
0.50
0.52
0.74
0.47
0.60
0.63
0.53
0.47
0.17	94.48
0.16
0.16
0.16
0.17
0.17
0.17
0.19
0.24
0.20
0.20
3.39
0.15
0.15
0.15
0.17
0.20
0.21
0.20
5.77
0.17
0.19
0.17
0.17
0.19
0.18
0.18
0.16
0.15
0.17
0.15
0.15
CorWatt	PkgWatt
36.67	190.17
0.55	99.42
0.67
0.52
0.62
0.36
3.05
0.22
0.22
2.93
0.21
0.20
0.21
0.62
0.51
0.57
0.58
3.13
0.23
0.23
0.23
0.28
0.24
1.42
0.27
0.63
0.64
0.54
0.45
0.53
0.55
0.66
0.51
0.16	90.71
0.16
0.15
0.16
0.16
0.16
0.16
0.16
0.23
0.19
0.19
3.38
0.14
0.14
0.14
0.14
0.19
0.21
0.20
5.79
0.16
0.17
0.16
0.16
0.15
0.15
0.15
0.15
0.15
0.15
0.15
0.15
CorWatt	PkgWatt
36.77	190.14
0.54	99.55
0.50
0.71
0.61
0.36
3.05
0.23
0.22
2.99
0.21
0.20
0.21
0.74
0.53
0.50
0.53
3.13
0.23
0.23
0.23
0.27
0.24
1.44
0.27
0.64
0.45
0.71
0.52
0.46
0.50
0.64
0.58
0.16	90.65
0.16
0.16
0.16
0.16
0.16
0.16
0.16
0.20
0.23
0.19
3.39
0.15
0.14
0.14
0.14
0.19
0.21
0.19
5.78
0.16
0.18
0.16
0.17
0.15
0.15
0.15
0.15
0.14
0.15
0.15
0.15
CorWatt	PkgWatt
36.70	190.32
0.63	99.62
0.56
0.68
0.49
0.37
3.05
0.22
0.22
2.98
0.21
0.20
0.21
0.63
0.49
0.67
0.50
3.12
0.23
0.23
0.22
0.28
0.24
1.39
0.31
0.48
0.50
0.69
0.59
0.43
0.59
0.59
0.57
0.16	90.65
0.16
0.16
0.16
0.16
0.16
0.16
0.16
0.19
0.24
0.19
3.41
0.15
0.14
0.14
0.14
0.19
0.21
0.19
5.77
0.16
0.17
0.16
0.17
0.15
0.15
0.15
0.15
0.15
0.15
0.15
0.16
CorWatt	PkgWatt
36.79	190.19
0.58	99.50
0.80
0.50
0.50
0.36
3.05
0.22
0.22
2.99
0.21
0.20
0.21
1.00
0.69
0.28
0.27
3.13
0.23
0.23
0.23
0.56
0.49
0.60
0.63
0.64
0.47
0.72
0.48
0.56
0.41
0.68
0.56
0.16	90.69
0.16
0.16
0.16
0.16
0.16
0.16
0.16
0.23
0.20
0.19
3.40
0.14
0.14
0.14
0.14
0.19
0.21
0.19
5.80
0.16
0.17
0.16
0.17
0.15
0.16
0.16
0.15
0.14
0.14
0.14
0.14
CorWatt	PkgWatt
36.91	190.21
0.57	99.56
0.58
0.64
0.50
0.37
3.06
0.23
0.22
2.98
0.21
0.20
0.21
0.25
1.38
0.31
0.29
3.12
0.23
0.23
0.23
0.56
0.61
0.63
0.49
0.68
0.55
0.64
0.48
0.68
0.58
0.52
0.49
0.16	90.77
0.16
0.16
0.16
0.16
0.16
0.16
0.16
0.23
0.20
0.20
3.41
0.16
0.15
0.15
0.15
0.20
0.21
0.20
5.81
0.17
0.17
0.16
0.17
0.15
0.16
0.15
0.15
0.15
0.15
0.15
0.16
CorWatt	PkgWatt
36.86	190.28
0.56	99.57
0.70
0.66
0.51
0.23
3.06
0.22
0.22
2.97
0.21
0.20
0.21
0.64
0.69
0.49
0.47
3.13
0.23
0.23
0.23
0.62
0.57
0.67
0.43
0.48
0.59
0.60
0.69
1.35
0.32
0.28
0.27
0.16	90.60
0.16
0.15
0.15
0.16
0.16
0.16
0.16
0.24
0.19
0.19
3.40
0.15
0.14
0.14
0.14
0.19
0.21
0.19
5.81
0.16
0.17
0.16
0.17
0.15
0.15
0.15
0.15
0.15
0.15
0.15
0.15
CorWatt	PkgWatt
36.92	190.32
0.58	99.61
0.57
0.52
0.71
0.34
3.04
0.22
0.22
2.95
0.21
0.20
0.21
0.65
0.59
0.62
0.42
3.12
0.23
0.23
0.23
0.53
0.65
0.58
0.62
0.72
0.52
0.56
0.49
1.36
0.30
0.27
0.24
0.18	90.79
0.16
0.16
0.16
0.16
0.16
0.18
0.16
0.24
0.19
0.19
3.41
0.15
0.14
0.14
0.14
0.19
0.21
0.19
5.82
0.16
0.19
0.16
0.17
0.15
0.15
0.15
0.15
0.15
0.15
0.15
0.16
CorWatt	PkgWatt
36.97	190.68
0.57	99.84
0.72
0.53
0.56
0.36
3.05
0.22
0.22
2.98
0.21
0.20
0.21
0.56
0.59
0.47
0.62
3.13
0.23
0.23
0.22
0.59
0.76
0.48
0.51
0.63
0.56
0.65
0.54
1.36
0.33
0.29
0.22
0.16	90.73
0.16
0.16
0.16
0.16
0.16
0.16
0.16
0.24
0.19
0.19
3.41
0.15
0.14
0.14
0.14
0.19
0.21
0.19
5.82
0.16
0.17
0.16
0.16
0.15
0.15
0.15
0.15
0.14
0.15
0.14
0.15
CorWatt	PkgWatt
33.54	188.81
0.71	99.66
0.52
0.58
0.56
0.37
3.06
0.23
0.22
2.97
0.21
0.20
0.21
0.56
0.60
0.57
0.55
3.14
0.23
0.23
0.23
0.53
0.61
0.51
0.65
0.47
0.62
0.59
0.59
1.34
0.34
0.28
0.24
0.17	89.22
0.16
0.16
0.16
0.16
0.16
0.19
0.16
0.24
0.19
0.19
3.39
0.15
0.15
0.17
0.15
0.20
0.19
0.18
2.23
0.17
0.18
0.17
0.20
0.16
0.16
0.19
0.16
0.19
0.17
0.17
0.17
CorWatt	PkgWatt
31.21	185.05
0.59	99.78
0.61
0.53
0.63
0.37
3.06
0.22
0.22
2.97
0.21
0.20
0.21
0.56
0.63
0.43
0.65
3.12
0.23
0.23
0.22
0.54
0.58
0.53
0.64
0.54
0.71
0.51
0.51
0.26
1.34
0.34
0.28
0.20	85.26
0.16
0.16
0.16
0.19
0.16
0.19
0.16
0.23
0.19
0.19
3.36
0.15
0.14
0.15
0.14
0.16
0.16
0.16
0.16
0.17
0.17
0.17
0.20
0.16
0.16
0.16
0.18
0.16
0.15
0.15
0.15
CorWatt	PkgWatt
31.05	184.63
0.54	99.65
0.65
0.56
0.63
0.37
3.09
0.22
0.22
3.00
0.21
0.20
0.21
0.62
0.54
0.56
0.51
3.15
0.23
0.23
0.23
0.46
0.44
0.66
0.67
0.45
0.59
0.62
0.66
0.22
1.34
0.33
0.29
0.16	85.03
0.16
0.16
0.16
0.16
0.16
0.16
0.16
0.23
0.19
0.19
3.36
0.17
0.15
0.15
0.15
0.16
0.16
0.16
0.16
0.16
0.16
0.16
0.17
0.15
0.15
0.15
0.15
0.15
0.15
0.15
0.15
CorWatt	PkgWatt
31.82	187.23
0.56	100.19
0.64
0.48
0.68
0.38
3.27
0.22
0.22
3.19
0.21
0.20
0.21
0.55
0.49
0.53
0.71
3.34
0.23
0.23
0.23
0.56
0.47
0.70
0.53
0.58
0.59
0.51
0.64
0.22
1.40
0.28
0.26
0.19	86.96
0.16
0.16
0.16
0.18
0.17
0.17
0.16
0.20
0.21
0.17
1.57
0.16
0.15
0.16
0.17
0.16
0.17
0.16
0.16
0.17
0.20
0.18
0.18
0.15
0.15
0.15
0.15
0.18
0.17
0.18
1.84
CorWatt	PkgWatt
31.53	185.04
0.56	100.99
0.72
0.53
0.59
0.38
3.43
0.22
0.22
3.34
0.21
0.20
0.21
0.59
0.56
0.54
0.57
3.51
0.23
0.23
0.23
0.57
0.54
0.60
0.63
0.79
0.47
0.51
0.51
0.22
1.37
0.34
0.28
0.16	84.15
0.15
0.15
0.16
0.17
0.19
0.17
0.16
0.16
0.19
0.15
0.15
0.16
0.15
0.17
0.17
0.20
0.17
0.16
0.17
0.16
0.17
0.16
0.17
0.15
0.15
0.15
0.15
0.20
0.19
0.21
2.43
CorWatt	PkgWatt
31.26	184.87
0.50	100.76
0.64
0.53
0.68
0.37
3.44
0.22
0.22
3.34
0.21
0.20
0.21
0.63
0.51
0.55
0.58
3.51
0.23
0.23
0.23
0.68
0.52
0.58
0.52
0.51
0.64
0.60
0.58
0.22
1.38
0.29
0.27
0.18	84.06
0.16
0.16
0.16
0.18
0.16
0.16
0.18
0.15
0.18
0.15
0.15
0.16
0.15
0.15
0.16
0.16
0.16
0.16
0.17
0.17
0.17
0.17
0.19
0.15
0.16
0.15
0.17
0.19
0.19
0.19
2.29
CorWatt	PkgWatt
32.59	186.04
0.52	100.66
0.55
0.60
0.70
0.37
3.43
0.22
0.22
3.33
0.21
0.20
0.21
0.54
0.51
0.56
0.59
3.51
0.23
0.23
0.23
0.57
0.55
0.54
0.64
0.60
0.61
0.54
0.58
0.22
1.38
0.28
0.26
0.15	85.36
0.15
0.15
0.15
0.16
0.18
0.16
0.16
0.15
0.19
0.15
0.15
0.16
0.15
0.15
0.16
0.16
0.16
0.15
0.15
0.16
0.17
0.16
0.18
0.15
0.15
0.15
0.15
0.22
0.19
0.20
3.87
CorWatt	PkgWatt
32.76	186.07
0.61	100.63
0.56
0.62
0.52
0.37
3.42
0.22
0.22
3.35
0.21
0.20
0.21
0.52
0.54
0.62
0.58
3.52
0.23
0.23
0.23
0.63
0.56
0.62
0.50
0.62
0.48
0.51
0.66
0.24
1.38
0.30
0.28
0.15	85.50
0.15
0.15
0.15
0.16
0.16
0.16
0.16
0.15
0.19
0.15
0.15
0.14
0.14
0.14
0.14
0.16
0.15
0.15
0.15
0.16
0.16
0.16
0.16
0.15
0.15
0.15
0.15
0.19
0.20
0.20
4.13
CorWatt	PkgWatt
30.62	184.05
0.55	98.72
0.47
0.52
0.65
0.36
3.43
0.22
0.22
1.52
0.43
0.35
0.37
0.48
0.48
0.55
0.55
3.52
0.24
0.23
0.25
0.44
0.50
0.50
0.62
1.37
0.33
0.30
0.26
0.50
0.55
0.50
0.50
0.15	85.34
0.15
0.15
0.15
0.16
0.17
0.16
0.16
0.15
0.19
0.15
0.15
0.15
0.14
0.14
0.14
0.15
0.15
0.15
0.15
0.16
0.16
0.16
0.17
0.15
0.15
0.15
0.15
0.20
0.20
0.20
3.99
CorWatt	PkgWatt
27.61	181.41
0.51	97.66
0.56
0.52
0.51
0.37
3.44
0.22
0.22
0.45
0.52
0.41
0.49
0.56
0.49
0.56
0.43
3.53
0.23
0.23
0.23
0.51
0.54
0.45
0.55
1.30
0.33
0.29
0.23
0.51
0.51
0.49
0.35
0.17	83.69
0.17
0.17
0.16
0.16
0.16
0.16
0.16
0.15
0.18
0.15
0.15
0.14
0.14
0.14
0.14
0.16
0.16
0.15
0.16
0.16
0.16
0.16
0.16
0.15
0.15
0.15
0.15
0.19
0.19
0.19
2.09
CorWatt	PkgWatt
25.08	178.70
0.54	93.20
0.51
0.48
0.53
0.47
1.38
0.39
0.38
0.39
0.43
0.39
0.32
0.42
0.47
0.45
0.53
1.32
0.44
0.33
0.30
0.53
0.49
0.49
0.45
1.09
0.38
0.28
0.23
0.32
0.55
0.35
0.43
0.15	85.57
0.15
0.15
0.15
0.16
0.16
0.16
0.16
0.15
0.19
0.15
0.15
0.15
0.14
0.14
0.14
0.16
0.16
0.15
0.16
0.19
0.19
0.18
2.12
0.15
0.15
0.15
0.15
0.19
0.20
0.20
2.10
CorWatt	PkgWatt
24.91	178.76
0.50	91.13
0.53
0.39
0.50
0.46
0.45
0.49
0.43
0.36
0.36
0.33
0.45
0.55
0.42
0.35
0.31
0.43
0.41
0.45
0.50
0.50
0.40
0.50
0.40
0.95
0.36
0.29
0.24
0.34
0.37
0.37
0.47
0.15	87.54
0.15
0.15
0.15
0.16
0.16
0.16
0.16
0.15
0.18
0.15
0.15
0.15
0.14
0.14
0.14
0.16
0.16
0.16
0.16
0.21
0.21
0.21
4.03
0.15
0.15
0.15
0.15
0.19
0.19
0.19
2.10
CorWatt	PkgWatt
22.95	176.66
0.45	91.10
0.43
0.60
0.46
0.45
0.45
0.39
0.39
0.32
0.51
0.38
0.33
0.40
0.50
0.44
0.38
0.40
0.45
0.45
0.49
0.38
0.51
0.50
0.39
0.91
0.34
0.25
0.24
0.43
0.35
0.38
0.44
0.16	85.64
0.15
0.15
0.15
0.17
0.16
0.16
0.16
0.15
0.19
0.15
0.15
0.15
0.14
0.14
0.14
0.16
0.16
0.16
0.16
0.19
0.19
0.19
2.05
0.15
0.15
0.15
0.15
0.20
0.19
0.20
2.24
CorWatt	PkgWatt
21.84	175.62
0.55	90.95
0.45
0.39
0.46
0.41
0.34
0.47
0.43
0.41
0.42
0.37
0.38
0.48
0.43
0.35
0.47
0.57
0.55
0.42
0.35
0.37
0.48
0.32
0.45
1.00
0.32
0.26
0.23
0.42
0.41
0.40
0.39
0.15	84.59
0.15
0.15
0.15
0.16
0.16
0.16
0.16
0.15
0.19
0.15
0.15
0.15
0.14
0.14
0.14
0.16
0.15
0.15
0.15
0.16
0.16
0.16
0.16
0.15
0.15
0.15
0.15
0.19
0.19
0.19
3.25
CorWatt	PkgWatt
22.20	175.72
0.48	90.88
0.47
0.52
0.45
0.45
0.43
0.54
0.45
0.37
0.35
0.32
0.45
0.35
0.39
0.40
0.48
0.51
0.39
0.46
0.39
0.40
0.40
0.46
0.41
0.98
0.33
0.25
0.24
0.36
0.48
0.34
0.46
0.15	84.92
0.15
0.15
0.15
0.16
0.16
0.16
0.16
0.15
0.19
0.15
0.15
0.15
0.14
0.14
0.14
0.16
0.15
0.15
0.15
0.16
0.16
0.16
0.16
0.15
0.15
0.15
0.15
0.20
0.19
0.20
3.57
CorWatt	PkgWatt
19.77	171.24
0.53	92.92
0.52
0.47
0.46
0.44
0.42
0.49
0.61
0.41
0.32
0.35
0.45
0.42
0.48
0.45
0.47
0.50
0.33
0.37
0.48
0.37
2.46
0.28
0.27
1.13
0.36
0.26
0.22
0.40
0.41
0.44
0.42
0.10	78.25
0.10
0.10
0.10
0.10
0.10
0.10
0.11
0.11
0.10
0.09
0.09
0.09
0.08
0.08
0.08
0.10
0.10
0.10
0.10
0.10
0.10
0.10
0.10
0.09
0.09
0.09
0.09
0.11
0.11
0.10
0.74
CorWatt	PkgWatt
17.69	169.83
0.31	88.67
0.27
0.32
0.26
0.28
0.27
0.29
0.32
0.21
0.30
0.20
0.24
0.28
0.29
0.24
0.26
0.29
0.25
0.24
0.27
0.24
3.66
0.23
0.23
0.47
0.23
0.20
0.20
0.26
0.20
0.21
0.29
0.12	81.20
0.12
0.12
0.13
0.13
0.13
0.13
0.13
0.13
0.12
0.11
0.11
0.11
0.11
0.10
0.10
0.12
0.12
0.12
0.13
0.15
0.15
0.15
2.13
0.12
0.12
0.12
0.12
0.12
0.11
0.12
0.12
CorWatt	PkgWatt
20.20	173.42
0.23	88.46
0.22
2.31
0.22
0.21
0.20
0.22
2.59
0.16
0.17
0.16
0.17
0.16
0.16
0.17
0.16
0.18
0.18
0.18
0.19
0.22
1.43
0.20
0.19
0.16
0.16
0.16
0.17
0.16
0.16
0.16
0.16
0.15	85.02
0.15
0.14
0.15
0.15
0.15
0.15
0.15
0.15
0.14
0.14
0.14
0.14
0.13
0.13
0.13
0.15
0.15
0.14
0.15
0.20
0.21
0.21
4.00
0.15
0.14
0.15
0.14
0.14
0.14
0.14
0.14
CorWatt	PkgWatt
21.41	175.08
0.26	89.33
0.24
3.23
0.31
0.22
0.22
0.23
3.62
0.16
0.16
0.16
0.16
0.16
0.16
0.16
0.16
0.18
0.18
0.18
0.18
0.19
0.18
0.18
0.18
0.16
0.16
0.16
0.17
0.16
0.16
0.16
0.16
0.17	85.66
0.16
0.16
0.17
0.16
0.16
0.16
0.16
2.32
0.19
0.18
0.18
0.14
0.14
0.14
0.14
0.15
0.15
0.15
0.15
0.18
0.19
0.18
1.99
0.15
0.15
0.15
0.15
0.15
0.16
0.15
0.15
CorWatt	PkgWatt
20.63	174.46
0.46	90.53
0.38
1.28
0.37
0.34
0.34
0.41
1.40
0.27
0.44
0.29
0.32
0.22
0.19
0.80
0.29
0.40
0.34
0.35
0.36
0.33
0.44
0.34
0.35
0.33
0.36
0.45
0.31
0.23
0.33
0.25
0.32
0.16	83.92
0.15
0.15
0.15
0.16
0.16
0.16
0.16
2.44
0.23
0.19
0.19
0.15
0.14
0.15
0.14
0.16
0.16
0.16
0.16
0.16
0.16
0.16
0.16
0.15
0.15
0.15
0.15
0.15
0.15
0.15
0.15
CorWatt	PkgWatt
21.16	174.84
0.54	90.93
0.49
0.45
0.48
0.48
0.43
0.43
0.50
0.47
0.36
0.38
0.41
0.24
0.21
1.01
0.33
0.43
0.33
0.41
0.39
0.48
0.37
0.34
0.43
0.41
0.49
0.47
0.45
0.45
0.35
0.38
0.40
0.16	83.99
0.15
0.15
0.15
0.16
0.16
0.16
0.16
2.45
0.24
0.19
0.19
0.15
0.14
0.15
0.14
0.16
0.16
0.16
0.16
0.16
0.16
0.16
0.17
0.15
0.15
0.15
0.15
0.15
0.15
0.15
0.15
CorWatt	PkgWatt
27.21	180.73
0.61	93.02
0.43
0.42
0.47
0.38
0.38
0.53
0.48
0.28
0.24
0.99
0.31
0.42
0.39
0.66
0.42
0.46
0.39
0.45
0.41
0.37
2.54
0.27
0.25
0.50
0.45
0.44
0.44
0.44
0.41
0.44
0.36
0.15	87.68
0.15
0.15
0.15
0.16
0.16
0.16
0.16
4.14
0.24
0.19
0.19
0.14
0.14
0.14
0.14
0.16
0.16
0.16
0.16
0.19
0.19
0.19
2.24
0.15
0.15
0.15
0.15
0.14
0.14
0.14
0.14
CorWatt	PkgWatt
30.19	183.56
0.55	94.02
0.49
0.48
0.43
0.51
0.42
0.43
0.42
0.41
0.34
0.51
0.46
0.29
0.34
0.97
0.44
0.41
0.49
0.46
0.37
0.25
3.76
0.23
0.22
0.39
0.46
0.47
0.49
0.42
0.46
0.39
0.38
0.15	89.48
0.15
0.15
0.15
0.16
0.16
0.16
0.16
4.15
0.23
0.19
0.19
0.14
0.14
0.14
0.14
0.16
0.16
0.16
0.16
0.21
0.21
0.21
4.04
0.15
0.15
0.15
0.15
0.15
0.15
0.15
0.16
CorWatt	PkgWatt
33.12	186.46
0.49	94.71
0.65
0.41
0.39
0.30
0.34
0.29
2.81
0.41
0.39
0.34
0.52
0.25
0.23
1.25
0.34
0.44
0.41
0.48
0.53
0.35
1.62
0.35
0.37
0.45
0.47
0.60
0.45
0.39
0.43
0.45
0.49
0.16	91.78
0.16
0.15
0.15
0.16
0.16
0.16
0.16
3.55
0.24
0.19
0.19
0.18
0.18
0.18
2.98
0.16
0.16
0.16
0.16
0.21
0.21
0.21
4.04
0.15
0.15
0.15
0.15
0.14
0.14
0.14
0.15
CorWatt	PkgWatt
32.63	186.19
0.52	94.59
0.45
0.49
0.52
0.35
0.23
0.23
3.72
0.39
0.47
0.37
0.39
0.27
0.23
1.20
0.34
0.58
0.45
0.35
0.47
0.51
0.47
0.41
0.50
0.41
0.43
0.49
0.45
0.47
0.45
0.42
0.46
0.16	91.56
0.16
0.16
0.16
0.16
0.16
0.16
0.16
2.12
0.23
0.19
0.19
0.19
0.19
0.19
4.08
0.16
0.16
0.16
0.16
0.21
0.21
0.21
4.05
0.15
0.15
0.15
0.15
0.14
0.14
0.15
0.15
CorWatt	PkgWatt
27.00	180.70
0.56	92.00
0.43
0.46
0.48
0.42
0.34
0.31
1.33
0.34
0.41
0.35
0.48
0.27
0.21
1.10
0.38
0.51
0.37
0.44
0.40
0.37
0.53
0.52
0.44
0.46
0.35
0.36
0.58
0.33
0.54
0.45
0.31
0.16	88.77
0.16
0.16
0.16
0.16
0.16
0.16
0.16
2.11
0.23
0.19
0.19
0.16
0.16
0.16
1.20
0.16
0.16
0.16
0.16
0.21
0.21
0.21
4.06
0.15
0.15
0.15
0.15
0.15
0.14
0.14
0.14
CorWatt	PkgWatt
27.02	180.65
0.61	91.13
0.44
0.41
0.44
0.45
0.41
0.48
0.42
0.35
0.37
0.34
0.52
0.28
0.21
1.12
0.33
0.40
0.41
0.41
0.44
0.40
0.47
0.49
0.43
0.48
0.47
0.37
0.50
0.34
0.51
0.34
0.34
0.16	89.53
0.16
0.16
0.16
0.16
0.16
0.16
0.16
2.11
0.24
0.19
0.19
0.18
0.18
2.33
0.18
0.16
0.16
0.16
0.16
0.21
0.21
0.22
3.70
0.15
0.15
0.15
0.15
0.15
0.15
0.15
0.15
CorWatt	PkgWatt
28.28	182.10
0.43	91.20
0.47
0.42
0.48
0.44
0.49
0.46
0.45
0.44
0.34
0.36
0.45
0.33
0.23
0.98
0.34
0.37
0.57
0.37
0.37
0.35
0.36
0.51
0.43
0.46
0.44
0.47
0.47
0.42
0.40
0.36
0.52
0.16	90.82
0.16
0.16
0.15
0.16
0.16
0.16
0.16
2.36
0.23
0.19
0.19
0.19
0.20
3.49
0.20
0.16
0.16
0.16
0.16
0.21
0.21
0.21
3.50
0.15
0.15
0.15
0.15
0.15
0.15
0.14
0.15
CorWatt	PkgWatt
33.77	190.78
0.50	95.26
0.48
0.37
0.63
0.35
0.27
0.29
2.55
0.34
0.38
0.39
0.52
0.36
0.25
0.28
1.16
0.60
0.41
0.34
0.41
0.39
0.57
0.51
0.46
0.51
0.47
0.41
0.47
0.43
0.46
0.39
0.41
0.16	95.58
0.15
0.15
0.15
1.78
0.18
0.18
0.18
1.88
0.21
0.17
0.17
0.17
0.17
1.92
1.06
0.16
0.16
0.15
0.16
0.21
0.21
0.21
3.37
1.55
0.17
0.17
0.17
1.56
0.17
0.17
0.17
CorWatt	PkgWatt
35.46	189.58
0.56	94.59
0.37
0.55
0.46
0.35
0.23
0.23
3.30
0.55
0.45
0.38
0.37
0.35
0.26
0.22
1.22
0.43
0.41
0.44
0.52
0.50
0.47
0.47
0.47
0.46
0.43
0.52
0.47
0.43
0.40
0.49
0.45
0.16	95.00
0.15
0.15
0.15
3.48
0.21
0.20
0.21
0.15
0.18
0.15
0.15
0.15
0.15
0.14
0.14
0.16
0.16
0.15
0.16
0.21
0.21
0.22
3.33
3.28
0.19
0.19
0.19
3.30
0.20
0.20
0.19
CorWatt	PkgWatt
31.99	188.67
0.54	95.68
0.50
0.40
0.44
0.35
0.22
0.22
3.29
0.54
0.32
0.44
0.34
0.35
0.27
0.22
1.23
0.37
0.48
0.44
0.56
0.51
0.51
0.43
0.45
0.55
0.47
0.50
0.46
0.37
0.46
0.35
0.50
0.15	92.99
0.15
0.15
0.15
0.18
0.17
0.17
0.17
0.15
0.18
0.15
0.15
0.16
0.15
0.15
0.15
0.16
0.16
0.16
0.17
0.21
0.21
0.21
3.32
3.28
0.19
0.19
0.19
3.30
0.20
0.20
0.20
CorWatt	PkgWatt
32.06	187.32
0.38	94.32
0.48
0.54
0.44
0.35
0.23
0.23
3.29
0.38
0.35
0.38
0.55
0.36
0.26
0.22
1.20
0.36
0.43
0.45
0.53
0.58
0.47
0.47
0.50
0.40
0.61
0.55
0.40
0.40
0.31
0.50
0.51
0.16	93.02
0.16
0.15
0.16
0.16
0.16
0.16
0.16
0.16
0.19
0.15
0.15
0.17
0.17
0.15
0.15
0.16
0.16
0.16
0.17
0.21
0.21
0.21
3.32
3.28
0.20
0.20
0.19
3.30
0.20
0.20
0.20
CorWatt	PkgWatt
31.85	185.29
0.53	94.03
0.49
0.49
0.46
0.35
0.22
0.23
3.29
0.46
0.42
0.40
0.47
0.31
0.27
0.94
0.56
0.43
0.51
0.42
0.42
0.49
0.55
0.37
0.43
0.53
0.39
0.54
0.35
0.34
0.40
0.40
0.58
0.16	91.20
0.15
0.15
0.15
0.16
0.16
0.16
0.16
0.15
0.18
0.15
0.15
0.18
0.14
0.14
0.14
0.16
0.16
0.16
0.16
0.21
0.21
0.21
3.32
3.27
0.19
0.19
0.19
3.29
0.20
0.20
0.20
CorWatt	PkgWatt
34.98	188.42
0.64	94.00
0.44
0.40
0.44
0.35
0.23
0.23
3.30
0.45
0.48
0.36
0.43
0.29
0.23
0.95
0.58
0.43
0.43
0.43
0.50
0.49
0.45
0.41
0.48
0.42
0.52
0.37
0.56
0.41
0.50
0.35
0.51
0.16	94.45
0.16
0.16
0.16
0.18
0.16
0.16
0.17
0.15
0.19
0.16
0.16
2.93
0.20
0.19
0.19
0.18
0.16
0.16
0.18
0.21
0.21
0.22
3.34
3.31
0.19
0.19
0.19
3.33
0.19
0.19
0.20
CorWatt	PkgWatt
34.34	187.88
0.46	94.07
0.52
0.43
0.52
0.32
0.23
0.23
3.29
0.70
0.40
0.42
0.31
0.39
0.34
0.37
0.87
0.64
0.40
0.44
0.33
0.57
0.43
0.34
0.54
0.39
0.50
0.51
0.52
0.41
0.35
0.46
0.46
0.16	93.77
0.16
0.16
0.16
0.16
0.16
0.16
0.16
0.16
0.19
0.16
0.16
2.32
0.19
0.19
0.19
0.16
0.16
0.16
0.16
0.21
0.21
0.21
3.36
3.31
0.19
0.19
0.19
3.33
0.19
0.19
0.20
CorWatt	PkgWatt
34.80	188.29
0.55	94.06
0.44
0.42
0.47
0.32
0.22
0.23
3.30
1.12
0.38
0.27
0.21
0.42
0.46
0.49
0.53
0.51
0.45
0.41
0.38
0.43
0.51
0.41
0.48
0.49
0.48
0.49
0.51
0.41
0.32
0.40
0.50
0.16	94.18
0.16
0.16
0.16
0.16
0.16
0.16
0.16
0.16
0.19
0.16
0.16
2.88
0.20
0.19
0.19
0.16
0.16
0.16
0.16
0.21
0.21
0.21
3.36
3.30
0.19
0.19
0.19
3.32
0.19
0.19
0.19
CorWatt	PkgWatt
36.20	189.58
0.53	94.15
0.42
0.53
0.45
0.35
0.22
0.23
3.28
1.11
0.38
0.27
0.22
0.40
0.38
0.64
0.38
0.42
0.48
0.40
0.39
0.47
0.45
0.47
0.53
0.57
0.42
0.46
0.49
0.48
0.37
0.36
0.49
0.16	95.51
0.16
0.16
0.16
0.16
0.16
0.16
0.16
0.15
0.19
0.16
0.16
4.27
0.20
0.19
0.19
0.16
0.16
0.16
0.16
0.21
0.21
0.21
3.34
3.29
0.19
0.19
0.19
3.31
0.20
0.20
0.21
CorWatt	PkgWatt
36.07	189.50
0.53	93.93
0.46
0.46
0.44
0.34
0.22
0.23
3.29
0.63
0.77
0.33
0.22
0.41
0.48
0.41
0.49
0.41
0.43
0.37
0.48
0.45
0.36
0.61
0.44
0.48
0.53
0.46
0.51
0.49
0.39
0.52
0.34
0.16	95.50
0.16
0.16
0.16
0.16
0.16
0.16
0.16
0.15
0.19
0.15
0.16
4.27
0.19
0.19
0.19
0.16
0.16
0.16
0.16
0.21
0.21
0.21
3.34
3.27
0.19
0.19
0.19
3.31
0.19
0.19
0.19
CorWatt	PkgWatt
35.11	188.58
0.54	94.05
0.43
0.43
0.53
0.35
0.22
0.23
3.29
0.23
1.10
0.32
0.27
0.42
0.56
0.39
0.48
0.37
0.49
0.40
0.46
0.52
0.45
0.52
0.35
0.64
0.48
0.42
0.39
0.47
0.40
0.41
0.47
0.16	94.57
0.16
0.16
0.16
0.16
0.16
0.16
0.16
0.16
0.19
0.16
0.16
3.17
0.20
0.19
0.19
0.16
0.16
0.16
0.16
0.21
0.21
0.21
3.36
3.30
0.19
0.19
0.19
3.32
0.19
0.20
0.21
CorWatt	PkgWatt
34.23	187.74
0.51	94.19
0.51
0.43
0.54
0.35
0.23
0.23
3.28
0.23
1.14
0.31
0.26
0.45
0.49
0.52
0.46
0.45
0.34
0.32
0.62
0.49
0.46
0.47
0.46
0.41
0.53
0.52
0.55
0.34
0.41
0.42
0.46
0.16	93.57
0.16
0.16
0.16
0.16
0.16
0.16
0.16
0.16
0.19
0.16
0.16
2.12
0.19
0.19
0.19
0.16
0.16
0.16
0.16
0.21
0.21
0.21
3.37
3.30
0.19
0.19
0.19
3.32
0.19
0.20
0.20
CorWatt	PkgWatt
34.10	187.73
0.51	94.01
0.51
0.52
0.43
0.35
0.24
0.23
3.29
0.93
0.48
0.29
0.25
0.45
0.48
0.44
0.51
0.39
0.42
0.46
0.39
0.49
0.43
0.53
0.60
0.48
0.46
0.36
0.49
0.33
0.45
0.31
0.53
0.16	93.71
0.16
0.16
0.16
0.16
0.16
0.16
0.16
0.16
0.19
0.16
0.16
2.12
0.20
0.19
0.19
0.16
0.16
0.16
0.16
0.21
0.21
0.21
3.37
3.30
0.19
0.19
0.19
3.33
0.19
0.20
0.20
CorWatt	PkgWatt
34.17	187.74
0.52	94.09
0.54
0.36
0.48
0.35
0.23
0.23
3.31
1.08
0.37
0.28
0.22
0.49
0.42
0.36
0.53
0.35
0.50
0.47
0.43
0.45
0.45
0.41
0.65
0.54
0.46
0.43
0.43
0.48
0.38
0.41
0.40
0.16	93.70
0.16
0.16
0.16
0.16
0.16
0.17
0.16
0.16
0.19
0.16
0.16
2.12
0.20
0.19
0.19
0.16
0.16
0.16
0.16
0.21
0.21
0.22
3.38
3.32
0.19
0.19
0.19
3.35
0.20
0.20
0.20
CorWatt	PkgWatt
34.47	188.09
0.48	93.96
0.57
0.45
0.43
0.35
0.22
0.23
3.31
1.09
0.34
0.23
0.21
0.53
0.42
0.41
0.49
0.48
0.40
0.51
0.38
0.45
0.50
0.44
0.55
0.52
0.42
0.52
0.40
0.39
0.30
0.40
0.51
0.16	94.04
0.16
0.16
0.16
0.16
0.16
0.16
0.16
0.16
0.19
0.15
0.16
2.62
0.19
0.19
0.19
0.16
0.16
0.16
0.16
0.21
0.21
0.21
3.37
3.31
0.19
0.19
0.19
3.34
0.20
0.19
0.21
CorWatt	PkgWatt
35.70	189.18
0.47	94.19
0.55
0.56
0.41
0.35
0.23
0.23
3.31
1.10
0.38
0.26
0.22
0.47
0.37
0.36
0.60
0.60
0.37
0.41
0.35
0.40
0.57
0.40
0.54
0.55
0.38
0.50
0.48
0.39
0.49
0.35
0.49
0.16	95.01
0.16
0.16
0.16
0.16
0.16
0.16
0.16
0.16
0.19
0.15
0.16
3.62
0.19
0.19
0.19
0.16
0.16
0.16
0.16
0.21
0.21
0.21
3.37
3.31
0.19
0.19
0.19
3.34
0.20
0.20
0.20
CorWatt	PkgWatt
34.99	192.02
0.39	95.91
0.54
0.48
0.49
0.35
0.23
0.23
3.31
1.15
0.37
0.28
0.24
0.54
0.43
0.49
0.48
0.41
0.45
0.39
0.40
0.56
0.41
0.39
0.54
0.60
0.45
0.42
0.49
0.42
0.50
0.35
0.38
0.16	96.19
0.18
0.16
0.17
0.16
0.17
0.16
0.16
0.16
0.19
0.16
0.16
2.77
0.22
0.20
0.19
0.16
0.16
0.16
0.18
0.21
0.22
0.21
3.35
3.29
0.19
0.20
0.19
3.32
0.20
0.21
0.22
CorWatt	PkgWatt
31.76	189.09
0.42	95.96
0.55
0.53
0.49
0.35
0.22
0.23
3.25
1.13
0.37
0.26
0.21
0.51
0.52
0.39
0.41
0.57
0.33
0.39
0.45
0.54
0.41
0.49
0.42
0.45
0.48
0.59
0.44
0.35
0.37
0.40
0.46
0.16	93.04
0.17
0.16
0.16
0.16
0.17
0.16
0.16
0.15
0.20
0.15
0.15
0.15
0.15
0.14
0.14
0.16
0.16
0.16
0.18
0.21
0.21
0.22
3.30
3.22
0.19
0.20
0.19
3.27
0.20
0.21
0.20
CorWatt	PkgWatt
31.88	185.61
0.48	94.21
0.49
0.46
0.49
0.34
0.22
0.23
3.34
1.15
0.34
0.27
0.22
0.44
0.47
0.47
0.43
0.49
0.48
0.41
0.45
0.49
0.42
0.45
0.50
0.50
0.49
0.48
0.40
0.41
0.48
0.43
0.31
0.15	91.37
0.16
0.15
0.15
0.16
0.16
0.16
0.16
0.15
0.19
0.15
0.15
0.14
0.14
0.14
0.14
0.16
0.16
0.16
0.16
0.21
0.21
0.21
3.34
3.28
0.19
0.19
0.19
3.34
0.19
0.19
0.20
CorWatt	PkgWatt
32.83	191.61
0.55	95.90
0.49
0.48
0.49
0.35
0.23
0.23
3.33
1.09
0.36
0.28
0.24
0.47
0.43
0.49
0.52
0.43
0.38
0.51
0.44
0.57
0.43
0.45
0.39
0.57
0.41
0.48
0.42
0.36
0.37
0.50
0.41
0.17	95.73
0.16
0.16
0.16
0.17
0.18
0.18
0.16
0.16
0.19
0.15
0.15
0.16
0.15
0.17
0.16
0.17
0.17
0.17
0.76
0.21
0.22
0.21
3.34
3.29
0.20
0.20
0.19
3.34
0.20
0.20
0.20
CorWatt	PkgWatt
34.78	188.15
0.49	93.98
0.45
0.38
0.52
0.34
0.22
0.23
3.30
1.12
0.34
0.25
0.21
0.42
0.46
0.45
0.55
0.40
0.48
0.33
0.49
0.48
0.54
0.51
0.46
0.41
0.57
0.45
0.52
0.41
0.37
0.36
0.51
0.16	94.19
0.16
0.17
0.16
0.16
0.17
0.17
0.16
0.16
0.19
0.15
0.17
0.16
0.15
0.16
0.16
0.19
0.20
0.20
2.74
0.21
0.21
0.21
3.34
3.28
0.19
0.20
0.19
3.33
0.20
0.20
0.21
CorWatt	PkgWatt
34.02	187.53
0.45	93.98
0.44
0.44
0.54
0.34
0.22
0.23
3.30
0.53
0.82
0.30
0.23
0.51
0.50
0.38
0.49
0.36
0.46
0.57
0.38
0.58
0.44
0.44
0.47
0.45
0.50
0.39
0.46
0.33
0.54
0.47
0.34
0.16	93.49
0.16
0.16
0.15
0.16
0.16
0.16
0.16
0.15
0.18
0.15
0.15
0.14
0.14
0.14
0.14
0.19
0.19
0.19
2.25
0.21
0.21
0.21
3.34
3.28
0.19
0.22
0.19
3.34
0.19
0.20
0.19
CorWatt	PkgWatt
35.07	188.41
0.50	94.02
0.57
0.41
0.52
0.35
0.22
0.23
3.30
0.22
1.08
0.33
0.26
0.43
0.46
0.49
0.47
0.44
0.37
0.54
0.38
0.53
0.52
0.42
0.46
0.41
0.57
0.48
0.43
0.42
0.36
0.34
0.53
0.16	94.46
0.16
0.15
0.15
0.16
0.16
0.16
0.16
0.16
0.19
0.15
0.15
0.14
0.15
0.14
0.14
0.20
0.20
0.19
3.19
0.21
0.21
0.22
3.33
3.28
0.19
0.20
0.19
3.32
0.20
0.20
0.21
CorWatt	PkgWatt
34.09	189.53
0.66	94.30
0.48
0.42
0.44
0.35
0.23
0.23
3.29
0.21
1.09
0.33
0.25
0.48
0.43
0.45
0.45
0.49
0.44
0.50
0.38
0.61
0.42
0.45
0.41
0.44
0.49
0.44
0.50
0.36
0.40
0.46
0.48
0.18	95.22
0.16
0.16
0.17
0.17
0.17
0.17
0.19
0.16
0.19
0.16
0.15
0.15
0.15
0.14
0.14
0.20
0.21
0.20
4.12
0.21
0.20
0.19
1.31
3.28
0.19
0.20
0.19
3.30
0.21
0.20
0.20
CorWatt	PkgWatt
32.72	186.29
0.45	94.10
0.48
0.41
0.50
0.35
0.22
0.23
3.26
0.31
0.51
0.34
0.50
0.47
0.40
0.34
0.62
0.99
0.38
0.32
0.33
0.56
0.47
0.45
0.46
0.59
0.49
0.46
0.45
0.33
0.46
0.32
0.52
0.18	92.23
0.16
0.16
0.17
0.17
0.17
0.16
0.19
0.16
0.19
0.16
0.15
0.15
0.16
0.15
0.15
0.19
0.21
0.19
4.12
0.17
0.17
0.17
0.16
3.27
0.19
0.20
0.19
3.30
0.20
0.20
0.20
CorWatt	PkgWatt
31.31	184.85
0.60	97.33
0.56
0.55
0.49
0.35
0.22
0.23
3.36
0.50
0.40
0.54
0.41
0.38
0.58
0.40
0.58
1.31
0.35
0.30
0.29
0.59
0.53
0.55
0.44
3.35
0.25
0.23
0.24
0.48
0.49
0.48
0.36
0.16	87.62
0.16
0.16
0.16
0.16
0.16
0.16
0.16
0.15
0.18
0.15
0.15
0.14
0.15
0.14
0.14
0.19
0.20
0.19
2.63
0.16
0.17
0.17
0.16
0.16
0.15
0.15
0.15
3.36
0.20
0.20
0.20
CorWatt	PkgWatt
31.03	188.34
0.48	97.31
0.56
0.50
0.51
0.35
0.22
0.23
3.32
0.32
0.35
0.54
0.45
0.48
0.49
0.43
0.48
0.78
0.37
0.37
0.50
0.43
0.36
0.80
0.56
1.64
0.37
0.37
0.38
0.47
0.34
0.56
0.41
2.13	90.97
0.19
0.18
0.19
0.16
0.17
0.16
0.17
0.16
0.18
0.15
0.15
0.17
0.17
0.15
0.15
0.20
0.20
0.20
2.06
0.17
0.19
0.17
0.17
0.18
0.16
0.16
0.19
3.34
0.20
0.20
0.21
CorWatt	PkgWatt
30.57	184.25
0.57	97.27
0.62
0.48
0.49
0.35
0.22
0.23
3.34
0.23
3.10
0.22
0.23
0.51
0.57
0.45
0.56
0.45
0.43
0.54
0.55
0.39
0.32
0.28
1.32
0.47
0.56
0.53
0.47
0.37
0.51
0.51
0.41
3.34	86.88
0.20
0.20
0.20
0.16
0.16
0.16
0.16
0.15
0.18
0.15
0.15
0.15
0.15
0.14
0.14
0.20
0.20
0.20
2.05
0.16
0.16
0.16
0.16
0.15
0.15
0.15
0.15
0.15
0.14
0.14
0.15
CorWatt	PkgWatt
28.24	181.84
0.36	95.12
0.55
0.55
0.54
0.36
0.22
0.22
3.27
0.34
1.21
0.45
0.31
0.55
0.46
0.54
0.40
0.45
0.43
0.43
0.52
0.41
0.28
0.23
1.24
0.50
0.48
0.52
0.52
0.39
0.42
0.52
0.42
3.11	86.74
0.21
0.20
0.21
0.17
0.17
0.16
0.16
0.16
0.18
0.15
0.15
0.15
0.15
0.14
0.14
0.20
0.20
0.19
2.06
0.16
0.17
0.18
0.16
0.15
0.15
0.15
0.15
0.15
0.16
0.15
0.16
CorWatt	PkgWatt
28.24	181.99
0.51	94.33
0.52
0.44
0.49
0.35
0.22
0.23
3.23
0.34
0.33
0.56
0.31
0.45
0.47
0.57
0.43
0.36
0.44
0.46
0.57
0.37
0.29
0.25
1.20
0.45
0.43
0.47
0.54
0.44
0.39
0.52
0.47
3.29	87.72
0.20
0.20
0.20
0.18
0.17
0.16
0.16
0.16
0.18
0.15
0.15
0.15
0.15
0.15
0.16
0.20
0.20
0.19
2.86
0.16
0.17
0.17
0.16
0.15
0.15
0.15
0.16
0.15
0.15
0.15
0.15
CorWatt	PkgWatt
26.13	183.35
0.46	93.41
0.56
0.49
0.48
0.45
0.43
0.39
1.05
0.34
0.38
0.39
0.41
0.38
0.39
0.39
0.45
0.35
0.40
0.39
0.47
0.37
0.28
0.24
1.12
0.36
0.42
0.47
0.55
0.49
0.38
0.39
0.39
0.67	89.92
0.17
0.17
0.17
0.16
0.16
0.16
0.17
0.16
0.19
0.15
0.16
2.60
0.18
0.18
0.18
0.20
0.20
0.19
3.52
0.17
0.17
0.17
0.17
0.15
0.15
0.15
0.15
0.15
0.15
0.15
0.15
CorWatt	PkgWatt
25.16	179.07
0.49	91.21
0.50
0.50
0.49
0.47
0.39
0.52
0.41
0.38
0.49
0.37
0.37
0.54
0.47
0.38
0.33
0.37
0.43
0.38
0.41
0.36
0.27
0.23
1.00
0.37
0.41
0.47
0.51
0.39
0.45
0.38
0.41
0.16	87.89
0.17
0.17
0.17
0.18
0.17
0.17
0.18
0.16
0.19
0.16
0.16
4.01
0.20
0.20
0.20
0.19
0.20
0.18
1.99
0.19
0.19
0.18
0.19
0.16
0.16
0.15
0.16
0.15
0.17
0.16
0.15
CorWatt	PkgWatt
18.73	170.95
0.47	91.12
0.48
0.53
0.41
0.43
0.45
0.44
0.37
0.36
0.44
0.36
0.45
0.46
0.35
0.46
0.37
0.33
0.42
0.50
0.37
0.36
0.27
0.24
1.08
0.43
0.47
0.47
0.50
0.37
0.36
0.27
0.52
0.11	79.90
0.11
0.11
0.11
0.11
0.11
0.11
0.11
0.11
0.14
0.11
0.11
1.48
0.12
0.12
0.12
0.11
0.11
0.11
0.11
0.11
0.12
0.12
0.11
0.11
0.11
0.11
0.11
0.10
0.10
0.11
0.10
CorWatt	PkgWatt
16.29	170.98
0.57	92.59
0.39
0.36
0.53
0.39
0.40
0.51
0.44
0.40
0.47
0.39
0.32
0.48
0.45
0.42
0.33
0.47
0.45
0.41
0.40
0.37
0.26
0.23
1.02
0.45
0.42
0.52
0.39
0.41
0.35
0.34
0.34
0.08	78.32
0.08
0.09
0.08
0.08
0.08
0.09
0.09
0.08
0.11
0.08
0.08
0.07
0.07
0.07
0.07
0.08
0.08
0.08
0.09
0.08
0.09
0.09
0.08
0.08
0.08
0.08
0.08
0.07
0.07
0.07
0.07
CorWatt	PkgWatt
18.80	171.13
0.46	90.81
0.50
0.40
0.41
0.33
0.47
0.57
0.38
0.26
0.24
0.44
0.39
0.48
0.44
0.46
0.42
0.42
0.38
0.49
0.45
0.34
0.27
0.22
1.00
0.55
0.40
0.46
0.36
0.45
0.35
0.42
0.44
0.11	80.27
0.12
0.11
0.11
0.12
0.12
0.12
0.12
0.11
0.15
0.11
0.11
0.10
0.10
0.10
0.10
0.12
0.12
0.11
0.12
0.13
0.13
0.13
0.12
0.11
0.11
0.11
0.11
0.13
0.13
1.49
0.13
CorWatt	PkgWatt
24.28	177.80
0.49	90.84
0.47
0.44
0.54
0.51
0.44
0.47
0.43
0.36
0.33
0.36
0.38
0.46
0.42
0.51
0.42
0.38
0.34
0.46
0.44
0.33
0.27
0.25
1.02
0.38
0.49
0.37
0.43
0.39
0.40
0.45
0.39
2.21	86.94
0.18
0.18
0.17
0.16
0.16
0.16
0.16
0.15
0.19
0.15
0.15
0.15
0.14
0.15
0.14
0.16
0.16
0.16
0.16
0.16
0.16
0.16
0.16
0.15
0.15
0.15
0.15
0.19
1.06
2.49
0.20
CorWatt	PkgWatt
27.77	181.40
0.58	90.85
0.36
0.47
0.48
0.43
0.48
0.46
0.35
0.39
0.37
0.43
0.37
0.49
0.45
0.42
0.41
0.43
0.40
0.35
0.40
0.39
0.28
0.23
1.00
0.42
0.46
0.49
0.37
0.48
0.41
0.34
0.40
4.02	90.54
0.20
0.20
0.20
0.16
0.16
0.16
0.18
0.16
0.19
0.15
0.15
2.72
0.18
0.18
0.17
0.16
0.16
0.16
0.16
0.17
0.17
0.18
0.17
0.15
0.15
0.15
0.15
0.19
0.20
2.30
0.20
CorWatt	PkgWatt
32.61	190.13
0.50	95.32
0.48
0.45
0.44
0.37
0.39
0.55
0.54
0.45
0.42
0.35
0.39
0.45
0.42
0.44
0.55
0.34
0.53
0.42
0.49
2.69
0.26
0.24
0.53
0.45
0.53
0.46
0.48
0.29
0.64
0.35
0.41
0.97	94.80
0.17
0.17
0.17
0.16
0.16
0.16
0.17
0.17
0.19
0.16
0.16
4.09
0.20
0.20
0.19
0.19
0.19
0.19
2.60
0.17
0.20
0.18
0.18
0.15
0.17
0.15
0.16
0.19
0.20
3.70
0.20
CorWatt	PkgWatt
30.37	183.90
0.46	93.91
0.52
0.48
0.44
0.45
0.35
0.66
0.49
0.52
0.50
0.33
0.34
0.48
0.46
0.52
0.49
0.50
0.52
0.34
0.40
3.10
0.23
0.23
0.43
0.67
0.42
0.46
0.36
0.45
0.47
0.30
0.47
0.16	90.05
0.16
0.16
0.16
0.16
0.16
0.16
0.16
0.16
0.18
0.15
0.15
1.48
0.16
0.16
0.16
0.19
0.20
0.19
3.04
0.16
0.17
0.16
0.16
0.15
0.15
0.15
0.15
0.19
0.20
4.17
0.20
CorWatt	PkgWatt
23.80	177.67
0.46	91.51
0.43
0.35
0.59
0.49
0.39
0.37
0.50
0.46
0.32
0.46
0.32
0.41
0.39
0.30
0.55
0.53
0.47
0.42
0.35
0.76
0.24
0.23
0.91
0.47
0.47
0.54
0.44
0.36
0.51
0.35
0.34
0.16	86.13
0.16
0.16
0.16
0.16
0.16
0.16
0.16
0.16
0.19
0.15
0.15
0.15
0.14
0.15
0.14
0.17
0.16
0.16
0.59
0.16
0.17
0.16
0.16
0.15
0.15
0.15
0.15
0.19
0.21
4.15
0.20
CorWatt	PkgWatt
20.89	174.61
0.40	90.87
0.52
0.45
0.43
0.48
0.50
0.40
0.49
0.31
0.31
0.36
0.44
0.37
0.47
0.40
0.42
0.52
0.39
0.38
0.38
0.34
0.25
0.23
1.10
0.41
0.52
0.48
0.50
0.42
0.37
0.36
0.37
0.16	83.76
0.16
0.16
0.16
0.16
0.16
0.16
0.16
0.16
0.19
0.15
0.15
0.15
0.14
0.14
0.14
0.16
0.16
0.16
0.16
0.16
0.16
0.16
0.16
0.15
0.15
0.15
0.15
0.19
0.20
2.17
0.20
CorWatt	PkgWatt
26.76	180.42
0.54	90.92
0.47
0.47
0.50
0.29
0.60
0.46
0.41
0.44
0.30
0.30
0.45
0.47
0.48
0.40
0.37
0.49
0.44
0.38
0.29
0.39
0.29
0.23
1.01
0.39
0.51
0.41
0.44
0.52
0.36
0.37
0.37
3.21	89.50
0.20
0.19
0.19
0.16
0.16
0.16
0.16
0.16
0.19
0.15
0.15
2.74
0.18
0.18
0.18
0.16
0.16
0.16
0.16
0.16
0.17
0.16
0.16
0.15
0.15
0.15
0.15
0.19
0.20
2.10
0.20
CorWatt	PkgWatt
29.03	182.64
0.42	90.88
0.41
0.50
0.50
0.44
0.46
0.46
0.43
0.46
0.44
0.36
0.35
0.34
0.39
0.49
0.45
0.42
0.43
0.44
0.33
0.37
0.28
0.23
1.04
0.41
0.49
0.47
0.42
0.45
0.40
0.35
0.40
4.07	91.69
0.21
0.20
0.20
0.16
0.16
0.16
0.16
0.16
0.19
0.16
0.16
4.03
0.19
0.19
0.19
0.16
0.16
0.16
0.16
0.17
0.17
0.16
0.16
0.15
0.15
0.15
0.15
0.19
0.20
2.10
0.20
CorWatt	PkgWatt
32.78	186.38
0.45	94.39
0.66
0.38
0.43
0.51
0.48
0.43
0.52
0.49
0.45
0.39
0.34
0.42
0.48
0.50
0.49
0.34
0.55
0.35
0.45
3.52
0.24
0.23
0.50
0.58
0.44
0.44
0.42
0.57
0.36
0.42
0.42
1.00	91.98
0.17
0.17
0.17
0.16
0.16
0.16
0.17
0.16
0.19
0.16
0.16
4.03
0.19
0.20
0.19
0.19
0.20
0.19
3.46
0.16
0.17
0.16
0.16
0.15
0.15
0.15
0.15
0.19
0.20
2.20
0.20
CorWatt	PkgWatt
34.05	187.52
0.59	94.81
0.47
0.42
0.51
0.49
0.43
0.51
0.51
0.42
0.36
0.40
0.54
0.49
0.39
0.48
0.39
0.53
0.41
0.46
0.41
4.04
0.23
0.23
0.43
0.60
0.51
0.45
0.43
0.42
0.40
0.35
0.50
0.16	92.74
0.16
0.16
0.16
0.16
0.16
0.16
0.16
0.16
0.19
0.16
0.16
4.04
0.20
0.20
0.19
0.20
0.21
0.19
4.00
0.16
0.17
0.16
0.16
0.15
0.15
0.15
0.15
0.19
0.20
3.22
0.20
CorWatt	PkgWatt
27.59	181.42
0.46	91.55
0.40
0.52
0.46
0.46
0.56
0.49
0.38
0.35
0.30
0.42
0.38
0.40
0.48
0.57
0.36
0.40
0.37
0.38
0.42
0.84
0.26
0.23
0.96
0.54
0.41
0.48
0.46
0.37
0.42
0.43
0.40
0.16	89.86
0.16
0.16
0.16
0.16
0.16
0.16
0.17
0.17
0.19
0.16
0.16
4.05
0.19
0.20
0.19
0.16
0.16
0.16
0.67
0.17
0.17
0.16
0.16
0.15
0.15
0.15
0.15
0.19
0.19
3.62
0.19
CorWatt	PkgWatt
26.52	180.41
0.47	91.16
0.43
0.51
0.47
0.44
0.48
0.44
0.44
0.37
0.51
0.33
0.36
0.41
0.38
0.45
0.40
0.39
0.30
0.48
0.50
0.35
0.26
0.23
1.07
0.59
0.44
0.37
0.38
0.45
0.35
0.41
0.41
2.82	89.32
0.19
0.19
0.19
0.17
0.17
0.17
0.18
0.17
0.19
0.16
0.16
3.65
0.19
0.20
0.19
0.16
0.16
0.16
0.18
0.16
0.17
0.16
0.16
0.15
0.15
0.15
0.16
0.17
0.17
1.21
0.18
CorWatt	PkgWatt
26.16	180.12
0.48	91.21
0.50
0.39
0.48
0.51
0.44
0.51
0.46
0.36
0.38
0.44
0.38
0.44
0.44
0.43
0.46
0.44
0.35
0.42
0.44
0.36
0.27
0.24
1.05
0.42
0.42
0.32
0.53
0.37
0.51
0.32
0.37
3.53	88.85
0.21
0.20
0.20
0.17
0.17
0.18
0.18
0.17
0.19
0.16
0.16
3.55
0.20
0.20
0.19
0.16
0.16
0.16
0.18
0.17
0.18
0.16
0.17
0.16
0.16
0.16
0.17
0.15
0.15
0.15
0.15
CorWatt	PkgWatt
31.37	185.04
0.48	93.80
0.51
0.51
0.49
0.53
0.50
0.50
0.47
0.39
0.44
0.38
0.39
0.50
0.49
0.43
0.45
0.40
0.50
0.41
0.38
2.99
0.35
0.23
0.52
0.57
0.41
0.46
0.46
0.31
0.52
0.35
0.45
3.39	91.27
0.20
0.20
0.20
0.16
0.16
0.16
0.16
0.16
0.19
0.16
0.16
3.41
0.20
0.19
0.19
0.19
0.20
0.19
2.89
0.16
0.17
0.16
0.16
0.15
0.15
0.15
0.15
0.15
0.15
0.15
0.15
CorWatt	PkgWatt
34.23	187.72
0.55	94.08
0.43
0.46
0.48
0.46
0.50
0.54
0.42
0.44
0.35
0.52
0.32
0.43
0.53
0.52
0.42
0.37
0.51
0.51
0.36
3.38
0.31
0.23
0.43
0.54
0.45
0.45
0.53
0.48
0.38
0.43
0.38
3.37	93.57
0.20
0.20
0.20
0.18
0.17
0.17
0.19
0.16
0.19
0.16
0.16
3.40
0.20
0.19
0.19
0.20
0.20
0.19
3.30
0.20
2.10
0.19
0.19
0.15
0.15
0.15
0.15
0.17
0.15
0.15
0.15
CorWatt	PkgWatt
34.61	188.00
0.56	94.10
0.46
0.48
0.52
0.45
0.50
0.44
0.53
0.32
0.28
0.66
0.37
0.47
0.47
0.55
0.46
0.38
0.41
0.52
0.48
3.37
0.24
0.23
0.43
0.45
0.44
0.55
0.49
0.42
0.43
0.44
0.39
3.35	93.93
0.20
0.20
0.20
0.16
0.16
0.16
0.16
0.16
0.19
0.16
0.16
3.38
0.19
0.19
0.19
0.20
0.20
0.19
3.30
0.21
2.49
0.21
0.21
0.15
0.15
0.15
0.15
0.15
0.15
0.15
0.15
CorWatt	PkgWatt
27.09	182.18
0.21	86.61
0.23
0.21
0.22
0.22
0.20
0.23
0.21
0.18
0.21
0.19
0.18
0.21
0.20
0.18
0.19
0.20
0.19
0.23
0.20
3.29
0.25
0.24
0.25
0.22
0.22
0.21
0.21
0.21
0.20
0.19
0.21
3.36	95.59
0.21
0.20
0.20
0.16
0.16
0.16
0.16
0.16
0.17
0.15
0.15
3.39
0.20
0.20
0.19
0.20
0.21
0.19
3.29
0.21
2.33
0.21
0.21
0.15
0.15
0.15
0.15
0.15
0.15
0.15
0.15
CorWatt	PkgWatt
27.36	182.23
0.18	85.00
0.17
0.18
0.17
0.16
0.16
0.17
0.17
0.15
0.15
0.14
0.14
0.15
0.14
0.14
0.14
0.16
0.16
0.17
0.17
3.27
0.22
0.22
0.21
0.16
0.16
0.16
0.17
0.15
0.15
0.16
0.15
3.37	97.21
0.20
0.20
0.20
0.16
0.16
0.16
0.16
0.15
0.16
0.15
0.15
3.39
0.19
0.19
0.19
0.19
0.20
0.19
3.31
0.21
4.13
0.21
0.21
0.15
0.15
0.15
0.15
0.14
0.15
0.15
0.15
CorWatt	PkgWatt
27.37	180.20
0.18	84.71
0.17
0.17
0.17
0.17
0.16
0.16
0.16
0.14
0.15
0.14
0.15
0.14
0.14
0.14
0.14
0.18
0.17
0.17
0.17
3.27
0.21
0.21
0.21
0.16
0.16
0.16
0.16
0.15
0.15
0.15
0.15
3.37	95.48
0.20
0.20
0.20
0.16
0.16
0.16
0.16
0.15
0.16
0.15
0.15
3.39
0.19
0.19
0.19
0.20
0.21
0.19
3.31
0.21
4.21
0.21
0.21
0.15
0.15
0.15
0.15
0.14
0.14
0.14
0.14
CorWatt	PkgWatt
34.97	188.32
0.43	92.99
0.49
0.46
0.47
0.26
1.11
0.30
0.30
0.27
0.49
0.42
0.34
0.36
0.53
0.47
0.42
0.39
0.42
0.34
0.46
3.37
0.23
0.24
0.23
0.46
0.45
0.46
0.41
0.43
0.36
0.37
0.34
3.36	95.40
0.21
0.20
0.20
0.17
0.18
0.17
0.17
0.16
0.19
0.16
0.16
3.39
0.20
0.19
0.20
0.20
0.21
0.19
3.31
0.21
3.81
0.21
0.21
0.15
0.15
0.15
0.15
0.15
0.15
0.15
0.17
CorWatt	PkgWatt
34.21	187.77
0.44	94.12
0.51
0.48
0.41
0.35
1.16
0.38
0.31
0.34
0.49
0.34
0.48
0.49
0.57
0.44
0.40
0.34
0.33
0.55
0.50
3.38
0.23
0.23
0.22
0.53
0.51
0.49
0.52
0.46
0.37
0.42
0.44
3.36	93.56
0.21
0.20
0.20
0.16
0.16
0.16
0.16
0.19
0.17
0.16
0.16
3.39
0.19
0.19
0.19
0.20
0.21
0.19
3.30
0.21
2.12
0.21
0.21
0.15
0.15
0.15
0.15
0.14
0.14
0.15
0.15
CorWatt	PkgWatt
34.20	187.62
0.42	94.03
0.51
0.48
0.52
0.43
0.61
0.60
0.44
0.36
0.37
0.55
0.38
0.35
0.30
0.87
0.45
0.43
0.37
0.50
0.56
3.38
0.23
0.23
0.22
0.39
0.67
0.36
0.53
0.53
0.32
0.34
0.42
3.36	93.67
0.21
0.20
0.20
0.16
0.16
0.16
0.16
0.19
0.16
0.16
0.16
3.38
0.19
0.19
0.19
0.20
0.21
0.19
3.30
0.21
2.12
0.21
0.21
0.15
0.15
0.15
0.15
0.15
0.15
0.15
0.16
CorWatt	PkgWatt
33.70	187.40
0.50	94.02
0.41
0.43
0.63
0.46
0.44
0.45
0.59
0.36
0.37
0.42
0.47
0.33
0.22
1.19
0.35
0.42
0.40
0.41
0.51
3.25
0.22
0.23
0.22
0.48
0.46
0.50
0.51
0.36
0.35
0.46
0.43
3.26	93.33
0.20
0.20
0.20
0.17
0.17
0.19
0.17
0.19
0.16
0.16
0.16
3.31
0.20
0.19
0.19
0.20
0.21
0.19
3.22
0.21
2.12
0.21
0.21
0.15
0.15
0.15
0.15
0.14
0.14
0.15
0.15
CorWatt	PkgWatt
34.01	187.56
0.47	94.02
0.40
0.40
0.58
0.50
0.40
0.58
0.41
0.36
0.48
0.37
0.47
0.42
0.48
0.40
0.52
0.29
0.26
1.18
0.35
3.24
0.23
0.22
0.22
0.56
0.49
0.46
0.50
0.41
0.47
0.45
0.40
3.26	93.58
0.20
0.20
0.20
0.16
0.16
0.17
0.16
0.19
0.16
0.16
0.16
3.30
0.20
0.19
0.19
0.20
0.21
0.19
3.21
0.21
2.33
0.21
0.21
0.15
0.15
0.15
0.15
0.15
0.15
0.15
0.16
CorWatt	PkgWatt
35.34	188.78
0.42	93.90
0.59
0.44
0.45
0.57
0.45
0.45
0.44
0.40
0.42
0.42
0.45
0.51
0.42
0.47
0.45
0.30
0.34
1.08
0.39
3.25
0.23
0.23
0.22
0.50
0.39
0.60
0.39
0.44
0.43
0.43
0.39
3.27	94.90
0.21
0.20
0.20
0.19
0.19
0.17
0.19
0.19
0.16
0.16
0.19
3.31
0.20
0.19
0.19
0.20
0.21
0.20
3.21
0.21
3.42
0.21
0.21
0.16
0.16
0.16
0.18
0.15
0.15
0.15
0.18
CorWatt	PkgWatt
35.32	188.90
0.38	94.07
0.48
0.40
0.63
0.45
0.36
0.47
0.53
0.45
0.41
0.35
0.47
0.47
0.58
0.48
0.39
0.30
0.32
1.17
0.36
3.25
0.23
0.22
0.22
0.49
0.45
0.53
0.41
0.41
0.49
0.37
0.50
3.25	94.78
0.20
0.20
0.20
0.16
0.16
0.16
0.16
0.19
0.16
0.16
0.16
3.30
0.19
0.19
0.19
0.20
0.21
0.19
3.21
0.22
3.61
0.21
0.21
0.15
0.15
0.15
0.15
0.15
0.15
0.15
0.16
CorWatt	PkgWatt
32.70	190.11
0.43	96.20
0.52
0.41
0.52
0.42
0.35
0.44
0.54
0.39
0.46
0.39
0.45
0.38
0.58
0.53
0.42
0.34
0.27
1.26
0.34
3.37
0.23
0.23
0.22
0.51
0.55
0.49
0.47
0.32
0.54
0.35
0.50
3.35	93.96
0.21
0.20
0.21
0.16
0.17
0.17
0.17
0.20
0.16
0.16
0.16
3.39
0.20
0.19
0.19
0.21
0.21
0.19
3.29
0.18
0.44
0.20
0.19
0.16
0.16
0.16
0.18
0.15
0.15
0.15
0.17
CorWatt	PkgWatt
32.44	187.97
0.43	94.33
0.44
0.49
0.47
0.56
0.46
0.54
0.45
0.47
0.37
0.37
0.55
0.45
0.48
0.45
0.48
0.35
0.26
1.15
0.36
3.38
0.23
0.23
0.22
0.43
0.43
0.47
0.53
0.34
0.52
0.49
0.34
3.36	93.66
0.22
0.20
0.21
0.17
0.17
0.18
0.19
0.19
0.16
0.16
0.16
3.39
0.20
0.19
0.19
0.21
0.21
0.19
3.32
0.18
0.18
0.17
0.19
0.16
0.16
0.16
0.18
0.15
0.16
0.15
0.16
CorWatt	PkgWatt
32.28	186.02
0.39	94.19
0.62
0.44
0.51
0.42
0.41
0.65
0.42
0.42
0.41
0.42
0.49
0.44
0.51
0.38
0.50
0.35
0.31
1.18
0.39
3.38
0.23
0.23
0.22
0.53
0.44
0.55
0.44
0.46
0.40
0.32
0.30
3.36	91.77
0.21
0.20
0.20
0.16
0.16
0.16
0.17
0.19
0.16
0.16
0.16
3.39
0.20
0.19
0.19
0.20
0.21
0.20
3.32
0.17
0.17
0.17
0.17
0.17
0.16
0.16
0.16
0.15
0.15
0.15
0.15
CorWatt	PkgWatt
34.94	188.40
0.62	94.02
0.52
0.46
0.45
0.46
0.47
0.47
0.42
0.50
0.44
0.31
0.45
0.38
1.05
0.34
0.28
0.37
0.46
0.62
0.41
3.38
0.23
0.22
0.22
0.46
0.51
0.43
0.46
0.30
0.49
0.41
0.42
3.36	94.35
0.21
0.20
0.20
2.70
0.20
0.20
0.20
0.20
0.16
0.16
0.17
3.38
0.19
0.19
0.19
0.20
0.21
0.19
3.32
0.18
0.18
0.17
0.20
0.19
0.18
0.16
0.18
0.15
0.15
0.15
0.17
CorWatt	PkgWatt
35.02	195.58
0.56	100.46
0.62
0.47
0.57
2.84
0.29
0.31
0.27
0.54
0.47
0.43
0.51
0.27
1.36
0.29
0.28
0.46
0.50
0.55
0.41
3.41
0.24
0.24
0.23
0.54
0.55
0.55
0.44
0.47
0.48
0.47
0.43
0.58	95.22
0.18
0.20
0.19
2.35
0.22
0.21
0.21
0.18
0.18
0.16
0.16
3.41
0.20
0.19
0.20
0.21
0.21
0.21
3.35
0.18
0.18
0.18
0.18
0.17
0.17
0.17
0.18
0.21
0.21
0.19
0.19
CorWatt	PkgWatt
34.62	188.15
0.52	96.97
0.59
0.50
0.48
3.16
0.36
0.23
0.22
0.46
0.46
0.40
0.69
0.37
0.37
0.90
0.42
0.37
0.40
0.29
0.99
3.40
0.23
0.23
0.22
0.63
0.46
0.50
0.49
0.45
0.47
0.42
0.45
0.16	91.11
0.16
0.16
0.16
2.68
0.21
0.21
0.21
0.16
0.18
0.16
0.16
3.41
0.19
0.19
0.19
0.20
0.21
0.20
3.34
0.17
0.17
0.17
0.17
0.15
0.16
0.15
0.15
0.16
0.16
0.17
0.16
CorWatt	PkgWatt
36.35	190.00
0.50	97.26
0.54
0.63
0.51
3.17
0.36
0.23
0.23
0.54
0.45
0.53
0.40
0.58
0.48
0.57
0.45
0.35
0.28
0.24
1.28
3.41
0.23
0.22
0.22
0.48
0.53
0.50
0.54
0.54
0.55
0.39
0.35
0.17	92.70
0.17
0.16
0.17
4.23
0.21
0.21
0.21
0.16
0.18
0.18
0.16
3.41
0.20
0.19
0.19
0.20
0.21
0.20
3.33
0.17
0.17
0.17
0.17
0.15
0.16
0.15
0.15
0.15
0.16
0.15
0.16
CorWatt	PkgWatt
36.09	189.59
0.44	97.10
0.53
0.48
0.59
3.18
0.36
0.23
0.22
0.48
0.57
0.43
0.46
0.59
0.43
0.64
0.37
0.35
0.27
0.25
1.26
3.41
0.23
0.23
0.22
0.60
0.48
0.48
0.55
0.33
0.56
0.47
0.45
0.16	92.56
0.16
0.16
0.16
4.22
0.21
0.21
0.21
0.16
0.16
0.19
0.16
3.42
0.20
0.19
0.19
0.20
0.21
0.19
3.32
0.17
0.17
0.17
0.17
0.15
0.16
0.15
0.15
0.15
0.15
0.15
0.16
CorWatt	PkgWatt
35.33	188.79
0.55	96.95
0.70
0.43
0.48
3.18
0.36
0.23
0.22
0.42
0.51
0.52
0.42
0.47
0.47
0.60
0.49
0.33
0.30
0.25
1.27
3.41
0.23
0.22
0.22
0.44
0.65
0.54
0.44
0.59
0.40
0.43
0.38
0.17	91.79
0.16
0.16
0.16
3.37
0.21
0.21
0.21
0.17
0.18
0.19
0.16
3.41
0.20
0.19
0.19
0.20
0.21
0.19
3.33
0.17
0.17
0.17
0.17
0.15
0.15
0.15
0.15
0.16
0.16
0.15
0.16
CorWatt	PkgWatt
34.02	187.61
0.44	97.05
0.51
0.44
0.64
3.18
0.35
0.23
0.22
0.39
0.55
0.49
0.47
0.51
0.67
0.44
0.45
0.32
0.28
0.25
1.32
3.42
0.23
0.22
0.22
0.42
0.52
0.68
0.42
0.39
0.67
0.44
0.37
0.18	90.58
0.16
0.16
0.16
2.12
0.21
0.21
0.21
0.18
0.16
0.17
0.16
3.42
0.19
0.19
0.19
0.20
0.20
0.19
3.33
0.17
0.17
0.17
0.17
0.15
0.15
0.15
0.15
0.15
0.15
0.15
0.16
CorWatt	PkgWatt
31.39	188.62
0.60	98.84
0.45
0.54
0.52
3.13
0.36
0.23
0.23
0.45
0.40
0.54
0.54
0.44
0.58
0.55
0.40
0.35
0.27
0.25
1.28
3.31
0.23
0.23
0.22
0.63
0.55
0.49
0.52
0.48
0.43
0.46
0.43
0.16	89.81
0.17
0.16
0.17
2.11
0.21
0.21
0.21
0.17
0.18
0.16
0.16
0.91
0.18
0.18
0.16
0.20
0.21
0.20
3.26
0.17
0.17
0.17
0.19
0.16
0.16
0.16
0.18
0.15
0.16
0.15
0.15
CorWatt	PkgWatt
30.32	184.09
0.61	97.00
0.42
0.65
0.40
3.14
0.34
0.23
0.22
0.48
0.47
0.42
0.54
0.52
0.49
0.55
0.45
0.34
0.28
0.24
1.25
3.36
0.23
0.22
0.22
0.45
0.37
0.70
0.52
0.55
0.39
0.45
0.43
0.16	87.08
0.17
0.16
0.16
2.10
0.20
0.21
0.20
0.16
0.19
0.16
0.15
0.14
0.15
0.14
0.14
0.20
0.21
0.19
3.26
0.17
0.17
0.17
0.19
0.16
0.16
0.16
0.17
0.15
0.15
0.15
0.15
CorWatt	PkgWatt
30.77	184.28
0.53	97.13
0.67
0.50
0.45
3.18
0.36
0.23
0.22
0.61
0.48
0.39
0.48
0.42
0.47
0.57
0.49
0.33
0.28
0.24
1.27
3.41
0.23
0.23
0.22
0.46
0.58
0.50
0.55
0.57
0.44
0.39
0.40
0.16	87.21
0.16
0.16
0.16
2.44
0.20
0.21
0.20
0.16
0.19
0.15
0.15
0.14
0.15
0.14
0.14
0.19
0.21
0.19
3.28
0.17
0.17
0.16
0.18
0.15
0.15
0.15
0.15
0.14
0.15
0.15
0.15
CorWatt	PkgWatt
31.99	187.37
0.66	97.10
0.56
0.47
0.41
3.18
0.36
0.23
0.22
0.42
0.50
0.52
0.43
0.43
0.39
0.51
0.59
0.34
0.26
0.25
1.31
3.41
0.23
0.22
0.22
0.54
0.47
0.66
0.50
0.46
0.37
0.52
0.49
0.16	90.21
0.16
0.16
0.16
3.56
0.20
0.21
0.20
0.16
0.18
0.15
0.15
0.15
0.15
0.16
0.15
0.20
0.20
0.19
3.29
0.17
0.18
0.18
0.17
0.15
0.15
0.15
0.15
0.15
0.16
0.17
0.17
CorWatt	PkgWatt
31.52	185.02
0.52	97.11
0.53
0.46
0.59
3.17
0.36
0.23
0.22
0.39
0.45
0.60
0.43
0.50
0.34
0.54
0.63
0.35
0.29
0.25
1.24
3.41
0.23
0.23
0.22
0.65
0.49
0.47
0.49
0.47
0.48
0.46
0.52
0.16	87.94
0.16
0.16
0.16
3.10
0.21
0.21
0.20
0.15
0.18
0.15
0.15
0.15
0.15
0.15
0.16
0.20
0.21
0.20
3.28
0.16
0.17
0.16
0.17
0.15
0.15
0.15
0.15
0.14
0.15
0.14
0.15
CorWatt	PkgWatt
25.62	180.96
0.59	94.76
0.48
0.49
0.45
0.75
0.38
0.52
0.55
0.42
0.36
0.38
0.51
0.50
0.33
0.43
0.41
0.35
0.29
0.26
1.21
3.36
0.25
0.23
0.22
0.45
0.47
0.61
0.47
0.54
0.50
0.44
0.41
0.15	86.23
0.16
0.15
0.16
0.16
0.15
0.16
0.15
0.15
0.18
0.15
0.15
0.14
0.15
0.14
0.15
0.20
0.21
0.19
3.19
0.17
0.16
0.16
0.16
0.15
0.14
0.15
0.15
0.14
0.15
0.14
0.15
CorWatt	PkgWatt
24.86	178.51
0.56	94.19
0.43
0.47
0.44
0.46
0.47
0.44
0.47
0.44
0.58
0.35
0.44
0.42
0.37
0.52
0.49
0.35
0.25
0.24
1.14
3.38
0.25
0.23
0.22
0.43
0.48
0.49
0.46
0.34
0.57
0.40
0.44
0.15	84.26
0.15
0.15
0.15
0.15
0.15
0.15
0.15
0.15
0.18
0.14
0.14
0.14
0.14
0.13
0.14
0.19
0.20
0.19
3.20
0.16
0.16
0.15
0.15
0.14
0.14
0.14
0.14
0.13
0.13
0.13
0.13
CorWatt	PkgWatt
21.99	178.68
0.41	92.87
0.46
0.36
0.41
0.35
0.50
0.42
0.40
0.34
0.53
0.33
0.40
0.49
0.43
0.45
0.50
0.34
0.25
0.25
1.04
0.58
0.42
0.45
0.42
0.41
0.49
0.49
0.46
0.36
0.53
0.33
0.39
0.14	85.82
0.14
0.14
0.15
0.15
0.14
0.15
0.15
0.14
0.17
0.14
0.14
0.14
0.13
0.13
0.14
0.16
0.15
0.14
0.22
0.52
0.15
0.15
0.15
0.13
0.14
0.14
0.14
0.17
0.17
3.04
0.17
CorWatt	PkgWatt
25.86	179.69
0.47	91.28
0.39
0.37
0.56
0.40
0.40
0.38
0.44
0.36
0.55
0.44
0.47
0.42
0.38
0.42
0.42
0.34
0.27
0.26
0.98
0.42
0.50
0.49
0.47
0.38
0.40
0.43
0.52
0.45
0.35
0.42
0.44
0.17	88.40
0.16
0.16
0.17
0.16
0.16
0.16
0.16
0.16
0.19
0.15
0.15
0.15
0.15
0.15
0.14
0.16
0.16
0.16
0.16
2.83
0.21
0.21
0.21
0.16
0.16
0.16
0.16
0.20
0.20
3.98
0.20
CorWatt	PkgWatt
21.88	175.58
0.41	90.99
0.52
0.30
0.54
0.52
0.41
0.37
0.39
0.34
0.47
0.38
0.41
0.42
0.37
0.46
0.42
0.34
0.26
0.23
1.02
0.56
0.55
0.41
0.43
0.47
0.42
0.42
0.40
0.31
0.50
0.31
0.45
0.15	84.63
0.15
0.15
0.16
0.16
0.16
0.16
0.16
0.15
0.19
0.15
0.15
0.14
0.14
0.14
0.14
0.16
0.16
0.15
0.15
2.28
0.21
0.21
0.21
0.15
0.15
0.15
0.15
0.16
0.16
1.02
0.17
CorWatt	PkgWatt
21.63	178.83
0.47	92.63
0.46
0.35
0.47
0.46
0.40
0.46
0.51
0.42
0.43
0.44
0.42
0.39
0.36
0.37
0.45
0.36
0.25
0.25
0.95
0.45
0.56
0.42
0.42
0.47
0.47
0.36
0.28
0.32
0.51
0.38
0.40
0.15	86.20
0.15
0.15
0.15
0.16
0.15
0.15
0.16
0.16
0.19
0.15
0.15
0.14
0.15
0.14
0.15
0.16
0.16
0.15
0.16
3.05
0.21
0.21
0.21
0.15
0.15
0.15
0.15
0.14
0.14
0.14
0.14
CorWatt	PkgWatt
22.65	176.95
0.65	91.11
0.42
0.46
0.36
0.35
0.31
0.50
0.39
0.35
0.44
0.39
0.47
0.42
0.32
0.47
0.38
0.36
0.27
0.24
0.99
0.41
0.31
0.48
0.53
0.40
0.53
0.37
0.41
0.51
0.41
0.36
0.38
0.16	85.85
0.16
0.16
0.16
0.16
0.15
0.15
0.16
0.15
0.19
0.15
0.15
0.14
0.14
0.14
0.14
0.15
0.16
0.15
0.15
4.12
0.21
0.21
0.21
0.15
0.15
0.15
0.15
0.14
0.15
0.15
0.15
CorWatt	PkgWatt
26.44	182.64
3.67	95.81
0.39
0.25
0.25
0.53
0.50
0.44
0.45
0.45
0.45
0.42
0.48
0.45
0.33
0.41
0.53
0.39
0.29
0.27
1.15
0.46
0.42
0.42
0.59
0.50
0.44
0.48
0.42
0.35
0.54
0.34
0.38
0.15	86.80
0.15
0.15
0.15
0.16
0.15
0.15
0.16
0.15
0.19
0.15
0.15
0.14
0.14
0.14
0.14
0.15
0.15
0.15
0.15
4.12
0.21
0.21
0.21
0.15
0.15
0.15
0.15
0.14
0.14
0.14
0.15
CorWatt	PkgWatt
28.66	182.17
4.01	94.63
0.38
0.24
0.23
0.51
0.45
0.40
0.57
0.48
0.38
0.47
0.36
0.43
0.52
0.45
0.49
0.35
0.29
0.26
1.11
0.50
0.44
0.42
0.46
0.38
0.40
0.53
0.51
0.38
0.49
0.37
0.48
0.15	87.50
0.15
0.15
0.15
0.16
0.16
0.16
0.16
0.16
0.18
0.15
0.15
0.14
0.14
0.14
0.14
0.16
0.16
0.15
0.16
2.88
0.21
0.21
0.21
0.15
0.15
0.15
0.15
0.18
0.18
3.19
0.19
CorWatt	PkgWatt
31.97	185.54
0.74	94.75
0.35
0.48
0.44
0.41
0.37
0.52
0.53
0.40
0.64
0.44
0.39
0.41
0.36
0.61
0.53
0.43
0.35
0.28
1.11
0.57
0.41
0.46
0.48
0.25
0.26
0.26
3.22
0.44
0.41
0.35
0.63
0.16	90.91
0.16
0.16
0.16
0.18
0.17
0.17
0.17
0.16
0.19
0.16
0.16
0.20
0.24
0.20
3.11
0.16
0.16
0.16
0.16
2.14
0.21
0.21
0.21
0.16
0.16
0.15
0.15
0.19
0.20
4.05
0.20
CorWatt	PkgWatt
28.19	182.35
0.51	94.24
0.43
0.45
0.55
0.40
0.49
0.46
0.53
0.53
0.39
0.40
0.41
0.44
0.48
0.54
0.37
0.40
0.29
0.24
1.16
0.50
0.41
0.47
0.43
0.22
0.22
0.21
3.26
0.41
0.43
0.56
0.36
0.16	88.00
0.16
0.16
0.16
0.17
0.22
0.18
0.17
0.16
0.19
0.16
0.16
0.19
0.20
0.19
3.15
0.16
0.16
0.16
0.16
2.14
0.21
0.21
0.21
0.15
0.15
0.15
0.15
0.16
0.17
0.97
0.16
CorWatt	PkgWatt
20.88	176.50
0.56	91.13
0.44
0.48
0.44
0.38
0.48
0.33
0.47
0.39
0.46
0.41
0.27
0.32
0.39
0.45
0.45
0.38
0.28
0.28
1.00
0.44
0.51
0.45
0.43
0.44
0.39
0.33
0.57
0.48
0.37
0.37
0.36
0.15	85.39
0.17
0.15
0.16
0.16
0.16
0.16
0.16
0.16
0.19
0.15
0.15
0.15
0.15
0.14
0.18
0.16
0.16
0.15
0.16
2.10
0.21
0.21
0.21
0.15
0.15
0.15
0.15
0.14
0.15
0.14
0.14
CorWatt	PkgWatt
21.39	174.96
0.51	90.89
0.36
0.54
0.41
0.41
0.52
0.36
0.42
0.38
0.43
0.43
0.45
0.42
0.31
0.31
0.50
0.37
0.26
0.25
1.02
0.44
0.50
0.45
0.47
0.37
0.46
0.38
0.48
0.35
0.40
0.41
0.44
0.15	84.13
0.15
0.15
0.16
0.15
0.15
0.15
0.15
0.16
0.19
0.15
0.15
0.14
0.14
0.14
0.14
0.15
0.15
0.15
0.15
2.75
0.21
0.21
0.21
0.15
0.15
0.14
0.14
0.14
0.15
0.15
0.15
CorWatt	PkgWatt
28.75	182.23
3.59	94.13
0.37
0.28
0.29
0.43
0.36
0.46
0.46
0.44
0.48
0.39
0.41
0.37
0.57
0.37
0.42
0.39
0.29
0.27
1.11
0.51
0.35
0.46
0.46
0.51
0.55
0.41
0.44
0.46
0.40
0.45
0.46
0.15	88.00
0.15
0.15
0.15
0.16
0.16
0.16
0.16
0.15
0.18
0.15
0.15
0.14
0.14
0.14
0.14
0.16
0.16
0.16
0.16
3.60
0.21
0.21
0.21
0.15
0.15
0.15
0.15
0.18
0.18
3.10
0.18
CorWatt	PkgWatt
29.24	182.66
4.05	94.83
0.38
0.24
0.31
0.43
0.40
0.41
0.56
0.39
0.55
0.38
0.41
0.43
0.45
0.38
0.51
0.39
0.28
0.28
1.15
0.42
0.49
0.44
0.48
0.50
0.42
0.54
0.55
0.50
0.40
0.38
0.34
0.18	87.93
0.16
0.16
0.16
0.16
0.17
0.16
0.16
0.16
0.19
0.15
0.15
0.15
0.15
0.14
0.15
0.16
0.16
0.16
0.16
2.38
0.22
0.21
0.20
0.16
0.16
0.15
0.17
0.19
0.20
3.98
0.20
CorWatt	PkgWatt
31.95	185.82
0.99	96.10
0.39
0.47
0.37
0.49
0.44
0.38
0.57
0.39
0.45
0.42
0.57
0.39
0.37
0.52
0.55
1.03
0.35
0.28
0.50
0.48
0.47
0.56
0.38
0.23
0.23
0.24
4.55
0.49
0.40
0.45
0.40
0.16	89.63
0.17
0.17
0.17
0.16
0.16
0.16
0.16
0.19
0.17
0.16
0.16
0.19
0.20
0.20
4.00
0.16
0.16
0.16
0.16
0.17
0.17
0.16
0.17
0.16
0.16
0.16
0.17
0.19
0.20
4.03
0.20
CorWatt	PkgWatt
31.50	185.35
0.47	95.68
0.46
0.37
0.62
0.50
0.41
0.52
0.49
0.46
0.44
0.43
0.48
0.46
0.47
0.35
0.46
1.14
0.39
0.32
0.25
0.57
0.47
0.49
0.36
0.22
0.22
0.22
4.63
0.41
0.49
0.44
0.41
0.16	89.76
0.16
0.16
0.16
0.16
0.16
0.16
0.16
0.19
0.16
0.16
0.16
0.19
0.20
0.19
4.06
0.16
0.16
0.16
0.16
0.17
0.17
0.16
0.16
0.15
0.15
0.15
0.15
0.19
0.19
4.02
0.20
CorWatt	PkgWatt
24.00	179.60
0.59	91.17
0.43
0.41
0.44
0.38
0.49
0.50
0.46
0.49
0.45
0.34
0.42
0.40
0.34
0.46
0.41
0.97
0.37
0.30
0.23
0.40
0.38
0.45
0.50
0.44
0.40
0.36
0.46
0.41
0.45
0.36
0.39
0.16	88.43
0.16
0.15
0.15
0.16
0.16
0.16
0.16
0.21
1.14
0.17
0.17
0.15
0.15
0.14
0.18
0.16
0.16
0.16
0.16
0.17
0.17
0.18
0.17
0.17
0.16
0.16
0.17
0.20
0.20
3.98
0.20
CorWatt	PkgWatt
27.71	181.35
3.05	93.65
0.36
0.29
0.26
0.45
0.39
0.49
0.51
0.46
0.59
0.39
0.41
0.33
0.49
0.45
0.37
1.15
0.36
0.28
0.24
0.61
0.31
0.44
0.37
0.50
0.58
0.45
0.46
0.42
0.43
0.46
0.36
0.16	87.62
0.16
0.15
0.16
0.16
0.16
0.16
0.16
0.23
2.68
0.19
0.19
0.14
0.14
0.14
0.14
0.16
0.16
0.16
0.16
0.16
0.16
0.16
0.16
0.15
0.15
0.15
0.15
0.19
0.19
3.42
0.20
CorWatt	PkgWatt
27.86	185.28
3.34	96.17
0.38
0.24
0.23
0.45
0.40
0.46
0.58
0.45
0.46
0.49
0.36
0.42
0.40
0.38
0.57
1.15
0.36
0.29
0.26
0.54
0.37
0.48
0.49
0.50
0.52
0.44
0.46
0.41
0.34
0.55
0.39
0.16	89.13
0.16
0.16
0.16
0.16
0.16
0.16
0.16
0.24
2.30
0.20
0.19
0.15
0.15
0.14
0.15
0.16
0.17
0.16
0.16
0.17
0.17
0.17
0.16
0.16
0.16
0.15
0.15
0.20
0.20
3.36
0.20
CorWatt	PkgWatt
35.46	189.08
3.26	97.55
0.38
0.24
0.23
0.48
0.54
0.42
0.58
0.49
0.57
0.48
0.43
0.68
0.44
0.34
0.49
1.30
0.36
0.31
0.24
0.51
0.61
0.53
0.38
0.24
0.25
0.24
3.56
0.40
0.40
0.57
0.57
0.16	91.49
0.16
0.16
0.16
0.16
0.16
0.16
0.16
0.19
3.51
0.24
0.19
0.19
0.19
0.19
3.22
0.16
0.16
0.16
0.16
0.16
0.16
0.16
0.16
0.15
0.15
0.15
0.15
0.19
0.19
3.27
0.20
CorWatt	PkgWatt
36.05	189.57
3.26	97.44
0.38
0.24
0.23
0.56
0.40
0.58
0.52
0.52
0.47
0.54
0.39
0.40
0.45
0.51
0.52
1.27
0.38
0.31
0.25
0.52
0.57
0.43
0.59
0.22
0.22
0.21
3.59
0.45
0.44
0.41
0.61
0.16	92.10
0.16
0.15
0.16
0.16
0.16
0.16
0.16
0.19
4.20
0.24
0.19
0.19
0.19
0.19
3.24
0.16
0.16
0.15
0.16
0.16
0.16
0.16
0.16
0.15
0.15
0.15
0.15
0.19
0.19
3.26
0.19
CorWatt	PkgWatt
36.02	189.49
3.28	97.43
0.38
0.24
0.23
0.48
0.48
0.56
0.51
0.56
0.44
0.48
0.48
0.51
0.48
0.48
0.49
1.29
0.35
0.31
0.24
0.45
0.50
0.63
0.49
0.22
0.23
0.22
3.58
0.50
0.46
0.35
0.54
0.16	92.16
0.16
0.16
0.16
0.16
0.16
0.16
0.16
0.19
4.19
0.24
0.19
0.19
0.19
0.19
3.23
0.16
0.16
0.16
0.16
0.16
0.16
0.16
0.16
0.15
0.15
0.15
0.15
0.19
0.19
3.23
0.21
CorWatt	PkgWatt
34.39	188.16
3.28	97.59
0.38
0.24
0.23
0.45
0.47
0.55
0.58
0.54
0.41
0.58
0.40
0.52
0.40
0.52
0.60
1.29
0.38
0.31
0.27
0.58
0.39
0.56
0.48
0.22
0.23
0.22
3.57
0.48
0.53
0.51
0.37
0.16	90.49
0.16
0.16
0.16
0.16
0.16
0.16
0.16
0.19
2.39
0.24
0.19
0.19
0.22
0.19
3.23
0.16
0.16
0.16
0.16
0.16
0.17
0.16
0.16
0.15
0.15
0.15
0.15
0.19
0.19
3.24
0.20
CorWatt	PkgWatt
34.44	189.97
3.39	98.01
0.26
0.24
0.32
0.56
0.50
0.54
0.51
0.52
0.46
0.63
0.39
0.39
0.67
0.43
0.53
1.28
0.37
0.31
0.24
0.44
0.50
0.65
0.41
0.22
0.22
0.22
3.68
0.39
0.49
0.51
0.48
0.16	92.04
0.16
0.16
0.16
0.16
0.16
0.16
0.16
0.20
2.09
0.24
0.19
0.19
0.21
0.19
3.30
0.16
0.16
0.16
0.16
0.16
0.17
0.16
0.16
0.15
0.15
0.15
0.15
0.19
0.20
3.30
0.21
CorWatt	PkgWatt
34.55	190.17
3.38	99.56
0.37
0.24
0.23
0.48
0.59
0.51
0.49
0.41
0.50
0.48
0.55
0.50
0.53
0.47
0.49
1.26
0.37
0.30
0.24
0.58
0.50
0.48
0.41
0.21
0.22
0.25
3.71
0.46
0.51
0.38
0.52
0.16	90.55
0.18
0.18
0.16
0.16
0.16
0.16
0.17
0.19
2.09
0.23
0.19
0.19
0.19
0.19
3.31
0.19
0.18
0.18
0.17
0.20
0.17
0.17
0.17
0.16
0.16
0.16
0.18
0.19
0.19
3.31
0.19
CorWatt	PkgWatt
34.37	188.13
3.39	97.69
0.26
0.24
0.23
0.51
0.55
0.49
0.52
0.46
0.59
0.44
0.46
0.47
0.47
0.63
0.53
1.24
0.39
0.31
0.28
0.53
0.62
0.37
0.47
0.22
0.22
0.22
3.69
0.54
0.35
0.52
0.41
0.16	90.40
0.16
0.16
0.16
0.18
0.18
0.17
0.17
0.19
2.14
0.24
0.19
0.19
0.19
0.19
3.30
0.16
0.16
0.16
0.16
0.17
0.17
0.16
0.16
0.15
0.15
0.15
0.15
0.19
0.19
3.30
0.20
CorWatt	PkgWatt
35.53	189.13
3.38	97.94
0.38
0.24
0.23
0.52
0.50
0.41
0.58
0.46
0.54
0.46
0.55
0.52
0.45
0.52
0.56
1.34
0.35
0.31
0.27
0.44
0.48
0.47
0.57
0.22
0.22
0.22
3.71
0.46
0.36
0.52
0.60
0.16	91.24
0.16
0.16
0.16
0.16
0.16
0.16
0.16
0.19
3.08
0.24
0.19
0.19
0.19
0.19
3.30
0.16
0.16
0.16
0.16
0.16
0.17
0.16
0.16
0.15
0.15
0.15
0.15
0.19
0.20
3.32
0.20
CorWatt	PkgWatt
35.90	189.39
3.37	97.70
0.38
0.24
0.23
0.56
0.52
0.53
0.50
0.46
0.46
0.53
0.49
0.50
0.54
0.55
0.49
1.34
0.36
0.32
0.24
0.45
0.49
0.68
0.37
0.21
0.22
0.22
3.70
0.56
0.54
0.38
0.31
0.16	91.68
0.16
0.16
0.16
0.16
0.16
0.16
0.16
0.19
3.60
0.24
0.19
0.19
0.20
0.19
3.30
0.16
0.16
0.16
0.16
0.16
0.17
0.16
0.16
0.15
0.15
0.15
0.15
0.19
0.19
3.32
0.20
CorWatt	PkgWatt
33.95	187.87
3.33	97.76
0.38
0.24
0.23
0.53
0.41
0.50
0.56
0.48
0.53
0.42
0.49
0.54
0.55
0.41
0.51
1.32
0.39
0.30
0.24
0.54
0.39
0.38
0.73
0.22
0.22
0.22
3.64
0.55
0.42
0.35
0.51
0.16	90.10
0.18
0.16
0.18
0.16
0.18
0.18
0.17
0.18
1.57
0.23
0.19
0.19
0.20
0.19
3.29
0.17
0.17
0.16
0.19
0.17
0.18
0.20
0.18
0.16
0.15
0.16
0.17
0.23
0.21
3.30
0.20
CorWatt	PkgWatt
32.65	186.52
3.32	97.87
0.38
0.24
0.23
0.49
0.54
0.43
0.60
0.42
0.48
0.53
0.56
0.52
0.53
0.36
0.64
1.34
0.37
0.30
0.24
0.56
0.54
0.47
0.45
0.22
0.22
0.23
3.61
0.70
0.43
0.38
0.30
0.16	88.72
0.18
0.16
0.17
0.17
0.18
0.18
0.18
0.16
0.16
0.20
0.17
0.20
0.20
0.19
3.28
0.17
0.18
0.17
0.19
0.20
0.18
0.18
0.19
0.16
0.16
0.16
0.18
0.20
0.24
3.28
0.22
CorWatt	PkgWatt
31.99	185.89
3.26	97.65
0.38
0.24
0.23
0.51
0.58
0.51
0.54
0.47
0.44
0.56
0.51
0.57
0.45
0.51
0.57
1.29
0.36
0.28
0.26
0.52
0.46
0.51
0.50
0.22
0.22
0.22
3.55
0.44
0.41
0.41
0.52
0.16	88.11
0.16
0.16
0.16
0.16
0.16
0.16
0.16
0.16
0.16
0.19
0.16
0.19
0.19
0.19
3.22
0.16
0.16
0.16
0.16
0.17
0.17
0.16
0.16
0.15
0.15
0.15
0.15
0.20
0.20
3.24
0.20
CorWatt	PkgWatt
33.69	187.41
3.26	97.54
0.35
0.24
0.23
0.52
0.53
0.57
0.50
0.59
0.50
0.43
0.43
0.61
0.41
0.51
0.51
1.31
0.37
0.30
0.25
0.49
0.41
0.62
0.45
0.21
0.22
0.22
3.54
0.59
0.43
0.43
0.45
0.16	89.92
0.16
0.16
0.16
0.18
1.76
0.18
0.18
0.16
0.16
0.19
0.18
0.19
0.20
0.19
3.21
0.16
0.16
0.16
0.18
0.17
0.17
0.16
0.16
0.18
0.16
0.16
0.18
0.19
0.20
3.21
0.21
CorWatt	PkgWatt
34.38	187.92
3.25	97.53
0.38
0.24
0.23
0.56
0.47
0.52
0.53
0.45
0.45
0.64
0.45
0.49
0.68
0.52
0.45
1.33
0.39
0.30
0.25
0.57
0.42
0.45
0.48
0.22
0.22
0.22
3.54
0.58
0.45
0.41
0.37
0.16	90.44
0.16
0.16
0.16
0.21
2.45
0.21
0.21
0.16
0.16
0.19
0.16
0.19
0.20
0.19
3.21
0.16
0.16
0.16
0.16
0.17
0.17
0.16
0.17
0.15
0.15
0.15
0.15
0.20
0.19
3.20
0.20
CorWatt	PkgWatt
34.18	187.90
3.25	97.51
0.37
0.24
0.31
0.54
0.58
0.43
0.55
0.60
0.49
0.39
0.50
0.47
0.57
0.52
0.50
0.52
0.46
0.40
0.55
0.47
0.41
0.60
0.45
0.22
0.22
0.22
3.53
1.28
0.32
0.27
0.24
0.16	90.31
0.16
0.16
0.16
0.21
2.31
0.21
0.20
0.16
0.16
0.19
0.16
0.19
0.19
0.19
3.21
0.16
0.16
0.16
0.16
0.16
0.17
0.16
0.16
0.15
0.15
0.15
0.15
0.19
0.19
3.21
0.21
CorWatt	PkgWatt
35.74	189.46
3.25	97.57
0.37
0.24
0.24
0.54
0.53
0.49
0.54
0.48
0.50
0.45
0.53
0.61
0.47
0.41
0.47
0.46
0.52
0.54
0.48
0.53
0.48
0.45
0.58
0.22
0.22
0.23
3.54
1.25
0.33
0.28
0.24
0.16	91.90
0.16
0.16
0.16
0.21
3.81
0.21
0.21
0.18
0.16
0.19
0.16
0.19
0.20
0.20
3.21
0.16
0.16
0.16
0.16
0.17
0.17
0.16
0.16
0.15
0.15
0.15
0.15
0.19
0.20
3.20
0.20
CorWatt	PkgWatt
36.16	189.80
3.25	97.78
0.38
0.24
0.24
0.40
0.52
0.56
0.61
0.51
0.46
0.48
0.46
0.48
0.46
0.64
0.43
0.69
0.44
0.45
0.47
0.59
0.43
0.46
0.56
0.22
0.22
0.22
3.54
1.29
0.32
0.27
0.24
0.16	92.09
0.16
0.16
0.16
0.21
4.19
0.21
0.21
0.16
0.16
0.19
0.16
0.19
0.20
0.20
3.20
0.16
0.16
0.16
0.16
0.17
0.17
0.16
0.16
0.15
0.15
0.15
0.15
0.19
0.20
3.20
0.20
CorWatt	PkgWatt
35.44	189.02
3.26	96.85
0.36
0.24
0.25
0.42
0.43
0.56
0.45
0.48
0.38
0.39
0.57
0.56
0.48
0.41
0.52
0.45
0.53
0.45
0.54
0.49
0.52
0.43
0.44
0.22
0.22
0.23
3.51
1.18
0.32
0.27
0.26
0.16	92.14
0.17
0.16
0.17
0.21
4.16
0.21
0.21
0.16
0.16
0.19
0.16
0.19
0.20
0.19
3.20
0.16
0.16
0.16
0.16
0.17
0.17
0.16
0.17
0.15
0.15
0.15
0.15
0.19
0.19
3.19
0.22
CorWatt	PkgWatt
26.56	180.37
3.39	90.16
0.25
0.24
0.25
0.19
0.19
0.19
0.19
0.18
0.17
0.17
0.21
0.17
0.17
0.17
0.17
0.19
0.20
0.20
0.19
0.21
0.20
0.19
0.19
0.22
0.22
0.23
3.66
0.18
0.17
0.17
0.17
0.16	90.28
0.16
0.16
0.16
0.21
2.11
0.21
0.21
0.15
0.15
0.16
0.15
0.19
0.20
0.19
3.31
0.16
0.16
0.16
0.16
0.16
0.17
0.16
0.16
0.15
0.15
0.15
0.15
0.19
0.19
3.31
0.20
CorWatt	PkgWatt
25.74	179.76
3.25	89.58
0.24
0.24
0.23
0.18
0.17
0.18
0.18
0.17
0.16
0.16
0.17
0.16
0.16
0.16
0.17
0.18
0.18
0.18
0.18
0.20
0.18
0.18
0.18
0.22
0.22
0.22
3.54
0.17
0.16
0.16
0.16
0.16	90.07
0.16
0.16
0.16
0.21
2.11
0.21
0.20
0.15
0.15
0.16
0.15
0.19
0.19
0.19
3.20
0.16
0.16
0.16
0.16
0.17
0.17
0.16
0.16
0.15
0.15
0.15
0.15
0.19
0.19
3.21
0.19
CorWatt	PkgWatt
26.87	181.46
3.22	90.81
0.28
0.24
0.25
0.23
0.21
0.21
0.21
0.21
0.22
0.18
0.19
0.20
0.19
0.19
0.21
0.21
0.22
0.22
0.21
0.23
0.22
0.22
0.22
0.25
0.24
0.23
3.50
0.22
0.19
0.18
0.21
0.17	90.76
0.17
0.16
0.18
0.21
2.11
0.21
0.21
0.16
0.17
0.16
0.15
0.19
0.20
0.19
3.17
0.17
0.17
0.17
0.17
0.18
0.18
0.18
0.18
0.17
0.18
0.16
0.17
0.19
0.19
3.18
0.20
CorWatt	PkgWatt
67.47	257.83
3.32	139.82
0.89
0.92
0.70
1.27
1.36
1.40
1.39
1.39
1.40
1.29
1.22
1.37
1.33
1.11
1.64
1.40
1.37
1.39
1.40
1.41
1.32
1.32
1.45
0.85
0.93
0.75
3.60
1.27
1.29
1.27
1.37
0.59	117.83
0.57
0.64
0.61
0.25
2.25
0.22
0.25
0.73
0.52
0.75
0.55
0.20
0.21
0.20
3.32
0.65
0.55
0.55
0.56
0.62
0.57
0.61
0.70
0.62
0.58
0.60
0.59
0.21
0.20
3.33
0.24
CorWatt	PkgWatt
68.15	258.01
3.33	138.99
0.83
0.69
0.88
1.37
1.33
1.39
1.32
1.31
1.43
1.20
1.36
1.76
1.32
1.13
1.09
1.29
1.36
1.42
1.41
1.33
1.41
1.39
1.39
0.74
0.79
0.78
3.56
1.28
1.22
1.28
1.40
0.46	119.22
0.59
0.66
0.65
0.34
3.26
0.26
0.25
0.68
0.56
0.77
0.57
0.24
0.21
0.20
3.33
0.48
0.64
0.67
0.57
0.63
0.67
0.64
0.69
0.66
0.56
0.57
0.59
0.24
0.24
3.32
0.25
CorWatt	PkgWatt
66.12	256.82
3.42	139.59
0.84
0.83
0.76
1.36
1.29
1.35
1.45
1.39
1.25
1.04
1.60
1.41
1.36
1.26
1.30
1.41
1.34
1.29
1.36
1.36
1.31
1.30
1.49
0.88
0.87
2.93
1.22
1.27
1.32
1.33
1.35
0.58	117.17
0.54
0.53
0.52
0.30
3.62
0.24
0.25
0.72
0.43
0.70
0.50
3.06
0.24
0.20
0.62
0.55
0.50
0.48
0.62
0.57
0.60
0.51
0.52
0.64
0.56
0.61
0.53
0.54
0.48
0.89
0.57
CorWatt	PkgWatt
62.74	253.42
1.35	138.95
0.82
0.76
2.96
1.33
1.37
1.34
1.41
1.47
1.22
1.01
1.42
1.32
1.37
1.29
1.29
1.30
1.31
1.34
1.38
1.27
1.38
1.38
1.36
0.98
0.81
3.09
0.79
1.37
1.28
1.28
1.31
0.53	114.39
0.47
0.45
0.51
0.46
1.28
0.48
0.52
0.61
0.42
0.71
0.48
3.45
0.22
0.19
0.20
0.49
0.48
0.44
0.61
0.59
0.61
0.50
0.56
0.54
0.50
0.48
0.49
0.54
0.56
0.50
0.52
CorWatt	PkgWatt
61.85	252.63
0.83	138.82
0.94
0.68
3.41
1.30
1.35
1.40
1.40
1.42
1.21
0.97
1.52
1.32
1.27
1.38
1.29
1.27
1.30
1.34
1.42
1.28
1.38
1.36
1.35
0.79
0.78
3.24
0.80
1.25
1.24
1.37
1.41
0.50	113.75
0.54
0.51
0.52
0.52
0.45
0.58
0.47
0.54
0.48
0.41
0.62
3.45
0.31
0.22
0.22
0.48
0.47
0.48
0.51
0.54
0.54
0.57
0.56
0.60
0.53
0.46
0.46
0.52
0.49
0.55
0.48
CorWatt	PkgWatt
62.09	252.78
0.78	139.13
0.86
0.89
3.39
1.34
1.32
1.36
1.36
1.25
1.24
1.08
1.62
1.33
1.28
1.34
1.38
1.25
1.38
1.37
1.40
1.42
1.38
1.29
1.31
0.85
0.79
3.24
0.67
1.30
1.29
1.29
1.32
0.48	113.70
0.56
0.49
0.47
0.50
0.46
0.55
0.55
0.46
0.65
0.48
0.58
3.44
0.24
0.20
0.20
0.48
0.64
0.51
0.48
0.52
0.52
0.51
0.56
0.58
0.58
0.48
0.50
0.51
0.54
0.50
0.49
CorWatt	PkgWatt
64.27	254.94
0.89	138.64
0.82
0.73
3.39
1.26
1.31
1.33
1.43
1.31
1.35
1.27
1.25
1.30
1.29
1.38
1.32
1.24
1.29
1.37
1.39
1.19
1.20
1.68
1.23
0.90
0.80
3.29
0.66
1.30
1.33
1.30
1.37
0.58	116.31
0.46
0.46
0.55
1.03
0.42
0.50
1.01
0.64
0.57
0.44
0.61
3.41
0.29
0.20
0.20
0.46
0.43
1.28
0.47
0.55
0.45
0.95
0.52
0.57
0.46
1.02
0.47
0.56
0.50
0.50
0.52
CorWatt	PkgWatt
62.35	253.38
1.32	137.19
1.38
1.28
1.35
1.30
1.31
1.34
1.22
1.22
1.22
1.21
1.42
1.23
1.31
1.25
1.22
1.22
1.25
1.26
1.30
1.20
1.13
1.59
1.27
0.78
3.16
0.77
0.76
1.20
1.22
1.27
1.31
0.63	116.27
0.40
0.50
0.46
0.47
0.39
0.47
1.38
0.72
1.17
0.58
0.47
3.46
0.26
0.20
0.19
0.46
0.68
0.40
1.26
0.55
0.50
0.52
0.45
1.00
0.49
0.46
0.50
0.43
0.57
0.62
0.43
CorWatt	PkgWatt
62.36	253.32
1.34	137.71
1.39
1.24
1.30
1.27
1.34
1.33
1.34
1.58
1.24
1.06
1.19
1.27
1.25
1.30
1.26
1.28
1.34
1.25
1.36
1.42
1.22
1.27
1.29
3.13
0.96
0.81
0.81
1.25
1.26
1.28
1.21
0.48	115.62
0.50
0.41
0.49
0.58
0.43
0.66
0.62
0.65
0.67
0.44
0.40
3.16
0.24
0.22
0.21
0.51
0.44
0.47
0.51
0.51
0.46
0.57
0.52
0.27
0.67
3.08
0.31
0.58
0.52
0.48
0.42
CorWatt	PkgWatt
58.34	249.08
1.31	134.76
1.22
1.26
1.24
1.24
1.23
1.24
1.22
1.45
1.15
1.10
1.18
1.15
1.23
1.23
1.22
1.19
1.23
1.24
1.33
1.22
1.11
1.26
1.24
1.20
1.20
1.27
1.19
1.17
1.26
1.17
1.25
0.34	114.31
0.55
2.92
0.31
0.44
0.24
3.20
0.27
0.45
0.45
0.41
0.48
0.47
0.41
0.58
0.35
0.35
0.59
0.60
0.48
0.46
0.45
0.48
0.51
0.47
0.41
0.39
0.39
0.34
0.38
0.38
0.57
CorWatt	PkgWatt
60.38	251.47
1.29	135.48
1.31
1.30
1.32
1.26
1.31
1.26
1.19
1.28
1.11
1.00
1.57
1.15
1.24
1.23
1.24
1.33
1.23
1.21
1.14
1.20
1.22
1.21
1.27
1.24
1.31
1.14
1.32
1.20
1.19
1.20
1.31
0.34	115.91
3.71
0.31
0.26
1.42
0.39
0.41
0.61
0.44
0.47
0.47
0.65
0.71
0.42
0.37
0.76
0.42
0.46
0.46
1.28
0.44
0.42
1.32
0.43
0.52
0.47
0.41
0.50
0.48
0.46
0.41
0.41
CorWatt	PkgWatt
57.82	248.92
1.34	136.07
1.26
1.22
1.29
1.21
1.30
1.29
1.28
1.48
1.21
1.05
1.31
1.18
1.32
1.24
1.23
1.25
1.27
1.27
1.22
1.21
1.30
1.27
1.23
1.28
1.26
1.28
1.21
1.26
1.21
1.27
1.23
0.37	112.93
1.21
0.62
0.45
0.47
0.48
0.47
0.48
0.28
0.31
0.26
2.94
1.08
0.42
0.44
0.36
0.42
0.58
0.41
0.42
0.41
0.45
0.39
0.41
0.40
0.43
0.64
0.46
0.38
0.37
0.33
0.44
CorWatt	PkgWatt
56.19	247.15
1.24	135.50
1.25
1.36
1.20
1.26
1.22
1.29
1.25
1.32
1.18
0.96
1.41
1.24
1.29
1.22
1.13
1.22
1.22
1.29
1.24
1.30
1.23
1.25
1.29
1.20
1.25
1.32
1.28
1.18
1.23
1.20
1.26
0.43	111.59
0.37
0.41
0.57
0.37
0.39
0.50
0.37
0.39
0.42
0.37
0.41
0.34
0.33
0.38
1.03
0.40
0.42
0.40
0.40
0.28
0.27
0.27
3.57
0.37
0.45
0.44
0.46
0.40
0.42
0.38
0.39
CorWatt	PkgWatt
56.26	247.34
1.25	135.81
1.24
1.30
1.28
1.20
1.28
1.29
1.27
1.39
1.27
1.02
1.31
1.25
1.25
1.20
1.23
1.27
1.27
1.31
1.19
1.21
1.28
1.21
1.29
1.21
1.24
1.27
1.32
1.20
1.24
1.25
1.17
0.43	111.60
0.43
0.37
0.46
0.33
0.34
0.30
2.59
0.40
0.44
0.42
0.46
0.41
0.39
0.37
0.43
0.34
0.40
0.97
0.38
0.43
0.45
0.39
0.47
0.33
0.33
0.34
1.27
0.42
0.40
0.42
0.38
CorWatt	PkgWatt
59.83	250.90
1.20	135.24
1.25
1.23
1.28
1.14
1.32
1.30
1.25
1.14
1.11
1.02
1.63
1.23
1.21
1.17
1.27
1.25
1.26
1.23
1.21
1.28
1.22
1.18
1.22
1.27
1.16
1.27
1.30
1.24
1.23
1.23
1.24
0.48	115.64
0.43
0.42
0.44
0.56
0.45
0.58
0.42
0.46
0.65
0.47
0.44
0.28
0.29
0.26
3.38
0.88
0.38
0.42
1.19
0.46
0.49
0.67
0.44
0.48
0.48
0.52
0.44
1.15
0.32
0.32
1.63
CorWatt	PkgWatt
62.89	253.96
1.27	135.63
1.23
1.34
1.15
1.25
1.26
1.29
1.30
1.48
1.15
1.09
1.28
1.16
1.29
1.21
1.20
1.27
1.33
1.23
1.13
1.27
1.29
1.27
1.19
1.20
1.28
1.30
1.25
1.24
1.17
1.35
1.24
0.34	118.29
0.23
3.27
1.21
0.59
0.60
0.46
0.61
0.43
0.46
0.40
0.41
0.35
0.20
0.20
3.58
0.38
0.48
0.48
0.47
0.64
0.47
0.38
0.47
0.33
0.35
0.29
2.68
0.53
0.74
0.43
0.42
CorWatt	PkgWatt
67.59	258.92
1.35	136.40
1.30
1.25
1.24
1.29
1.28
1.24
1.29
1.50
1.24
1.08
1.32
1.23
1.32
1.28
1.15
1.25
1.32
1.21
1.13
1.27
1.22
1.32
1.25
1.30
1.33
1.21
1.29
1.20
1.27
1.25
1.31
0.35	122.51
0.29
4.26
0.36
0.55
0.92
0.59
0.59
0.49
0.76
0.47
0.62
3.09
0.29
0.27
0.48
0.58
0.40
1.04
1.86
0.55
0.70
1.10
0.53
0.56
0.53
0.52
0.55
2.93
0.36
0.25
0.24
CorWatt	PkgWatt
63.20	254.58
1.26	135.87
1.30
1.35
1.22
1.21
1.22
1.31
1.25
1.27
1.11
1.05
1.56
1.15
1.22
1.25
1.22
1.18
1.26
1.26
1.29
1.32
1.26
1.19
1.23
1.24
1.27
1.31
1.25
1.22
1.25
1.27
1.17
0.45	118.68
0.40
1.52
0.43
0.81
0.54
0.51
0.78
0.98
0.43
0.50
0.51
3.03
0.37
0.23
0.22
1.42
0.42
0.46
0.43
0.49
0.48
0.75
0.83
0.44
0.44
1.24
0.42
2.97
0.28
0.24
0.28
CorWatt	PkgWatt
56.31	247.63
1.24	136.36
1.31
1.31
1.30
1.24
1.33
1.25
1.23
1.11
1.54
1.13
1.39
1.18
1.21
1.34
1.18
1.23
1.29
1.27
1.24
1.25
1.25
1.29
1.23
1.21
1.27
1.28
1.21
1.16
1.26
1.28
1.27
0.45	111.34
0.38
0.36
0.68
0.36
1.30
0.31
1.05
0.37
0.38
0.64
0.41
0.26
0.44
0.56
0.40
0.40
0.49
0.41
0.44
0.39
0.35
1.58
0.38
0.41
0.33
0.41
0.35
0.63
0.34
0.31
0.45
CorWatt	PkgWatt
56.63	247.66
1.27	136.39
1.32
1.33
1.27
1.24
1.29
1.30
1.34
1.09
1.71
1.18
1.10
1.24
1.20
1.29
1.21
1.26
1.28
1.30
1.31
1.29
1.18
1.34
1.28
1.24
1.29
1.30
1.26
1.28
1.28
1.26
1.20
0.42	111.25
0.40
0.41
0.37
0.29
0.24
0.26
3.30
0.36
0.41
0.38
0.34
0.44
0.38
0.38
0.35
0.40
0.41
0.36
0.42
0.42
0.65
0.39
0.40
0.85
0.38
0.44
0.42
0.39
0.36
0.44
0.47
CorWatt	PkgWatt
62.60	253.77
1.26	135.81
1.26
1.31
1.23
1.32
1.23
1.28
1.29
1.16
1.30
1.04
1.51
1.21
1.27
1.24
1.16
1.25
1.30
1.31
1.25
1.27
1.20
1.30
1.27
1.18
1.28
1.30
1.24
1.19
1.16
1.24
1.31
1.40	118.05
0.23
2.92
0.23
0.41
0.54
0.48
0.45
0.28
0.26
3.55
0.25
0.46
0.48
0.44
0.55
0.46
0.46
0.45
0.46
0.40
1.02
0.48
0.46
0.51
0.50
0.41
0.45
0.32
0.30
2.63
0.29
CorWatt	PkgWatt
65.02	256.42
1.27	135.56
1.27
1.24
1.33
1.23
1.30
1.27
1.25
1.11
1.28
1.15
1.43
1.25
1.19
1.25
1.16
1.31
1.19
1.25
1.26
1.28
1.16
1.34
1.18
1.19
1.31
1.28
1.22
1.13
1.21
1.27
1.21
0.35	120.76
0.25
3.99
0.27
1.24
0.38
0.40
1.57
0.22
0.21
4.30
0.22
0.78
0.51
0.46
0.43
0.46
1.04
0.47
0.51
0.56
0.63
0.49
0.56
0.49
1.09
0.48
0.71
0.60
0.62
0.42
0.52
CorWatt	PkgWatt
68.82	260.44
1.22	136.02
1.26
1.25
1.42
1.24
1.24
1.24
1.27
1.09
1.64
1.20
1.15
1.25
1.24
1.18
1.18
1.28
1.26
1.27
1.29
1.29
1.18
1.25
1.30
1.21
1.29
1.28
1.20
1.20
1.25
1.17
1.30
0.40	124.48
0.34
3.94
0.29
0.82
0.50
0.95
0.47
0.38
0.81
1.78
0.50
4.05
0.24
0.26
0.29
0.54
0.61
0.57
0.61
0.61
0.59
0.45
0.85
1.03
0.48
0.43
1.13
4.00
0.29
0.24
0.30
CorWatt	PkgWatt
67.84	259.10
1.26	136.03
1.25
1.33
1.32
1.20
1.28
1.22
1.31
1.13
1.19
1.04
1.61
1.17
1.23
1.28
1.20
1.27
1.25
1.29
1.26
1.31
1.21
1.25
1.27
1.27
1.24
1.30
1.23
1.19
1.28
1.26
1.28
0.36	123.44
0.24
3.96
0.24
0.53
0.57
0.47
1.60
0.49
0.53
0.57
0.50
3.94
0.22
0.21
0.21
0.50
0.54
0.51
0.61
0.51
1.38
0.45
0.93
0.47
0.50
0.76
1.19
3.87
0.38
0.27
0.26
CorWatt	PkgWatt
60.82	252.88
1.31	136.08
1.23
1.32
1.27
1.28
1.24
1.22
1.22
1.07
1.41
1.02
1.37
1.21
1.24
1.26
1.24
1.25
1.25
1.24
1.23
1.22
1.27
1.26
1.26
1.25
1.34
1.23
1.23
1.18
1.21
1.25
1.27
0.32	116.35
0.22
3.98
0.23
0.57
0.46
0.48
0.60
0.60
0.48
0.45
0.43
0.56
0.41
0.72
0.43
0.38
0.33
2.21
0.35
0.48
0.42
0.44
0.47
0.47
0.46
0.44
1.28
0.45
0.70
0.53
0.54
CorWatt	PkgWatt
63.27	254.65
1.19	136.27
1.35
1.30
1.23
1.24
1.20
1.35
1.29
1.04
1.56
1.23
1.21
1.23
1.25
1.30
1.14
1.34
1.26
1.26
1.27
1.32
1.33
1.28
1.20
1.23
1.26
1.35
1.27
1.19
1.24
1.25
1.26
0.33	118.44
0.22
3.74
0.23
0.44
0.45
0.42
0.99
0.32
0.28
0.31
2.97
0.41
0.52
0.46
0.47
0.98
0.67
0.40
0.59
0.48
0.46
0.51
0.48
0.34
0.31
2.58
0.32
0.44
0.57
0.67
0.53
CorWatt	PkgWatt
63.66	255.44
1.31	136.07
1.20
1.36
1.28
1.26
1.25
1.22
1.21
1.08
1.56
1.12
1.18
1.27
1.24
1.24
1.14
1.22
1.20
1.19
1.37
1.28
1.20
1.23
1.28
1.19
1.31
1.25
1.28
1.19
1.22
1.25
1.26
0.35	119.34
0.25
0.36
3.60
0.48
0.60
0.54
0.56
0.27
0.24
3.50
0.40
0.54
0.48
0.41
0.47
0.39
1.74
0.39
0.57
0.49
0.47
0.59
0.53
1.57
0.35
0.40
0.45
0.44
1.07
0.90
0.42
CorWatt	PkgWatt
70.43	262.02
1.21	136.43
1.37
1.29
1.27
1.26
1.29
1.25
1.31
1.12
1.30
1.13
1.50
1.21
1.21
1.24
1.27
1.22
1.31
1.27
1.32
1.30
1.17
1.31
1.23
1.23
1.31
1.33
1.26
1.21
1.28
1.26
1.26
0.36	125.63
0.30
0.30
3.74
0.67
0.53
0.61
0.98
0.29
0.29
3.55
0.42
3.19
0.32
0.27
0.24
0.51
1.59
0.32
1.82
0.89
0.62
0.63
0.60
0.78
0.64
0.62
0.57
0.33
3.30
0.34
0.33
CorWatt	PkgWatt
70.51	262.28
1.25	136.05
1.34
1.28
1.25
1.19
1.23
1.31
1.25
1.11
1.22
1.14
1.49
1.18
1.25
1.31
1.17
1.25
1.29
1.24
1.33
1.28
1.27
1.25
1.32
1.28
1.30
1.20
1.29
1.11
1.28
1.26
1.30
0.36	126.17
0.26
0.31
3.72
0.64
0.60
0.54
1.01
0.39
0.33
3.54
0.45
3.42
0.27
0.27
0.25
1.05
0.55
0.50
0.69
1.23
0.77
0.45
1.31
0.94
0.54
0.69
0.76
0.29
3.53
0.30
0.30
CorWatt	PkgWatt
70.45	262.28
1.29	136.22
1.29
1.30
1.25
1.18
1.30
1.33
1.25
1.08
1.39
1.08
1.40
1.23
1.26
1.21
1.23
1.28
1.30
1.28
1.26
1.25
1.26
1.33
1.26
1.23
1.25
1.28
1.25
1.22
1.12
1.28
1.32
0.35	126.09
0.28
0.28
3.72
0.67
0.41
1.42
1.31
0.38
0.37
3.54
0.35
3.42
0.29
0.28
0.29
0.60
0.64
0.54
0.64
1.02
0.52
1.07
0.53
0.61
0.72
0.64
0.90
0.30
3.54
0.33
0.30
CorWatt	PkgWatt
70.54	262.31
1.24	136.32
1.30
1.27
1.28
1.26
1.32
1.23
1.27
1.15
1.40
1.11
1.36
1.19
1.28
1.26
1.23
1.27
1.24
1.27
1.30
1.27
1.21
1.26
1.28
1.24
1.34
1.23
1.28
1.22
1.26
1.23
1.21
0.33	126.00
0.27
0.29
3.72
0.59
0.73
1.51
0.55
0.32
0.45
3.54
0.32
3.42
0.30
0.25
0.30
0.54
0.59
0.82
0.59
0.70
0.76
0.52
0.86
0.50
1.84
0.59
0.54
0.34
3.54
0.30
0.33
CorWatt	PkgWatt
71.23	263.34
1.28	136.44
1.27
1.36
1.19
1.25
1.31
1.30
1.26
1.15
1.18
1.07
1.55
1.28
1.27
1.26
1.17
1.21
1.31
1.18
1.34
1.29
1.31
1.22
1.19
1.27
1.26
1.22
1.28
1.16
1.25
1.23
1.27
0.39	126.85
0.34
0.29
3.73
0.96
0.76
0.54
1.40
0.40
0.35
3.54
0.40
3.41
0.35
0.34
0.32
0.63
0.99
0.61
0.63
1.06
0.65
0.80
0.79
0.83
0.82
0.74
0.56
0.29
3.54
0.29
0.31
CorWatt	PkgWatt
71.30	263.49
1.24	136.76
1.25
1.28
1.39
1.27
1.31
1.33
1.29
1.13
1.31
1.05
1.50
1.22
1.18
1.30
1.23
1.23
1.31
1.23
1.26
1.26
1.34
1.31
1.22
1.25
1.25
1.33
1.28
1.26
1.24
1.26
1.22
0.40	126.69
0.32
0.32
3.73
0.63
0.53
1.00
0.91
0.45
0.34
3.55
0.30
0.93
3.02
0.32
0.29
0.49
1.44
0.64
0.99
0.46
0.59
1.45
0.54
0.67
0.74
0.69
0.61
0.32
3.53
0.25
0.32
CorWatt	PkgWatt
71.17	263.11
1.28	136.83
1.26
1.26
1.29
1.24
1.36
1.31
1.28
1.15
1.54
1.06
1.33
1.26
1.23
1.29
1.17
1.32
1.35
1.27
1.24
1.33
1.30
1.23
1.29
1.27
1.28
1.32
1.22
1.25
1.24
1.20
1.26
0.35	126.34
0.30
0.25
3.73
0.60
0.70
0.68
0.79
0.37
0.30
3.56
0.38
0.32
3.68
0.28
0.30
1.64
0.45
0.62
0.94
0.93
0.70
0.64
0.56
0.62
0.60
0.63
1.18
0.29
3.54
0.32
0.28
CorWatt	PkgWatt
71.27	262.93
1.32	136.46
1.24
1.26
1.35
1.29
1.25
1.37
1.29
1.28
1.11
1.05
1.64
1.28
1.26
1.14
1.26
1.25
1.26
1.27
1.32
1.31
1.26
1.23
1.20
1.29
1.35
1.22
1.23
1.19
1.25
1.22
1.31
0.37	126.52
0.31
0.26
3.73
0.89
0.53
1.57
0.51
0.29
0.34
3.56
0.30
0.39
3.68
0.31
0.30
0.78
0.61
0.56
0.69
0.94
1.08
0.47
0.69
0.48
1.26
0.51
0.84
0.31
3.53
0.32
0.34
CorWatt	PkgWatt
67.99	260.18
1.31	136.46
1.30
1.34
1.21
1.31
1.24
1.24
1.33
1.09
1.52
1.17
1.22
1.22
1.28
1.27
1.20
1.25
1.32
1.27
1.18
1.32
1.24
1.21
1.25
1.28
1.19
1.29
1.21
1.15
1.24
1.29
1.22
0.35	123.70
0.30
1.93
1.88
0.57
0.66
0.58
0.58
0.25
0.27
1.84
1.98
0.40
3.48
0.33
0.28
1.28
0.66
0.48
0.46
0.63
0.54
0.53
0.60
1.08
0.58
0.50
0.49
0.33
3.37
0.32
0.30
CorWatt	PkgWatt
65.69	257.89
1.30	136.36
1.21
1.34
1.24
1.25
1.26
1.27
1.26
1.17
1.26
1.22
1.17
1.20
1.12
1.26
1.49
1.30
1.29
1.22
1.23
1.22
1.25
1.30
1.29
1.26
1.17
1.30
1.26
1.24
1.32
1.14
1.29
0.37	121.48
0.27
2.28
1.42
0.48
0.60
0.45
0.59
0.28
0.22
1.38
2.32
1.41
2.26
0.36
0.30
0.61
0.55
0.47
0.46
0.52
0.54
0.53
0.49
0.57
0.59
0.52
0.47
0.33
3.37
0.31
0.24
CorWatt	PkgWatt
65.88	258.01
1.30	136.44
1.17
1.34
1.31
1.23
1.22
1.31
1.26
1.19
1.19
1.25
1.23
1.18
1.16
1.27
1.55
1.32
1.29
1.22
1.31
1.23
1.25
1.25
1.28
1.15
1.24
1.23
1.34
1.19
1.19
1.23
1.24
0.33	121.62
0.23
0.24
3.72
0.53
0.50
0.57
0.56
0.21
0.21
3.57
0.23
3.31
0.28
0.29
0.36
0.58
0.53
0.51
0.51
0.53
0.54
0.52
0.46
0.58
0.50
0.49
0.65
0.27
3.55
0.22
0.22
CorWatt	PkgWatt
67.73	259.69
1.27	136.16
1.33
1.27
1.31
1.23
1.34
1.22
1.22
1.23
1.19
1.17
1.24
1.20
1.11
1.37
1.39
1.25
1.25
1.28
1.36
1.25
1.29
1.26
1.24
1.21
1.25
1.20
1.28
1.27
1.20
1.24
1.29
0.36	123.45
0.29
0.31
3.72
0.95
0.64
0.51
0.52
0.25
0.28
3.56
0.26
3.31
0.29
0.25
0.37
0.56
0.58
0.53
0.63
0.52
1.00
0.57
0.57
0.52
0.61
0.62
0.59
0.27
3.53
0.28
0.27
CorWatt	PkgWatt
70.84	262.95
1.31	136.58
1.28
1.37
1.23
1.18
1.33
1.23
1.32
1.25
1.25
1.25
1.15
1.20
1.07
1.56
1.25
1.28
1.25
1.25
1.37
1.29
1.27
1.27
1.29
1.30
1.20
1.22
1.27
1.19
1.19
1.28
1.26
0.35	126.42
0.28
0.32
3.72
0.76
0.67
0.59
0.89
0.30
0.33
3.56
0.30
3.30
0.34
0.31
0.45
1.19
0.52
1.19
0.54
0.52
1.49
0.58
0.55
0.89
0.53
0.61
0.90
0.29
3.53
0.28
0.35
CorWatt	PkgWatt
70.47	262.55
1.26	136.58
1.29
1.24
1.38
1.29
1.26
1.25
1.29
1.22
1.18
1.26
1.22
1.16
1.11
1.41
1.40
1.27
1.34
1.32
1.26
1.27
1.34
1.25
1.31
1.19
1.26
1.23
1.22
1.22
1.21
1.26
1.26
0.36	125.93
0.29
0.30
3.71
0.58
1.47
0.54
0.49
0.29
0.28
3.56
0.43
3.31
0.29
0.29
0.26
0.71
0.61
0.63
0.54
1.44
0.50
0.51
1.14
0.55
0.49
0.48
1.63
0.29
3.52
0.28
0.29
CorWatt	PkgWatt
70.51	262.64
1.27	136.05
1.27
1.26
1.34
1.23
1.16
1.35
1.23
1.25
1.23
1.19
1.26
1.19
1.07
1.23
1.52
1.24
1.23
1.28
1.30
1.24
1.24
1.26
1.27
1.26
1.22
1.19
1.18
1.21
1.26
1.17
1.36
0.36	126.60
0.34
0.30
3.71
0.62
0.57
0.69
0.62
0.41
0.31
3.55
0.34
3.30
0.33
0.28
0.30
1.27
0.59
0.50
0.55
0.82
0.49
0.81
1.47
0.81
0.79
0.85
1.10
0.33
3.53
0.30
0.30
CorWatt	PkgWatt
71.18	263.56
1.25	137.27
1.33
1.39
1.32
1.22
1.27
1.32
1.25
1.14
1.35
1.15
1.32
1.14
1.11
1.67
1.18
1.25
1.26
1.31
1.32
1.34
1.29
1.26
1.24
1.28
1.22
1.30
1.25
1.26
1.25
1.30
1.25
0.32	126.30
0.32
0.32
3.72
0.54
0.56
1.15
0.89
0.37
0.38
3.56
0.31
3.31
0.32
0.33
0.30
0.75
0.55
0.79
0.59
0.66
0.53
0.87
1.43
1.32
0.59
0.60
0.54
0.30
3.53
0.28
0.35
CorWatt	PkgWatt
71.06	263.10
1.28	136.58
1.30
1.35
1.27
1.26
1.28
1.29
1.18
1.17
1.25
1.50
1.19
1.22
1.20
1.18
1.27
1.22
1.31
1.27
1.30
1.26
1.30
1.25
1.34
1.23
1.31
1.29
1.31
1.21
1.24
1.23
1.28
0.35	126.58
0.34
0.38
3.72
0.62
0.57
1.34
0.98
0.31
0.35
3.56
0.28
3.31
0.37
0.34
0.30
0.93
0.98
0.66
0.59
0.53
0.99
0.65
0.72
0.81
0.91
0.66
0.57
0.31
3.53
0.29
0.29
CorWatt	PkgWatt
70.64	262.83
1.24	136.30
1.29
1.31
1.29
1.27
1.27
1.22
1.16
1.06
1.09
1.66
1.15
1.28
1.24
1.15
1.22
1.23
1.25
1.35
1.27
1.21
1.28
1.31
1.36
1.27
1.30
1.23
1.27
1.25
1.27
1.15
1.21
0.35	126.48
0.32
0.30
3.72
0.57
0.91
0.60
1.04
0.31
0.29
3.56
0.34
3.31
0.35
0.40
0.30
0.54
1.06
0.58
0.62
0.96
1.05
0.57
0.53
1.02
0.51
1.10
0.81
0.32
3.53
0.35
0.34
CorWatt	PkgWatt
71.10	263.37
1.30	136.82
1.28
1.30
1.27
1.21
1.27
1.28
1.28
1.18
1.25
1.30
1.33
1.20
1.24
1.24
1.27
1.31
1.22
1.38
1.22
1.31
1.32
1.27
1.31
1.23
1.25
1.31
1.28
1.23
1.27
1.18
1.31
0.36	126.57
0.28
0.27
3.71
1.10
0.57
0.65
0.60
0.37
0.30
3.56
0.40
3.32
0.33
0.29
0.30
0.84
0.53
0.96
0.99
0.57
0.76
1.12
1.03
0.73
0.60
0.87
0.64
0.30
3.53
0.32
0.30
CorWatt	PkgWatt
71.36	263.54
1.30	137.04
1.25
1.36
1.23
1.23
1.25
1.28
1.31
1.16
1.34
1.09
1.43
1.24
1.29
1.25
1.23
1.23
1.32
1.30
1.32
1.30
1.23
1.35
1.31
1.29
1.29
1.32
1.23
1.29
1.27
1.23
1.31
0.35	126.64
0.30
0.32
3.61
1.69
1.08
0.81
0.41
0.44
0.32
3.45
0.35
3.22
0.31
0.32
0.31
0.69
0.85
0.55
0.67
1.14
0.77
0.85
0.58
0.69
0.61
0.70
0.64
0.35
3.47
0.34
0.34
CorWatt	PkgWatt
70.09	262.68
1.27	136.93
1.35
1.23
1.32
1.22
1.27
1.26
1.31
1.14
1.55
1.12
1.29
1.29
1.14
1.26
1.22
1.27
1.26
1.25
1.32
1.23
1.30
1.26
1.29
1.33
1.30
1.20
1.28
1.18
1.28
1.19
1.31
0.33	125.56
0.32
3.33
0.36
0.85
1.20
0.50
1.23
0.36
0.31
0.42
3.52
3.16
0.28
0.24
0.24
0.92
0.82
0.90
0.53
0.56
0.59
0.58
1.25
0.65
0.66
0.64
0.56
0.32
3.32
0.31
0.31
CorWatt	PkgWatt
70.29	262.66
1.25	137.19
1.33
1.37
1.29
1.27
1.28
1.30
1.29
1.19
1.11
1.02
1.64
1.28
1.26
1.27
1.31
1.23
1.35
1.29
1.29
1.25
1.30
1.32
1.30
1.23
1.23
1.29
1.29
1.23
1.31
1.16
1.27
0.30	125.59
0.33
3.40
0.34
0.89
0.60
0.74
0.60
0.43
0.33
0.34
3.54
3.16
0.29
0.28
0.26
0.58
1.03
0.53
1.03
0.67
1.05
0.59
0.54
1.51
0.52
0.92
0.52
0.30
3.37
0.28
0.28
CorWatt	PkgWatt
70.46	262.68
1.31	136.73
1.28
1.25
1.31
1.31
1.22
1.31
1.27
1.10
1.45
1.14
1.31
1.29
1.28
1.24
1.25
1.28
1.30
1.29
1.27
1.24
1.25
1.29
1.32
1.30
1.25
1.28
1.29
1.25
1.15
1.29
1.26
0.34	125.89
0.31
3.39
0.33
1.41
0.96
0.47
0.96
0.40
0.32
0.39
3.54
3.16
0.34
0.28
0.30
0.85
0.48
1.03
0.81
0.58
0.71
1.09
0.56
0.64
0.61
0.52
0.81
0.32
3.36
0.27
0.32
CorWatt	PkgWatt
67.79	260.20
1.31	136.85
1.25
1.31
1.28
1.25
1.33
1.23
1.34
1.27
1.13
1.00
1.62
1.24
1.24
1.24
1.24
1.27
1.26
1.31
1.21
1.22
1.30
1.29
1.27
1.28
1.27
1.19
1.27
1.24
1.24
1.20
1.25
0.79	123.41
0.76
1.02
0.46
0.50
0.50
1.67
0.55
0.44
0.32
2.83
0.91
3.23
0.32
0.28
0.28
0.54
0.51
0.85
0.72
0.85
0.50
0.59
0.88
0.51
0.92
0.57
0.80
0.32
3.47
0.27
0.30
CorWatt	PkgWatt
67.94	260.43
1.30	137.24
1.21
1.28
1.32
1.28
1.29
1.34
1.35
1.17
1.34
1.13
1.47
1.30
1.24
1.19
1.26
1.26
1.27
1.33
1.29
1.30
1.18
1.20
1.37
1.20
1.31
1.30
1.30
1.26
1.21
1.24
1.26
1.12	123.10
1.04
0.45
0.44
0.46
1.47
0.48
0.90
0.39
0.36
1.20
2.71
1.16
2.64
0.27
0.27
0.45
0.84
0.65
0.53
0.56
0.50
0.49
0.67
0.76
0.93
0.55
0.51
0.31
1.23
2.57
0.26
CorWatt	PkgWatt
67.64	260.03
1.35	136.29
1.23
1.28
1.25
1.23
1.23
1.22
1.24
1.11
1.33
1.12
1.42
1.30
1.28
1.14
1.21
1.31
1.27
1.25
1.26
1.27
1.20
1.20
1.30
1.27
1.20
1.22
1.26
1.23
1.29
1.29
1.20
0.48	123.71
1.48
0.47
0.50
0.55
0.55
0.55
0.57
0.37
0.41
0.30
3.78
0.27
3.70
0.26
0.26
0.55
0.55
0.65
0.60
1.58
0.64
1.12
0.40
1.25
0.53
0.48
0.48
0.26
0.26
3.57
0.25
CorWatt	PkgWatt
67.02	259.26
1.31	136.66
1.30
1.31
1.26
1.33
1.16
1.17
1.27
1.15
1.42
1.02
1.39
1.33
1.29
1.16
1.23
1.24
1.26
1.32
1.26
1.24
1.22
1.33
1.30
1.24
1.27
1.18
1.29
1.23
1.22
1.27
1.24
0.73	122.88
0.55
0.52
0.53
0.84
1.05
0.43
0.96
0.37
0.31
0.44
3.56
0.35
3.36
0.27
0.25
0.54
0.46
0.53
0.83
0.61
0.53
0.53
0.50
0.37
2.11
0.65
0.39
0.35
0.28
3.37
0.30
CorWatt	PkgWatt
68.11	260.74
1.30	136.85
1.30
1.32
1.25
1.28
1.27
1.21
1.31
1.18
1.30
1.04
1.46
1.27
1.21
1.24
1.30
1.24
1.24
1.30
1.31
1.27
1.19
1.33
1.30
1.32
1.26
1.28
1.21
1.23
1.18
1.23
1.22
0.74	123.61
1.01
0.66
1.51
0.85
0.50
1.03
0.52
0.34
0.35
0.38
3.78
0.22
3.71
0.23
0.25
0.48
0.51
0.62
0.56
0.55
1.01
0.66
0.58
0.51
0.62
0.56
0.62
0.27
0.23
3.58
0.26
CorWatt	PkgWatt
64.82	257.25
1.28	136.99
1.28
1.34
1.26
1.23
1.28
1.33
1.30
1.13
1.52
1.19
1.22
1.29
1.22
1.22
1.27
1.23
1.27
1.27
1.34
1.26
1.21
1.32
1.27
1.23
1.19
1.37
1.30
1.18
1.32
1.20
1.23
0.48	120.31
0.52
0.51
0.86
0.49
0.51
0.53
0.48
0.42
0.64
0.62
0.98
0.27
3.62
0.25
0.25
0.48
0.46
0.41
0.47
0.29
0.32
0.30
3.44
0.49
0.89
0.41
0.46
0.29
1.39
2.45
0.31
CorWatt	PkgWatt
64.18	256.65
1.29	136.98
1.30
1.24
1.27
1.29
1.23
1.34
1.25
1.10
1.43
1.13
1.37
1.25
1.20
1.26
1.25
1.22
1.29
1.32
1.29
1.28
1.25
1.23
1.28
1.25
1.24
1.29
1.29
1.27
1.18
1.24
1.23
0.87	119.71
0.67
0.50
0.41
0.48
0.47
0.53
0.74
0.44
0.49
0.46
1.10
0.33
3.58
0.28
0.24
0.97
1.22
1.31
0.34
0.49
0.53
0.47
0.47
0.68
0.46
0.52
0.50
0.25
2.79
0.98
0.24
CorWatt	PkgWatt
58.58	250.73
1.31	136.75
1.25
1.25
1.37
1.22
1.38
1.25
1.21
1.16
1.44
1.18
1.10
1.29
1.23
1.14
1.38
1.35
1.25
1.22
1.29
1.24
1.28
1.23
1.32
1.25
1.25
1.28
1.25
1.20
1.25
1.28
1.29
0.42	114.01
0.55
0.53
0.40
2.23
0.40
0.43
0.36
0.37
0.38
0.34
0.50
0.43
0.42
0.42
0.36
0.40
0.42
0.40
0.67
0.42
0.46
0.41
0.40
2.20
0.32
0.33
0.35
1.87
0.38
0.31
0.31
CorWatt	PkgWatt
60.42	252.91
1.26	136.72
1.32
1.20
1.41
1.29
1.21
1.26
1.33
1.18
1.20
1.23
1.18
1.33
1.14
1.09
1.47
1.25
1.32
1.26
1.24
1.24
1.25
1.25
1.29
1.32
1.20
1.24
1.23
1.33
1.18
1.20
1.21
0.38	116.20
0.64
0.60
0.42
0.27
1.41
0.25
2.79
0.43
0.43
0.42
0.54
0.50
0.44
0.56
0.45
0.41
0.42
0.48
0.40
0.42
0.42
0.53
0.50
0.46
0.40
0.43
0.42
1.03
2.97
0.23
0.24
CorWatt	PkgWatt
48.32	232.48
1.02	122.50
1.01
0.97
1.04
0.95
1.00
1.04
0.95
0.95
0.94
0.93
0.93
1.00
0.93
0.80
1.23
0.93
1.00
1.04
0.95
0.94
0.99
0.94
0.97
0.93
1.01
0.95
1.01
0.97
1.00
0.96
0.95
0.41	110.17
0.41
0.60
0.45
0.41
0.45
0.38
0.41
0.42
0.37
0.81
0.91
0.35
0.37
0.38
0.35
0.73
0.34
0.59
0.34
0.38
0.37
0.44
0.37
0.31
2.31
0.31
0.30
0.28
2.11
0.23
0.23
CorWatt	PkgWatt
12.07	163.52
0.10	77.04
0.09
0.09
0.10
0.09
0.10
0.09
0.09
0.08
0.08
0.08
0.08
0.08
0.08
0.08
0.08
0.09
0.09
0.09
0.09
0.10
0.10
0.10
0.09
0.09
0.09
0.09
0.09
0.08
0.08
0.08
0.08
0.18	86.36
0.18
0.18
0.20
0.21
0.22
0.22
3.85
0.16
0.16
0.16
0.16
0.16
0.15
0.15
0.15
0.17
0.16
0.16
0.17
0.18
0.17
0.17
0.18
0.16
0.17
0.16
0.17
0.16
0.16
0.16
0.26
CorWatt	PkgWatt
12.21	163.48
0.09	76.78
0.09
0.09
0.09
0.09
0.09
0.09
0.09
0.08
0.08
0.07
0.08
0.08
0.08
0.07
0.08
0.09
0.09
0.09
0.09
0.10
0.09
0.09
0.09
0.09
0.09
0.09
0.09
0.08
0.08
0.08
0.08
0.18	86.73
0.18
0.18
0.21
0.17
0.17
0.17
0.17
0.17
0.19
1.15
0.17
0.17
0.17
0.17
1.26
0.19
0.19
0.19
2.03
0.17
0.18
0.17
0.17
0.16
0.16
0.16
0.16
0.16
0.16
0.15
0.16
CorWatt	PkgWatt
26.70	188.44
0.38	92.15
0.40
0.40
0.43
0.38
0.40
0.41
0.38
0.37
0.39
0.37
0.37
0.42
0.38
0.38
0.33
0.44
0.38
0.38
0.41
0.41
0.36
0.41
0.41
0.38
0.35
0.41
0.41
0.39
0.34
0.32
0.51
0.26	96.21
0.27
0.26
0.32
0.25
0.25
0.23
0.25
0.22
0.22
0.25
0.24
0.20
0.20
2.95
0.20
0.24
0.26
0.23
0.33
0.26
0.31
0.26
3.17
0.19
0.19
0.19
1.06
0.26
0.23
0.20
0.24
CorWatt	PkgWatt
63.09	255.28
1.38	136.58
1.30
1.30
1.22
1.25
1.18
1.35
1.25
1.24
1.26
1.20
1.20
1.16
1.24
1.28
1.27
1.24
1.27
1.26
1.29
1.22
1.26
1.21
1.27
1.22
1.24
1.29
1.27
1.22
1.16
1.03
1.73
0.45	118.70
0.58
0.65
0.57
0.51
0.46
0.45
0.95
0.39
0.40
0.98
0.45
0.33
0.22
3.76
0.22
0.34
0.32
0.34
2.96
0.59
0.65
0.47
0.46
0.52
0.48
0.48
0.48
0.34
2.30
0.36
0.36
CorWatt	PkgWatt
67.88	260.30
1.29	137.08
1.34
1.28
1.22
1.28
1.25
1.27
1.26
1.26
1.19
1.23
1.26
1.25
1.24
1.21
1.28
1.31
1.25
1.30
1.27
1.23
1.24
1.31
1.30
1.27
1.21
1.34
1.29
1.44
1.20
1.10
1.40
0.49	123.17
0.68
0.60
0.69
0.79
0.56
0.53
0.46
0.37
3.16
0.34
0.34
0.36
1.07
1.16
0.37
0.54
0.57
0.53
0.58
1.05
0.32
2.56
0.34
2.19
0.29
0.27
1.00
0.28
4.26
0.22
0.33
CorWatt	PkgWatt
65.40	257.86
1.25	136.93
1.29
1.24
1.30
1.32
1.30
1.30
1.26
1.26
1.24
1.21
1.20
1.27
1.23
1.21
1.20
1.30
1.21
1.30
1.24
1.21
1.26
1.26
1.32
1.36
1.29
1.29
1.21
1.54
1.20
1.06
1.27
0.56	120.88
0.54
0.39
0.77
0.44
0.57
0.52
0.67
0.36
3.36
0.32
0.25
0.40
1.01
0.38
1.49
0.50
0.54
0.56
0.49
0.98
1.05
0.47
0.47
1.75
0.25
0.24
1.61
0.29
2.34
0.28
1.13
CorWatt	PkgWatt
57.41	249.56
1.29	136.84
1.37
1.27
1.23
1.26
1.27
1.26
1.28
1.22
1.23
1.24
1.26
1.21
1.22
1.29
1.16
1.28
1.32
1.34
1.27
1.31
1.22
1.22
1.27
1.27
1.35
1.23
1.26
1.54
1.12
1.10
1.19
0.42	112.90
0.46
0.42
0.53
0.39
0.33
1.89
0.37
0.40
0.47
0.37
0.40
0.37
0.42
0.43
0.43
1.55
0.33
0.42
0.36
0.47
0.39
0.59
0.88
0.45
0.39
0.41
0.44
0.55
0.91
0.34
0.50
CorWatt	PkgWatt
57.77	249.79
1.28	136.92
1.31
1.29
1.28
1.20
1.29
1.33
1.35
1.24
1.26
1.22
1.26
1.32
1.23
1.29
1.13
1.26
1.35
1.28
1.19
1.26
1.29
1.34
1.30
1.30
1.28
1.24
1.31
1.19
1.11
1.05
1.68
0.52	112.80
0.49
0.50
0.39
0.51
0.48
0.43
0.47
0.40
0.43
0.40
0.43
0.23
0.24
0.23
3.96
0.45
0.36
0.31
0.46
0.40
0.42
0.44
0.48
0.50
0.47
0.41
0.39
0.53
0.41
0.47
0.44
CorWatt	PkgWatt
58.36	250.68
1.22	136.90
1.29
1.30
1.29
1.10
1.73
1.18
1.21
1.18
1.24
1.27
1.27
1.24
1.30
1.29
1.18
1.20
1.31
1.21
1.31
1.25
1.25
1.25
1.36
1.26
1.29
1.26
1.23
1.28
1.22
1.24
1.25
0.49	113.78
0.43
0.41
0.44
0.44
0.38
0.44
0.36
0.46
0.43
0.46
0.61
0.30
0.27
0.28
2.84
1.13
0.37
0.35
0.35
0.45
0.46
0.41
0.47
0.40
0.41
0.41
0.41
0.67
1.91
0.31
0.31
CorWatt	PkgWatt
60.93	253.21
1.31	136.91
1.27
1.34
1.27
1.12
1.33
1.53
1.20
1.26
1.20
1.30
1.24
1.28
1.23
1.25
1.22
1.28
1.36
1.25
1.26
1.31
1.29
1.23
1.28
1.24
1.21
1.21
1.29
1.23
1.20
1.25
1.23
0.47	116.49
0.49
0.45
0.40
0.49
0.46
0.45
0.50
0.46
0.45
0.41
0.50
0.30
0.21
0.22
4.12
0.46
0.44
0.41
0.42
0.50
0.49
0.45
0.49
0.47
0.42
0.52
0.48
0.25
3.81
0.24
0.26
CorWatt	PkgWatt
65.85	258.72
1.32	137.13
1.23
1.35
1.28
1.05
1.71
1.12
1.21
1.23
1.19
1.19
1.34
1.24
1.29
1.21
1.31
1.29
1.25
1.26
1.34
1.23
1.33
1.28
1.27
1.29
1.21
1.23
1.30
1.22
1.19
1.21
1.28
0.56	121.46
0.47
0.45
0.51
2.92
0.39
0.34
0.33
0.46
0.50
0.51
0.45
0.35
0.38
0.42
1.78
0.47
0.51
0.45
0.54
0.43
0.55
0.51
0.48
0.25
1.46
0.26
4.00
2.66
1.55
0.22
0.25
CorWatt	PkgWatt
67.64	259.98
1.30	136.90
1.31
1.28
1.24
1.09
1.77
1.20
1.17
1.28
1.25
1.13
1.29
1.20
1.27
1.30
1.27
1.28
1.33
1.22
1.27
1.25
1.30
1.26
1.28
1.27
1.36
1.22
1.22
1.26
1.16
1.25
1.27
1.15	123.13
0.63
0.44
0.90
4.28
0.35
0.24
0.25
0.48
0.47
0.52
0.48
0.55
0.47
0.62
0.75
0.70
0.57
0.47
0.90
0.53
0.49
0.82
0.49
0.26
0.25
0.22
4.13
4.05
0.24
0.21
0.22
CorWatt	PkgWatt
60.96	253.67
1.22	136.80
1.33
1.34
1.24
1.19
1.09
1.57
1.24
1.24
1.26
1.19
1.27
1.22
1.25
1.18
1.30
1.29
1.25
1.25
1.32
1.34
1.29
1.27
1.20
1.24
1.25
1.19
1.26
1.26
1.19
1.25
1.23
0.53	116.83
0.46
0.40
0.45
0.52
0.43
0.41
0.60
0.40
0.44
0.50
0.52
0.45
0.68
0.53
0.45
0.45
0.47
0.39
0.48
3.83
0.27
0.31
0.26
0.45
0.41
0.45
0.55
1.64
2.47
0.24
0.28
CorWatt	PkgWatt
62.94	255.36
1.32	136.78
1.34
1.24
1.25
1.14
1.65
1.28
1.16
1.22
1.19
1.23
1.27
1.25
1.31
1.22
1.20
1.34
1.23
1.27
1.29
1.24
1.32
1.33
1.26
1.22
1.22
1.23
1.23
1.14
1.24
1.30
1.26
1.52	118.48
0.40
0.62
0.37
0.48
1.02
0.49
0.46
0.40
0.41
0.87
1.14
0.55
0.43
0.32
2.40
0.59
0.44
0.48
1.00
0.49
0.47
0.53
0.46
0.54
0.43
0.42
0.52
0.22
3.67
0.21
0.22
CorWatt	PkgWatt
64.46	257.18
1.28	137.14
1.32
1.25
1.38
1.18
1.32
1.53
1.24
1.22
1.28
1.20
1.22
1.18
1.27
1.20
1.30
1.28
1.28
1.29
1.32
1.29
1.25
1.27
1.26
1.25
1.22
1.24
1.28
1.22
1.23
1.25
1.26
0.61	120.06
0.51
0.48
0.51
0.52
0.50
0.47
0.50
0.63
0.49
0.59
0.45
0.33
0.39
3.41
0.61
0.47
0.44
1.11
0.44
0.47
3.08
0.31
0.33
0.47
0.44
0.57
0.49
3.30
0.53
0.23
0.23
CorWatt	PkgWatt
70.25	262.78
1.28	137.13
1.30
1.39
1.26
1.25
0.97
1.67
1.31
1.18
1.24
1.24
1.27
1.32
1.28
1.26
1.16
1.33
1.28
1.33
1.31
1.25
1.30
1.27
1.26
1.20
1.30
1.32
1.25
1.27
1.20
1.22
1.23
0.57	125.70
0.57
0.60
0.86
0.58
3.19
0.37
0.33
0.45
0.48
1.61
0.99
0.36
0.44
3.74
0.32
1.31
0.54
0.49
0.65
0.52
0.62
0.51
1.13
2.84
0.37
0.36
0.36
3.60
0.29
0.26
0.28
CorWatt	PkgWatt
71.18	263.71
1.28	136.82
1.30
1.28
1.28
1.14
1.12
1.56
1.25
1.24
1.20
1.25
1.21
1.25
1.31
1.24
1.26
1.26
1.24
1.34
1.32
1.24
1.26
1.31
1.29
1.24
1.23
1.32
1.30
1.27
1.13
1.24
1.31
0.74	126.79
0.55
0.72
0.68
0.37
3.67
0.38
0.33
0.79
1.20
0.55
0.47
0.45
0.41
3.74
0.33
1.38
1.21
0.51
0.48
0.57
0.53
1.11
0.91
3.32
0.29
0.31
0.29
3.58
0.30
0.27
0.30
CorWatt	PkgWatt
71.13	263.73
1.32	137.05
1.32
1.32
1.29
1.06
1.55
1.35
1.20
1.24
1.23
1.21
1.22
1.29
1.32
1.26
1.17
1.25
1.26
1.27
1.32
1.26
1.25
1.29
1.30
1.28
1.24
1.30
1.27
1.21
1.25
1.19
1.32
0.63	126.78
0.65
0.59
0.60
0.34
3.66
0.33
0.35
0.37
1.32
2.03
0.41
0.48
0.36
3.74
0.33
0.83
0.58
0.59
0.60
0.53
0.96
1.12
0.55
3.32
0.29
0.30
0.28
3.58
0.27
0.27
0.30
CorWatt	PkgWatt
70.86	263.42
1.25	136.33
1.31
1.29
1.27
1.13
1.52
1.29
1.17
1.22
1.22
1.21
1.23
1.24
1.25
1.20
1.20
1.26
1.24
1.26
1.28
1.31
1.28
1.28
1.25
1.27
1.28
1.20
1.24
1.27
1.19
1.23
1.22
0.89	127.03
0.44
0.57
1.77
0.35
3.67
0.39
0.30
0.88
0.64
0.93
0.55
0.43
0.31
3.74
0.29
0.88
0.56
0.49
0.74
0.95
0.70
1.05
0.55
3.32
0.28
0.30
0.30
3.59
0.35
0.28
0.29
CorWatt	PkgWatt
70.97	263.93
1.32	137.23
1.26
1.35
1.20
1.10
1.32
1.51
1.20
1.25
1.21
1.29
1.22
1.24
1.30
1.11
1.31
1.26
1.30
1.35
1.23
1.21
1.31
1.33
1.26
1.28
1.30
1.25
1.21
1.27
1.22
1.28
1.24
0.85	126.72
1.58
0.74
0.50
0.33
3.67
0.34
0.30
0.57
0.59
0.55
1.00
0.41
0.33
3.75
0.30
0.64
0.56
0.63
0.58
0.52
1.25
0.97
0.73
3.32
0.33
0.36
0.29
3.59
0.30
0.29
0.31
CorWatt	PkgWatt
71.60	264.46
1.25	137.47
1.32
1.30
1.31
1.16
1.18
1.76
1.19
1.20
1.23
1.21
1.32
1.19
1.27
1.21
1.31
1.26
1.33
1.30
1.25
1.25
1.25
1.33
1.27
1.26
1.28
1.24
1.21
1.27
1.21
1.33
1.32
0.53	127.01
1.09
1.06
1.11
0.32
3.66
0.39
0.29
0.51
1.65
0.51
0.82
0.48
0.38
3.74
0.36
0.62
0.54
0.64
0.64
0.58
0.60
0.61
0.95
3.32
0.31
0.31
0.29
3.59
0.33
0.28
0.31
CorWatt	PkgWatt
71.56	264.41
1.29	136.89
1.36
1.24
1.26
1.14
1.12
1.61
1.22
1.26
1.25
1.24
1.23
1.22
1.28
1.29
1.24
1.23
1.27
1.23
1.25
1.15
1.18
1.40
1.30
1.19
1.31
1.27
1.27
1.27
1.27
1.27
1.27
0.59	127.45
1.05
0.62
0.63
0.36
3.67
0.37
0.32
0.95
1.12
0.84
0.49
0.47
0.38
3.74
0.34
0.74
0.62
0.74
0.89
0.75
0.71
0.96
1.03
3.32
0.32
0.31
0.31
3.59
0.33
0.31
0.31
CorWatt	PkgWatt
71.56	264.12
1.26	137.16
1.32
1.33
1.28
1.23
1.26
1.29
1.32
1.21
1.29
1.23
1.27
1.29
1.23
1.28
1.28
1.21
1.35
1.26
1.31
1.29
1.28
1.29
1.25
1.26
1.27
1.28
1.24
1.06
1.54
1.30
1.26
0.81	126.94
0.56
0.53
1.11
0.34
3.68
0.33
0.33
0.74
1.09
1.22
0.47
0.41
0.41
3.75
0.35
0.55
0.59
0.83
0.63
0.63
0.50
1.16
0.91
3.33
0.34
0.31
0.30
3.58
0.34
0.33
0.31
CorWatt	PkgWatt
71.30	264.10
1.21	137.27
1.36
1.26
1.35
1.31
1.25
1.26
1.31
1.19
1.18
1.34
1.22
1.24
1.34
1.25
1.29
1.23
1.30
1.29
1.28
1.15
1.31
1.36
1.23
1.29
1.23
1.34
1.30
1.09
1.11
1.61
1.28
0.57	126.84
0.75
0.82
1.34
0.34
3.67
0.33
0.32
1.06
0.51
0.54
0.94
0.36
0.43
3.75
0.32
0.55
0.60
1.08
0.52
1.35
0.64
0.57
0.52
3.32
0.29
0.31
0.31
3.59
0.28
0.26
0.30
CorWatt	PkgWatt
71.39	264.21
1.28	137.09
1.31
1.26
1.27
1.21
1.32
1.27
1.22
1.18
1.25
1.26
1.24
1.25
1.30
1.30
1.27
1.30
1.28
1.24
1.26
1.24
1.29
1.32
1.27
1.27
1.25
1.31
1.30
1.04
1.02
1.69
1.29
0.82	127.20
0.83
0.61
1.18
0.35
3.67
0.36
0.30
0.54
1.09
0.61
0.58
0.35
0.45
3.76
0.35
0.42
1.65
0.86
0.77
0.60
0.70
0.66
0.62
3.32
0.26
0.29
0.27
3.59
0.33
0.32
0.33
CorWatt	PkgWatt
72.31	268.50
1.34	139.98
1.37
1.31
1.26
1.32
1.34
1.23
1.31
1.34
1.23
1.26
1.25
1.33
1.26
1.31
1.25
1.29
1.37
1.30
1.28
1.28
1.33
1.32
1.31
1.32
1.30
1.35
1.28
1.07
1.46
1.42
1.24
0.53	128.39
0.49
0.60
1.04
0.83
2.63
0.37
0.34
1.50
1.00
0.47
0.47
0.72
0.80
3.80
0.37
0.56
0.93
1.26
0.58
0.79
0.57
0.59
0.93
2.35
0.37
0.32
0.91
3.66
0.30
0.28
0.29
CorWatt	PkgWatt
72.85	270.01
1.24	140.60
1.42
1.33
1.32
1.38
1.32
1.29
1.33
1.24
1.29
1.24
1.32
1.28
1.31
1.23
1.23
1.29
1.36
1.37
1.31
1.28
1.31
1.41
1.33
1.23
1.25
1.35
1.39
1.14
1.04
1.77
1.24
0.86	129.48
0.56
0.99
0.61
0.74
3.01
0.39
0.33
0.74
0.52
0.80
1.77
0.51
0.60
3.81
0.48
0.67
0.76
0.55
0.56
0.62
0.61
0.50
1.41
2.73
0.35
0.36
0.65
3.67
0.33
0.28
0.30
CorWatt	PkgWatt
71.19	264.01
1.32	136.97
1.34
1.24
1.27
1.27
1.22
1.21
1.34
1.21
1.23
1.15
1.26
1.23
1.29
1.25
1.19
1.28
1.27
1.30
1.33
1.28
1.22
1.33
1.23
1.30
1.25
1.25
1.21
1.15
1.02
1.73
1.18
0.62	127.04
0.67
0.55
0.72
0.34
3.68
0.32
0.31
0.46
0.49
0.52
2.22
0.35
0.45
3.77
0.35
0.81
0.80
0.65
0.74
1.73
0.51
0.58
0.56
3.32
0.28
0.31
0.30
3.60
0.27
0.26
0.30
CorWatt	PkgWatt
71.81	264.62
1.28	137.45
1.34
1.24
1.35
1.27
1.33
1.26
1.26
1.31
1.27
1.22
1.22
1.32
1.28
1.28
1.16
1.35
1.35
1.23
1.27
1.20
1.38
1.33
1.26
1.24
1.27
1.30
1.25
1.19
1.16
1.57
1.23
0.63	127.23
0.90
1.24
0.51
0.35
3.67
0.32
0.33
1.04
0.86
0.52
1.05
0.35
0.40
3.77
0.32
0.57
0.79
0.55
1.35
0.67
0.66
0.54
0.66
3.31
0.32
0.32
0.33
3.59
0.31
0.31
0.32
CorWatt	PkgWatt
71.33	264.42
1.27	137.31
1.31
1.37
1.23
1.29
1.28
1.32
1.25
1.26
1.27
1.19
1.24
1.19
1.24
1.34
1.25
1.29
1.28
1.24
1.30
1.28
1.29
1.25
1.26
1.31
1.26
1.23
1.27
1.05
1.30
1.57
1.18
0.88	127.05
0.62
0.60
0.99
0.32
3.68
0.34
0.33
1.43
0.72
0.47
0.52
0.96
0.45
2.91
0.79
0.49
0.54
1.44
0.52
0.58
0.53
0.81
1.02
3.32
0.32
0.30
0.28
3.52
0.33
0.29
0.33
CorWatt	PkgWatt
71.71	264.88
1.25	137.69
1.26
1.29
1.34
1.28
1.21
1.32
1.32
1.25
1.27
1.23
1.19
1.29
1.28
1.27
1.26
1.32
1.30
1.24
1.34
1.29
1.21
1.30
1.24
1.19
1.31
1.26
1.34
1.10
1.45
1.37
1.23
0.93	127.24
1.35
0.75
0.53
0.40
3.69
0.33
0.33
0.77
0.74
0.56
1.02
3.56
0.50
0.54
0.43
0.56
0.71
0.58
0.97
0.67
0.99
0.62
0.64
3.33
0.31
0.29
0.32
3.60
0.31
0.32
0.30
CorWatt	PkgWatt
71.35	264.23
1.29	137.43
1.28
1.30
1.28
1.24
1.29
1.35
1.27
1.27
1.27
1.29
1.16
1.31
1.31
1.25
1.30
1.45
1.32
1.18
1.25
1.22
1.27
1.24
1.29
1.28
1.32
1.27
1.23
1.07
1.42
1.46
1.19
0.42	126.75
0.67
1.55
1.39
0.34
3.69
0.35
0.31
1.01
0.84
0.58
0.64
3.73
0.41
0.37
0.31
0.58
0.59
0.62
0.64
0.87
0.72
0.57
0.62
3.32
0.31
0.23
0.26
3.60
0.29
0.28
0.29
CorWatt	PkgWatt
71.70	264.46
1.32	137.39
1.29
1.37
1.28
1.30
1.31
1.28
1.26
1.22
1.25
1.26
1.32
1.29
1.25
1.23
1.28
1.34
1.34
1.31
1.21
1.32
1.28
1.20
1.26
1.24
1.29
1.24
1.25
1.06
1.69
1.23
1.13
0.67	127.12
0.80
0.65
0.82
0.33
3.69
0.34
0.33
0.47
0.83
1.07
1.49
3.73
0.35
0.31
0.45
0.91
0.61
0.65
0.55
0.67
0.97
0.62
0.74
3.33
0.30
0.30
0.32
3.61
0.32
0.28
0.31
CorWatt	PkgWatt
70.98	263.97
1.29	137.17
1.26
1.36
1.31
1.33
1.25
1.24
1.24
1.25
1.21
1.26
1.25
1.19
1.20
1.27
1.28
1.24
1.35
1.24
1.35
1.27
1.37
1.27
1.28
1.25
1.34
1.25
1.20
1.08
1.58
1.21
1.13
0.63	126.81
0.57
0.74
0.56
0.32
3.68
0.34
0.32
1.25
1.45
0.52
0.57
3.73
0.33
0.42
0.33
0.53
0.93
0.54
0.89
0.74
0.58
0.70
1.04
3.33
0.29
0.30
0.31
3.60
0.26
0.26
0.29
CorWatt	PkgWatt
71.13	264.26
1.28	137.08
1.21
1.28
1.34
1.22
1.23
1.30
1.27
1.31
1.25
1.16
1.23
1.25
1.25
1.25
1.23
1.28
1.27
1.23
1.27
1.34
1.19
1.20
1.27
1.23
1.25
1.31
1.27
1.08
1.10
1.61
1.25
0.60	127.24
0.68
0.82
0.88
0.35
3.68
0.33
0.32
1.26
0.56
0.59
0.58
3.73
0.35
0.41
0.35
0.71
0.46
1.19
1.19
0.73
0.94
0.73
0.64
3.33
0.32
0.32
0.33
3.58
0.36
0.31
0.30
CorWatt	PkgWatt
70.58	263.52
1.22	137.11
1.33
1.21
1.25
1.30
1.32
1.24
1.24
1.23
1.21
1.23
1.30
1.29
1.19
1.25
1.26
1.29
1.27
1.33
1.23
1.27
1.26
1.27
1.26
1.29
1.23
1.28
1.20
1.14
1.05
1.73
1.17
0.54	126.61
0.64
0.60
1.16
0.35
3.67
0.37
0.31
0.71
1.42
0.44
1.04
3.71
0.32
0.41
0.34
0.61
0.57
0.55
0.59
0.54
1.23
1.00
0.51
3.33
0.30
0.28
0.32
3.60
0.26
0.26
0.31
CorWatt	PkgWatt
71.08	264.26
1.32	136.82
1.29
1.22
1.25
1.25
1.33
1.32
1.21
1.28
1.17
1.18
1.33
1.32
1.19
1.26
1.24
1.24
1.25
1.37
1.15
1.30
1.26
1.21
1.31
1.29
1.26
1.21
1.27
1.08
1.04
1.65
1.20
0.63	127.19
1.72
0.60
0.77
0.35
3.68
0.35
0.34
0.93
0.53
0.75
0.66
3.72
0.33
0.40
0.39
0.69
0.92
0.53
0.72
0.57
0.74
0.57
1.21
3.33
0.29
0.29
0.30
3.60
0.27
0.29
0.30
CorWatt	PkgWatt
71.09	264.05
1.29	137.12
1.29
1.29
1.26
1.27
1.27
1.31
1.22
1.29
1.23
1.22
1.20
1.25
1.21
1.24
1.24
1.24
1.19
1.30
1.34
1.27
1.31
1.23
1.34
1.26
1.22
1.29
1.30
1.03
1.67
1.27
1.18
0.59	126.98
0.59
0.91
1.14
0.33
3.68
0.38
0.32
0.54
0.42
0.55
1.63
3.72
0.36
0.35
0.37
1.01
0.70
0.52
0.65
0.98
0.60
0.94
0.66
3.33
0.31
0.28
0.29
3.60
0.27
0.26
0.31
CorWatt	PkgWatt
69.14	262.31
1.22	137.05
1.22
1.30
1.25
1.29
1.23
1.33
1.21
1.26
1.15
1.23
1.21
1.30
1.25
1.18
1.19
1.21
1.24
1.42
1.28
1.27
1.34
1.31
1.33
1.29
1.23
1.29
1.28
1.15
1.43
1.21
1.24
0.54	125.18
0.58
0.74
1.00
0.35
3.61
0.32
0.31
0.52
0.92
0.47
1.43
1.89
0.38
1.94
0.30
0.59
1.47
0.48
0.77
0.58
0.57
0.61
0.87
1.70
0.31
0.30
1.90
1.92
0.47
0.48
0.51
CorWatt	PkgWatt
67.12	260.26
1.27	136.90
1.30
1.29
1.21
1.24
1.22
1.31
1.24
1.20
1.31
1.25
1.16
1.25
1.21
1.27
1.18
1.26
1.22
1.28
1.37
1.27
1.29
1.31
1.25
1.11
1.43
1.32
1.22
1.25
1.18
1.17
1.23
1.06	123.34
0.52
0.49
0.61
1.71
2.22
0.30
0.26
0.47
0.45
1.13
0.58
1.79
0.40
1.99
0.32
0.55
0.51
0.58
0.59
0.75
0.51
0.45
1.57
1.56
0.28
0.26
2.00
0.57
1.63
0.46
0.50
CorWatt	PkgWatt
67.70	260.67
1.34	137.25
1.21
1.35
1.21
1.33
1.26
1.26
1.23
1.20
1.36
1.20
1.23
1.22
1.30
1.25
1.21
1.32
1.20
1.24
1.28
1.37
1.28
1.27
1.28
1.08
1.62
1.26
1.17
1.18
1.23
1.29
1.24
0.54	123.50
0.91
0.50
0.63
3.52
0.39
0.28
0.27
0.57
0.54
0.61
0.59
3.65
0.30
0.28
0.39
0.78
2.59
0.29
0.95
0.61
0.63
0.64
0.56
3.25
0.28
0.27
0.27
0.52
0.49
0.64
0.51
CorWatt	PkgWatt
63.57	256.72
1.29	136.77
1.23
1.29
1.24
1.27
1.29
1.28
1.23
1.19
1.23
1.18
1.23
1.22
1.29
1.18
1.22
1.27
1.24
1.26
1.25
1.24
1.31
1.28
1.21
1.06
1.68
1.19
1.18
1.25
1.23
1.27
1.24
1.14	119.85
0.54
0.47
0.49
3.33
0.41
0.28
0.25
0.47
0.45
0.56
0.60
2.33
0.29
1.31
0.37
0.50
0.51
0.52
0.49
0.46
0.51
0.53
0.51
2.20
0.36
0.41
0.36
0.54
1.51
0.50
0.37
CorWatt	PkgWatt
63.79	256.97
1.36	137.47
1.26
1.29
1.23
1.26
1.23
1.32
1.32
1.21
1.21
1.28
1.26
1.22
1.23
1.31
1.21
1.27
1.25
1.23
1.32
1.25
1.26
1.29
1.27
1.06
1.67
1.27
1.18
1.20
1.21
1.32
1.22
0.50	119.61
0.51
0.47
0.49
3.59
0.36
0.27
0.25
0.34
0.38
0.36
2.62
1.38
0.28
2.35
0.34
0.58
0.51
0.51
0.49
0.47
0.43
0.47
0.53
0.52
0.50
0.46
0.50
0.45
1.52
0.45
0.49
CorWatt	PkgWatt
61.47	254.56
1.28	137.16
1.31
1.30
1.31
1.24
1.28
1.28
1.23
1.19
1.28
1.24
1.13
1.17
1.21
1.30
1.29
1.30
1.30
1.27
1.26
1.19
1.25
1.25
1.30
1.11
1.70
1.23
1.20
1.25
1.21
1.24
1.25
0.55	117.41
0.45
0.50
0.53
2.26
1.72
0.27
0.24
0.28
0.23
1.17
2.79
0.54
0.41
1.28
0.52
0.47
0.42
0.41
0.45
0.51
0.47
0.47
0.50
0.51
0.48
0.42
0.51
0.41
0.47
0.48
0.44
CorWatt	PkgWatt
60.28	253.22
1.29	137.33
1.35
1.26
1.29
1.23
1.19
1.31
1.31
1.19
1.25
1.19
1.23
1.25
1.20
1.22
1.24
1.33
1.19
1.30
1.29
1.30
1.24
1.27
1.29
1.15
1.36
1.51
1.22
1.28
1.26
1.18
1.29
0.48	115.86
0.45
0.46
0.44
3.64
0.37
0.27
0.27
0.26
0.26
3.59
0.31
0.59
0.46
0.37
0.62
0.58
0.47
0.43
0.36
0.45
0.42
0.46
0.49
0.45
0.40
0.39
0.44
0.38
0.49
0.38
0.41
CorWatt	PkgWatt
53.24	245.34
1.30	136.84
1.31
1.23
1.25
1.24
1.28
1.30
1.26
1.20
1.21
1.26
1.16
1.17
1.25
1.24
1.26
1.15
1.36
1.29
1.26
1.30
1.24
1.35
1.27
1.15
1.58
1.18
1.22
1.26
1.25
1.19
1.22
0.37	108.43
0.45
0.34
0.43
0.53
0.39
0.40
0.34
0.32
0.31
0.46
0.37
0.40
0.38
0.37
0.48
0.36
1.24
0.33
0.35
0.42
0.41
0.45
0.39
0.38
0.35
0.34
0.34
0.41
0.30
0.33
0.31
CorWatt	PkgWatt
56.24	248.99
1.30	136.62
1.35
1.19
1.29
1.21
1.24
1.22
1.29
1.25
1.14
1.17
1.24
1.27
1.24
1.12
1.23
1.30
1.19
1.25
1.29
1.30
1.27
1.27
1.20
1.14
1.38
1.10
1.43
1.21
1.23
1.20
1.27
0.37	112.46
0.43
0.47
0.45
0.42
0.42
0.35
0.41
0.38
0.37
0.44
0.46
0.48
0.36
0.43
0.40
0.23
3.74
0.30
0.24
0.49
0.45
0.50
0.52
0.40
0.41
0.39
0.44
0.41
0.37
0.48
0.46
CorWatt	PkgWatt
55.69	248.19
1.49	137.01
1.27
1.24
1.20
1.27
1.25
1.30
1.22
1.24
1.14
1.15
1.27
1.30
1.24
1.23
1.22
1.20
1.28
1.24
1.34
1.26
1.22
1.30
1.36
1.15
1.45
1.24
1.19
1.28
1.16
1.28
1.30
0.39	111.12
0.40
0.38
0.47
0.42
0.44
0.37
0.44
0.36
0.48
0.40
0.43
1.67
0.34
0.34
0.29
0.36
1.67
0.47
0.47
0.40
0.40
0.44
0.41
0.36
0.43
0.35
0.38
0.35
0.43
0.41
0.43
CorWatt	PkgWatt
57.92	250.64
1.28	137.04
1.55
1.18
1.16
1.22
1.21
1.30
1.30
1.25
1.26
1.15
1.23
1.19
1.30
1.26
1.20
1.27
1.21
1.24
1.24
1.28
1.24
1.29
1.28
1.20
1.24
1.29
1.26
1.22
1.22
1.29
1.25
3.56	113.64
0.31
0.27
0.35
0.47
0.48
0.47
0.45
0.42
0.44
0.40
0.47
0.35
0.28
2.14
0.27
0.46
0.40
0.35
0.48
0.43
0.39
0.40
0.48
0.41
0.45
0.40
0.47
0.42
0.40
0.41
0.38
CorWatt	PkgWatt
60.29	252.90
1.17	137.03
1.71
1.19
1.10
1.22
1.28
1.32
1.22
1.28
1.23
1.20
1.26
1.21
1.26
1.22
1.27
1.18
1.31
1.25
1.29
1.34
1.24
1.19
1.26
1.33
1.24
1.24
1.26
1.19
1.30
1.21
1.29
3.96	115.80
0.34
0.23
0.32
0.50
0.46
0.43
0.44
0.39
0.39
0.50
0.45
0.23
0.22
3.55
0.22
0.42
0.44
0.39
0.51
0.48
0.56
0.49
0.50
0.48
0.41
0.48
0.42
0.45
0.47
0.45
0.46
CorWatt	PkgWatt
60.18	253.02
1.10	136.77
1.68
1.20
1.17
1.21
1.23
1.26
1.29
1.22
1.22
1.13
1.34
1.29
1.21
1.21
1.17
1.19
1.31
1.32
1.18
1.35
1.31
1.27
1.24
1.23
1.18
1.31
1.24
1.19
1.26
1.18
1.26
3.96	116.20
0.28
0.23
0.34
0.39
0.37
0.35
2.24
0.51
0.51
0.54
0.43
0.34
0.36
1.80
0.33
0.52
0.49
0.47
0.46
0.44
0.44
0.47
0.49
0.40
0.42
0.49
0.44
0.44
0.49
0.45
0.39
CorWatt	PkgWatt
61.07	253.73
1.34	136.95
1.56
1.20
1.10
1.33
1.23
1.25
1.17
1.21
1.25
1.15
1.28
1.17
1.30
1.23
1.20
1.28
1.34
1.27
1.25
1.29
1.27
1.28
1.26
1.21
1.29
1.29
1.23
1.20
1.26
1.16
1.30
3.94	116.81
0.33
0.24
0.33
0.24
0.23
0.24
3.65
0.43
0.40
0.45
0.48
0.43
0.46
0.49
0.53
0.47
0.46
0.47
0.47
0.46
0.45
0.55
0.43
1.32
0.46
0.33
0.40
0.46
0.46
0.40
0.49
CorWatt	PkgWatt
65.30	257.97
1.10	137.28
1.81
1.23
1.22
1.27
1.28
1.19
1.25
1.21
1.32
1.16
1.20
1.26
1.27
1.26
1.28
1.24
1.33
1.25
1.24
1.23
1.29
1.29
1.35
1.29
1.25
1.31
1.26
1.22
1.29
1.22
1.17
3.94	120.68
0.34
0.27
0.36
0.40
0.37
0.37
1.73
0.55
0.54
0.49
0.54
0.47
0.49
0.48
0.42
0.34
3.21
0.29
0.27
0.52
0.55
0.53
0.53
4.04
0.23
0.26
0.23
0.48
0.52
0.50
0.50
CorWatt	PkgWatt
63.18	256.10
1.18	137.01
1.64
1.21
1.14
1.23
1.26
1.25
1.22
1.21
1.25
1.22
1.25
1.26
1.24
1.27
1.26
1.24
1.31
1.23
1.29
1.25
1.22
1.34
1.27
1.25
1.22
1.25
1.21
1.18
1.21
1.25
1.27
3.95	119.10
0.28
0.24
0.33
0.58
0.49
0.48
0.52
0.48
0.50
0.41
0.49
0.43
0.54
0.50
0.48
0.24
3.81
0.26
0.25
0.57
0.45
0.49
0.54
3.13
0.26
0.26
0.26
0.48
0.44
0.48
0.48
CorWatt	PkgWatt
59.38	252.06
1.43	137.25
1.19
1.13
1.50
1.20
1.18
1.26
1.28
1.22
1.25
1.24
1.25
1.20
1.24
1.27
1.34
1.31
1.21
1.29
1.29
1.27
1.32
1.28
1.30
1.25
1.23
1.30
1.23
1.22
1.20
1.23
1.28
3.94	114.81
0.33
0.24
0.23
0.45
0.50
0.45
0.42
0.53
0.47
0.42
0.38
0.35
0.37
2.27
0.34
0.43
0.79
0.41
0.39
0.56
0.54
0.49
0.42
0.40
0.41
0.43
0.36
0.38
0.49
0.40
0.40
CorWatt	PkgWatt
60.80	253.46
1.11	137.08
1.61
1.19
1.25
1.26
1.28
1.22
1.23
1.29
1.22
1.26
1.18
1.33
1.16
1.23
1.22
1.31
1.30
1.29
1.17
1.21
1.23
1.34
1.33
1.23
1.30
1.25
1.33
1.23
1.23
1.21
1.20
3.95	116.43
0.33
0.23
0.23
0.40
0.52
0.48
0.45
0.49
0.42
0.38
0.44
0.22
0.23
4.09
0.22
0.45
0.45
0.42
0.43
0.64
0.58
0.59
0.43
0.49
0.44
0.41
0.48
0.40
0.41
0.52
0.40
CorWatt	PkgWatt
61.62	254.30
1.21	136.71
1.26
1.08
1.52
1.23
1.26
1.26
1.21
1.27
1.17
1.19
1.25
1.24
1.24
1.28
1.17
1.28
1.24
1.28
1.25
1.24
1.26
1.31
1.29
1.34
1.22
1.23
1.23
1.17
1.28
1.23
1.19
3.95	117.62
0.27
0.23
0.24
0.39
0.42
0.34
2.26
0.52
0.41
0.48
0.44
0.35
0.34
2.27
0.41
0.48
0.49
0.44
0.52
0.62
0.62
0.49
0.41
1.20
0.36
0.49
0.41
0.46
0.47
0.47
0.51
CorWatt	PkgWatt
64.18	256.97
1.27	137.00
1.29
1.26
1.23
1.25
1.25
1.27
1.23
1.27
1.28
1.23
1.20
1.19
1.29
1.23
1.21
1.26
1.26
1.30
1.26
1.26
1.25
1.29
1.29
1.22
1.27
1.27
1.32
1.04
1.71
1.16
1.09
3.94	120.03
0.31
0.23
0.23
0.26
0.25
0.26
4.10
0.46
0.42
0.50
0.50
0.47
0.43
0.61
0.46
0.46
0.52
0.47
0.52
0.75
0.59
0.55
0.44
3.70
0.22
0.23
0.23
0.52
0.42
0.46
0.50
CorWatt	PkgWatt
63.10	256.28
1.24	137.20
1.29
1.23
1.30
1.23
1.28
1.28
1.28
1.21
1.18
1.29
1.22
1.27
1.24
1.22
1.21
1.29
1.27
1.23
1.26
1.20
1.33
1.29
1.30
1.26
1.24
1.30
1.25
1.07
1.62
1.24
1.12
0.80	119.10
0.47
0.52
0.42
0.41
0.33
0.34
2.23
0.51
0.54
0.47
0.44
0.51
0.44
0.52
0.48
4.00
0.27
0.26
0.32
0.68
0.54
0.59
0.47
3.66
0.25
0.24
0.27
0.44
0.47
0.43
0.54
CorWatt	PkgWatt
62.85	255.90
1.27	137.40
1.22
1.29
1.32
1.27
1.32
1.29
1.25
1.22
1.23
1.20
1.31
1.24
1.30
1.29
1.16
1.29
1.22
1.32
1.22
1.28
1.34
1.32
1.22
1.20
1.32
1.21
1.32
1.04
1.22
1.56
1.23
0.50	118.33
0.45
0.51
0.50
0.55
0.49
0.51
0.43
0.45
0.45
0.45
0.45
0.40
1.92
0.40
0.37
4.46
0.31
0.24
0.24
0.53
0.55
0.59
0.40
3.54
0.24
0.26
0.23
0.49
0.48
0.46
0.46
CorWatt	PkgWatt
59.96	252.98
1.24	136.56
1.28
1.32
1.17
1.28
1.27
1.20
1.27
1.22
1.23
1.23
1.18
1.15
1.19
1.29
1.20
1.27
1.31
1.18
1.21
1.25
1.26
1.24
1.23
1.33
1.24
1.25
1.19
1.03
1.10
1.58
1.20
0.50	116.49
0.42
0.52
0.49
0.49
0.46
0.43
0.47
0.54
0.42
0.49
0.43
0.32
3.57
0.28
0.24
0.88
0.42
0.43
0.42
0.41
0.58
0.67
0.49
2.05
1.60
0.27
0.25
0.47
0.43
0.49
0.44
CorWatt	PkgWatt
64.55	257.49
1.26	137.01
1.24
1.36
1.28
1.30
1.26
1.23
1.28
1.18
1.30
1.15
1.22
1.21
1.19
1.33
1.20
1.26
1.21
1.28
1.30
1.25
1.31
1.30
1.23
1.18
1.30
1.24
1.30
1.06
1.51
1.25
1.17
0.61	120.44
0.54
0.51
0.57
1.92
0.44
0.42
0.40
0.55
0.54
0.51
0.55
0.31
3.56
0.23
0.23
0.56
0.52
0.53
0.52
0.31
0.43
0.36
3.07
3.41
0.25
0.23
0.23
0.47
0.54
0.55
0.54
CorWatt	PkgWatt
48.05	226.76
0.76	112.96
0.84
0.81
0.85
0.77
0.78
0.74
0.78
0.75
0.70
0.78
0.75
0.73
0.72
0.76
0.77
0.76
0.75
0.78
0.81
0.78
0.74
0.72
0.77
0.70
0.76
0.78
0.82
0.59
0.95
0.77
0.70
0.45	114.03
0.44
0.42
0.40
3.54
0.31
0.33
0.29
0.36
0.37
0.41
0.35
0.27
3.46
0.24
0.25
0.40
0.40
0.38
0.41
0.27
0.36
0.28
3.49
3.24
0.29
0.26
0.30
0.44
0.40
0.36
0.45
CorWatt	PkgWatt
25.48	182.39
0.18	80.95
0.12
0.16
0.13
0.13
0.11
0.11
0.11
0.11
0.11
0.11
0.13
0.10
0.10
0.10
0.10
0.16
0.12
0.12
0.12
0.12
0.11
0.11
0.11
0.18
0.11
0.11
0.11
0.11
0.11
0.11
0.10
0.18	101.38
0.18
0.18
0.18
3.55
0.23
0.23
0.23
0.17
0.17
0.17
0.17
0.22
3.39
0.22
0.21
0.22
2.46
0.22
0.22
0.24
0.26
0.24
3.50
3.23
0.22
0.25
0.22
0.17
0.17
0.17
0.18
CorWatt	PkgWatt
25.65	177.71
0.10	77.31
0.10
0.10
0.10
0.09
0.09
0.09
0.09
0.09
0.09
0.08
0.09
0.08
0.08
0.08
0.08
0.09
0.09
0.09
0.09
0.11
0.10
0.10
0.10
0.09
0.09
0.09
0.09
0.09
0.09
0.09
0.09
0.18	100.36
0.18
0.18
0.18
3.70
0.23
0.23
0.22
0.17
0.17
0.17
0.17
0.22
3.41
0.21
0.21
0.23
3.31
0.22
0.23
0.24
0.24
0.23
3.50
3.37
0.22
0.22
0.22
0.17
0.17
0.17
0.17
CorWatt	PkgWatt
38.70	202.31
0.47	94.69
0.47
0.43
0.47
0.44
0.40
0.48
0.44
0.39
0.37
0.35
0.59
0.43
0.45
0.46
0.41
0.46
0.39
0.48
0.45
0.49
0.42
0.46
0.43
0.44
0.44
0.45
0.42
0.42
0.44
0.45
0.42
0.30	107.53
0.28
0.27
0.33
3.69
0.27
0.25
0.23
0.27
0.28
0.25
0.32
0.23
3.42
0.21
0.22
0.26
3.30
0.25
0.26
0.27
0.28
0.30
3.50
3.38
0.22
0.22
0.22
0.30
0.35
0.32
0.30
CorWatt	PkgWatt
70.24	262.69
1.25	137.42
1.32
1.31
1.32
1.31
1.30
1.31
1.22
1.36
1.18
1.12
1.40
1.30
1.21
1.26
1.29
1.28
1.34
1.30
1.20
1.30
1.22
1.38
1.24
1.27
1.30
1.25
1.34
1.22
1.26
1.21
1.31
0.63	125.36
0.59
0.58
0.70
3.66
0.34
0.33
0.31
0.68
0.59
0.58
0.54
0.30
3.44
0.28
0.31
0.26
3.29
0.25
0.32
0.34
0.33
0.50
3.49
3.35
0.27
0.29
0.30
0.63
0.63
0.57
0.68
CorWatt	PkgWatt
70.07	262.81
1.35	137.14
1.22
1.30
1.31
1.26
1.26
1.30
1.32
1.70
1.19
1.04
1.06
1.26
1.23
1.23
1.24
1.29
1.26
1.41
1.24
1.24
1.27
1.33
1.24
1.29
1.23
1.27
1.25
1.16
1.28
1.26
1.30
0.66	125.55
0.59
0.60
0.66
3.67
0.32
0.32
0.28
0.59
0.64
0.59
0.63
0.30
3.44
0.32
0.30
0.30
3.28
0.31
0.32
0.33
0.43
0.36
3.49
3.35
0.28
0.25
0.29
0.58
0.63
0.72
0.60
CorWatt	PkgWatt
69.75	262.55
1.24	136.93
1.28
1.30
1.21
1.33
1.27
1.26
1.21
1.47
1.13
1.15
1.24
1.30
1.18
1.24
1.22
1.24
1.23
1.24
1.34
1.22
1.36
1.26
1.23
1.29
1.26
1.27
1.29
1.20
1.26
1.30
1.20
0.60	125.75
0.63
0.64
0.63
3.67
0.38
0.33
0.32
0.67
0.63
0.57
0.69
0.31
3.44
0.29
0.29
0.32
3.28
0.30
0.35
0.33
0.46
0.32
3.49
3.35
0.28
0.29
0.30
0.66
0.64
0.58
0.56
CorWatt	PkgWatt
69.70	262.59
1.29	137.20
1.27
1.30
1.27
1.23
1.30
1.30
1.28
1.58
1.19
1.08
1.19
1.22
1.23
1.26
1.20
1.27
1.23
1.32
1.26
1.25
1.26
1.30
1.27
1.30
1.27
1.24
1.29
1.25
1.23
1.15
1.23
0.68	125.48
0.61
0.69
0.62
3.67
0.37
0.35
0.35
0.61
0.60
0.55
0.69
0.25
3.45
0.33
0.27
0.32
3.29
0.29
0.32
0.32
0.44
0.32
3.49
3.35
0.29
0.26
0.28
0.67
0.57
0.54
0.58
CorWatt	PkgWatt
69.97	262.88
1.26	137.05
1.31
1.34
1.27
1.30
1.27
1.25
1.23
1.21
1.07
1.06
1.73
1.20
1.24
1.24
1.23
1.24
1.26
1.31
1.32
1.30
1.29
1.28
1.25
1.18
1.21
1.34
1.30
1.29
1.23
1.22
1.22
0.67	125.66
0.60
0.63
0.67
3.67
0.37
0.37
0.30
0.59
0.61
0.60
0.59
0.30
3.44
0.32
0.27
0.30
3.29
0.26
0.28
0.32
0.41
0.38
3.49
3.36
0.28
0.29
0.27
0.63
0.61
0.67
0.65
CorWatt	PkgWatt
66.28	259.50
1.33	137.13
1.32
1.22
1.20
1.31
1.27
1.25
1.24
1.45
1.11
1.09
1.40
1.22
1.19
1.19
1.26
1.24
1.22
1.33
1.27
1.31
1.23
1.30
1.28
1.27
1.24
1.25
1.29
1.18
1.26
1.23
1.20
0.56	122.43
0.50
0.56
0.60
0.79
0.38
3.07
0.34
0.51
0.59
0.54
0.55
0.31
3.38
0.28
0.24
0.33
3.10
0.28
0.27
0.48
0.72
0.75
0.85
3.19
0.29
0.23
0.29
0.55
0.57
0.53
0.54
CorWatt	PkgWatt
66.07	259.19
1.21	137.56
1.25
1.28
1.38
1.23
1.30
1.31
1.28
1.25
1.15
1.00
1.61
1.30
1.24
1.21
1.28
1.36
1.34
1.31
1.21
1.24
1.25
1.33
1.26
1.37
1.21
1.22
1.29
1.18
1.23
1.30
1.20
0.55	121.65
0.59
0.50
0.49
0.32
0.36
3.49
0.28
0.57
0.54
0.48
0.57
0.25
0.93
2.78
0.24
0.25
3.14
0.29
0.25
0.51
0.63
0.76
0.58
3.24
0.27
0.25
0.24
0.54
0.52
0.53
0.54
CorWatt	PkgWatt
66.24	259.29
1.26	136.97
1.22
1.33
1.28
1.33
1.22
1.26
1.23
1.51
1.19
1.03
1.30
1.23
1.26
1.17
1.28
1.29
1.32
1.24
1.28
1.16
1.27
1.31
1.26
1.18
1.25
1.30
1.30
1.17
1.27
1.31
1.23
0.55	122.19
0.64
0.51
0.55
0.34
0.31
3.59
0.31
0.48
0.51
0.57
0.57
0.22
0.27
3.55
0.25
0.25
3.30
0.27
0.26
0.47
0.60
0.79
0.59
3.36
0.25
0.22
0.22
0.46
0.46
0.70
0.53
CorWatt	PkgWatt
69.05	261.80
1.30	137.26
1.28
1.31
1.30
1.31
1.32
1.23
1.32
1.46
1.20
1.10
1.29
1.17
1.28
1.19
1.17
1.26
1.31
1.37
1.23
1.27
1.29
1.19
1.38
1.26
1.19
1.30
1.27
1.22
1.30
1.25
1.26
0.37	124.68
2.96
0.40
0.35
0.33
0.31
3.57
0.32
0.53
0.55
0.54
0.67
0.23
0.26
3.55
0.26
0.29
3.30
0.29
0.29
0.53
0.79
0.65
0.62
3.36
0.27
0.29
0.28
0.55
0.51
0.66
0.65
CorWatt	PkgWatt
70.14	263.03
1.30	137.28
1.29
1.25
1.25
1.28
1.21
1.36
1.27
1.24
1.11
1.07
1.69
1.22
1.26
1.18
1.24
1.27
1.27
1.29
1.28
1.30
1.28
1.32
1.28
1.25
1.29
1.24
1.28
1.21
1.23
1.28
1.31
0.36	125.72
3.86
0.32
0.31
0.29
0.31
3.57
0.30
0.62
0.54
0.58
0.60
0.29
0.32
3.54
0.30
0.29
3.29
0.32
0.30
0.54
0.66
0.71
0.74
3.36
0.29
0.26
0.24
0.61
0.69
0.56
0.56
CorWatt	PkgWatt
69.75	262.10
0.91	122.82
0.75
0.84
0.92
0.76
0.83
0.90
0.87
0.80
0.72
0.73
1.01
0.85
0.79
0.88
0.77
0.83
0.86
0.79
0.89
0.91
0.82
0.76
0.87
0.80
0.84
0.89
0.81
0.87
0.77
0.84
0.81
1.09	139.25
3.86
0.70
0.54
0.75
0.78
3.55
0.71
1.23
1.16
1.20
1.16
0.75
0.72
3.55
0.76
0.73
3.27
0.73
0.81
1.16
1.21
1.15
1.28
3.33
0.60
0.68
0.85
1.18
1.21
1.22
1.21
CorWatt	PkgWatt
68.26	260.27
0.67	115.33
0.61
0.54
0.67
0.68
0.70
0.64
0.60
0.58
0.62
0.58
0.56
0.57
0.56
0.61
0.58
0.64
0.58
0.73
0.59
0.61
0.64
0.57
0.59
0.58
0.67
0.59
0.54
0.56
0.55
0.62
0.60
1.46	145.19
3.87
0.92
0.47
0.95
1.00
3.54
0.85
1.44
1.36
1.43
1.48
0.91
0.97
3.54
0.90
0.91
3.27
1.01
0.87
1.33
1.59
1.58
1.44
3.32
0.95
0.81
0.98
1.37
1.45
1.50
1.43
CorWatt	PkgWatt
68.71	260.85
0.65	115.78
0.59
0.61
0.61
0.73
0.61
0.58
0.61
0.57
0.57
0.68
0.60
0.67
0.59
0.61
0.54
0.60
0.70
0.64
0.71
0.70
0.75
0.62
0.63
0.62
0.64
0.63
0.61
0.58
0.65
0.63
0.62
1.57	144.77
3.86
0.79
0.47
0.96
0.97
3.54
0.87
1.47
1.40
1.47
1.41
0.99
0.84
3.52
0.85
0.89
3.26
1.01
0.83
1.39
1.51
1.46
1.53
3.32
0.96
0.86
0.83
1.36
1.44
1.51
1.41
CorWatt	PkgWatt
68.43	260.54
0.67	115.28
0.71
0.62
0.58
0.63
0.60
0.64
0.62
0.54
0.62
0.58
0.56
0.69
0.60
0.57
0.60
0.63
0.64
0.63
0.56
0.63
0.64
0.62
0.57
0.63
0.64
0.61
0.53
0.59
0.62
0.58
0.63
1.16	145.32
3.86
0.64
1.03
0.92
0.98
3.54
0.91
1.40
1.52
1.46
1.42
0.95
0.94
3.52
0.89
0.93
3.27
0.89
0.92
1.46
1.44
1.53
1.52
3.31
0.95
0.82
0.88
1.41
1.51
1.35
1.53
CorWatt	PkgWatt
68.47	260.39
0.53	115.33
0.75
0.63
0.64
0.59
0.65
0.65
0.62
0.56
0.65
0.52
0.65
0.58
0.62
0.61
0.64
0.62
0.65
0.66
0.57
0.69
0.59
0.63
0.60
0.60
0.60
0.61
0.65
0.59
0.64
0.56
0.55
0.93	145.04
3.87
0.90
0.94
0.92
0.89
3.54
1.02
1.41
1.47
1.43
1.48
1.13
0.89
3.53
0.77
0.90
3.27
1.01
0.90
1.31
1.64
1.52
1.38
3.31
0.97
0.94
0.77
1.42
1.43
1.45
1.39
CorWatt	PkgWatt
69.15	261.32
0.66	115.93
0.73
0.66
0.61
0.67
0.67
0.65
0.64
0.62
0.58
0.61
0.61
0.65
0.59
0.56
0.69
0.70
0.68
0.63
0.58
0.65
0.64
0.59
0.60
0.59
0.70
0.65
0.61
0.58
0.61
0.58
0.58
0.87	145.38
3.87
1.01
0.96
1.01
1.00
3.55
0.87
1.44
1.45
1.37
1.43
1.10
0.89
3.53
0.85
0.94
3.26
0.86
1.04
1.30
1.45
1.68
1.41
3.32
0.98
0.94
0.79
1.46
1.47
1.47
1.41
CorWatt	PkgWatt
68.55	260.69
0.57	115.83
0.64
0.63
0.67
0.62
0.60
0.72
0.62
0.55
0.57
0.55
0.60
0.59
0.64
0.69
0.62
0.62
0.66
0.65
0.66
0.62
0.69
0.62
0.63
0.68
0.63
0.55
0.58
0.50
0.70
0.65
0.60
0.85	144.95
3.87
0.72
1.12
0.98
0.90
3.53
0.94
1.41
1.45
1.47
1.49
0.88
1.05
3.53
0.88
0.94
3.19
0.92
0.94
1.33
1.60
1.59
1.27
1.82
2.48
0.90
0.90
1.43
1.50
1.40
1.38
CorWatt	PkgWatt
68.41	260.65
0.69	115.51
0.67
0.57
0.61
0.63
0.62
0.69
0.60
0.56
0.55
0.65
0.61
0.62
0.66
0.60
0.57
0.55
0.57
0.66
0.66
0.64
0.59
0.65
0.66
0.60
0.59
0.57
0.70
0.55
0.55
0.71
0.59
0.85	145.10
3.87
0.96
0.96
0.91
0.92
3.55
0.93
1.44
1.43
1.37
1.43
0.97
0.90
3.54
0.92
1.02
3.26
0.83
0.93
1.25
1.84
1.38
1.30
0.89
3.45
0.92
0.89
1.45
1.46
1.41
1.45
CorWatt	PkgWatt
65.92	258.37
0.67	114.40
0.61
0.54
0.57
0.56
0.59
0.54
0.62
0.50
0.66
0.55
0.54
0.53
0.64
0.56
0.54
0.68
0.60
0.54
0.63
0.63
0.61
0.56
0.62
0.58
0.58
0.61
0.60
0.59
0.53
0.47
0.57
1.33	143.94
2.06
1.24
1.29
0.92
0.98
1.61
2.72
1.54
1.39
1.33
1.47
0.85
2.76
1.66
0.81
0.90
1.59
2.73
0.78
1.32
1.34
1.72
1.36
0.86
3.35
0.84
0.93
1.46
1.43
1.34
1.44
CorWatt	PkgWatt
64.82	257.14
0.57	113.89
0.63
0.57
0.52
0.58
0.62
0.52
0.58
0.56
0.53
0.48
0.53
0.56
0.58
0.52
0.51
0.63
0.57
0.61
0.54
0.59
0.51
0.59
0.54
0.54
0.64
0.62
0.59
0.56
0.53
0.54
0.55
1.43	143.24
1.39
1.43
1.43
0.89
0.91
2.71
1.78
1.44
1.37
1.38
1.49
0.87
1.78
2.51
0.92
0.79
2.43
1.81
0.97
1.26
1.31
1.74
1.29
2.49
1.78
0.79
0.81
1.37
1.43
1.38
1.47
CorWatt	PkgWatt
63.25	255.67
0.53	112.73
0.51
0.56
0.58
0.65
0.53
0.52
0.49
0.46
0.48
0.52
0.48
0.47
0.52
0.52
0.51
0.54
0.50
0.59
0.54
0.58
0.58
0.50
0.54
0.55
0.53
0.59
0.50
0.57
0.45
0.58
0.57
1.38	142.96
1.31
1.45
1.38
0.73
1.65
3.65
0.83
1.17
1.46
1.52
1.31
0.84
0.72
3.34
0.96
1.05
2.71
1.06
1.01
1.39
1.42
1.35
1.34
2.64
0.98
1.00
1.05
1.39
1.34
1.34
1.42
CorWatt	PkgWatt
63.17	256.05
0.53	113.04
0.60
0.58
0.53
0.54
0.49
0.59
0.53
0.55
0.54
0.51
0.47
0.60
0.53
0.55
0.49
0.46
0.56
0.56
0.55
0.51
0.50
0.55
0.52
0.51
0.53
0.49
0.67
0.49
0.56
0.52
0.56
1.10	143.07
1.01
2.80
1.01
1.02
2.77
3.51
0.46
1.14
1.16
1.68
1.26
0.93
0.72
3.24
0.80
1.44
1.38
1.30
1.24
1.33
1.40
1.39
1.34
1.34
1.28
1.26
1.36
1.35
1.39
1.36
1.26
CorWatt	PkgWatt
67.14	260.60
1.16	133.23
1.14
1.16
1.18
1.15
1.11
1.10
1.16
1.13
1.22
1.13
1.10
1.20
1.10
1.12
1.14
1.19
1.16
1.15
1.21
1.21
1.10
1.18
1.07
1.16
0.96
1.39
1.17
1.12
1.09
1.10
1.10
0.46	127.25
0.37
3.87
0.33
3.65
0.32
3.68
0.29
0.54
0.80
0.62
0.66
0.36
0.36
3.26
0.37
0.63
0.67
0.62
0.71
0.65
0.59
0.65
0.69
0.57
0.80
0.73
0.64
0.65
0.64
0.63
0.65
CorWatt	PkgWatt
65.49	258.88
1.18	136.52
1.30
1.28
1.23
1.18
1.29
1.26
1.24
1.20
1.22
1.22
1.16
1.24
1.24
1.26
1.23
1.21
1.27
1.25
1.33
1.21
1.27
1.31
1.28
1.19
1.17
1.19
1.60
1.19
1.27
1.17
1.22
0.34	122.32
0.26
3.82
0.25
2.32
0.31
3.69
0.34
0.50
0.68
0.53
0.50
0.37
0.39
1.67
0.36
0.50
0.48
0.47
0.56
1.81
0.41
0.41
0.37
0.38
0.44
1.09
0.52
0.44
0.49
0.49
0.43
CorWatt	PkgWatt
66.25	259.17
1.24	136.79
1.20
1.32
1.29
1.26
1.24
1.19
1.28
1.20
1.22
1.13
1.29
1.21
1.25
1.21
1.28
1.25
1.30
1.22
1.31
1.29
1.25
1.23
1.30
1.19
1.12
1.42
1.45
1.22
1.15
1.28
1.22
0.33	122.43
0.28
3.60
0.28
0.32
2.00
2.01
0.31
0.49
0.69
0.59
0.59
0.53
0.48
0.43
0.51
0.57
0.48
0.42
0.55
1.96
1.96
0.30
0.32
0.28
0.26
3.39
0.27
0.56
0.51
0.50
0.51
CorWatt	PkgWatt
64.77	257.89
1.30	136.99
1.29
1.28
1.23
1.25
1.27
1.26
1.26
1.64
1.18
1.11
1.10
1.14
1.25
1.29
1.24
1.26
1.22
1.31
1.27
1.32
1.25
1.25
1.24
1.26
1.30
1.23
1.27
1.17
1.26
1.21
1.21
0.33	120.90
0.28
3.60
0.27
0.27
3.87
0.33
0.31
0.71
0.54
0.43
0.57
0.53
0.45
0.48
0.53
0.50
0.49
0.48
0.51
0.39
1.86
0.40
0.41
0.26
0.25
3.38
0.26
0.50
0.46
0.52
0.51
CorWatt	PkgWatt
63.34	256.26
1.26	136.35
1.31
1.29
1.16
1.29
1.22
1.27
1.21
1.22
1.21
1.13
1.24
1.18
1.23
1.16
1.25
1.26
1.29
1.26
1.24
1.22
1.22
1.21
1.30
1.24
1.27
1.24
1.24
1.29
1.45
1.12
1.13
0.35	119.93
0.26
3.61
0.29
0.27
2.12
2.21
0.29
0.63
0.47
0.46
0.60
0.49
0.51
0.52
0.50
0.60
0.52
0.42
0.53
0.53
0.55
0.50
0.48
0.29
0.26
3.39
0.26
0.52
0.44
0.50
0.40
CorWatt	PkgWatt
60.22	252.99
1.33	137.33
1.25
1.22
1.35
1.30
1.23
1.27
1.28
1.33
1.22
1.19
1.24
1.24
1.25
1.25
1.26
1.27
1.36
1.23
1.27
1.30
1.25
1.29
1.28
1.27
1.29
1.26
1.26
1.73
1.21
1.04
1.08
0.32	115.56
0.24
3.60
0.25
0.44
0.41
0.89
0.40
0.69
0.50
0.37
0.53
0.36
0.41
0.40
0.43
0.46
0.43
0.42
0.42
0.46
0.44
0.43
0.38
0.23
0.23
3.38
0.23
0.45
0.47
0.47
0.44
CorWatt	PkgWatt
61.80	254.64
1.24	137.49
1.32
1.29
1.27
1.23
1.29
1.28
1.30
1.22
1.31
1.24
1.22
1.27
1.22
1.28
1.28
1.31
1.23
1.29
1.26
1.22
1.37
1.29
1.23
1.28
1.22
1.25
1.30
1.11
1.70
1.21
1.10
0.30	117.23
0.24
3.60
0.26
0.50
0.48
0.40
0.48
0.61
0.45
0.39
0.64
0.34
0.32
2.16
0.36
0.44
0.51
0.44
0.44
0.48
0.49
0.45
0.51
0.24
0.24
3.38
0.25
0.45
0.44
0.44
0.42
CorWatt	PkgWatt
63.71	256.32
1.34	137.62
1.27
1.29
1.26
1.25
1.16
1.35
1.35
1.27
1.29
1.27
1.21
1.24
1.31
1.25
1.24
1.25
1.34
1.33
1.36
1.36
1.27
1.31
1.29
1.27
1.32
1.21
1.28
1.15
1.62
1.16
1.11
0.34	118.73
0.24
3.61
0.23
0.55
0.53
0.51
0.43
0.58
0.41
0.37
0.76
0.22
0.23
3.68
0.23
0.50
0.50
0.44
0.50
0.55
0.49
0.46
0.45
0.23
0.23
3.39
0.25
0.43
0.48
0.44
0.50
CorWatt	PkgWatt
68.41	260.81
1.31	137.53
1.25
1.40
1.24
1.22
1.28
1.28
1.31
1.22
1.32
1.23
1.20
1.20
1.30
1.34
1.23
1.31
1.25
1.31
1.30
1.38
1.30
1.28
1.24
1.25
1.25
1.30
1.31
1.46
1.43
1.12
1.06
0.37	123.21
0.27
3.60
0.25
0.61
0.58
0.49
0.49
0.64
0.56
0.51
0.57
0.23
0.28
3.66
0.25
1.11
0.49
0.49
0.56
0.55
0.54
0.53
0.54
0.25
0.27
3.37
0.24
0.27
1.31
0.30
3.33
CorWatt	PkgWatt
68.43	260.99
1.31	137.67
1.32
1.32
1.30
1.20
1.29
1.36
1.29
1.19
1.29
1.27
1.20
1.19
1.16
1.61
1.21
1.29
1.24
1.31
1.31
1.26
1.34
1.29
1.23
1.30
1.33
1.24
1.26
1.23
1.43
1.20
1.15
0.50	123.32
0.51
1.65
0.46
0.60
0.62
0.54
0.60
0.58
0.58
0.54
0.52
0.30
0.28
3.67
0.26
3.86
0.27
0.26
0.31
0.57
0.54
0.54
0.60
0.25
0.25
3.38
0.29
0.28
0.25
0.26
3.41
CorWatt	PkgWatt
64.97	257.73
1.23	136.85
1.27
1.25
1.25
1.22
1.27
1.19
1.33
1.20
1.20
1.23
1.31
1.29
1.09
1.21
1.49
1.27
1.34
1.24
1.18
1.19
1.32
1.25
1.30
1.28
1.20
1.26
1.24
1.24
1.20
1.18
1.24
0.57	120.94
0.56
0.58
0.52
0.62
0.55
0.54
0.55
0.54
0.53
0.52
0.53
0.33
0.23
3.67
0.26
2.26
0.36
0.37
0.36
0.57
0.56
0.54
0.56
0.25
0.24
3.39
0.27
0.28
0.25
0.25
3.41
CorWatt	PkgWatt
62.57	255.33
1.25	137.63
1.31
1.32
1.28
1.28
1.29
1.24
1.26
1.25
1.28
1.19
1.23
1.17
1.10
1.64
1.33
1.25
1.30
1.28
1.28
1.28
1.31
1.34
1.25
1.29
1.25
1.26
1.27
1.22
1.25
1.28
1.28
0.57	117.75
0.47
0.53
0.49
0.49
0.49
0.48
0.45
0.49
0.43
0.44
0.47
0.30
0.24
3.68
0.23
0.47
0.45
0.46
0.49
0.53
0.46
0.45
0.57
0.27
0.27
2.73
0.29
0.23
0.23
0.23
3.41
CorWatt	PkgWatt
62.23	255.02
1.31	137.62
1.29
1.23
1.32
1.30
1.23
1.24
1.26
1.26
1.25
1.24
1.26
1.21
1.13
1.51
1.29
1.25
1.22
1.33
1.34
1.26
1.31
1.32
1.32
1.25
1.28
1.33
1.21
1.22
1.27
1.24
1.23
0.40	117.63
2.21
0.36
0.33
0.49
0.53
0.47
0.48
0.48
0.50
0.43
0.43
0.23
0.24
3.66
0.22
0.52
0.46
0.44
0.51
0.46
0.48
0.51
0.50
0.54
0.56
0.54
0.52
0.24
0.23
0.23
3.41
CorWatt	PkgWatt
63.71	256.56
1.25	137.53
1.37
1.32
1.29
1.25
1.26
1.31
1.28
1.22
1.24
1.21
1.29
1.20
1.14
1.28
1.54
1.17
1.37
1.24
1.39
1.26
1.27
1.27
1.35
1.32
1.31
1.26
1.24
1.18
1.33
1.25
1.26
0.35	118.64
3.31
0.25
0.25
0.56
0.57
0.49
0.44
0.54
0.51
0.42
0.52
0.22
0.23
3.65
0.22
0.50
0.49
0.57
0.48
0.47
0.49
0.58
0.50
0.55
0.50
0.49
0.45
0.23
0.23
0.23
3.40
CorWatt	PkgWatt
66.57	258.99
1.36	137.97
1.36
1.27
1.26
1.28
1.24
1.37
1.30
1.27
1.20
1.28
1.30
1.14
1.16
1.55
1.33
1.30
1.34
1.27
1.34
1.35
1.29
1.35
1.31
1.27
1.25
1.33
1.27
1.26
1.25
1.28
1.24
0.33	121.07
3.32
0.26
0.26
1.22
0.57
0.51
0.51
0.49
0.51
0.57
0.50
0.24
0.23
3.65
0.24
2.23
0.39
0.40
0.44
0.55
0.52
0.54
0.56
0.51
0.52
0.50
0.55
0.26
0.23
0.23
3.40
CorWatt	PkgWatt
71.19	263.68
1.27	137.84
1.36
1.29
1.34
1.27
1.27
1.29
1.35
1.28
1.23
1.25
1.33
1.21
1.16
1.19
1.53
1.22
1.36
1.29
1.37
1.31
1.30
1.37
1.25
1.26
1.21
1.29
1.37
1.23
1.23
1.19
1.28
0.37	125.85
3.32
0.30
0.32
3.57
0.34
0.27
0.27
0.60
0.56
0.65
0.67
0.29
0.27
3.66
0.29
4.14
0.31
0.27
0.30
0.66
0.62
0.63
0.65
0.58
0.62
0.63
0.66
0.28
0.28
0.28
3.40
CorWatt	PkgWatt
67.60	260.27
1.33	138.32
1.41
1.30
1.30
1.28
1.28
1.23
1.35
1.30
1.30
1.25
1.23
1.20
1.18
1.53
1.39
1.33
1.33
1.28
1.33
1.29
1.34
1.30
1.32
1.35
1.26
1.29
1.31
1.24
1.28
1.25
1.23
0.33	122.01
3.32
0.28
0.29
3.57
0.32
0.24
0.24
0.49
0.54
0.54
0.53
0.41
0.41
1.96
0.37
2.35
0.38
0.35
0.38
0.52
0.59
0.61
0.58
0.55
0.55
0.60
0.56
0.28
0.24
0.24
3.40
CorWatt	PkgWatt
63.67	256.47
1.34	138.05
1.33
1.28
1.35
1.32
1.31
1.28
1.30
1.27
1.23
1.24
1.30
1.23
1.18
1.47
1.24
1.46
1.30
1.31
1.21
1.19
1.33
1.31
1.34
1.30
1.25
1.34
1.24
1.25
1.26
1.26
1.27
0.36	118.41
3.33
0.24
0.25
3.55
0.25
0.24
0.24
0.47
0.54
0.51
0.53
0.53
0.53
0.46
0.40
0.46
0.47
0.51
0.50
0.47
0.47
0.53
0.47
0.50
0.47
0.51
0.52
0.24
0.23
0.23
3.39
CorWatt	PkgWatt
60.73	253.66
1.28	137.63
1.28
1.41
1.31
1.29
1.19
1.27
1.24
1.21
1.33
1.22
1.25
1.28
1.32
1.14
1.22
1.70
1.31
1.18
1.07
1.25
1.31
1.31
1.22
1.28
1.31
1.23
1.25
1.26
1.31
1.26
1.27
0.36	115.93
3.35
0.23
0.25
3.61
0.25
0.25
0.25
0.44
0.44
0.49
0.52
0.51
0.46
0.48
0.46
0.46
0.43
0.53
0.48
0.53
0.51
0.45
0.51
0.40
0.39
0.50
0.49
0.37
0.46
0.39
0.67
CorWatt	PkgWatt
63.90	256.75
1.39	137.85
1.30
1.33
1.25
1.31
1.24
1.32
1.31
1.21
1.23
1.25
1.31
1.26
1.21
1.23
1.28
1.51
1.44
1.22
1.13
1.31
1.29
1.31
1.23
1.35
1.21
1.25
1.25
1.25
1.29
1.29
1.28
0.35	118.94
3.33
0.23
0.25
3.57
0.26
0.26
0.24
0.50
0.57
0.47
0.49
0.55
0.49
0.42
0.45
0.36
0.37
2.13
0.41
0.51
0.53
0.52
0.59
1.89
0.35
0.39
0.38
0.49
0.53
0.44
0.53
CorWatt	PkgWatt
66.67	259.30
1.28	137.45
1.29
1.29
1.28
1.36
1.31
1.26
1.32
1.23
1.24
1.24
1.23
1.23
1.21
1.26
1.24
1.29
1.61
1.26
1.04
1.22
1.29
1.33
1.32
1.28
1.29
1.23
1.30
1.30
1.22
1.24
1.26
0.36	121.78
3.31
0.28
0.26
3.55
0.28
0.26
0.25
0.52
0.56
0.49
0.54
0.54
0.56
0.58
0.60
0.27
0.24
3.55
0.27
0.53
0.54
0.49
0.62
3.44
0.29
0.27
0.28
0.56
0.52
0.58
0.51
CorWatt	PkgWatt
70.07	262.66
1.25	137.79
1.41
1.34
1.34
1.28
1.34
1.30
1.31
1.30
1.26
1.19
1.28
1.19
1.24
1.24
1.31
1.38
1.65
1.23
1.05
1.29
1.27
1.25
1.35
1.29
1.28
1.26
1.26
1.21
1.25
1.22
1.29
0.33	124.92
3.32
0.29
0.32
3.56
0.31
0.30
0.27
0.63
0.58
0.63
0.63
0.33
3.09
0.37
0.31
0.27
0.26
3.56
0.29
0.66
0.58
0.65
0.65
3.45
0.31
0.31
0.28
0.58
0.58
0.63
0.64
CorWatt	PkgWatt
68.00	260.84
1.23	138.04
1.36
1.35
1.35
1.31
1.35
1.26
1.24
1.27
1.31
1.19
1.24
1.23
1.27
1.19
1.29
1.14
1.82
1.31
1.08
1.23
1.31
1.33
1.29
1.27
1.33
1.23
1.29
1.20
1.23
1.24
1.33
0.50	122.80
1.53
0.42
0.48
3.57
0.34
0.31
0.26
0.55
0.62
0.50
0.55
0.27
3.31
0.26
0.25
0.24
0.23
3.58
0.27
0.58
0.57
0.64
0.54
3.45
0.25
0.28
0.25
0.58
0.58
0.60
0.54
CorWatt	PkgWatt
66.73	259.64
1.26	135.93
1.25
1.25
1.23
1.12
1.21
1.28
1.26
1.11
1.16
1.22
1.14
1.16
1.24
1.22
1.16
1.28
1.47
1.19
1.11
1.19
1.24
1.26
1.26
1.23
1.24
1.16
1.25
1.17
1.13
1.27
1.24
0.65	123.75
0.62
0.65
0.60
3.57
0.41
0.36
0.30
0.62
0.61
0.63
0.59
0.30
3.31
0.30
0.29
0.30
0.27
3.58
0.29
0.70
0.63
0.66
0.65
3.46
0.31
0.30
0.31
0.70
0.59
0.57
0.62
CorWatt	PkgWatt
65.08	257.52
0.55	114.01
0.62
0.53
0.52
0.58
0.60
0.65
0.57
0.46
0.53
0.54
0.51
0.50
0.60
0.51
0.53
0.55
0.57
0.58
0.60
0.55
0.54
0.59
0.63
0.68
0.59
0.57
0.63
0.56
0.64
0.45
0.50
1.46	143.47
1.41
1.46
1.36
3.02
1.07
1.00
1.02
1.34
1.21
1.38
1.64
0.93
3.29
1.00
0.75
0.83
0.82
3.56
1.00
1.42
1.41
1.46
1.41
3.45
0.81
0.83
0.99
1.40
1.48
1.37
1.47
CorWatt	PkgWatt
63.67	255.79
0.64	113.25
0.57
0.62
0.54
0.50
0.52
0.47
0.61
0.49
0.52
0.51
0.47
0.46
0.65
0.57
0.45
0.55
0.74
0.48
0.53
0.51
0.49
0.54
0.56
0.64
0.53
0.52
0.62
0.55
0.52
0.47
0.50
1.39	142.54
1.39
1.37
1.46
1.47
1.40
1.42
1.43
1.25
1.21
1.50
1.58
0.87
3.29
0.90
0.79
0.86
0.90
3.56
0.78
2.70
1.07
1.02
1.12
3.44
0.79
0.89
0.84
1.43
1.41
1.44
1.37
CorWatt	PkgWatt
64.68	256.91
0.69	113.70
0.62
0.51
0.59
0.50
0.61
0.51
0.46
0.55
0.53
0.48
0.62
0.55
0.62
0.55
0.61
0.55
0.55
0.55
0.53
0.63
0.63
0.57
0.54
0.55
0.48
0.50
0.56
0.52
0.52
0.60
0.64
1.44	143.20
1.42
1.48
1.34
1.49
1.49
1.44
1.34
1.28
1.18
1.41
1.71
0.93
3.29
0.74
0.87
0.85
0.82
3.56
0.94
3.43
0.85
0.92
0.91
3.44
0.79
0.87
0.97
1.34
1.41
1.42
1.38
CorWatt	PkgWatt
66.22	258.10
0.63	114.34
0.60
0.67
0.60
0.58
0.54
0.61
0.56
0.57
0.59
0.56
0.51
0.58
0.63
0.49
0.67
0.57
0.64
0.67
0.56
0.65
0.60
0.58
0.55
0.54
0.57
0.63
0.58
0.58
0.49
0.55
0.55
1.39	143.82
1.31
1.97
1.27
1.44
1.52
1.49
1.35
1.29
1.15
1.75
1.42
1.00
3.30
0.87
0.83
0.89
0.84
3.56
0.86
3.42
0.90
0.93
0.88
3.44
0.93
0.88
0.82
1.50
1.45
1.33
1.52
CorWatt	PkgWatt
68.98	260.95
0.64	115.60
0.67
0.69
0.65
0.61
0.70
0.68
0.58
0.64
0.63
0.58
0.56
0.62
0.66
0.51
0.78
0.59
0.62
0.64
0.67
0.60
0.70
0.60
0.61
0.55
0.67
0.53
0.69
0.52
0.63
0.59
0.59
1.02	145.27
0.92
3.66
0.91
1.54
1.45
1.42
1.46
1.35
1.21
1.76
1.45
0.89
3.29
0.92
1.00
0.83
1.06
3.56
0.94
3.42
0.83
1.02
1.03
3.44
1.11
0.83
0.87
1.50
1.37
1.47
1.46
CorWatt	PkgWatt
66.66	258.41
0.68	114.70
0.70
0.56
0.61
0.55
0.66
0.59
0.60
0.53
0.51
0.54
0.59
0.44
0.78
0.60
0.53
0.58
0.55
0.62
0.70
0.67
0.59
0.49
0.51
0.59
0.66
0.55
0.59
0.55
0.60
0.63
0.63
0.99	144.11
0.92
3.67
0.90
1.45
1.47
1.52
1.37
1.36
1.19
1.34
1.75
0.88
3.30
0.91
0.90
1.18
1.26
2.34
1.13
3.43
0.90
0.94
0.91
3.44
0.90
0.89
0.90
1.38
1.43
1.45
1.38
CorWatt	PkgWatt
65.45	257.98
0.50	113.89
0.69
0.52
0.56
0.51
0.64
0.54
0.58
0.52
0.55
0.59
0.51
0.56
0.48
0.57
0.69
0.56
0.61
0.60
0.57
0.59
0.61
0.48
0.56
0.57
0.59
0.56
0.60
0.51
0.51
0.56
0.61
0.88	143.68
0.91
3.68
0.89
1.47
1.38
1.43
1.41
1.33
1.23
1.16
1.89
0.93
3.30
0.90
0.81
1.45
1.44
1.42
1.32
3.43
0.99
0.79
1.00
3.43
0.98
0.81
0.87
1.48
1.42
1.41
1.38
CorWatt	PkgWatt
62.06	254.22
0.57	111.82
0.55
0.47
0.42
0.46
0.51
0.44
0.57
0.41
0.52
0.49
0.53
0.56
0.41
0.57
0.47
0.64
0.48
0.54
0.44
0.53
0.53
0.52
0.46
0.46
0.41
0.53
0.54
0.48
0.53
0.53
0.47
0.89	142.50
0.81
3.68
0.83
1.40
1.42
1.35
1.49
1.25
1.20
1.37
1.68
1.37
1.47
1.35
1.41
1.46
1.44
1.30
1.38
3.44
0.90
0.77
0.87
3.44
0.81
0.86
0.85
1.37
1.37
1.39
1.43
CorWatt	PkgWatt
64.38	256.73
0.58	113.35
0.57
0.52
0.59
0.59
0.57
0.57
0.55
0.48
0.52
0.50
0.46
0.75
0.49
0.40
0.66
0.57
0.52
0.62
0.56
0.58
0.64
0.52
0.53
0.49
0.58
0.57
0.56
0.46
0.54
0.49
0.51
0.91	143.29
0.91
3.68
0.85
2.65
1.14
1.05
1.09
1.23
1.15
1.86
1.34
1.43
1.51
1.34
1.35
1.41
1.37
1.42
1.42
3.44
0.84
0.80
0.93
3.44
0.76
0.84
0.98
1.34
1.41
1.42
1.53
CorWatt	PkgWatt
66.00	258.06
0.68	114.08
0.65
0.63
0.56
0.61
0.63
0.60
0.57
0.61
0.58
0.49
0.52
0.64
0.69
0.49
0.64
0.59
0.55
0.54
0.53
0.59
0.59
0.56
0.59
0.55
0.62
0.60
0.50
0.54
0.53
0.46
0.57
0.85	144.03
0.94
3.68
0.89
3.66
0.98
0.87
0.86
1.30
1.19
1.51
1.55
1.51
1.46
1.39
1.40
1.45
1.36
1.39
1.46
3.44
0.93
0.89
0.85
3.44
0.87
0.95
0.85
1.46
1.31
1.40
1.47
CorWatt	PkgWatt
69.25	261.21
0.75	115.57
0.60
0.55
0.60
0.67
0.61
0.56
0.63
0.63
0.54
0.52
0.65
1.02
0.69
0.46
0.43
0.59
0.73
0.58
0.60
0.64
0.67
0.64
0.60
0.66
0.62
0.60
0.59
0.63
0.55
0.55
0.73
0.98	145.87
0.84
3.67
0.97
3.66
0.98
0.98
0.93
1.32
1.30
1.63
1.60
1.09
0.89
3.46
0.97
1.46
1.43
1.31
1.55
3.45
0.94
1.06
0.90
3.44
0.84
0.94
0.99
1.44
1.47
1.50
1.46
CorWatt	PkgWatt
67.51	260.08
0.72	118.45
0.88
0.73
0.71
0.60
0.68
0.79
0.75
0.67
0.65
0.69
0.71
0.77
0.73
0.59
0.70
0.72
0.73
0.66
0.73
0.62
0.71
0.78
0.60
0.66
0.67
0.64
0.76
0.81
0.67
0.65
0.73
0.87	141.36
0.85
3.71
0.74
3.68
0.79
0.84
0.90
1.21
1.04
1.32
1.44
0.80
0.80
3.62
0.84
1.27
1.25
1.31
1.28
1.91
1.12
1.18
1.17
3.43
0.72
0.89
0.83
1.39
1.22
1.25
1.30
CorWatt	PkgWatt
67.67	260.45
1.28	137.49
1.33
1.35
1.21
1.32
1.24
1.24
1.32
1.27
1.28
1.11
1.27
1.23
1.28
1.24
1.29
1.32
1.26
1.29
1.32
1.26
1.19
1.29
1.26
1.57
1.27
1.18
1.20
1.28
1.31
1.16
1.28
0.36	123.02
0.32
3.73
0.28
3.71
0.26
0.30
0.26
0.53
0.57
0.56
0.51
0.24
0.24
3.64
0.26
0.57
0.61
0.52
0.54
0.67
0.59
0.58
0.56
1.39
2.45
0.29
0.28
0.52
0.56
0.56
0.53
CorWatt	PkgWatt
45.42	220.58
0.70	108.71
0.73
0.74
0.73
0.70
0.71
0.67
0.71
0.64
0.69
0.73
0.69
0.66
0.66
0.74
0.65
0.67
0.70
0.74
0.69
0.72
0.65
0.72
0.76
0.78
0.65
0.60
0.85
0.70
0.65
0.66
0.67
0.31	112.03
0.29
2.72
0.29
3.69
0.27
0.29
0.27
0.35
0.37
0.40
0.40
0.25
0.25
3.60
0.28
0.42
0.38
0.37
0.38
0.43
0.37
0.40
0.40
0.24
3.66
0.24
0.28
0.36
0.40
0.37
0.37
CorWatt	PkgWatt
22.88	175.62
0.13	78.73
0.12
0.13
0.15
0.12
0.12
0.12
0.13
0.11
0.11
0.10
0.11
0.10
0.10
0.10
0.10
0.11
0.11
0.11
0.11
0.13
0.12
0.12
0.11
0.11
0.11
0.12
0.12
0.12
0.11
0.11
0.11
0.19	96.85
0.19
0.19
0.20
3.64
0.24
0.24
0.24
0.21
2.43
0.21
0.22
0.22
0.23
3.56
0.23
0.20
0.19
0.19
0.20
0.22
0.21
0.21
0.21
0.23
3.73
0.23
0.23
0.18
0.18
0.18
0.18
CorWatt	PkgWatt
23.49	179.38
0.11	79.53
0.10
0.10
0.10
0.10
0.10
0.11
0.10
0.10
0.09
0.09
0.10
0.08
0.08
0.08
0.08
0.10
0.10
0.10
0.10
0.12
0.11
0.11
0.10
0.10
0.10
0.10
0.10
0.10
0.10
0.10
0.10
0.19	99.77
0.19
0.19
0.19
3.65
0.24
0.24
0.24
0.22
3.63
0.22
0.22
0.22
0.22
3.56
0.22
0.19
0.19
0.19
0.19
0.20
0.21
0.20
0.20
0.23
3.74
0.22
0.23
0.18
0.18
0.17
0.18
CorWatt	PkgWatt
177.74	326.69
2.61	158.16
2.68
2.55
2.69
2.68
2.62
2.59
2.73
2.63
2.59
2.66
2.56
2.59
2.69
2.62
2.60
2.66
2.63
2.61
2.72
2.58
2.63
2.73
2.77
2.65
2.65
2.60
2.76
2.67
2.58
2.63
2.71
2.69	168.50
2.79
2.84
2.76
3.94
2.71
2.86
2.78
2.73
3.94
2.72
2.82
2.79
2.69
3.92
2.82
2.73
2.71
2.70
2.83
2.77
2.83
2.75
2.83
2.76
4.02
2.74
2.81
2.48
2.81
2.74
2.73
CorWatt	PkgWatt
351.69	491.19
5.48	245.46
5.50
5.40
5.45
5.50
5.46
5.52
5.50
5.38
5.44
5.41
5.44
5.47
5.51
5.44
5.51
5.48
5.51
5.53
5.49
5.51
5.58
5.63
5.61
5.55
5.55
5.52
5.53
5.47
5.53
5.49
5.49
5.69	245.35
5.71
5.70
5.65
4.47
5.73
5.72
5.72
5.66
4.47
5.67
5.65
5.70
5.73
4.48
5.71
5.53
5.56
5.60
5.65
5.73
5.69
5.71
5.68
5.63
4.47
5.66
5.63
4.46
5.85
5.68
5.66
CorWatt	PkgWatt
351.13	491.11
5.48	245.61
5.49
5.39
5.45
5.50
5.46
5.50
5.50
5.38
5.44
5.40
5.44
5.48
5.50
5.43
5.50
5.47
5.50
5.53
5.45
5.50
5.57
5.61
5.60
5.54
5.53
5.52
5.53
5.45
5.51
5.47
5.49
5.65	245.59
5.68
5.65
5.66
5.16
5.65
5.69
5.70
5.63
4.45
5.66
5.63
5.67
5.68
4.46
5.68
5.54
5.55
5.56
5.63
5.69
5.66
5.66
5.69
5.59
4.45
5.63
5.64
4.43
5.71
5.70
5.70
CorWatt	PkgWatt
350.88	490.75
5.47	245.42
5.44
5.37
5.46
5.49
5.46
5.51
5.50
5.38
5.45
5.37
5.42
5.48
5.48
5.42
5.50
5.47
5.50
5.52
5.46
5.51
5.57
5.61
5.59
5.55
5.53
5.52
5.55
5.43
5.48
5.45
5.49
5.66	245.40
5.67
5.60
5.67
5.63
5.63
5.68
5.67
5.61
4.44
5.63
5.59
5.67
5.70
4.45
5.67
5.55
5.56
5.54
5.62
5.69
5.65
5.61
5.69
5.54
4.43
5.57
5.59
4.41
5.64
5.66
5.76
CorWatt	PkgWatt
347.11	490.61
5.35	245.26
5.40
5.30
5.40
5.41
5.41
5.47
5.41
5.31
5.39
5.31
5.36
5.41
5.41
5.39
5.43
5.42
5.43
5.47
5.42
5.46
5.52
5.55
5.53
5.48
5.46
5.47
5.48
5.39
5.42
5.42
5.43
5.56	245.28
5.56
5.53
5.58
5.54
5.51
5.58
5.58
5.49
4.37
5.55
5.51
5.58
5.58
5.52
5.56
5.45
5.49
5.41
5.52
5.61
5.52
5.54
5.57
5.45
4.36
5.47
5.48
4.35
5.52
5.58
5.67
CorWatt	PkgWatt
350.69	490.84
5.42	245.40
5.47
5.36
5.47
5.46
5.50
5.54
5.47
5.34
5.44
5.36
5.42
5.47
5.46
5.45
5.48
5.47
5.50
5.51
5.45
5.52
5.58
5.63
5.59
5.53
5.51
5.51
5.51
5.47
5.49
5.48
5.49
5.67	245.40
5.65
5.62
5.68
5.61
5.58
5.67
5.66
5.59
4.41
5.61
5.59
5.66
5.65
5.67
5.63
5.53
5.51
4.86
5.58
5.64
5.58
5.61
5.67
5.53
4.41
5.54
5.56
4.40
5.61
5.61
5.75
CorWatt	PkgWatt
350.61	490.90
5.43	245.57
5.46
5.39
5.47
5.46
5.49
5.54
5.47
5.33
5.45
5.36
5.42
5.47
5.46
5.46
5.48
5.46
5.47
5.54
5.48
5.52
5.59
5.63
5.59
5.53
5.53
5.50
5.53
5.47
5.50
5.49
5.48
5.72	245.53
5.66
5.65
5.62
5.61
5.59
5.69
5.65
5.60
4.41
5.65
5.62
5.67
5.65
5.70
5.65
5.56
5.54
4.19
5.63
5.67
5.62
5.63
5.70
5.53
4.43
5.58
5.58
4.41
5.62
5.64
5.77
CorWatt	PkgWatt
350.67	490.85
5.43	245.32
5.49
5.40
5.46
5.45
5.49
5.53
5.48
5.37
5.45
5.38
5.41
5.44
5.47
5.48
5.49
5.47
5.46
5.50
5.50
5.51
5.60
5.62
5.57
5.53
5.50
5.52
5.53
5.47
5.50
5.47
5.45
5.70	245.35
5.70
5.68
5.68
5.65
5.65
5.71
5.66
5.68
4.45
5.69
4.40
5.69
5.67
5.73
5.68
5.59
5.58
4.22
5.66
5.72
5.71
5.66
5.72
5.61
4.47
5.61
5.61
4.44
5.67
5.67
5.81
CorWatt	PkgWatt
350.22	490.82
5.43	245.56
5.47
5.38
5.45
5.46
5.49
5.54
5.47
5.38
5.45
5.37
5.39
5.43
5.47
5.46
5.46
5.47
5.46
5.49
5.49
5.51
5.59
5.62
5.58
5.53
5.49
5.52
5.52
5.47
5.51
5.47
5.45
5.70	245.50
5.68
5.68
5.68
5.64
5.63
5.65
5.70
5.59
5.28
5.63
4.23
5.65
5.70
5.70
5.63
5.56
5.54
4.21
5.64
5.68
5.67
5.64
5.69
5.56
4.45
5.60
5.57
4.42
5.65
5.66
5.78
CorWatt	PkgWatt
350.28	490.93
5.43	245.28
5.46
5.38
5.45
5.46
5.49
5.53
5.48
5.37
5.45
5.38
5.40
5.43
5.49
5.46
5.48
5.46
5.45
5.50
5.46
5.50
5.58
5.61
5.56
5.52
5.46
5.52
5.49
5.45
5.51
5.46
5.44
5.68	245.53
5.65
5.66
5.65
5.61
5.64
5.65
5.63
5.56
5.66
5.61
4.21
5.59
5.66
5.66
5.60
5.54
5.50
4.18
5.60
5.64
5.67
5.61
5.65
5.54
4.93
5.56
5.57
4.41
5.63
5.63
5.76
CorWatt	PkgWatt
195.86	347.21
3.01	171.08
3.04
2.91
2.87
2.99
3.12
2.99
3.27
3.01
3.00
2.87
2.87
2.97
2.93
3.10
3.01
3.02
2.90
3.00
2.97
3.07
3.06
3.02
2.94
3.01
3.16
2.98
2.89
3.01
3.02
2.93
2.85
3.28	176.66
3.16
2.98
3.12
3.14
3.33
3.29
2.98
3.06
3.20
3.02
3.67
3.14
2.99
3.16
3.02
3.09
2.95
3.71
3.08
3.11
2.95
2.94
3.18
3.24
3.03
2.99
3.10
3.15
2.96
3.08
3.16
CorWatt	PkgWatt
18.42	172.14
0.13	78.75
0.12
0.12
0.12
0.12
0.12
0.12
0.12
0.10
0.10
0.10
0.10
0.11
0.10
0.10
0.10
0.13
0.12
0.12
0.13
0.14
0.12
0.12
0.12
0.11
0.11
0.12
0.11
0.10
0.10
0.10
0.10
0.22	93.25
0.21
0.21
0.21
0.22
0.22
0.22
0.21
0.24
0.25
0.24
3.19
0.19
0.20
0.20
0.20
0.25
0.25
3.20
0.26
0.22
0.22
0.22
0.23
1.97
0.23
0.23
0.23
0.19
0.19
0.19
0.20
CorWatt	PkgWatt
19.12	171.87
0.11	77.76
0.11
0.11
0.11
0.11
0.10
0.11
0.11
0.09
0.09
0.09
0.09
0.09
0.09
0.09
0.09
0.11
0.11
0.11
0.11
0.12
0.11
0.10
0.10
0.10
0.10
0.10
0.10
0.09
0.09
0.09
0.09
0.21	94.14
0.20
0.21
0.20
0.21
0.22
0.21
0.21
0.24
0.24
0.24
3.19
0.19
0.19
0.19
0.19
0.25
0.25
3.21
0.25
0.22
0.22
0.21
0.22
3.16
0.25
0.24
0.25
0.20
0.19
0.19
0.20
CorWatt	PkgWatt
147.03	298.45
2.23	144.50
2.14
2.18
2.24
2.17
2.24
2.26
2.15
2.12
2.23
2.14
2.12
2.22
2.24
2.15
2.15
2.22
2.18
2.15
2.23
2.19
2.27
2.21
2.30
2.28
2.17
2.13
2.27
2.17
1.83
2.14
2.25
2.26	153.70
2.23
2.33
2.31
2.27
2.24
2.36
2.35
2.32
2.26
2.24
3.53
2.28
2.25
2.31
2.36
2.23
2.27
3.51
2.33
2.22
2.35
2.29
2.36
3.49
2.31
2.26
2.26
2.32
2.28
2.26
2.34
CorWatt	PkgWatt
350.63	490.90
5.46	245.46
5.53
5.53
5.49
5.56
5.56
5.59
5.56
5.44
5.47
5.43
5.45
5.51
5.51
5.51
5.52
5.51
5.51
5.55
5.50
5.57
5.64
5.61
5.59
5.57
5.57
5.52
5.56
5.45
4.14
5.54
5.51
5.65	245.49
5.65
5.65
5.54
5.62
5.64
5.63
5.60
5.61
5.64
5.61
4.05
5.65
5.64
5.65
5.67
5.52
5.55
4.02
5.54
5.64
5.62
5.67
5.68
4.06
5.64
5.59
5.61
5.61
5.66
5.65
5.60
CorWatt	PkgWatt
350.54	490.83
5.47	245.30
5.55
5.52
5.48
5.54
5.55
5.60
5.57
5.43
5.47
5.40
5.45
5.51
5.53
5.53
5.51
5.49
5.53
5.55
5.53
5.54
5.65
5.59
5.59
5.58
5.56
5.52
5.56
5.42
4.14
5.52
5.47
5.63	245.52
5.62
5.62
5.53
5.63
5.63
5.60
5.59
5.60
5.60
5.60
4.01
5.59
5.63
5.62
5.64
5.49
5.56
4.75
5.52
5.62
5.63
5.63
5.64
4.04
5.60
5.57
5.58
5.61
5.63
5.64
5.54
CorWatt	PkgWatt
346.62	490.89
5.42	245.45
5.48
5.47
5.43
5.48
5.51
5.53
5.51
5.39
5.40
5.32
5.38
5.45
5.47
5.47
5.46
5.46
5.45
5.53
5.44
5.47
5.58
5.54
5.56
5.51
5.51
5.44
5.51
5.32
4.06
5.44
5.36
5.56	245.26
5.55
5.56
5.45
5.55
5.54
4.98
5.52
5.51
5.54
5.54
3.97
5.50
5.57
5.55
5.58
5.43
5.50
5.46
5.42
5.53
5.56
5.53
5.57
3.99
5.52
5.49
5.52
5.54
5.56
5.55
5.52
CorWatt	PkgWatt
346.34	490.74
5.42	245.44
5.47
5.46
5.43
5.45
5.49
5.53
5.51
5.37
5.39
5.32
5.38
5.42
5.48
5.44
5.47
5.47
5.42
5.48
5.45
5.47
5.57
5.52
5.55
5.49
5.51
5.49
5.52
5.36
4.05
5.44
5.39
5.52	245.43
5.52
5.53
5.42
5.51
5.51
4.51
5.48
5.47
5.49
5.52
5.33
5.48
5.55
5.54
5.55
5.40
5.49
5.44
5.40
5.51
5.53
5.52
5.55
3.97
5.47
5.47
5.49
5.53
5.52
5.50
5.52
CorWatt	PkgWatt
346.30	491.06
5.42	245.49
5.48
5.45
5.42
5.48
5.49
5.53
5.50
5.37
5.38
5.31
5.36
5.41
5.45
5.47
5.46
5.47
5.43
5.48
5.45
5.49
5.55
5.54
5.56
5.48
5.48
5.49
5.52
5.37
4.06
5.44
5.39
5.50	245.49
5.54
5.50
5.47
4.93
5.52
4.94
5.46
5.47
5.49
5.52
5.49
5.49
5.50
5.54
5.52
5.40
5.46
5.42
5.40
5.51
5.53
5.53
5.57
3.97
5.47
5.47
5.49
5.54
5.52
5.49
5.48
CorWatt	PkgWatt
349.95	490.74
5.46	245.40
5.52
5.52
5.48
5.53
5.55
5.59
5.56
5.45
5.47
5.39
5.45
5.47
5.48
5.51
5.51
5.54
5.49
5.54
5.52
5.53
5.61
5.58
5.62
5.54
5.54
5.53
5.56
5.46
4.10
5.50
5.48
5.59	245.37
5.60
5.59
5.54
4.13
5.60
5.59
5.55
5.54
5.53
5.57
5.56
5.55
5.59
5.60
5.57
5.46
5.50
5.46
5.46
5.57
5.57
5.59
5.64
4.01
5.53
5.53
5.55
5.62
5.59
5.57
5.55
CorWatt	PkgWatt
349.85	490.79
5.47	245.49
5.53
5.51
5.48
5.55
5.53
5.60
5.54
5.46
5.45
5.38
5.44
5.47
5.48
5.52
5.49
5.53
5.50
5.54
5.51
5.55
5.63
5.59
5.64
5.56
5.56
5.52
5.53
5.45
4.10
5.48
5.51
5.63	245.46
5.63
5.62
5.57
4.15
5.59
5.64
5.59
5.57
4.41
5.62
5.57
5.52
5.60
5.64
5.63
5.54
5.52
5.54
5.51
5.61
5.62
5.62
5.64
4.04
5.57
5.56
5.60
5.66
5.62
5.63
5.58
CorWatt	PkgWatt
350.01	491.41
5.47	245.52
5.54
5.52
5.49
5.54
5.51
5.57
5.54
5.46
5.48
5.40
5.45
5.48
5.46
5.51
5.49
5.50
5.49
5.54
5.52
5.54
5.63
5.58
5.63
5.56
5.56
5.53
5.53
5.46
4.10
5.47
5.52
5.61	245.60
5.62
5.60
5.56
4.14
5.54
5.62
5.56
5.52
4.15
5.57
5.54
5.56
5.58
5.62
5.58
5.49
5.50
5.50
5.48
5.59
5.59
5.60
5.63
5.01
5.55
5.54
5.56
5.63
5.59
5.61
5.55
CorWatt	PkgWatt
349.64	490.40
5.47	245.32
5.52
5.46
5.50
5.57
5.52
5.54
5.54
5.45
5.46
5.40
5.44
5.46
5.45
5.52
5.50
5.51
5.50
5.53
5.52
5.54
5.63
5.61
5.60
5.56
5.57
5.54
5.53
5.46
4.10
5.51
5.51
5.60	245.28
5.61
5.60
5.54
4.14
5.00
5.61
5.55
5.53
4.15
5.57
5.53
5.57
5.57
5.62
5.57
5.48
5.49
5.49
5.47
5.58
5.59
5.59
5.63
5.58
5.57
5.54
5.55
5.63
5.57
5.63
5.55
CorWatt	PkgWatt
224.32	378.99
3.49	187.06
3.48
3.45
3.31
3.59
3.39
3.49
3.43
3.43
3.46
3.64
3.44
3.48
3.45
3.43
3.39
3.50
3.43
3.49
3.35
3.40
3.62
3.53
3.43
3.49
3.43
3.36
3.54
3.54
2.95
3.35
3.36
3.61	192.41
3.44
3.49
3.51
2.84
4.31
3.62
3.56
3.50
3.86
3.59
3.69
3.35
3.52
3.49
3.62
3.46
3.69
3.33
3.38
3.60
3.50
3.51
3.47
3.46
3.59
3.53
3.45
4.56
3.55
3.77
3.52
CorWatt	PkgWatt
22.06	176.41
0.22	79.79
0.14
0.14
0.14
0.13
0.14
0.13
0.13
0.12
0.12
0.13
0.12
0.13
0.13
0.12
0.12
0.13
0.15
0.13
0.13
0.16
0.14
0.14
0.14
0.13
0.14
0.13
0.13
0.12
0.12
0.12
0.12
0.23	96.61
0.22
0.24
0.24
0.25
1.88
0.26
0.25
0.26
3.65
0.26
0.26
0.20
0.20
0.20
0.20
0.22
0.22
0.23
0.23
0.26
2.07
0.26
0.26
0.22
0.22
0.22
0.22
3.61
0.26
0.26
0.26
CorWatt	PkgWatt
20.71	174.61
0.13	78.47
0.12
0.12
0.12
0.12
0.12
0.12
0.12
0.10
0.10
0.10
0.10
0.10
0.10
0.10
0.10
0.12
0.12
0.12
0.12
0.13
0.12
0.12
0.11
0.11
0.11
0.11
0.11
0.10
0.10
0.10
0.10
0.22	95.98
0.21
0.22
0.22
0.22
0.22
0.22
0.22
0.25
3.64
0.25
0.25
0.20
0.20
0.20
0.19
0.22
0.22
0.22
0.22
0.28
3.36
0.27
0.27
0.21
0.21
0.21
0.21
3.59
0.26
0.25
0.25
CorWatt	PkgWatt
122.06	274.66
1.82	131.36
1.71
1.70
1.82
1.83
1.72
1.72
1.85
1.78
1.80
1.72
1.71
1.72
1.78
1.77
1.70
1.66
1.81
1.84
1.74
1.79
1.84
1.72
1.86
1.73
1.85
1.71
1.84
1.70
1.82
1.77
1.73
1.87	143.27
1.81
1.94
1.93
1.82
1.88
1.94
1.96
1.86
3.81
1.85
1.93
1.86
1.91
1.80
1.92
1.82
1.82
1.92
1.91
1.88
3.63
1.93
1.97
1.53
1.84
1.82
1.88
3.76
1.89
1.86
1.94
CorWatt	PkgWatt
350.17	490.92
5.43	245.51
5.48
5.45
5.42
5.50
5.48
5.51
5.50
5.39
5.42
5.35
5.41
5.43
5.45
5.47
5.46
5.47
5.51
5.56
5.47
5.65
5.58
5.59
5.56
5.51
5.52
5.52
5.51
5.42
5.48
5.46
5.45
5.64	245.34
5.67
5.67
5.61
5.59
5.09
5.68
5.67
5.60
4.44
5.65
5.61
5.69
5.69
5.69
5.70
5.56
5.59
5.53
5.56
5.68
4.38
5.70
5.65
4.26
5.60
5.60
5.59
4.43
5.67
5.67
5.63
CorWatt	PkgWatt
346.24	491.10
5.39	245.47
5.41
5.39
5.37
5.42
5.43
5.47
5.42
5.32
5.33
5.30
5.36
5.36
5.39
5.41
5.40
5.39
5.45
5.50
5.41
5.55
5.49
5.53
5.50
5.44
5.47
5.46
5.44
5.36
5.43
5.40
5.38
5.58	245.49
5.60
5.62
5.56
5.56
4.56
5.60
5.61
5.52
4.38
5.58
5.54
5.62
5.62
5.60
5.61
5.51
5.45
5.51
5.50
5.63
4.34
5.65
5.61
4.20
5.57
5.54
5.52
4.83
5.61
5.60
5.55
CorWatt	PkgWatt
347.85	490.92
5.44	245.44
5.47
5.44
5.39
5.48
5.44
5.52
5.48
5.35
5.38
5.38
5.41
5.42
5.47
5.47
5.46
5.48
5.52
5.51
5.43
5.61
5.54
5.58
5.53
5.50
5.53
5.51
5.51
5.42
5.49
5.42
5.43
5.55	245.44
5.59
5.59
5.57
5.55
4.54
5.58
5.58
5.50
4.36
5.54
5.50
5.61
5.60
5.55
5.57
5.48
5.43
5.50
5.52
5.60
4.32
5.62
5.60
4.19
5.51
5.50
5.50
5.58
5.58
5.57
5.55
CorWatt	PkgWatt
345.72	490.45
5.38	245.32
5.40
5.39
5.33
5.43
5.39
5.46
5.43
5.30
5.33
5.32
5.35
5.42
5.41
5.40
5.43
5.42
5.46
5.44
5.41
5.54
5.48
5.51
5.45
5.41
5.45
5.45
5.45
5.35
5.43
5.35
5.36
5.56	245.48
5.55
5.55
5.55
5.54
4.52
5.54
5.55
5.46
5.25
5.52
5.48
5.56
5.56
5.52
5.53
5.46
5.45
5.43
5.49
5.55
4.30
5.58
5.55
4.16
5.49
5.49
5.47
5.51
5.54
5.54
5.52
CorWatt	PkgWatt
347.82	491.03
5.44	245.46
5.46
5.44
5.39
5.50
5.46
5.51
5.47
5.37
5.41
5.34
5.41
5.44
5.42
5.44
5.46
5.48
5.52
5.49
5.45
5.61
5.57
5.56
5.52
5.50
5.53
5.51
5.52
5.38
5.44
5.40
5.48
5.56	245.29
5.56
5.56
5.54
5.56
4.53
5.55
5.57
5.47
5.51
5.53
5.49
5.55
5.57
5.53
5.54
5.49
5.43
5.43
5.04
5.51
4.30
5.58
5.56
4.17
5.51
5.49
5.49
5.51
5.55
5.55
5.52
CorWatt	PkgWatt
349.65	491.16
5.45	245.53
5.49
5.45
5.39
5.50
5.46
5.49
5.48
5.40
5.40
5.35
5.41
5.46
5.43
5.43
5.48
5.48
5.52
5.48
5.46
5.61
5.56
5.57
5.51
5.49
5.55
5.52
5.52
5.40
5.44
5.41
5.47
5.64	245.56
5.64
5.65
5.64
5.64
4.60
5.63
5.65
5.55
5.61
5.61
5.58
5.62
5.63
5.67
5.64
5.57
5.51
5.50
4.27
5.61
4.35
5.67
5.64
4.23
5.58
5.54
5.58
5.59
5.66
5.65
5.61
CorWatt	PkgWatt
349.46	490.73
5.46	245.43
5.49
5.41
5.39
5.51
5.45
5.49
5.47
5.43
5.41
5.35
5.41
5.45
5.43
5.44
5.49
5.49
5.52
5.49
5.46
5.61
5.56
5.57
5.52
5.50
5.54
5.52
5.52
5.38
5.44
5.41
5.48
5.70	245.42
5.67
5.68
5.68
5.69
4.60
5.68
5.68
5.59
5.64
4.53
5.61
5.69
5.68
5.68
5.67
5.61
5.54
5.54
4.29
5.65
4.37
5.66
5.68
4.24
5.62
5.60
5.60
5.59
5.69
5.69
5.62
CorWatt	PkgWatt
345.64	490.79
5.33	245.26
5.41
5.36
5.33
5.43
5.40
5.43
5.42
5.35
5.37
5.32
5.35
5.37
5.35
5.38
5.44
5.43
5.46
5.41
5.37
5.56
5.50
5.50
5.46
5.43
5.47
5.46
5.45
5.32
5.39
5.35
5.44
5.60	245.49
5.57
5.61
5.61
5.62
4.55
5.60
5.61
5.51
5.58
4.16
5.54
5.62
5.63
5.60
5.59
5.53
5.47
5.47
4.24
5.57
4.99
5.58
5.59
4.19
5.55
5.52
5.54
5.53
5.62
5.64
5.57
CorWatt	PkgWatt
347.40	491.09
5.40	245.62
5.47
5.43
5.40
5.49
5.45
5.47
5.46
5.37
5.44
5.40
5.40
5.45
5.41
5.43
5.46
5.47
5.51
5.47
5.42
5.63
5.56
5.56
5.51
5.49
5.53
5.52
5.51
5.39
5.44
5.41
5.47
5.60	245.39
5.56
5.58
5.56
5.58
4.53
5.57
5.58
5.49
5.57
4.15
5.53
5.55
5.60
5.57
5.59
5.52
5.45
5.47
4.22
5.57
5.58
5.57
5.58
4.18
5.54
5.49
5.52
5.51
5.61
5.59
5.54
CorWatt	PkgWatt
249.48	403.18
3.81	199.73
4.02
3.86
3.72
3.84
3.89
3.88
3.76
3.79
3.88
3.68
4.04
3.84
3.98
3.76
3.69
3.72
3.80
3.99
3.82
3.99
3.97
3.90
3.77
3.93
3.89
3.86
3.79
3.76
3.64
3.89
4.11
3.89	204.00
3.92
3.80
4.07
4.09
4.37
4.04
4.26
3.98
4.08
3.86
3.96
4.11
4.06
3.94
3.98
3.84
4.04
4.02
3.99
4.05
3.95
4.00
3.89
2.98
3.98
3.85
3.89
3.74
3.99
3.96
3.88
CorWatt	PkgWatt
23.52	180.29
0.14	79.52
0.13
0.13
0.13
0.13
0.13
0.13
0.13
0.12
0.12
0.11
0.12
0.11
0.11
0.11
0.11
0.13
0.13
0.13
0.13
0.14
0.13
0.13
0.13
0.12
0.12
0.12
0.12
0.12
0.13
0.12
0.12
0.28	100.66
1.93
0.27
0.26
0.29
4.01
0.30
0.29
0.26
0.27
3.18
0.26
0.22
0.22
0.22
0.23
0.28
0.29
0.30
3.30
0.25
0.28
0.26
0.25
0.24
0.23
0.24
0.24
0.23
0.23
0.23
0.23
CorWatt	PkgWatt
23.79	177.77
0.12	78.30
0.11
0.11
0.11
0.11
0.11
0.11
0.11
0.10
0.10
0.09
0.09
0.09
0.09
0.09
0.09
0.11
0.11
0.11
0.11
0.13
0.11
0.11
0.11
0.11
0.11
0.11
0.11
0.10
0.10
0.10
0.10
0.29	99.45
3.21
0.28
0.27
0.28
4.00
0.28
0.28
0.25
0.27
3.15
0.26
0.21
0.21
0.21
0.21
0.27
0.28
0.27
3.30
0.23
0.24
0.23
0.24
0.22
0.22
0.22
0.21
0.21
0.21
0.20
0.20
CorWatt	PkgWatt
90.33	244.73
1.24	113.65
1.15
1.21
1.17
1.16
1.17
1.22
1.21
1.08
1.24
1.22
1.15
1.19
1.17
1.14
1.26
1.22
1.19
1.17
1.25
1.25
1.18
1.15
1.25
1.22
1.21
1.13
1.27
1.12
1.27
1.22
1.21
1.33	131.09
3.35
1.43
1.36
1.35
4.03
1.49
1.34
1.27
1.33
3.36
1.46
1.37
1.42
1.30
1.26
1.41
1.36
1.33
3.45
1.36
1.34
1.32
1.43
1.38
1.27
1.26
1.34
1.37
1.34
1.35
1.28
CorWatt	PkgWatt
350.03	491.16
5.42	245.36
5.40
5.47
5.46
5.48
5.51
5.50
5.47
5.40
5.46
5.36
5.43
5.41
5.45
5.49
5.46
5.46
5.50
5.52
5.47
5.56
5.58
5.59
5.53
5.50
5.52
5.54
5.53
5.45
5.48
5.48
5.47
5.66	245.46
4.32
5.67
5.67
5.66
4.60
5.68
5.65
5.65
5.65
4.30
5.77
5.66
5.68
5.67
5.62
5.55
5.56
5.57
4.30
5.70
5.66
5.69
5.71
5.62
5.63
4.34
5.62
5.66
5.65
5.66
5.68
CorWatt	PkgWatt
345.80	490.69
5.37	245.46
5.41
5.34
5.35
5.41
5.44
5.43
5.40
5.35
5.39
5.30
5.37
5.36
5.40
5.41
5.38
5.40
5.43
5.47
5.40
5.49
5.50
5.53
5.47
5.44
5.46
5.49
5.47
5.42
5.44
5.41
5.36
5.61	245.42
4.26
5.59
5.60
5.60
4.53
5.60
5.58
5.55
5.57
4.26
5.69
5.58
5.61
5.59
5.56
5.48
5.47
5.51
4.63
5.61
5.59
5.63
5.61
5.55
5.54
4.29
5.56
5.59
5.57
5.62
5.58
CorWatt	PkgWatt
347.56	490.83
5.43	245.46
5.45
5.45
5.37
5.46
5.50
5.49
5.45
5.38
5.46
5.36
5.46
5.41
5.49
5.46
5.41
5.41
5.50
5.53
5.44
5.52
5.54
5.59
5.52
5.50
5.52
5.54
5.52
5.44
5.48
5.47
5.42
5.58	245.23
4.23
5.58
5.56
5.56
4.51
5.57
5.56
5.50
5.56
4.25
5.66
5.56
5.57
5.58
5.55
5.47
5.45
5.49
5.50
5.54
5.56
5.57
5.56
5.49
5.50
4.27
5.52
5.55
5.54
5.58
5.57
CorWatt	PkgWatt
345.54	490.87
5.35	245.40
5.39
5.38
5.36
5.40
5.43
5.43
5.41
5.35
5.39
5.29
5.38
5.35
5.40
5.39
5.37
5.36
5.44
5.47
5.39
5.47
5.47
5.54
5.46
5.42
5.47
5.48
5.48
5.39
5.39
5.37
5.38
5.56	245.63
4.21
5.56
5.55
5.52
4.48
5.54
5.53
5.46
5.52
5.17
5.61
5.50
5.52
5.56
5.55
5.43
5.43
5.44
5.46
5.52
5.52
5.54
5.54
5.45
5.47
4.25
5.53
5.55
5.52
5.57
5.54
CorWatt	PkgWatt
347.40	490.83
5.39	245.45
5.47
5.45
5.37
5.46
5.46
5.50
5.46
5.42
5.44
5.37
5.40
5.41
5.47
5.45
5.44
5.42
5.50
5.53
5.45
5.52
5.50
5.60
5.51
5.47
5.51
5.54
5.53
5.44
5.48
5.44
5.42
5.55	245.23
4.20
5.53
5.53
5.52
4.49
5.53
5.53
5.46
5.52
5.48
5.60
5.50
5.52
5.58
5.57
5.43
5.05
5.44
5.46
5.53
5.52
5.53
5.54
5.47
5.50
4.25
5.51
5.55
5.51
5.55
5.54
CorWatt	PkgWatt
349.28	490.84
5.41	245.40
5.46
5.45
5.38
5.47
5.50
5.51
5.46
5.42
5.44
5.37
5.40
5.41
5.47
5.45
5.44
5.42
5.49
5.52
5.46
5.53
5.51
5.60
5.52
5.49
5.53
5.53
5.53
5.44
5.48
5.44
5.42
5.62	245.40
4.27
5.64
5.63
5.62
4.55
5.63
5.63
5.55
5.61
5.59
5.70
5.61
5.61
5.66
5.64
5.48
4.14
5.50
5.54
5.61
5.63
5.63
5.63
5.56
5.59
4.31
5.60
5.65
5.62
5.63
5.62
CorWatt	PkgWatt
349.09	490.95
5.40	245.58
5.47
5.46
5.40
5.47
5.45
5.50
5.49
5.42
5.42
5.35
5.41
5.42
5.47
5.45
5.43
5.42
5.49
5.53
5.46
5.54
5.52
5.61
5.52
5.49
5.53
5.54
5.53
5.44
5.48
5.44
5.44
5.65	245.54
4.28
5.66
5.65
5.62
4.56
5.66
5.65
5.68
5.71
5.61
5.63
4.72
5.66
5.68
5.62
5.53
4.16
5.53
5.58
5.64
5.65
5.65
5.67
5.59
5.62
4.33
5.63
5.67
5.64
5.66
5.64
CorWatt	PkgWatt
345.34	490.86
5.36	245.35
5.41
5.39
5.33
5.43
5.38
5.45
5.41
5.36
5.36
5.31
5.35
5.36
5.39
5.38
5.37
5.36
5.43
5.48
5.40
5.46
5.46
5.51
5.44
5.42
5.45
5.46
5.46
5.39
5.42
5.40
5.38
5.59	245.39
4.95
5.60
5.57
5.56
4.51
5.60
5.58
5.60
5.59
5.55
5.56
4.29
5.59
5.58
5.55
5.46
4.11
5.50
5.51
5.56
5.58
5.58
5.60
5.51
5.54
4.28
5.52
5.59
5.56
5.59
5.58
CorWatt	PkgWatt
347.01	491.10
5.44	245.56
5.46
5.44
5.40
5.50
5.43
5.48
5.47
5.39
5.41
5.35
5.43
5.39
5.45
5.43
5.42
5.40
5.48
5.53
5.47
5.53
5.53
5.57
5.49
5.48
5.49
5.52
5.52
5.44
5.47
5.45
5.44
5.55	245.55
5.76
5.56
5.55
5.55
4.49
5.57
5.56
5.47
5.54
5.51
5.54
4.28
5.57
5.58
5.52
5.42
4.09
5.48
5.47
5.54
5.55
5.57
5.59
5.49
5.52
4.26
5.48
5.58
5.53
5.56
5.55
CorWatt	PkgWatt
283.86	437.62
4.67	217.63
4.30
4.44
4.31
4.58
4.43
4.37
4.50
4.35
4.26
4.64
4.48
4.40
4.46
4.35
4.25
4.44
4.44
4.43
4.31
4.53
4.50
4.48
4.36
4.48
4.44
4.46
4.32
4.45
4.34
4.38
4.31
4.41	220.45
4.73
4.51
4.48
4.54
4.47
4.44
4.47
4.45
4.37
4.45
4.56
4.05
4.92
4.65
4.60
4.50
3.97
4.33
4.48
4.50
4.56
4.64
4.58
4.48
4.48
3.54
4.36
4.69
4.48
4.45
4.44
CorWatt	PkgWatt
25.83	181.11
0.16	80.05
0.14
0.15
0.14
0.13
0.13
0.13
0.13
0.13
0.12
0.12
0.13
0.12
0.14
0.12
0.12
0.14
0.14
0.15
0.14
0.16
0.14
0.14
0.14
0.13
0.13
0.13
0.13
0.13
0.12
0.13
0.13
0.25	101.04
0.26
0.26
0.25
0.30
4.01
0.31
0.30
0.23
0.23
0.25
0.24
3.32
0.28
0.27
0.27
0.29
3.15
0.28
0.30
0.25
0.26
0.25
0.26
0.26
0.25
0.25
0.25
0.56
1.69
1.67
0.56
CorWatt	PkgWatt
27.73	182.06
0.13	78.82
0.12
0.12
0.12
0.12
0.11
0.12
0.12
0.10
0.10
0.10
0.10
0.10
0.10
0.10
0.10
0.12
0.12
0.12
0.12
0.13
0.12
0.12
0.12
0.11
0.11
0.11
0.11
0.10
0.10
0.10
0.11
0.23	103.31
0.24
0.24
0.23
0.29
4.02
0.30
0.29
0.22
0.22
0.22
0.22
3.32
0.27
0.27
0.27
0.28
3.12
0.27
0.29
0.24
0.25
0.25
0.25
0.23
0.23
0.23
0.23
0.84
2.98
2.79
0.85
CorWatt	PkgWatt
56.13	212.58
0.63	94.85
0.57
0.54
0.65
0.49
0.57
0.65
0.65
0.61
0.62
0.54
0.54
0.62
0.54
0.53
0.56
0.59
0.50
0.56
0.66
0.66
0.65
0.56
0.53
0.54
0.65
0.53
0.65
0.62
0.52
0.59
0.55
0.65	117.56
0.76
0.77
0.69
0.67
4.04
0.78
0.73
0.67
0.64
0.73
0.74
3.31
0.74
0.73
0.68
0.66
3.18
0.75
0.73
0.70
0.73
0.69
1.30
0.77
0.65
0.71
0.75
1.22
3.14
2.93
1.23
CorWatt	PkgWatt
349.53	490.90
5.43	245.45
5.50
5.48
5.45
5.48
5.48
5.51
5.45
5.38
5.38
5.37
5.40
5.47
5.48
5.48
5.45
5.48
5.50
5.51
5.46
5.55
5.55
5.57
5.54
5.47
5.51
5.53
5.52
5.41
5.45
5.49
5.46
5.61	245.31
5.67
5.71
5.65
5.63
4.63
5.69
5.69
5.63
5.63
5.66
5.64
4.31
5.68
5.73
5.67
5.56
4.18
5.57
5.53
5.68
5.71
5.68
4.45
5.57
5.58
5.65
5.61
4.57
5.68
5.44
5.62
CorWatt	PkgWatt
347.28	490.85
5.41	245.49
5.50
5.49
5.45
5.48
5.48
5.50
5.45
5.39
5.39
5.36
5.42
5.47
5.46
5.48
5.46
5.47
5.48
5.50
5.44
5.53
5.54
5.56
5.54
5.45
5.50
5.52
5.49
5.40
5.42
5.50
5.46
5.54	245.47
5.61
5.63
5.55
5.58
4.56
5.63
5.61
5.59
5.57
5.59
5.57
4.26
5.61
5.64
5.61
5.50
4.31
5.52
5.48
5.61
5.64
5.57
4.40
5.54
5.50
5.53
5.53
4.52
5.62
5.37
5.56
CorWatt	PkgWatt
347.11	490.84
5.42	245.27
5.50
5.47
5.43
5.46
5.47
5.48
5.44
5.38
5.38
5.36
5.39
5.46
5.47
5.48
5.43
5.46
5.46
5.51
5.44
5.51
5.53
5.56
5.52
5.43
5.50
5.50
5.48
5.39
5.43
5.50
5.46
5.52	245.52
5.54
5.60
5.50
5.51
4.51
5.58
5.53
5.54
5.53
5.54
5.50
4.24
5.57
5.60
5.54
5.45
5.47
5.46
5.44
5.58
5.61
5.53
4.37
5.51
5.47
5.56
5.48
4.59
5.58
5.38
5.51
CorWatt	PkgWatt
345.21	490.84
5.36	245.45
5.45
5.42
5.38
5.39
5.36
5.39
5.40
5.33
5.30
5.27
5.33
5.40
5.41
5.40
5.38
5.39
5.40
5.47
5.40
5.45
5.49
5.50
5.47
5.38
5.44
5.45
5.45
5.34
5.38
5.42
5.41
5.49	245.25
5.48
5.56
5.47
5.47
4.47
5.54
5.53
5.52
5.49
5.50
5.48
5.12
5.56
5.58
5.53
5.41
5.41
5.42
5.41
5.55
5.57
5.51
4.42
5.49
5.46
5.44
5.44
4.47
5.49
5.51
5.52
CorWatt	PkgWatt
346.91	490.75
5.42	245.42
5.51
5.48
5.43
5.47
5.43
5.46
5.44
5.38
5.36
5.33
5.38
5.45
5.45
5.42
5.46
5.46
5.45
5.50
5.47
5.51
5.56
5.55
5.53
5.44
5.50
5.52
5.50
5.41
5.43
5.49
5.47
5.47	245.41
5.48
5.54
5.46
5.47
4.96
5.53
5.51
5.41
5.48
5.50
5.45
5.49
5.52
5.55
5.24
5.40
5.39
5.41
5.39
5.54
5.55
5.50
4.40
5.42
5.45
5.43
5.44
4.46
5.48
5.48
5.52
CorWatt	PkgWatt
348.82	491.02
5.43	245.49
5.51
5.49
5.44
5.47
5.44
5.47
5.43
5.37
5.37
5.31
5.37
5.43
5.47
5.41
5.46
5.46
5.45
5.52
5.45
5.51
5.56
5.56
5.54
5.45
5.51
5.51
5.52
5.42
5.43
5.50
5.47
5.55	245.50
5.54
5.59
5.54
5.53
5.57
5.60
5.59
5.47
5.55
5.55
5.55
5.53
5.56
5.62
4.38
5.47
5.47
5.49
5.48
5.62
5.62
5.58
4.39
5.49
5.53
5.53
5.52
4.49
5.53
5.55
5.58
CorWatt	PkgWatt
348.77	490.86
5.42	245.39
5.50
5.49
5.43
5.47
5.44
5.47
5.44
5.38
5.37
5.33
5.38
5.45
5.47
5.41
5.43
5.47
5.45
5.52
5.46
5.51
5.56
5.55
5.53
5.45
5.50
5.52
5.52
5.42
5.43
5.50
5.47
5.56	245.41
5.57
5.63
5.55
4.80
5.60
5.61
5.59
5.55
5.57
5.58
5.60
5.56
5.59
5.63
4.39
5.46
5.50
5.49
5.51
5.64
5.63
5.59
4.40
5.52
5.54
5.54
5.54
4.51
5.56
5.59
5.60
CorWatt	PkgWatt
348.53	490.80
5.43	245.56
5.50
5.48
5.43
5.47
5.44
5.48
5.45
5.39
5.38
5.34
5.37
5.44
5.39
5.43
5.44
5.47
5.43
5.52
5.48
5.51
5.58
5.56
5.50
5.46
5.51
5.52
5.52
5.41
5.42
5.50
5.47
5.55	245.49
5.57
5.63
5.55
4.41
5.59
5.62
5.56
5.54
5.55
5.56
5.60
5.54
5.59
5.63
4.38
5.46
5.50
5.47
5.49
5.64
5.62
5.59
4.37
5.52
5.54
5.54
5.53
5.03
5.57
5.59
5.61
CorWatt	PkgWatt
348.71	490.88
5.42	245.27
5.49
5.47
5.43
5.47
5.42
5.46
5.45
5.39
5.37
5.34
5.39
5.42
5.48
5.45
5.43
5.47
5.45
5.51
5.49
5.52
5.57
5.54
5.49
5.45
5.50
5.51
5.51
5.41
5.41
5.49
5.45
5.53	245.34
5.55
5.61
5.54
4.39
5.57
5.59
5.56
5.51
5.54
5.54
5.60
5.53
5.56
5.61
4.37
5.44
5.48
5.44
5.47
5.58
5.60
5.56
4.36
5.51
5.52
5.52
5.52
5.59
5.55
5.58
5.58
CorWatt	PkgWatt
320.62	469.55
5.01	234.43
5.06
4.97
4.87
5.24
5.22
5.15
4.93
4.89
4.98
4.79
4.96
4.95
4.86
5.04
4.93
5.04
5.09
5.05
4.95
4.96
5.08
5.16
5.07
5.07
5.04
5.02
4.96
5.00
4.96
4.96
5.00
5.33	235.73
5.07
5.15
5.01
4.32
5.03
5.42
4.99
4.98
5.31
5.08
5.15
5.21
5.17
5.11
4.29
5.11
5.10
4.86
4.97
5.14
5.22
5.04
4.10
5.06
4.92
5.03
5.11
5.21
5.06
5.12
5.00
CorWatt	PkgWatt
23.69	181.92
0.16	81.63
0.16
0.16
0.15
0.15
0.14
0.15
0.15
0.13
0.14
0.14
0.14
0.13
0.13
0.13
0.13
0.15
0.15
0.15
0.15
0.16
0.15
0.15
0.15
0.14
0.14
0.14
0.16
0.14
0.14
0.13
0.13
0.27	100.27
0.27
0.27
0.28
3.76
0.32
0.32
0.32
0.25
0.25
0.25
0.26
0.29
0.29
0.30
3.59
0.27
0.27
0.26
0.28
0.28
0.28
0.27
0.28
1.64
0.58
0.58
1.75
0.27
0.26
0.25
0.25
CorWatt	PkgWatt
27.35	182.29
0.21	79.24
0.13
0.13
0.13
0.12
0.12
0.12
0.12
0.12
0.11
0.11
0.11
0.11
0.11
0.10
0.11
0.12
0.12
0.12
0.12
0.13
0.12
0.12
0.12
0.12
0.12
0.12
0.12
0.11
0.11
0.11
0.11
0.24	103.07
0.24
0.24
0.24
3.73
0.30
0.30
0.30
2.25
0.25
0.25
0.25
0.27
0.28
0.28
3.57
0.25
0.25
0.24
0.25
0.25
0.26
0.25
0.26
2.79
0.85
0.85
3.00
0.23
0.23
0.23
0.23
CorWatt	PkgWatt
33.53	188.76
0.24	81.12
0.19
0.19
0.13
0.22
0.19
0.13
0.15
0.12
0.16
0.18
0.23
0.19
0.13
0.11
0.19
0.21
0.13
0.18
0.21
0.22
0.13
0.15
0.23
0.20
0.13
0.15
0.24
0.15
0.12
0.19
0.22
0.38	107.50
0.37
0.29
0.25
3.71
0.35
0.36
0.30
3.91
0.27
0.32
0.40
0.38
0.31
0.28
3.56
1.28
0.27
0.27
0.34
0.34
0.39
0.32
0.30
0.89
2.85
0.97
3.00
0.39
0.24
0.27
0.38
CorWatt	PkgWatt
346.21	491.15
5.27	245.55
5.57
5.39
5.37
5.45
5.42
5.46
5.44
5.33
5.38
5.34
5.36
5.38
5.38
5.39
5.45
5.39
5.38
5.47
5.43
5.45
5.46
5.52
5.51
5.44
5.48
5.48
5.47
5.36
5.43
5.44
5.42
5.64	245.55
5.57
5.57
5.56
4.34
5.65
5.58
5.57
5.05
5.55
5.57
5.61
5.57
5.60
5.57
4.34
4.23
5.51
5.55
5.51
5.49
5.60
5.57
5.58
5.49
5.47
4.43
5.56
5.61
5.61
5.58
5.54
CorWatt	PkgWatt
348.63	490.87
5.31	245.54
5.60
5.39
5.41
5.48
5.48
5.50
5.44
5.40
5.43
5.34
5.40
5.43
5.43
5.42
5.43
5.44
5.43
5.49
5.46
5.51
5.53
5.54
5.54
5.48
5.54
5.48
5.51
5.42
5.48
5.48
5.47
5.64	245.31
5.60
5.63
5.60
4.40
5.63
5.55
5.59
5.57
5.56
5.56
5.60
5.60
5.63
5.59
4.51
4.29
5.54
5.58
5.52
5.56
5.59
5.54
5.59
5.55
5.54
4.41
5.54
5.62
5.60
5.64
5.56
CorWatt	PkgWatt
348.71	491.09
5.31	245.45
5.63
5.43
5.36
5.47
5.46
5.52
5.44
5.40
5.42
5.34
5.38
5.47
5.45
5.41
5.42
5.43
5.42
5.49
5.46
5.49
5.53
5.54
5.54
5.47
5.54
5.50
5.51
5.42
5.49
5.49
5.46
5.61	245.50
5.57
5.60
5.53
4.36
5.60
5.52
5.56
5.49
5.51
5.51
5.57
5.55
5.58
5.56
5.57
4.26
5.49
5.54
5.50
5.54
5.56
5.51
5.54
5.52
5.52
4.39
5.52
5.59
5.59
5.63
5.53
CorWatt	PkgWatt
348.57	490.89
5.31	245.43
5.62
5.42
5.38
5.46
5.45
5.51
5.45
5.41
5.43
5.33
5.37
5.45
5.42
5.40
5.45
5.42
5.43
5.51
5.48
5.50
5.52
5.55
5.51
5.46
5.54
5.47
5.50
5.42
5.49
5.50
5.46
5.59	245.43
5.52
5.58
5.52
4.90
5.59
5.51
5.54
5.48
5.48
5.51
5.56
5.54
5.53
5.57
5.55
4.32
5.47
5.51
5.48
5.52
5.54
5.49
5.53
5.51
5.49
4.36
5.50
5.58
5.56
5.62
5.50
CorWatt	PkgWatt
348.31	490.60
5.29	245.31
5.61
5.42
5.37
5.44
5.44
5.51
5.45
5.40
5.44
5.34
5.37
5.46
5.44
5.43
5.42
5.43
5.42
5.48
5.48
5.50
5.52
5.56
5.49
5.49
5.53
5.49
5.48
5.42
5.48
5.49
5.46
5.60	245.50
5.52
5.57
5.54
5.49
5.59
5.02
5.56
5.47
5.47
5.52
5.56
5.56
5.55
5.51
5.56
4.33
5.49
5.51
5.48
5.27
5.51
5.50
5.53
5.50
5.50
4.37
5.50
5.57
5.57
5.62
5.52
CorWatt	PkgWatt
348.25	490.93
5.29	245.54
5.62
5.43
5.38
5.47
5.44
5.44
5.46
5.36
5.42
5.34
5.39
5.49
5.44
5.43
5.43
5.43
5.42
5.50
5.44
5.50
5.52
5.56
5.52
5.47
5.53
5.47
5.50
5.43
5.50
5.47
5.43
5.61	245.30
5.57
5.58
5.56
5.55
5.60
4.62
5.59
5.52
5.52
5.56
5.61
5.58
5.57
5.58
5.61
4.29
5.52
5.56
5.52
4.37
5.56
5.55
5.59
5.54
5.54
4.41
5.55
5.62
5.62
5.66
5.57
CorWatt	PkgWatt
348.11	490.97
5.30	245.48
5.63
5.43
5.38
5.46
5.45
5.39
5.46
5.36
5.42
5.33
5.41
5.49
5.44
5.43
5.43
5.44
5.44
5.49
5.43
5.50
5.54
5.56
5.51
5.48
5.51
5.47
5.48
5.40
5.49
5.48
5.42
5.61	245.49
5.59
5.60
5.56
5.60
5.60
5.16
5.57
5.52
5.52
5.58
5.61
5.60
5.58
5.57
5.62
4.29
5.54
5.57
5.55
4.37
5.56
5.56
5.61
5.57
5.55
4.42
5.58
5.64
5.63
4.74
5.57
CorWatt	PkgWatt
348.01	490.80
5.30	245.35
5.63
5.43
5.37
5.46
5.44
5.40
5.46
5.36
5.42
5.33
5.41
5.47
5.46
5.42
5.43
5.41
5.45
5.50
5.42
5.50
5.55
5.57
5.50
5.43
5.54
5.47
5.48
5.42
5.49
5.49
5.41
5.56	245.38
5.60
5.59
5.57
5.59
5.62
5.61
5.54
5.51
5.51
5.54
5.59
5.56
5.58
5.56
5.61
4.27
5.51
5.55
5.51
4.36
5.53
5.53
5.60
5.54
5.52
5.03
5.56
5.62
5.60
4.17
5.56
CorWatt	PkgWatt
347.95	491.11
5.50	245.54
5.50
5.43
5.38
5.45
5.45
5.40
5.46
5.35
5.40
5.32
5.42
5.46
5.45
5.42
5.43
5.40
5.43
5.48
5.43
5.49
5.53
5.55
5.49
5.44
5.55
5.49
5.46
5.41
5.49
5.49
5.41
5.53	245.54
5.56
5.58
5.57
5.58
5.61
5.59
5.53
5.50
5.50
5.53
5.58
5.53
5.55
5.54
5.60
4.26
5.49
5.50
5.50
4.35
5.52
5.53
5.57
5.52
5.50
5.53
5.56
5.60
5.59
4.16
5.53
CorWatt	PkgWatt
344.88	489.88
5.49	245.03
5.45
5.36
5.36
5.35
5.43
5.38
5.42
5.35
5.29
5.29
5.31
5.40
5.43
5.38
5.42
5.37
5.43
5.39
5.30
5.47
5.57
5.56
5.32
5.27
5.56
5.35
5.46
5.42
5.47
5.44
5.31
5.56	245.04
5.45
5.43
5.54
5.54
5.45
5.08
5.57
5.52
5.50
5.46
5.44
5.49
5.45
5.52
5.60
4.50
5.42
5.49
5.45
4.38
5.44
5.51
5.58
5.50
5.53
5.55
5.46
5.61
5.53
4.12
5.48
CorWatt	PkgWatt
31.02	193.11
0.24	86.14
0.31
0.19
0.31
0.17
0.31
0.24
0.23
0.25
0.16
0.15
0.16
0.17
0.16
0.24
0.40
0.23
0.20
0.18
0.17
0.39
0.21
0.26
0.18
0.16
0.23
0.16
0.16
0.22
0.16
0.15
0.15
0.51	107.14
0.32
0.30
0.34
0.36
0.35
4.14
0.43
0.36
0.32
0.28
0.26
0.34
0.27
0.26
0.29
0.37
0.32
0.28
0.30
0.54
3.35
0.41
0.61
0.75
0.57
1.65
1.62
0.32
0.34
3.24
0.32
CorWatt	PkgWatt
28.84	184.15
0.14	79.46
0.13
0.13
0.13
0.13
0.13
0.13
0.13
0.11
0.11
0.11
0.11
0.11
0.11
0.11
0.11
0.13
0.13
0.13
0.13
0.14
0.13
0.13
0.12
0.12
0.12
0.12
0.12
0.11
0.11
0.11
0.11
0.25	104.58
0.25
0.25
0.27
0.31
0.32
4.12
0.32
0.23
0.25
0.23
0.23
0.23
0.23
0.22
0.22
0.25
0.25
0.25
0.25
0.32
3.36
0.31
0.32
1.01
0.85
2.85
2.86
0.29
0.31
3.20
0.30
CorWatt	PkgWatt
29.26	184.02
0.13	78.79
0.14
0.13
0.12
0.11
0.11
0.11
0.11
0.11
0.11
0.11
0.11
0.10
0.11
0.10
0.10
0.12
0.12
0.12
0.12
0.13
0.11
0.11
0.11
0.11
0.11
0.11
0.11
0.11
0.11
0.11
0.11
0.27	105.21
0.27
0.25
0.25
0.30
0.32
4.12
0.31
0.22
0.22
0.22
0.22
1.28
0.24
0.24
0.24
0.27
0.27
0.25
0.26
0.31
3.37
0.30
0.31
2.93
0.85
2.61
0.86
0.29
0.30
3.21
0.28
CorWatt	PkgWatt
318.87	466.04
4.98	231.72
4.92
5.02
4.94
5.00
5.05
4.98
5.07
4.95
4.94
4.83
5.00
3.98
5.01
4.87
4.91
4.98
4.97
5.00
5.08
5.09
4.97
5.08
5.13
5.01
5.00
4.95
5.04
5.00
4.94
4.96
5.10
5.07	234.33
5.09
5.19
5.11
5.18
5.06
4.51
5.10
5.00
5.10
5.17
5.11
4.05
5.23
5.06
5.15
5.11
5.05
4.97
5.13
5.14
4.08
5.21
5.09
5.19
5.13
5.15
5.31
5.14
5.22
4.00
5.00
CorWatt	PkgWatt
348.16	491.03
5.41	245.39
5.51
5.49
5.41
5.46
5.50
5.53
5.51
5.43
5.43
5.39
5.43
4.31
5.46
5.42
5.43
5.47
5.49
5.55
5.51
5.55
5.56
5.63
5.56
5.50
5.52
5.52
5.50
5.46
5.45
5.52
5.50
5.61	245.45
5.61
5.62
5.58
5.62
5.61
4.58
5.60
5.53
5.57
5.54
5.61
4.23
5.63
5.60
5.62
5.53
5.53
5.47
5.46
5.61
4.43
5.60
5.62
5.54
5.55
5.58
5.61
5.62
5.64
4.16
5.55
CorWatt	PkgWatt
347.85	490.90
5.41	245.39
5.50
5.49
5.41
5.49
5.49
5.51
5.46
5.42
5.45
5.38
5.41
4.29
5.45
5.44
5.40
5.47
5.49
5.54
5.52
5.54
5.59
5.63
5.54
5.47
5.53
5.51
5.48
5.46
5.44
5.46
5.54
5.58	245.41
5.55
5.57
5.54
5.58
5.59
4.55
5.56
5.46
5.51
5.50
5.53
4.21
5.60
5.57
5.59
5.48
5.52
5.42
5.44
5.59
5.52
5.56
5.58
5.51
5.53
5.54
5.59
5.58
5.58
4.13
5.52
CorWatt	PkgWatt
343.93	490.47
5.35	245.33
5.43
5.44
5.36
5.42
5.40
5.43
5.42
5.37
5.37
5.32
5.36
4.25
5.38
5.38
5.37
5.44
5.44
5.48
5.46
5.47
5.52
5.54
5.48
5.41
5.46
5.45
5.43
5.40
5.38
5.39
5.48
5.47	245.30
5.45
5.48
5.48
5.50
5.50
4.47
5.49
5.44
5.45
5.42
5.45
4.21
5.49
5.48
5.50
5.37
5.40
5.33
5.35
5.50
5.42
5.48
5.47
5.37
5.45
5.46
5.48
5.51
5.50
4.90
5.44
CorWatt	PkgWatt
347.62	491.13
5.40	245.36
5.50
5.51
5.40
5.49
5.46
5.47
5.50
5.41
5.43
5.37
5.42
4.29
5.43
5.42
5.41
5.48
5.49
5.51
5.52
5.53
5.60
5.59
5.56
5.48
5.53
5.51
5.46
5.46
5.44
5.46
5.51
5.53	245.64
5.51
5.53
5.52
5.55
5.55
4.52
5.51
5.30
5.50
5.41
5.50
4.27
5.54
5.53
5.52
5.42
5.42
5.40
5.40
5.54
5.48
5.54
5.53
5.43
5.49
5.49
5.51
5.55
5.53
5.51
5.50
CorWatt	PkgWatt
347.42	490.63
5.37	245.56
5.49
5.47
5.40
5.47
5.47
5.52
5.49
5.40
5.44
5.35
5.43
4.45
5.42
5.45
5.41
5.49
5.48
5.51
5.52
5.54
5.59
5.57
5.55
5.47
5.52
5.51
5.46
5.46
5.44
5.46
5.51
5.55	245.27
5.53
5.52
5.55
5.58
5.58
4.54
5.53
4.25
5.51
5.44
5.51
4.23
5.58
5.57
5.56
5.45
5.45
5.45
5.42
5.58
5.56
5.56
5.57
5.49
5.51
5.53
5.56
5.58
5.56
5.56
5.54
CorWatt	PkgWatt
347.59	491.36
5.42	245.53
5.49
5.47
5.41
5.48
5.45
5.52
5.53
5.40
5.44
5.37
5.43
4.31
5.42
5.46
5.43
5.47
5.42
5.52
5.52
5.56
5.60
5.57
5.55
5.49
5.53
5.51
5.47
5.47
5.45
5.47
5.51
5.59	245.60
5.58
5.55
4.81
5.60
5.60
4.57
5.56
4.24
5.53
5.44
5.56
4.22
5.60
5.61
5.57
5.47
5.48
5.45
5.45
5.61
5.59
5.59
5.60
5.50
5.55
5.56
5.57
5.60
5.57
5.58
5.55
CorWatt	PkgWatt
347.15	490.38
5.37	245.34
5.46
5.40
5.39
5.50
5.44
5.51
5.50
5.36
5.41
5.35
5.42
4.80
5.40
5.42
5.41
5.44
5.44
5.51
5.49
5.57
5.56
5.56
5.53
5.48
5.52
5.51
5.45
5.43
5.44
5.45
5.48
5.57	245.28
5.58
5.61
4.33
5.61
5.60
4.56
5.58
4.31
5.52
5.47
5.57
4.28
5.61
5.60
5.58
5.46
5.48
5.45
5.47
5.63
5.60
5.60
5.62
5.50
5.53
5.57
5.58
5.60
5.60
5.60
5.58
CorWatt	PkgWatt
347.21	491.09
5.36	245.30
5.48
5.39
5.36
5.51
5.45
5.47
5.49
5.34
5.39
5.33
5.39
5.29
5.39
5.42
5.40
5.40
5.46
5.49
5.45
5.49
5.53
5.53
5.51
5.45
5.48
5.47
5.43
5.41
5.41
5.43
5.45
5.57	245.58
5.60
5.62
4.40
5.61
5.62
4.57
5.58
4.35
5.51
5.47
5.56
4.33
5.62
5.60
5.57
5.43
5.48
5.45
5.46
5.63
5.56
5.59
5.59
5.48
5.52
5.57
5.58
5.60
5.59
5.60
5.56
CorWatt	PkgWatt
346.97	490.77
5.37	245.57
5.48
5.40
5.37
5.51
5.44
5.47
5.45
5.33
5.38
5.32
5.39
5.36
5.38
5.41
5.38
5.41
5.46
5.49
5.45
5.46
5.54
5.53
5.52
5.46
5.48
5.48
5.43
5.41
5.40
5.41
5.48
5.56	245.30
5.58
5.61
4.39
5.59
5.60
4.56
5.57
4.35
5.52
5.49
5.55
4.35
5.61
5.59
5.57
5.46
5.49
5.46
5.46
5.63
5.56
5.58
5.60
5.49
5.50
5.55
5.58
5.60
5.59
5.58
5.56
CorWatt	PkgWatt
61.79	223.62
0.69	106.94
1.04
0.64
0.71
0.63
0.93
0.63
0.70
0.78
0.63
0.74
0.67
0.81
0.71
0.80
0.76
0.81
0.91
0.73
0.63
0.81
0.88
0.73
0.65
0.79
0.75
0.72
0.68
1.97
1.08
0.97
1.85
0.83	116.95
0.95
0.76
3.61
0.91
0.81
4.26
0.83
1.04
0.91
3.42
0.80
0.92
0.80
0.76
0.67
0.60
0.80
1.07
0.72
0.85
0.81
0.73
0.72
0.95
0.83
0.73
0.70
0.85
0.73
0.80
0.85
CorWatt	PkgWatt
33.31	193.55
0.28	94.46
0.27
0.27
0.26
0.26
0.26
0.26
0.25
0.23
0.23
0.23
0.24
0.23
0.23
0.22
0.22
0.25
0.25
0.25
0.25
0.27
0.26
0.26
0.26
0.24
0.24
0.24
0.25
1.96
0.84
1.91
3.04
0.32	98.96
0.32
0.32
3.31
0.32
0.33
4.17
0.33
0.29
0.30
3.20
0.29
0.24
0.25
0.24
0.24
0.27
0.27
0.26
0.27
0.27
0.28
0.27
0.27
0.25
0.25
0.25
0.25
0.24
0.24
0.25
0.24
CorWatt	PkgWatt
35.55	195.19
0.31	94.11
0.27
0.27
0.26
0.26
0.26
0.26
0.25
0.24
0.23
0.23
0.24
0.24
0.23
0.23
0.23
0.25
0.25
0.25
0.25
0.27
0.26
0.26
0.25
0.24
0.24
0.24
0.24
2.98
1.18
0.84
2.67
0.31	101.09
0.31
0.32
3.29
0.32
0.33
4.18
0.33
0.29
0.30
3.19
0.29
0.25
0.25
0.24
0.24
1.23
0.48
1.17
0.49
0.27
0.27
0.28
0.28
0.24
0.25
0.25
0.25
0.24
0.24
0.24
0.26
CorWatt	PkgWatt
288.15	437.74
4.50	217.44
4.44
4.39
4.45
4.40
4.55
4.51
4.53
4.40
4.41
4.27
4.48
4.51
4.44
4.42
4.42
4.51
4.39
4.42
4.50
4.51
4.58
4.50
4.63
4.48
3.62
4.40
4.55
4.98
4.93
4.60
4.51
4.56	220.17
4.52
3.65
4.12
4.59
4.52
4.48
4.59
4.49
4.57
3.98
4.54
4.49
4.54
4.65
4.61
4.97
4.54
4.66
4.96
4.64
4.57
4.52
4.53
4.59
4.50
4.47
4.65
4.63
4.58
4.54
4.63
CorWatt	PkgWatt
345.78	491.12
5.38	245.53
5.46
5.42
5.37
5.48
5.42
5.43
5.42
5.34
5.37
5.23
5.35
5.37
5.36
5.40
5.40
5.43
5.37
5.43
5.40
5.45
5.52
5.53
5.52
5.44
4.37
5.45
5.46
5.39
5.43
5.46
5.43
5.57	245.35
5.59
4.41
4.37
5.54
5.59
4.55
5.61
5.53
5.55
4.38
5.56
5.61
5.61
5.57
5.64
5.48
5.51
5.46
5.47
5.56
5.57
5.59
5.59
5.55
5.52
5.51
5.56
5.60
5.60
5.59
5.56
CorWatt	PkgWatt
347.12	490.59
5.39	245.29
5.49
5.47
5.43
5.53
5.47
5.49
5.46
5.38
5.42
5.29
5.40
5.43
5.43
5.44
5.44
5.46
5.47
5.50
5.47
5.49
5.55
5.58
5.56
5.46
4.39
5.49
5.51
5.45
5.47
5.53
5.50
5.54	245.49
5.57
4.40
4.36
5.51
5.55
4.52
5.58
5.49
5.51
5.51
5.54
5.56
5.57
5.51
5.59
5.40
5.46
5.42
5.43
5.55
5.54
5.55
5.55
5.51
5.48
5.47
5.52
5.55
5.58
5.54
5.51
CorWatt	PkgWatt
347.20	491.07
5.42	245.52
5.48
5.49
5.42
5.49
5.42
5.46
5.49
5.34
5.40
5.33
5.42
5.40
5.41
5.44
5.45
5.48
5.48
5.49
5.47
5.50
5.55
5.57
5.57
5.46
4.40
5.51
5.52
5.45
5.48
5.52
5.49
5.53	245.32
5.55
4.39
4.92
5.50
5.53
4.50
5.55
5.47
5.50
5.49
5.52
5.54
5.55
5.49
5.55
5.40
5.44
5.42
5.41
5.52
5.51
5.53
5.53
5.47
5.46
5.44
5.52
5.53
5.55
5.51
5.48
CorWatt	PkgWatt
346.97	490.79
5.41	245.33
5.47
5.49
5.42
5.49
5.44
5.46
5.48
5.34
5.32
5.38
5.43
5.39
5.44
5.46
5.41
5.48
5.49
5.49
5.50
5.47
5.55
5.57
5.56
5.45
4.41
5.49
5.50
5.44
5.47
5.54
5.50
5.51	245.54
5.54
4.38
5.34
5.49
5.52
4.50
5.54
5.47
5.49
5.49
5.48
5.52
5.54
5.49
5.52
5.37
5.42
5.40
5.40
5.53
5.49
5.53
5.52
5.47
5.46
5.44
5.50
5.40
5.54
5.52
5.48
CorWatt	PkgWatt
346.90	490.87
5.42	245.62
5.47
5.49
5.41
5.49
5.45
5.44
5.51
5.33
5.32
5.38
5.43
5.40
5.43
5.42
5.44
5.48
5.49
5.45
5.47
5.49
5.55
5.58
5.57
5.46
4.41
5.50
5.51
5.45
5.48
5.53
5.49
5.54	245.37
5.57
4.40
5.36
5.52
5.54
4.52
5.58
5.51
5.52
5.53
5.51
5.55
5.58
5.51
5.55
5.42
5.44
5.45
5.46
5.55
5.51
5.55
5.55
5.49
5.49
5.49
5.54
4.35
5.58
5.54
5.51
CorWatt	PkgWatt
346.99	491.03
5.41	245.45
5.47
5.48
5.41
5.50
5.46
5.44
5.52
5.34
5.33
5.39
5.43
5.42
5.41
5.47
5.43
5.45
5.49
5.51
5.46
5.50
5.55
5.58
5.56
5.45
4.41
5.50
5.52
5.46
5.46
5.52
5.49
5.56	245.46
5.59
4.41
5.38
5.54
5.57
4.54
5.59
5.53
5.53
5.55
5.51
5.56
5.60
5.55
5.56
5.40
5.44
5.45
5.47
5.06
5.52
5.57
5.56
5.49
5.50
5.51
5.53
4.38
5.58
5.55
5.54
CorWatt	PkgWatt
346.73	490.85
5.39	245.40
5.47
5.44
5.39
5.48
5.44
5.41
5.50
5.31
5.31
5.36
5.40
5.39
5.38
5.46
5.41
5.42
5.47
5.49
5.45
5.49
5.52
5.55
5.54
5.46
4.92
5.48
5.49
5.43
5.43
5.47
5.49
5.59	245.42
5.61
4.44
5.39
5.57
5.60
4.55
5.60
5.53
5.55
5.54
5.53
5.59
5.64
5.57
5.58
5.42
5.46
5.45
5.50
4.46
5.57
5.54
5.55
5.49
5.51
5.53
5.55
4.43
5.60
5.58
5.56
CorWatt	PkgWatt
346.44	490.39
5.37	245.30
5.44
5.40
5.36
5.47
5.44
5.38
5.47
5.31
5.30
5.34
5.38
5.37
5.39
5.42
5.32
5.39
5.47
5.48
5.41
5.47
5.51
5.54
5.52
5.42
5.47
5.47
5.47
5.42
5.41
5.45
5.43
5.58	245.25
5.62
4.49
5.40
5.56
5.59
4.55
5.60
5.54
5.55
5.54
5.51
5.59
5.60
5.59
5.58
5.42
5.46
5.42
5.48
4.48
5.57
5.53
5.55
5.49
5.49
5.51
5.52
4.49
5.59
5.57
5.57
CorWatt	PkgWatt
344.67	491.27
5.31	245.54
5.38
5.35
5.30
5.38
5.38
5.32
5.44
5.24
5.24
5.24
5.32
5.32
5.33
5.37
5.26
5.33
5.38
5.42
5.35
5.41
5.44
5.46
5.46
5.37
5.41
5.42
5.41
5.36
5.40
5.41
5.39
5.57	245.56
5.58
4.80
5.39
5.54
5.57
4.53
5.58
5.53
5.54
5.53
5.50
5.58
5.59
5.57
5.57
5.43
5.45
5.42
5.47
4.49
5.55
5.53
5.53
5.47
5.49
5.50
5.52
4.46
5.58
5.55
5.55
CorWatt	PkgWatt
100.61	266.11
1.30	133.06
1.43
1.38
1.22
1.30
1.42
1.29
1.26
2.35
1.49
1.57
2.37
1.14
1.40
1.30
1.54
1.28
1.30
1.48
1.41
1.39
1.26
1.36
1.20
1.33
1.52
1.32
1.23
3.38
1.85
1.85
3.51
1.31	133.44
1.42
1.20
1.34
1.41
1.44
4.23
1.36
1.25
1.41
1.36
1.24
1.37
1.38
1.25
1.20
1.15
1.17
1.55
1.32
1.02
1.25
1.35
1.53
1.33
1.32
1.28
1.39
3.31
3.43
1.80
1.90
CorWatt	PkgWatt
41.32	201.93
0.30	102.06
0.29
0.29
0.27
0.28
0.28
0.28
0.27
3.02
2.21
0.84
1.62
0.24
0.24
0.24
0.24
0.29
0.28
0.28
0.27
0.30
0.28
0.28
0.27
0.25
0.25
0.25
0.26
3.06
0.86
0.86
3.09
0.27	99.85
0.27
0.27
0.27
0.33
0.34
4.16
0.34
0.24
0.25
0.25
0.24
0.24
0.24
0.24
0.24
0.27
0.27
0.26
0.27
0.29
0.28
0.28
0.28
0.26
0.26
0.26
0.26
3.15
3.00
0.87
0.86
CorWatt	PkgWatt
43.07	203.21
0.36	101.27
0.28
0.28
0.27
0.27
0.26
0.27
0.26
2.96
0.85
0.83
2.84
0.24
0.24
0.23
0.23
0.26
0.27
0.26
0.26
0.28
0.27
0.27
0.26
0.25
0.25
0.25
0.25
3.06
3.00
0.85
0.85
0.27	101.80
0.27
0.28
0.27
0.32
0.34
4.15
0.33
0.25
0.24
0.24
0.25
0.24
0.24
0.24
0.24
0.27
0.27
0.27
0.27
0.28
0.28
0.27
0.28
1.18
0.48
0.49
1.26
3.05
2.92
0.87
0.85
CorWatt	PkgWatt
257.02	410.61
3.11	204.72
3.91
3.98
3.98
3.89
3.89
3.99
4.04
3.86
4.10
3.99
4.59
3.15
4.01
3.84
4.00
3.85
3.92
3.83
4.02
4.03
3.92
3.97
4.08
3.95
3.97
3.90
3.98
4.72
4.65
4.10
4.09
3.99	205.75
3.88
4.00
4.01
3.97
3.97
4.91
3.98
3.86
3.97
3.89
3.92
3.92
3.92
3.92
4.01
3.89
3.89
3.83
3.98
4.00
3.99
3.90
3.89
4.58
4.66
4.08
3.98
4.69
3.90
4.15
4.11
CorWatt	PkgWatt
347.08	490.90
4.37	245.45
5.57
5.54
5.47
5.56
5.51
5.61
5.56
4.32
5.46
5.42
5.49
4.35
5.52
5.50
5.49
5.51
5.57
5.46
5.58
5.58
5.60
5.57
5.66
5.59
5.62
5.59
5.46
5.57
5.53
5.57
5.57
5.62	245.45
5.48
5.47
5.50
5.47
5.53
5.52
5.47
5.39
5.41
5.45
5.43
5.42
5.50
5.49
5.46
5.37
5.38
5.36
5.41
5.42
5.44
5.37
5.41
5.40
5.43
5.45
5.43
5.46
4.46
5.44
5.47
CorWatt	PkgWatt
346.97	491.07
4.38	245.58
5.57
5.55
5.46
5.55
5.53
5.57
5.56
4.30
5.48
5.42
5.50
4.33
5.50
5.49
5.49
5.49
5.57
5.45
5.57
5.58
5.58
5.57
5.65
5.54
5.63
5.60
5.51
5.58
5.54
5.58
5.57
5.59	245.37
5.46
5.44
5.47
5.44
5.47
5.49
5.43
5.38
5.40
5.42
5.41
5.38
5.46
5.43
5.39
5.28
5.34
5.30
5.38
5.42
5.39
5.40
5.41
5.35
5.40
5.41
5.40
5.39
5.45
5.42
5.41
CorWatt	PkgWatt
346.73	490.53
4.73	245.29
5.54
5.48
5.44
5.51
5.56
5.56
5.55
4.29
5.48
5.42
5.49
4.33
5.49
5.50
5.47
5.46
5.55
5.46
5.55
5.55
5.58
5.59
5.63
5.52
5.56
5.55
5.56
5.56
5.52
5.56
5.52
5.58	245.28
5.47
5.43
5.46
5.44
5.47
5.50
5.41
5.39
5.40
5.43
5.42
5.39
5.44
5.42
5.39
5.29
5.34
5.29
5.36
5.42
5.40
5.40
5.43
5.35
5.39
5.39
5.39
5.39
5.48
5.41
5.40
CorWatt	PkgWatt
346.68	491.21
5.45	245.62
5.53
5.47
5.43
5.50
5.54
5.55
5.56
4.27
5.46
5.38
5.47
4.31
5.45
5.46
5.45
5.42
5.53
5.43
5.52
5.53
5.54
5.57
5.56
5.48
5.52
5.50
5.55
5.53
5.50
5.54
5.53
5.57	245.62
5.49
5.45
5.46
5.44
5.46
5.48
5.40
5.39
5.37
5.43
5.40
5.38
5.47
5.41
5.40
5.28
5.33
5.30
5.36
5.45
5.40
5.41
5.40
5.34
5.38
5.41
5.42
5.38
5.48
5.39
5.40
CorWatt	PkgWatt
346.55	490.62
5.48	245.25
5.56
5.52
5.46
5.53
5.57
5.56
5.59
4.29
5.50
5.43
5.50
4.33
5.49
5.49
5.48
5.50
5.57
5.47
5.56
5.57
5.58
5.61
5.59
5.53
5.58
4.30
5.60
5.54
5.54
5.57
5.54
5.52	245.26
5.49
5.47
5.47
5.44
5.46
5.49
5.40
5.37
5.38
5.42
5.41
5.38
5.46
5.41
5.40
5.30
5.34
5.29
5.38
5.44
5.37
5.40
5.40
5.33
5.36
5.40
5.41
5.39
5.49
5.40
5.39
CorWatt	PkgWatt
346.32	490.82
5.50	245.43
5.57
5.53
5.48
5.55
5.59
5.59
5.61
4.32
5.51
5.44
5.51
4.34
5.50
5.51
5.49
5.51
5.57
5.48
5.57
5.58
5.60
5.62
5.13
5.55
5.57
4.29
5.63
5.55
5.56
5.59
5.53
5.41	245.63
5.46
5.64
5.46
5.44
5.45
5.49
5.40
5.38
5.36
5.42
5.40
5.41
5.44
5.41
5.41
5.29
5.33
5.29
5.38
5.41
5.37
5.41
5.41
5.33
5.35
5.41
5.42
5.39
5.49
5.41
5.39
CorWatt	PkgWatt
346.32	490.82
5.51	245.40
5.58
5.55
5.50
5.55
5.59
5.61
5.60
4.79
5.51
5.44
5.51
4.36
5.52
5.50
5.50
5.52
5.60
5.48
5.58
5.58
5.62
5.62
4.38
5.55
5.57
4.30
5.62
5.54
5.56
5.59
5.54
5.43	245.21
5.45
5.66
5.45
5.44
5.48
4.96
5.41
5.40
5.37
5.44
5.41
5.47
5.44
5.42
5.44
5.31
5.36
5.30
5.38
5.43
5.39
5.40
5.41
5.34
5.36
5.41
5.43
5.43
5.51
5.44
5.41
CorWatt	PkgWatt
346.03	491.08
5.47	245.41
5.55
5.53
5.49
5.53
5.56
5.57
5.58
5.37
5.48
5.42
5.49
4.34
5.49
5.49
5.48
5.48
5.58
5.46
5.55
5.55
5.60
5.60
4.37
5.52
5.54
4.30
5.61
5.51
5.53
5.55
5.51
5.46	245.65
5.48
5.67
5.45
5.45
5.46
4.46
5.45
5.41
5.39
5.45
5.43
5.50
5.47
5.44
5.45
5.31
5.38
5.32
5.38
5.44
5.39
5.41
5.42
5.35
5.37
5.43
5.44
5.47
5.51
5.45
5.43
CorWatt	PkgWatt
345.82	490.54
5.43	245.55
5.50
5.51
5.45
5.53
5.55
5.53
5.57
5.35
5.42
5.41
5.47
4.74
5.48
5.48
5.47
5.46
5.56
5.46
5.55
5.54
5.59
5.59
4.41
5.52
5.55
4.32
5.60
5.50
5.52
5.53
5.50
5.43	245.25
5.46
5.64
5.42
5.46
5.46
4.78
5.45
5.40
5.36
5.44
5.42
5.50
5.51
5.42
5.43
5.29
5.37
5.31
5.38
5.41
5.39
5.39
5.40
5.34
5.38
5.41
5.42
5.45
5.50
5.44
5.42
CorWatt	PkgWatt
124.52	282.55
1.81	150.65
1.95
2.15
1.79
1.77
1.94
1.73
1.84
1.96
2.81
2.78
2.04
1.67
1.71
1.81
1.69
1.99
1.90
2.00
1.80
2.37
3.57
2.37
3.43
2.25
3.79
3.33
2.27
2.10
1.91
2.05
1.71
1.62	132.30
1.71
1.82
1.71
1.67
1.72
1.83
1.65
1.71
1.61
1.67
1.77
1.80
1.75
1.57
1.95
1.74
1.69
1.61
1.50
1.72
1.57
1.95
1.61
1.58
1.55
1.75
1.87
1.73
1.56
1.64
1.72
CorWatt	PkgWatt
32.58	189.10
0.32	109.26
0.31
0.30
0.30
0.30
0.30
0.30
0.30
0.87
3.08
2.79
0.88
0.26
0.26
0.25
0.25
0.29
0.30
0.30
0.30
0.95
2.83
0.91
3.17
0.90
0.91
2.89
3.15
0.27
0.27
0.26
0.26
0.12	79.63
0.12
0.12
0.12
0.12
0.12
0.12
0.12
0.10
0.10
0.10
0.10
0.10
0.10
0.10
0.10
0.12
0.11
0.11
0.12
0.12
0.12
0.12
0.12
0.11
0.11
0.11
0.11
0.10
0.10
0.10
0.10
CorWatt	PkgWatt
37.38	195.34
0.31	109.38
0.30
0.30
0.29
0.29
0.29
0.29
0.29
2.54
3.04
1.31
0.87
0.26
0.25
0.25
0.25
0.29
0.29
0.29
0.29
0.93
0.91
3.17
3.12
0.90
0.90
2.94
3.09
0.27
0.27
0.27
0.26
0.18	85.99
0.18
0.18
0.18
0.18
0.18
0.19
0.19
0.17
0.16
0.16
0.16
0.17
0.16
0.16
0.17
0.18
0.18
0.18
0.18
0.19
0.19
0.19
0.20
0.42
1.13
0.41
1.19
0.16
0.16
0.16
0.16
CorWatt	PkgWatt
229.41	382.96
3.54	194.00
3.58
3.49
3.43
3.56
3.48
3.46
3.46
4.41
3.71
4.33
3.73
3.55
3.45
3.42
3.54
3.55
3.46
3.48
2.90
3.71
2.99
4.58
4.63
3.86
3.82
3.77
4.51
3.55
3.56
3.47
3.53
3.50	188.78
3.49
3.44
3.40
3.51
3.42
2.95
3.47
3.34
2.89
3.46
3.43
3.48
3.46
3.43
3.47
3.41
3.40
3.37
3.47
3.47
3.44
3.54
3.53
3.70
3.62
4.39
4.45
3.50
3.44
3.42
3.50
CorWatt	PkgWatt
342.94	491.07
5.45	245.54
5.46
5.43
5.40
5.51
5.48
5.50
5.51
5.34
5.44
5.32
5.42
5.43
5.48
5.40
5.43
5.46
5.49
5.53
4.37
5.55
4.25
5.60
5.53
4.33
5.54
5.50
5.51
5.45
5.53
5.49
5.51
5.42	245.35
5.48
5.47
5.40
5.40
5.42
4.50
5.41
5.39
4.40
5.42
5.40
5.41
5.44
5.46
5.42
5.30
5.37
5.34
5.39
5.39
5.41
5.44
5.42
5.39
5.38
5.41
5.40
5.44
5.48
5.46
5.40
CorWatt	PkgWatt
346.36	490.72
5.46	245.53
5.49
5.46
5.41
5.54
5.52
5.51
5.53
5.37
5.46
5.35
5.43
5.42
5.49
5.42
5.44
5.46
5.52
5.55
4.37
5.53
4.26
5.60
5.54
5.50
5.56
5.56
5.56
5.45
5.57
5.52
5.55
5.49	245.41
5.54
5.51
5.45
5.45
5.47
5.07
5.44
5.43
4.31
5.44
5.43
5.46
5.47
5.48
5.47
5.34
5.41
5.37
5.42
5.48
5.44
5.50
5.46
5.42
5.41
5.47
5.47
5.49
5.50
5.52
5.45
CorWatt	PkgWatt
346.45	491.02
5.48	245.23
5.44
5.46
5.41
5.55
5.51
5.50
5.54
5.37
5.47
5.38
5.43
5.40
5.49
5.42
5.46
5.46
5.53
5.54
4.37
5.51
4.33
5.59
5.53
5.49
5.56
5.54
5.54
5.45
5.57
5.52
5.53
5.50	245.60
5.52
5.51
5.44
5.44
5.43
5.52
5.40
5.41
4.28
5.41
5.42
5.46
5.48
5.48
5.44
5.34
5.39
5.35
5.41
5.47
5.44
5.45
5.46
5.37
5.40
5.46
5.48
5.48
5.46
5.48
5.43
CorWatt	PkgWatt
346.30	490.86
5.42	245.52
5.41
5.41
5.38
5.49
5.45
5.49
5.51
5.31
5.39
5.32
5.40
5.37
5.45
5.38
5.40
5.42
5.50
5.51
4.34
5.49
5.55
5.56
5.50
5.45
5.52
5.53
5.51
5.41
5.51
5.47
5.47
5.49	245.28
5.51
5.49
5.44
5.43
5.44
5.52
5.41
5.43
4.28
5.41
5.40
5.44
5.47
5.47
5.44
5.35
5.46
5.38
5.42
5.45
5.43
5.44
5.50
5.36
5.41
5.39
5.45
5.46
5.45
5.49
5.44
CorWatt	PkgWatt
346.05	490.66
5.44	245.42
5.45
5.45
5.41
5.51
5.50
5.53
5.53
5.35
5.42
5.37
5.43
5.41
5.49
5.43
5.44
5.45
5.53
5.55
4.36
5.50
5.60
5.60
5.52
5.47
5.56
5.53
5.54
5.43
5.56
4.37
5.51
5.50	245.40
5.52
5.50
4.92
5.45
5.48
5.53
5.44
5.42
4.30
5.42
5.44
5.46
5.50
5.50
5.47
5.34
5.47
5.39
5.43
5.45
5.44
5.45
5.50
5.38
5.39
5.41
5.47
5.47
5.48
5.51
5.46
CorWatt	PkgWatt
346.07	491.05
5.43	245.44
5.45
5.47
5.45
5.03
5.52
5.54
5.55
5.36
5.43
5.38
5.44
5.41
5.50
5.44
5.46
5.47
5.54
5.57
4.35
5.52
5.62
5.62
5.53
5.49
5.57
5.55
5.55
5.45
5.59
4.38
5.51
5.51	245.45
5.50
5.48
4.47
5.43
5.49
5.51
5.43
5.45
4.40
5.44
5.46
5.47
5.54
5.51
5.52
5.35
5.47
5.40
5.45
5.46
5.45
5.46
5.50
5.40
5.41
5.42
5.47
5.48
5.49
5.50
5.47
CorWatt	PkgWatt
345.83	490.83
5.44	245.39
5.48
5.50
5.44
4.41
5.54
5.57
5.52
5.38
5.45
5.41
5.46
5.42
5.51
5.45
5.48
5.49
5.55
5.58
4.36
5.54
5.63
5.64
5.57
5.52
5.59
5.56
5.58
5.45
5.60
4.39
5.53
5.50	245.42
5.48
5.47
4.46
5.45
5.49
5.49
5.43
5.42
4.72
5.45
5.42
5.46
5.52
5.50
5.53
5.34
5.43
5.37
5.44
5.45
5.43
5.44
5.47
5.38
5.41
5.43
5.47
5.47
5.49
5.51
5.45
CorWatt	PkgWatt
345.51	490.82
5.42	245.56
5.45
5.48
5.44
4.40
5.51
5.55
5.52
5.35
5.42
5.37
5.44
5.41
5.49
5.41
5.46
5.48
5.54
5.56
4.79
5.53
5.60
5.61
5.55
5.54
5.57
5.55
5.57
5.44
5.58
4.36
5.51
4.89	245.49
5.47
5.46
4.46
5.45
5.48
5.49
5.44
5.41
5.43
5.46
5.41
5.46
5.49
5.47
5.50
5.34
5.41
5.36
5.44
5.45
5.43
5.44
5.48
5.41
5.39
5.45
5.46
5.47
5.50
5.51
5.43
CorWatt	PkgWatt
343.77	490.78
5.40	245.28
5.42
5.46
5.39
4.39
5.49
5.52
5.49
5.32
5.38
5.36
5.43
5.39
5.47
5.42
5.43
5.45
5.53
5.54
5.50
5.51
5.55
5.58
5.52
5.49
5.56
5.52
5.56
5.42
5.56
4.31
5.48
4.12	245.33
5.41
5.42
4.43
5.40
5.45
5.46
5.41
5.39
5.43
5.43
5.38
5.43
5.46
5.46
5.42
5.31
5.39
5.33
5.39
5.41
5.39
5.38
5.43
5.33
5.35
5.41
5.42
5.42
5.47
5.47
5.43
CorWatt	PkgWatt
158.26	321.74
2.36	159.58
2.54
2.28
2.19
2.25
2.30
2.58
2.37
2.20
2.15
2.30
2.28
2.57
2.28
2.25
2.22
2.39
2.31
2.38
2.35
2.39
2.20
2.31
2.32
2.34
2.35
2.22
2.25
2.62
2.58
3.60
4.01
2.77	162.78
2.47
2.56
4.27
2.33
2.33
2.41
2.17
2.19
2.28
2.31
2.24
3.34
3.23
2.53
2.40
2.22
2.36
2.22
2.19
2.33
2.55
2.24
2.25
3.14
3.16
2.53
2.58
2.32
2.32
2.27
2.19
CorWatt	PkgWatt
41.00	202.70
0.31	95.10
0.30
0.30
0.29
0.29
0.28
0.29
0.28
0.26
0.26
0.25
0.26
0.25
0.25
0.24
0.25
0.29
0.30
0.29
0.30
0.31
0.29
0.29
0.28
0.27
0.27
0.27
0.27
0.86
0.87
4.09
0.87
0.34	107.32
0.34
0.35
4.12
0.30
0.30
0.30
0.29
0.26
0.26
0.26
0.26
0.88
0.89
3.14
3.17
0.29
0.28
0.28
0.29
0.29
0.30
0.29
0.30
2.89
2.97
0.88
0.88
0.27
0.26
0.26
0.27
CorWatt	PkgWatt
44.47	205.55
0.31	98.77
0.30
0.30
0.29
0.31
0.30
0.29
0.29
0.27
0.26
0.26
0.27
0.25
0.25
0.25
0.25
0.29
0.29
0.29
0.29
0.31
0.31
0.29
0.29
0.53
1.40
1.33
0.55
0.86
0.87
3.02
3.05
0.34	106.88
0.33
0.35
4.13
0.29
0.29
0.29
0.29
0.26
0.26
0.26
0.26
0.88
3.15
3.13
0.88
0.28
0.28
0.28
0.28
0.29
0.29
0.29
0.30
2.76
2.82
0.88
0.88
0.26
0.26
0.26
0.26
CorWatt	PkgWatt
180.30	338.53
2.58	168.23
2.57
2.62
2.25
2.69
2.60
2.59
2.56
2.63
2.50
2.51
2.58
2.51
2.55
2.61
2.67
2.61
2.59
2.65
2.57
2.69
2.66
2.68
2.62
2.91
3.90
3.80
2.98
3.83
2.88
3.97
2.91
2.62	170.06
2.66
2.75
4.60
2.74
2.67
2.64
2.58
2.55
2.61
2.32
2.58
3.82
3.91
2.96
2.99
2.34
2.62
2.66
2.49
2.62
2.51
2.28
2.76
3.84
3.84
2.87
2.85
2.61
2.25
2.67
2.73
CorWatt	PkgWatt
263.34	415.03
3.93	204.68
4.27
4.14
4.46
3.94
4.00
3.97
4.00
3.83
3.93
3.86
3.93
3.93
3.94
3.89
3.87
4.02
3.96
4.04
3.98
4.03
4.15
4.02
4.57
3.94
4.07
3.97
4.03
4.44
3.95
4.02
3.93
4.08	210.22
4.04
4.02
4.85
3.99
4.05
4.07
4.61
4.32
3.95
4.48
4.28
4.03
4.56
4.03
4.01
4.40
4.28
4.17
4.06
4.26
4.12
4.51
4.28
3.97
4.00
4.00
4.02
4.03
4.44
4.12
4.24
CorWatt	PkgWatt
236.16	389.10
3.68	195.38
3.68
3.65
3.60
3.67
3.64
3.67
3.66
3.57
3.59
3.55
3.60
3.60
3.60
3.61
3.62
3.63
3.66
3.68
3.65
3.71
3.72
3.72
5.13
3.65
3.67
3.65
3.66
4.53
3.63
3.64
3.65
3.66	193.79
3.67
3.67
3.67
3.66
3.68
3.68
3.67
3.61
3.62
3.59
3.59
3.64
4.56
3.65
3.65
3.58
3.58
3.58
3.62
3.65
3.65
3.64
3.67
3.61
3.62
3.62
3.62
3.63
3.62
3.62
3.62
CorWatt	PkgWatt
332.98	479.11
4.50	239.75
5.66
5.32
4.96
5.37
5.34
5.34
5.29
5.24
5.21
5.17
5.24
5.30
5.27
5.28
5.32
5.23
5.30
5.31
5.27
5.27
5.20
5.10
4.39
5.28
5.28
5.29
5.39
4.83
5.31
5.32
5.30
5.54	239.33
5.50
5.59
5.39
5.57
5.46
5.60
5.34
4.51
4.76
4.67
4.62
5.32
4.42
5.46
5.46
5.37
5.26
5.23
5.73
5.09
5.08
4.92
4.92
5.41
5.38
5.42
5.44
5.04
5.08
4.40
5.08
CorWatt	PkgWatt
345.86	490.63
4.42	245.32
5.47
5.56
5.40
5.49
5.45
5.50
5.60
5.37
5.40
5.34
5.42
5.54
5.47
5.43
5.54
5.46
5.50
5.51
5.48
5.52
5.57
5.56
4.32
5.47
5.51
5.40
5.48
5.43
5.48
5.52
5.48
5.46	245.33
5.47
5.47
5.46
5.44
5.47
5.51
5.46
5.13
5.43
5.43
5.43
5.46
4.31
5.46
5.47
5.38
5.39
5.35
5.40
5.46
5.46
5.48
5.47
5.40
5.40
5.42
5.44
5.47
5.48
5.48
5.44
CorWatt	PkgWatt
345.72	490.91
4.49	245.47
4.19
5.64
5.47
5.58
5.53
5.58
5.68
5.44
5.49
5.42
5.50
4.50
5.52
5.52
5.61
5.52
5.57
5.59
5.55
5.60
5.64
5.65
4.34
5.54
5.59
5.49
5.57
5.51
5.57
5.60
5.57
5.49	245.47
5.51
5.50
5.50
5.48
5.50
5.53
5.49
5.22
5.46
5.46
5.47
4.94
4.32
5.50
5.50
5.40
5.42
5.33
5.01
5.51
5.49
5.51
5.50
5.43
5.44
5.46
5.47
5.51
5.51
5.52
5.28
CorWatt	PkgWatt
296.82	446.47
4.37	219.27
2.96
3.38
3.40
4.51
4.69
4.42
4.71
4.42
4.45
4.42
4.90
4.27
4.61
4.60
4.64
4.58
4.47
4.75
4.55
4.61
5.04
5.27
4.01
4.52
4.75
4.60
4.62
5.27
5.46
4.80
4.47
5.77	227.10
5.20
5.18
5.69
4.72
4.66
4.74
5.31
5.92
4.53
4.34
4.87
3.73
4.45
4.83
4.71
3.63
3.63
3.34
3.29
4.50
4.56
4.35
4.18
4.88
5.13
4.98
5.44
6.36
5.66
6.28
3.38
CorWatt	PkgWatt
214.95	371.31
4.42	185.05
3.31
3.30
3.25
3.30
3.27
3.30
3.30
3.20
3.23
3.19
3.95
4.04
3.23
3.24
3.24
3.27
3.29
3.33
3.29
3.34
3.37
3.35
3.70
3.28
3.31
3.27
3.30
3.23
3.31
3.27
3.27
3.30	186.22
3.30
3.30
3.57
3.28
3.31
3.31
3.30
3.25
3.26
3.26
3.62
3.27
4.14
3.28
3.27
3.22
3.24
3.23
3.24
3.31
3.30
3.31
3.31
3.24
3.24
3.26
3.25
3.90
3.34
3.29
3.27
CorWatt	PkgWatt
214.89	369.19
4.42	185.73
4.66
3.34
3.27
3.30
3.27
3.30
3.29
3.20
3.23
3.18
3.94
4.02
3.23
3.24
3.23
3.27
3.29
3.17
3.28
3.33
3.36
3.34
3.34
3.28
3.30
3.27
3.30
3.22
3.26
3.26
3.26
3.30	183.52
3.29
3.30
3.33
3.28
3.31
3.31
3.30
3.25
3.26
3.26
3.26
3.59
4.15
3.28
3.28
3.23
3.24
3.28
3.36
3.34
3.31
3.31
3.31
3.24
3.25
3.25
3.25
3.27
3.34
3.27
3.26
CorWatt	PkgWatt
231.72	385.01
4.50	191.53
6.89
4.41
4.31
3.38
3.31
3.40
3.36
3.24
3.22
3.22
4.02
4.12
3.31
3.31
3.30
3.34
3.39
3.36
3.36
3.43
3.39
3.37
3.48
3.30
3.34
3.36
3.35
3.26
3.25
3.26
3.36
3.33	193.42
3.41
3.29
3.34
3.35
3.41
3.39
3.30
3.84
3.38
3.68
3.27
4.36
4.08
3.34
3.35
3.45
4.29
4.38
4.65
3.76
4.04
4.17
4.24
3.23
3.23
3.25
3.24
3.94
3.66
3.28
3.85
CorWatt	PkgWatt
315.41	464.55
5.16	230.66
6.35
5.91
6.24
5.05
4.81
5.26
4.96
4.52
4.15
4.48
4.57
4.71
5.15
4.92
4.86
4.96
5.15
4.13
5.01
5.37
4.85
4.03
5.69
4.74
4.87
5.11
5.03
3.81
3.76
3.62
5.09
4.41	233.96
4.95
3.64
4.25
5.43
5.59
5.49
4.38
6.39
3.57
5.24
3.80
4.70
5.55
5.24
5.44
5.57
6.71
6.68
5.99
3.93
6.17
6.84
6.56
3.93
3.81
3.83
3.82
5.69
3.80
3.38
4.34
CorWatt	PkgWatt
342.47	490.09
4.16	245.48
3.72
2.58
2.25
5.85
5.80
5.87
5.84
5.69
5.75
5.68
4.70
4.74
5.78
5.79
5.76
5.78
5.81
5.91
5.82
5.91
5.96
5.96
5.55
5.81
5.87
5.84
5.85
5.19
5.84
5.29
5.84
6.65	244.77
5.37
5.56
6.64
5.84
6.64
6.65
6.64
4.79
6.57
4.03
5.22
6.30
3.53
6.62
6.62
5.16
4.27
4.95
3.47
5.23
4.06
3.96
3.53
6.35
4.78
6.53
6.48
3.41
5.40
5.50
3.59
CorWatt	PkgWatt
190.38	350.25
1.21	169.42
1.88
0.38
0.34
2.84
3.11
2.40
2.55
3.99
3.36
3.44
3.80
1.79
1.90
2.42
2.46
2.35
3.98
4.13
2.43
3.91
2.72
2.85
1.89
4.35
3.26
3.15
2.93
2.08
3.99
3.65
3.88
2.95	180.97
2.55
4.64
3.95
2.41
1.85
2.10
4.30
2.23
3.70
2.94
4.58
4.56
2.24
2.67
2.20
2.32
2.28
2.56
3.77
1.84
2.98
3.24
3.32
2.78
3.25
3.36
4.77
4.04
3.65
4.00
3.00
CorWatt	PkgWatt
55.48	216.55
0.39	108.84
4.16
0.38
0.36
0.30
0.29
0.30
0.30
3.11
0.88
0.86
2.92
0.26
0.26
0.26
0.26
0.32
1.08
0.33
0.32
0.32
0.31
0.30
0.29
2.49
3.16
1.47
0.94
0.30
0.29
0.29
0.93
0.32	107.82
0.31
1.75
0.33
0.30
0.30
0.29
0.29
0.30
0.38
0.29
2.07
0.27
0.26
0.26
0.26
3.03
2.08
1.56
0.89
0.91
2.93
3.10
0.91
0.28
0.29
0.27
0.28
0.29
1.65
0.30
0.29
CorWatt	PkgWatt
47.65	209.08
0.38	107.39
4.17
0.37
0.35
0.30
0.29
0.30
0.29
3.06
0.88
0.86
2.91
0.25
0.26
0.25
0.25
0.30
0.29
0.30
0.29
0.31
0.30
0.30
0.29
3.20
0.91
0.90
3.14
0.27
0.27
0.27
0.27
0.27	101.51
0.27
0.27
0.27
0.28
0.28
0.29
0.28
0.25
0.25
0.25
0.25
0.24
0.24
0.24
0.25
1.52
3.43
0.87
0.89
0.90
2.94
3.10
0.90
0.26
0.26
0.26
0.27
0.25
0.25
0.25
0.25
CorWatt	PkgWatt
41.64	202.56
0.37	106.75
4.16
0.37
0.34
0.29
0.28
0.29
0.29
3.04
0.88
0.86
2.89
0.25
0.25
0.25
0.25
0.29
0.29
0.29
0.29
0.31
0.29
0.29
0.28
1.52
0.91
2.32
3.10
0.27
0.26
0.26
0.26
0.27	95.85
0.27
0.27
0.28
0.27
0.27
0.27
0.27
0.24
0.24
0.24
0.24
0.23
0.23
0.23
0.23
0.46
0.44
0.32
0.33
3.07
2.88
0.89
0.89
0.26
0.26
0.26
0.27
0.24
0.24
0.24
0.24
CorWatt	PkgWatt
146.38	305.87
2.15	155.79
4.46
2.08
2.08
2.18
2.08
2.05
2.05
3.53
2.34
2.39
3.61
1.97
1.99
2.07
1.92
2.02
2.04
2.09
2.16
1.96
2.11
2.12
2.13
3.60
3.72
2.45
2.59
2.02
2.01
2.05
2.15
2.01	150.13
2.11
2.08
2.17
2.07
2.04
2.21
2.10
1.97
2.07
2.10
2.10
2.06
2.14
1.98
2.06
2.09
1.98
2.02
2.12
3.63
2.47
2.47
3.76
2.10
2.11
1.98
2.09
2.01
1.92
2.13
2.10
CorWatt	PkgWatt
271.29	422.35
4.21	211.92
4.84
4.21
4.16
4.18
4.19
4.20
4.20
4.11
4.15
4.06
4.12
4.43
4.48
4.13
4.41
4.17
4.17
4.25
4.15
4.66
4.27
4.49
4.47
4.25
4.24
4.18
4.49
4.13
4.19
4.22
4.13
4.24	210.05
4.13
4.20
4.20
4.15
4.23
4.17
4.19
4.13
4.13
4.18
4.16
4.30
4.14
4.21
4.17
4.06
4.15
4.10
4.15
4.26
4.20
4.18
4.52
4.10
4.17
4.17
4.11
4.49
4.38
4.30
4.34
CorWatt	PkgWatt
235.50	388.29
3.63	194.30
4.94
3.65
3.61
3.65
3.63
3.64
3.63
3.55
3.56
3.53
3.57
3.55
3.56
3.58
3.55
3.61
3.64
3.66
3.62
3.67
3.70
3.70
3.69
3.62
3.65
3.62
4.61
3.55
3.61
3.61
3.61
3.62	193.96
3.65
3.64
3.64
3.65
3.66
3.66
3.64
3.60
3.61
3.61
3.61
3.63
3.63
3.62
3.62
4.31
3.57
3.56
3.58
3.63
3.65
3.64
4.64
3.59
3.59
3.60
3.60
3.60
3.61
3.61
3.60
CorWatt	PkgWatt
323.37	469.51
5.14	235.14
4.67
5.17
5.12
5.25
5.17
5.22
5.20
5.09
5.15
5.12
5.21
4.79
5.10
5.14
4.72
5.15
5.14
5.26
5.22
4.80
5.30
5.67
5.63
5.12
5.21
5.22
4.47
4.81
5.17
4.90
3.93
4.97	234.58
4.29
5.30
5.05
5.36
5.30
5.48
5.30
5.11
5.29
5.33
5.28
5.20
5.36
5.26
5.32
4.41
4.81
4.78
4.61
4.64
5.01
4.99
4.63
5.32
5.24
5.24
5.32
4.89
4.22
4.83
5.07
CorWatt	PkgWatt
346.14	491.31
5.57	245.57
4.51
5.50
5.45
5.55
5.52
5.56
5.54
5.42
5.45
5.39
5.46
5.42
5.49
5.59
5.48
5.50
5.45
5.58
5.52
5.57
5.62
5.64
5.58
5.52
5.67
5.55
4.32
5.49
5.53
5.54
4.25
5.47	245.60
5.47
5.47
5.46
5.44
5.47
5.49
5.46
5.41
5.43
5.43
5.44
5.46
5.59
5.46
5.47
4.26
5.39
5.47
5.40
5.46
5.46
5.48
4.74
5.42
5.41
5.52
5.44
5.58
5.50
5.48
5.43
CorWatt	PkgWatt
345.62	490.50
5.60	245.25
4.55
5.54
5.48
5.59
5.54
5.59
5.58
5.46
5.49
5.44
5.50
5.35
4.87
5.59
5.56
5.54
5.50
5.62
5.56
5.62
5.64
5.41
5.15
5.56
5.71
5.57
4.32
5.52
5.57
5.58
4.29
5.45	245.46
5.45
5.45
5.47
5.43
5.46
5.48
5.44
5.40
5.41
5.42
5.42
5.44
5.57
5.44
5.45
4.14
5.37
5.45
5.38
5.46
5.45
5.46
5.45
5.40
5.39
5.51
5.42
5.45
5.46
5.41
5.42
CorWatt	PkgWatt
316.03	464.45
5.11	230.66
4.82
4.70
4.74
4.85
4.84
4.63
4.76
5.81
5.78
5.34
6.37
6.11
3.06
4.14
5.52
4.63
4.70
4.89
4.76
5.62
4.87
3.14
3.25
4.86
5.20
4.70
4.37
5.64
5.14
5.64
4.42
6.46	233.60
6.45
4.66
6.35
4.49
4.69
4.64
4.69
5.28
4.50
5.52
5.71
4.97
4.75
4.63
4.65
4.23
5.41
5.23
4.82
5.86
5.00
4.41
5.06
4.70
4.79
4.75
4.49
3.68
6.44
4.43
3.81
CorWatt	PkgWatt
215.21	369.37
3.28	184.31
3.36
3.31
3.26
3.30
3.28
3.31
3.30
3.56
3.35
3.19
3.24
3.46
3.24
3.28
3.24
3.27
3.29
3.31
3.28
3.33
3.36
3.35
3.32
3.27
3.30
3.28
4.02
3.24
3.27
3.28
4.17
4.62	185.17
3.59
3.31
3.34
3.33
3.32
3.31
3.30
3.25
3.26
3.27
3.25
3.27
3.28
3.27
3.27
3.89
3.24
3.23
3.25
3.39
3.30
3.30
3.31
3.25
3.25
3.26
3.25
3.28
3.95
3.29
3.27
CorWatt	PkgWatt
213.09	367.17
3.27	184.01
3.31
3.30
3.25
3.29
3.27
3.30
3.29
3.20
3.23
3.19
3.23
3.24
3.67
3.31
3.24
3.27
3.30
3.32
3.28
3.33
3.36
3.45
3.54
3.27
3.30
3.28
4.13
3.23
3.26
3.27
4.07
3.29	182.92
3.30
3.30
3.29
3.32
3.31
3.31
3.30
3.25
3.26
3.25
3.25
3.27
3.28
3.26
3.26
3.98
3.23
3.23
3.24
3.32
3.31
3.30
3.31
3.24
3.24
3.26
3.25
3.52
3.27
3.28
3.28
CorWatt	PkgWatt
223.08	376.49
3.29	190.66
3.31
3.36
3.29
3.29
3.30
3.33
3.29
3.19
3.22
3.19
3.43
3.23
5.64
4.13
3.30
3.33
3.35
3.35
3.32
3.33
3.42
5.51
4.82
3.28
3.31
3.27
4.11
3.29
3.30
3.27
4.10
3.29	185.93
3.29
3.35
3.28
3.40
3.37
3.36
3.34
3.25
3.34
3.39
3.25
3.27
3.28
3.26
3.27
3.99
3.24
3.28
3.24
3.31
3.33
3.55
3.34
3.28
3.25
3.31
3.31
4.29
3.29
3.80
4.18
CorWatt	PkgWatt
294.42	444.21
4.18	222.89
3.82
5.18
4.96
4.25
4.96
4.23
4.62
3.67
3.78
4.39
4.22
4.37
3.97
4.25
4.90
5.20
5.09
5.03
5.03
4.53
5.19
6.07
5.68
4.70
4.61
4.18
3.98
5.16
4.76
4.22
4.92
3.33	221.52
3.52
5.18
4.15
5.47
5.17
5.26
5.12
4.03
5.26
4.50
4.12
3.54
3.72
3.49
4.40
4.51
3.79
4.60
3.44
3.96
5.04
5.87
4.90
4.88
4.64
4.99
3.91
5.00
3.52
6.82
6.27
CorWatt	PkgWatt
344.49	491.03
5.76	245.43
5.79
5.80
5.71
5.82
5.79
5.88
5.84
5.26
5.62
5.66
4.61
3.49
5.60
3.02
5.66
5.76
5.82
5.83
5.82
5.90
5.94
3.65
4.79
5.79
5.83
5.81
4.35
5.43
5.83
5.83
4.73
5.27	245.45
5.79
4.48
5.77
5.76
5.78
5.83
5.77
5.73
5.73
4.77
5.77
4.90
5.62
5.15
5.79
4.64
5.72
5.67
5.68
5.52
5.76
4.64
5.79
5.70
5.70
5.72
4.70
5.49
5.79
4.60
2.95
CorWatt	PkgWatt
236.05	389.73
4.65	195.60
4.25
4.00
4.07
4.41
3.17
4.01
3.60
3.61
3.55
3.82
4.01
2.86
4.55
1.60
2.48
2.82
3.45
4.62
3.13
4.10
2.89
3.25
3.11
4.77
4.05
4.40
5.00
3.71
3.19
4.43
3.30
5.21	194.43
5.23
2.92
2.91
3.58
2.79
2.72
2.89
4.78
2.95
2.95
3.73
4.30
3.63
4.23
4.16
2.65
4.27
3.45
5.72
4.24
3.17
3.50
3.06
3.06
4.01
2.76
4.22
4.65
4.67
2.62
2.27
CorWatt	PkgWatt
39.72	198.59
0.38	110.23
0.34
0.78
0.33
0.31
0.30
0.32
0.30
0.27
0.27
0.27
0.28
0.30
0.30
2.32
0.30
2.18
0.92
1.90
3.16
0.33
0.31
0.31
0.30
3.12
3.15
0.91
1.18
2.65
0.66
0.66
0.64
0.51	88.51
0.21
0.21
0.21
0.59
0.21
0.21
0.20
0.25
0.19
0.18
0.18
1.31
0.19
0.19
0.19
0.20
0.20
0.19
0.20
0.21
0.21
0.49
0.22
0.22
0.29
0.21
1.56
0.19
0.19
0.19
0.19
CorWatt	PkgWatt
31.32	188.74
0.33	107.59
0.31
0.32
0.30
0.30
0.29
0.30
0.31
0.27
0.27
0.27
0.28
0.31
0.31
4.14
0.32
3.11
0.92
0.93
3.15
0.32
0.30
0.30
0.29
3.12
3.09
0.91
0.90
0.27
0.27
0.27
0.27
0.14	81.00
0.14
0.14
0.15
0.14
0.14
0.15
0.14
0.12
0.12
0.12
0.12
0.12
0.12
0.12
0.12
0.14
0.14
0.13
0.14
0.14
0.14
0.14
0.14
0.13
0.13
0.13
0.13
0.13
0.13
0.13
0.14
CorWatt	PkgWatt
39.01	199.85
0.32	105.25
0.30
0.31
0.29
0.29
0.29
0.29
0.29
0.26
0.26
0.26
0.26
0.28
0.28
2.07
0.29
0.92
3.10
3.14
0.92
0.31
0.30
0.29
0.29
3.13
3.09
0.91
0.90
0.27
0.27
0.26
0.27
0.26	94.57
0.26
0.28
0.26
2.81
0.83
0.84
2.85
0.23
0.23
0.23
0.23
0.23
0.23
0.23
0.22
0.27
0.26
0.25
0.26
0.28
0.27
0.27
0.28
0.25
0.25
0.25
0.24
0.24
0.24
0.24
0.25
CorWatt	PkgWatt
184.34	341.62
2.72	172.12
2.84
2.74
2.56
2.71
2.71
2.83
2.88
2.60
2.36
2.76
2.75
2.75
2.78
2.72
2.71
4.03
3.04
3.00
4.02
2.96
2.82
2.41
2.73
4.03
3.08
3.93
3.00
2.69
2.75
2.80
2.88
2.74	169.50
2.61
2.83
2.87
2.79
3.84
3.85
2.99
2.72
2.72
2.72
2.86
2.74
2.75
2.77
2.87
2.65
2.76
2.74
2.78
2.86
2.76
2.72
2.77
2.76
2.84
2.66
2.77
2.70
2.81
2.79
2.68
CorWatt	PkgWatt
256.47	408.32
4.11	205.33
3.93
4.25
4.58
3.96
3.96
3.92
3.93
3.95
4.32
4.06
4.10
3.88
3.91
3.87
3.88
3.94
3.95
4.53
4.00
4.18
4.23
4.34
4.23
3.92
3.94
4.00
4.15
3.88
3.93
3.96
3.89
3.93	202.70
4.00
3.92
3.89
4.42
4.45
4.50
3.99
3.86
3.90
3.91
3.83
3.89
3.92
3.92
3.85
3.85
3.84
3.88
3.83
3.89
3.94
3.96
3.91
3.85
3.90
3.90
3.85
4.12
3.97
3.88
3.93
CorWatt	PkgWatt
236.08	388.75
3.66	194.68
3.70
3.67
4.58
3.68
3.65
3.68
3.67
3.52
3.58
3.53
3.57
3.61
3.61
3.62
3.61
3.66
3.67
4.60
3.66
3.73
3.70
3.68
3.68
3.65
3.68
3.65
3.67
3.60
3.64
3.64
3.64
3.65	194.00
3.66
3.68
3.67
3.65
4.59
3.66
3.67
3.62
3.63
3.63
3.63
3.65
3.65
3.65
3.65
3.59
3.61
3.60
3.62
3.69
3.69
3.68
3.68
3.62
3.62
3.62
3.63
3.64
3.66
3.63
3.63
CorWatt	PkgWatt
335.19	482.63
5.56	241.53
5.80
5.67
4.54
5.50
5.41
5.52
5.53
4.75
4.73
4.68
5.29
5.40
5.40
5.40
5.41
5.40
5.44
4.79
5.39
5.02
4.63
4.98
4.93
5.44
5.49
5.41
5.46
5.39
5.47
5.48
5.53
4.96	241.36
4.66
4.88
5.06
5.40
4.34
5.15
5.70
5.30
5.28
5.29
5.36
5.33
5.33
5.31
5.39
5.23
5.30
5.20
5.29
5.32
5.37
5.34
5.38
5.29
5.30
5.26
5.34
4.81
5.19
5.02
5.12
CorWatt	PkgWatt
346.17	490.85
5.38	245.30
5.45
5.54
4.21
5.48
5.44
5.48
5.50
5.35
5.48
5.32
5.40
5.41
5.42
5.42
5.41
5.43
5.48
5.49
5.45
5.50
5.54
5.54
5.36
5.45
5.48
5.46
5.46
5.51
5.45
5.49
5.46
5.57	245.34
5.47
4.49
5.57
5.46
4.24
5.49
5.46
5.42
5.44
5.54
5.45
5.47
5.49
5.58
5.59
5.40
5.40
5.36
5.40
5.47
5.47
5.48
5.59
5.41
5.42
5.42
5.54
5.31
5.49
5.50
5.45
CorWatt	PkgWatt
345.84	491.11
4.40	245.53
5.29
5.56
4.17
5.56
5.53
5.56
5.58
5.43
5.58
5.40
5.47
5.48
5.50
5.49
5.48
5.50
5.55
5.57
5.53
5.58
5.62
5.62
4.41
5.52
5.56
5.55
5.30
5.59
5.54
5.56
5.55
5.57	245.56
5.47
5.00
5.57
5.46
4.24
5.23
5.34
5.42
5.43
5.54
5.43
5.46
5.48
5.57
5.57
5.38
5.39
5.35
5.39
5.47
5.46
5.47
5.59
5.40
5.40
5.42
5.53
5.31
5.48
5.50
5.45
CorWatt	PkgWatt
293.29	442.83
3.60	217.79
3.38
3.29
3.72
4.53
4.60
4.60
4.63
5.23
5.31
3.98
5.46
4.58
4.75
4.46
4.42
4.88
4.52
4.10
4.84
4.87
5.15
3.92
3.80
4.76
4.52
4.83
3.95
4.61
4.52
4.71
4.48
5.69	225.13
5.52
4.33
5.04
3.24
4.19
3.44
3.07
4.30
4.43
4.68
4.39
4.38
4.47
4.76
4.56
5.34
5.37
4.69
5.77
5.57
6.09
5.36
4.45
4.95
4.48
5.38
4.69
4.15
4.83
4.25
4.50
CorWatt	PkgWatt
213.74	368.03
3.28	184.46
3.31
3.30
4.02
3.30
3.27
3.29
3.30
3.29
3.22
3.20
3.24
3.24
3.24
3.23
3.24
4.08
3.29
3.33
3.29
3.34
3.37
3.36
4.18
3.28
3.31
3.28
3.30
3.23
3.26
3.27
3.26
3.30	183.44
3.30
3.30
3.29
3.28
4.09
3.31
3.29
3.25
3.25
3.26
3.25
3.27
3.28
3.27
3.27
3.21
3.24
3.23
3.83
3.31
3.34
3.46
3.31
3.24
3.24
3.25
3.25
3.32
3.27
3.27
3.27
CorWatt	PkgWatt
213.91	368.02
3.33	184.92
3.36
3.82
3.88
3.30
3.27
3.30
3.29
3.21
3.23
3.19
3.23
3.23
3.23
3.24
3.23
4.07
3.30
3.33
3.29
3.33
3.37
3.39
4.29
3.27
3.30
3.28
3.38
3.23
3.26
3.27
3.26
3.30	183.27
3.30
3.90
3.29
3.32
4.06
3.31
3.29
3.24
3.25
3.25
3.25
3.27
3.28
3.27
3.27
3.21
3.23
3.23
3.24
3.31
3.31
3.29
3.31
3.23
3.24
3.25
3.24
3.31
3.27
3.27
3.26
CorWatt	PkgWatt
228.54	384.16
4.07	196.26
4.29
4.41
4.14
3.40
3.35
3.38
3.37
3.66
3.32
4.56
3.37
3.31
3.28
3.33
3.34
4.04
3.31
3.94
3.37
3.49
3.59
4.42
5.66
3.26
3.30
3.27
4.15
3.32
3.36
3.32
3.35
3.30	187.74
3.38
4.47
3.29
4.95
3.95
3.72
3.64
3.37
3.34
3.32
3.33
3.26
3.28
3.26
3.26
3.20
3.23
3.22
3.24
3.30
3.31
3.31
3.41
3.30
3.30
3.26
3.35
3.82
3.31
3.71
3.35
CorWatt	PkgWatt
311.25	460.38
5.78	234.81
4.24
5.16
4.97
5.24
5.06
5.12
5.17
4.93
5.53
6.23
5.84
4.97
4.83
5.13
5.18
4.59
4.61
4.51
5.06
5.81
5.21
6.01
4.85
4.03
3.90
3.76
4.16
5.10
5.24
5.04
5.25
4.08	225.82
4.97
4.89
4.62
6.67
5.45
5.78
5.05
5.80
5.35
5.19
5.35
3.95
3.64
3.68
3.95
3.59
3.49
3.80
3.68
4.34
4.17
4.01
5.22
4.40
5.33
4.15
5.22
5.00
5.07
5.30
5.67
CorWatt	PkgWatt
343.66	490.86
4.32	245.31
4.04
5.36
6.09
5.06
6.19
6.23
6.25
5.52
6.05
3.33
4.38
4.24
6.16
6.13
6.14
5.01
6.21
3.77
6.21
5.63
5.14
4.87
3.48
6.21
6.28
6.23
3.34
6.18
6.23
5.14
6.22
5.80	245.44
5.79
4.26
5.75
4.34
4.53
5.25
4.48
4.85
5.72
5.76
5.74
4.35
5.77
5.70
5.79
5.45
5.52
5.37
4.93
5.79
5.77
5.77
5.78
5.69
5.68
5.75
5.72
5.19
5.80
4.11
5.77
CorWatt	PkgWatt
192.98	349.01
2.49	163.63
3.45
2.75
2.84
2.30
3.09
2.41
2.45
2.22
0.72
4.05
1.67
2.09
2.12
1.85
1.69
2.13
3.22
2.93
2.25
3.23
3.54
3.55
3.99
3.17
4.02
3.43
2.99
3.14
1.90
1.44
1.91
3.68	185.69
2.50
1.86
3.43
4.22
2.97
2.20
2.60
2.18
2.89
2.39
2.16
2.34
3.66
4.15
4.88
3.21
4.61
3.54
5.36
3.50
4.30
4.65
3.08
4.24
2.66
4.23
2.59
3.54
5.03
2.00
3.39
CorWatt	PkgWatt
44.93	207.43
0.34	115.98
0.33
0.33
0.33
3.16
0.90
3.16
0.91
0.32
0.32
2.20
0.30
0.26
0.27
0.26
0.26
0.92
3.14
3.15
0.92
0.95
0.94
4.32
0.93
0.29
0.29
0.31
0.29
0.50
0.50
1.35
1.35
1.91	91.44
0.30
0.28
0.28
0.27
0.27
0.28
0.27
0.23
0.24
0.23
0.23
0.25
0.24
0.23
0.23
0.29
0.36
0.27
1.32
0.27
0.27
0.27
0.28
0.25
0.25
0.25
0.25
0.26
0.31
0.24
0.24
CorWatt	PkgWatt
45.86	207.05
0.32	114.02
0.32
0.31
0.30
3.05
0.89
0.91
2.74
0.26
0.26
0.26
0.26
0.25
0.25
0.25
0.25
3.03
3.10
0.94
0.90
0.77
2.14
2.39
0.74
0.28
0.28
0.27
0.29
1.56
0.88
3.05
2.33
3.61	92.97
0.34
0.33
0.32
0.28
0.28
0.29
0.28
0.25
0.25
0.25
0.25
0.25
0.25
0.24
0.24
0.28
0.27
0.27
0.28
0.28
0.29
0.28
0.29
0.26
0.26
0.26
0.27
0.25
0.25
0.25
0.26
CorWatt	PkgWatt
40.84	201.91
0.32	109.35
0.31
0.31
0.30
3.06
3.03
0.90
0.89
0.26
0.26
0.26
0.25
0.25
0.25
0.24
0.25
2.99
0.91
0.92
2.98
0.31
0.29
0.29
0.28
0.27
0.27
0.27
0.28
0.86
0.87
3.05
3.05
3.61	92.53
0.33
0.32
0.32
0.28
0.28
0.28
0.27
0.24
0.25
0.25
0.24
0.24
0.24
0.24
0.23
0.27
0.27
0.26
0.27
0.28
0.28
0.28
0.28
0.26
0.26
0.25
0.25
0.25
0.25
0.25
0.25
CorWatt	PkgWatt
207.67	364.38
3.11	185.06
3.13
3.21
3.16
3.42
4.11
4.02
3.45
2.96
2.84
3.07
3.13
3.10
3.08
3.12
3.15
4.19
3.40
2.86
4.08
3.30
3.25
3.00
3.21
3.04
3.20
3.01
3.39
4.15
3.20
3.35
4.16
4.26	179.27
3.12
3.21
3.23
2.95
3.23
3.30
3.01
3.06
3.10
3.10
3.13
3.08
3.10
3.14
3.13
3.05
3.02
3.08
3.16
3.17
3.16
3.11
3.13
3.08
3.03
3.08
3.13
3.09
3.14
3.11
3.12
CorWatt	PkgWatt
250.37	402.71
3.82	202.63
3.85
3.86
3.81
3.87
3.83
4.64
3.85
4.29
4.14
3.73
3.70
3.78
3.80
3.82
3.81
3.87
3.83
4.09
3.84
3.92
3.92
4.37
3.91
4.30
3.83
4.18
3.91
3.80
4.61
3.82
3.83
4.68	199.89
3.83
3.85
3.86
4.20
4.14
3.92
3.98
3.78
3.78
3.81
3.81
3.80
3.82
3.85
3.80
3.72
3.76
3.75
3.78
3.85
3.84
3.83
3.84
3.75
3.77
3.79
3.78
3.80
3.85
3.80
3.84
CorWatt	PkgWatt
237.18	390.03
3.66	195.44
3.70
3.69
3.64
3.70
3.67
4.64
3.69
3.55
3.60
3.55
3.59
3.62
3.62
3.63
3.63
3.66
3.68
3.68
3.67
3.74
3.76
3.73
3.72
3.65
3.67
3.61
3.67
3.62
4.62
3.66
3.65
4.78	194.68
3.69
3.69
3.68
3.65
3.68
3.66
3.67
3.63
3.65
3.64
3.64
3.66
3.67
3.66
3.67
3.60
3.62
3.62
3.65
3.70
3.70
3.69
3.70
3.62
3.64
3.64
3.64
3.68
3.67
3.67
3.66
CorWatt	PkgWatt
343.82	488.73
5.59	243.89
5.55
5.56
5.50
5.66
5.50
4.46
5.71
4.88
5.14
5.13
4.91
5.63
5.57
5.60
5.66
5.55
5.64
5.13
5.57
5.65
5.75
5.49
5.36
5.06
4.84
5.06
5.19
5.58
4.45
5.64
5.62
4.33	244.78
5.43
5.51
5.60
5.26
5.09
4.60
4.95
5.56
5.58
5.40
5.43
5.44
5.47
5.44
5.63
5.53
5.32
5.34
5.57
5.36
5.62
5.44
5.45
5.49
5.37
5.44
5.57
5.63
5.46
5.48
5.34
CorWatt	PkgWatt
345.83	491.06
5.44	245.63
5.51
5.51
5.45
5.55
5.52
4.36
5.66
5.38
5.53
5.40
5.47
5.47
5.48
5.48
5.48
5.47
5.55
5.57
5.53
5.58
4.60
5.62
5.29
5.46
5.56
5.64
5.56
5.49
4.32
5.53
5.54
4.29	245.39
5.44
5.45
5.44
5.53
5.44
5.47
5.44
5.44
5.41
5.41
5.42
5.44
5.47
5.56
5.45
5.46
5.38
5.34
5.38
5.45
5.44
5.46
5.46
5.38
5.39
5.40
5.41
5.56
5.46
5.47
5.28
CorWatt	PkgWatt
345.50	490.55
5.47	245.26
5.51
5.51
5.45
5.55
5.53
4.36
5.68
5.47
5.48
5.45
5.45
5.47
5.49
5.49
5.49
5.22
5.56
5.58
5.53
5.59
4.28
5.64
5.59
5.48
5.64
5.47
5.56
5.50
4.32
5.53
5.54
4.31	245.47
5.46
5.47
5.46
5.35
5.47
5.49
5.04
5.45
5.43
5.43
5.44
5.46
5.48
5.58
5.47
5.48
5.39
5.37
5.40
5.47
5.46
5.47
5.47
5.40
5.40
5.42
5.42
5.39
5.48
5.49
5.43
CorWatt	PkgWatt
283.71	436.36
4.24	220.42
4.26
4.28
4.28
4.30
4.35
3.98
4.34
4.48
4.66
3.98
6.24
4.07
4.08
4.41
4.30
5.15
4.27
4.80
4.23
4.61
4.01
4.30
4.72
5.04
5.97
4.92
5.64
4.34
4.25
4.18
4.35
4.39	215.79
4.30
4.22
4.27
3.08
3.52
4.61
3.07
4.94
4.31
4.57
5.00
4.18
4.26
4.64
4.15
4.15
4.21
4.26
4.18
4.26
4.18
4.19
4.29
4.56
4.79
4.35
4.45
5.08
4.33
4.78
5.05
CorWatt	PkgWatt
212.83	367.63
3.29	184.44
3.31
3.31
3.26
3.31
3.28
3.69
3.31
3.43
3.48
3.21
3.32
3.24
3.24
3.25
3.25
3.29
3.29
3.34
3.29
3.35
4.15
3.37
3.33
3.28
3.40
3.29
3.31
3.25
3.40
3.27
3.27
4.26	183.11
3.31
3.31
3.29
3.29
3.31
3.31
3.30
3.25
3.26
3.25
3.25
3.27
3.28
3.26
3.27
3.22
3.24
3.23
3.28
3.32
3.30
3.29
3.31
3.25
3.25
3.26
3.25
3.28
3.28
3.28
3.27
CorWatt	PkgWatt
211.40	365.73
3.28	182.72
3.31
3.30
3.26
3.31
3.29
3.30
3.31
3.21
3.23
3.20
3.23
3.24
3.24
3.24
3.24
3.28
3.29
3.34
3.29
3.35
4.27
3.37
3.33
3.28
3.31
3.28
3.30
3.23
2.92
3.27
3.27
4.26	183.15
3.31
3.30
3.29
3.28
3.31
3.39
3.30
3.25
3.26
3.26
3.25
3.28
3.28
3.27
3.28
3.22
3.24
3.23
3.28
3.32
3.32
3.30
3.31
3.25
3.25
3.25
3.25
3.28
3.27
3.28
3.26
CorWatt	PkgWatt
222.67	376.49
3.63	188.23
3.42
3.46
3.34
3.40
3.37
3.82
3.41
3.78
3.31
3.51
4.56
3.36
3.36
3.31
3.32
3.32
3.40
3.43
3.40
3.43
4.28
3.69
3.40
3.28
3.30
3.37
3.30
3.32
3.31
3.39
3.36
4.28	188.13
3.40
3.41
3.38
4.58
3.84
4.15
3.77
3.32
3.37
3.31
3.27
3.40
3.40
3.32
3.39
3.34
3.35
3.32
3.37
3.43
3.42
3.42
3.41
3.34
3.30
3.35
3.31
3.32
3.39
3.32
3.31
CorWatt	PkgWatt
314.84	463.54
4.79	231.18
5.37
5.32
5.15
5.41
4.51
5.44
5.43
4.29
3.18
4.91
5.18
5.49
5.59
5.02
5.12
4.11
5.32
4.70
5.36
5.10
5.22
5.40
5.37
3.50
3.22
4.09
4.54
5.11
4.92
5.42
5.21
4.58	232.39
5.11
5.24
5.15
5.06
4.19
4.26
5.98
4.51
5.16
4.87
4.48
5.23
5.16
4.83
5.25
5.14
5.04
4.94
5.12
5.20
5.19
5.21
5.10
5.04
4.54
5.04
4.95
4.74
5.11
4.68
4.00
CorWatt	PkgWatt
332.42	490.62
5.50	245.50
4.08
5.54
5.47
5.57
4.50
3.73
5.58
5.43
4.91
3.89
4.42
5.47
5.51
5.51
5.50
5.55
5.55
5.52
5.56
5.63
4.01
4.81
5.62
4.88
4.99
5.57
4.15
5.51
5.58
5.57
5.58
4.55	245.48
5.44
5.45
5.42
4.95
4.12
5.45
3.63
5.38
4.49
5.41
5.40
5.43
5.47
5.44
5.44
5.32
5.35
5.34
5.37
5.44
5.42
5.42
5.44
5.36
5.37
5.40
5.40
5.44
5.46
5.46
5.45
CorWatt	PkgWatt
181.36	355.34
3.41	184.26
2.23
3.48
2.74
2.64
2.93
3.19
2.96
3.30
3.97
2.74
2.92
3.54
2.00
2.58
2.46
3.67
3.01
3.08
1.91
2.86
2.81
4.18
2.33
4.19
4.33
3.29
3.63
3.44
2.99
2.19
2.52
4.17	171.18
2.13
1.92
2.25
4.15
2.64
2.69
2.49
3.62
1.86
2.09
3.18
2.54
2.00
2.97
1.79
2.70
2.05
2.26
2.00
2.37
1.85
1.79
2.11
2.69
3.36
3.37
3.49
2.73
1.89
2.67
4.07
CorWatt	PkgWatt
48.25	210.15
0.93	109.81
0.45
0.68
0.56
0.91
3.11
1.38
2.40
0.41
0.39
0.32
0.88
0.52
0.54
0.40
1.99
0.34
0.35
0.50
0.63
0.78
2.16
2.52
0.75
0.65
0.35
0.57
0.94
1.04
0.58
0.42
0.39
3.63	100.33
0.34
0.38
0.33
0.70
0.30
0.29
0.30
0.25
0.25
0.25
0.25
0.26
0.25
0.25
0.25
0.48
0.30
0.28
0.29
0.29
0.29
0.28
0.29
0.88
0.88
2.80
3.03
0.26
0.26
0.26
0.26
CorWatt	PkgWatt
40.03	202.08
0.59	103.49
0.36
0.43
0.42
0.91
3.11
3.11
0.91
0.31
0.37
0.38
0.52
0.39
0.40
0.39
2.45
0.45
0.35
0.40
0.72
0.76
0.36
0.35
0.35
0.34
0.33
0.33
0.82
0.31
0.31
0.31
0.78
3.62	98.60
0.34
0.38
0.33
0.28
0.28
0.28
0.29
0.25
0.25
0.25
0.25
0.25
0.25
0.25
0.24
0.28
0.28
0.27
0.28
0.28
0.29
0.28
0.29
3.69
0.87
0.88
1.20
0.26
0.26
0.25
0.26
CorWatt	PkgWatt
39.93	201.53
0.50	102.67
0.34
0.34
0.51
0.91
3.08
3.08
0.90
0.36
0.29
0.28
0.41
0.39
0.39
0.39
2.43
0.33
0.33
0.34
0.77
0.87
0.35
0.34
0.50
0.31
0.69
0.31
0.45
0.55
0.30
0.30
0.44
3.62	98.84
0.33
0.37
0.32
0.28
0.28
0.28
0.28
0.25
0.25
0.25
0.25
0.24
0.24
0.24
0.24
0.27
0.27
0.26
0.27
0.28
0.28
0.28
0.28
2.72
0.87
2.77
0.88
0.25
0.25
0.25
0.25
CorWatt	PkgWatt
234.78	390.59
3.52	195.41
3.55
3.63
3.66
3.79
4.40
4.50
3.70
3.47
3.53
3.47
3.56
4.00
3.59
3.57
3.54
3.52
3.61
3.59
3.72
3.62
3.66
3.61
3.85
3.63
3.63
3.55
3.73
3.52
3.63
3.56
3.69
4.38	194.94
3.47
3.59
3.53
3.58
3.58
3.64
3.61
3.54
3.52
3.58
3.55
3.53
3.54
3.56
3.60
3.51
3.50
3.53
3.57
3.90
3.80
3.72
3.94
3.68
3.69
4.06
4.14
3.53
3.55
3.58
3.59
CorWatt	PkgWatt
250.75	403.11
4.67	201.57
3.88
3.92
3.85
3.89
3.82
4.00
3.92
3.75
3.78
3.78
3.79
3.83
3.84
3.81
3.80
3.83
3.90
3.93
3.85
3.93
3.98
3.95
3.92
3.87
3.88
3.90
3.92
3.88
4.61
3.85
3.96
4.79	201.45
4.52
3.87
3.86
3.84
3.88
3.90
3.86
3.82
3.83
3.88
3.81
3.83
3.86
3.88
3.87
3.76
3.80
3.83
3.81
4.11
3.98
4.06
3.87
3.80
3.82
3.82
3.85
3.83
3.85
3.88
3.85
CorWatt	PkgWatt
252.85	404.57
4.64	202.62
4.01
4.01
4.00
3.80
3.62
3.64
3.67
3.93
3.87
3.87
3.98
3.93
3.94
3.97
3.91
3.97
4.02
4.02
4.04
4.08
4.12
4.04
4.09
4.02
4.04
4.02
4.01
3.61
4.69
3.62
3.59
4.80	202.07
4.49
4.01
3.95
3.98
4.01
4.04
4.05
3.98
3.96
3.97
3.95
3.97
3.98
3.98
4.03
3.91
3.92
3.93
3.96
3.61
3.60
3.60
3.65
3.91
3.95
3.91
3.92
3.65
3.70
3.90
3.83
CorWatt	PkgWatt
342.07	491.15
4.31	245.47
5.45
5.47
5.39
5.45
4.96
5.32
5.34
5.45
5.39
5.33
5.40
5.41
5.41
5.41
5.42
5.54
5.48
5.49
5.46
5.51
5.54
5.55
5.52
5.46
5.50
5.49
5.48
5.11
4.25
5.53
5.21
4.29	245.51
5.17
5.45
5.44
5.43
5.45
5.47
5.43
5.39
5.41
5.42
5.53
5.44
5.46
5.45
5.45
5.35
5.48
5.35
5.38
5.01
5.29
5.15
5.01
5.41
5.40
5.40
5.42
5.27
5.46
5.46
5.43
CorWatt	PkgWatt
345.57	490.75
4.72	245.43
5.45
5.46
5.38
5.50
5.46
5.49
5.49
5.45
5.40
5.33
5.40
5.40
5.42
5.42
5.41
5.53
5.48
5.50
5.45
5.51
5.54
5.55
5.51
5.46
5.49
5.46
5.49
5.42
4.35
5.49
5.47
4.28	245.40
5.44
5.45
5.44
5.43
5.45
5.48
5.44
5.40
5.41
5.41
5.53
5.45
5.46
5.44
5.45
5.35
5.48
5.35
5.38
5.45
5.46
5.45
5.45
5.40
5.38
5.40
5.41
5.45
5.46
5.47
5.43
CorWatt	PkgWatt
345.18	490.82
5.53	245.45
5.45
5.46
5.39
5.49
5.22
5.32
5.51
5.46
5.41
5.33
5.41
5.41
5.41
5.42
5.42
5.53
5.48
5.51
5.46
5.53
5.55
5.56
5.51
5.47
5.50
5.47
5.50
5.10
4.43
4.97
5.48
4.38	245.47
5.56
5.57
5.55
5.54
5.57
5.59
5.54
4.88
5.51
5.52
5.64
5.58
5.58
5.56
5.57
5.45
5.58
5.46
5.49
4.77
4.86
4.71
4.83
5.50
5.49
5.51
5.52
5.56
5.58
5.58
5.53
CorWatt	PkgWatt
259.49	411.84
4.25	205.27
4.35
4.75
4.48
5.21
4.04
3.67
5.20
3.80
3.78
4.02
3.66
3.98
3.94
3.82
3.87
4.00
3.98
4.12
3.72
3.84
3.90
3.96
3.89
4.08
3.82
3.79
4.24
4.08
4.01
3.60
3.22
3.83	206.42
4.80
3.94
3.96
3.88
4.00
4.06
3.75
3.61
3.93
4.53
3.93
4.26
3.96
4.09
3.96
4.82
4.66
4.43
3.84
3.22
3.14
3.18
3.79
4.32
4.05
4.21
4.72
4.41
4.87
4.41
3.76
CorWatt	PkgWatt
211.79	366.55
3.29	183.58
3.32
3.32
3.27
3.31
3.28
3.31
3.31
3.22
3.39
3.21
3.24
3.24
3.24
3.25
3.24
3.28
3.30
3.34
3.30
3.35
3.36
3.37
3.33
3.30
3.32
3.29
3.31
3.25
4.13
3.32
3.29
3.31	182.95
3.31
3.31
3.29
3.29
3.32
3.31
3.30
3.26
3.26
3.89
3.25
3.28
3.29
3.27
3.28
3.22
3.24
3.24
3.25
3.31
3.31
3.30
3.32
3.25
3.25
3.25
3.26
3.28
3.29
3.28
3.27
CorWatt	PkgWatt
215.15	369.53
3.31	184.29
3.32
3.31
3.26
3.31
3.28
3.30
3.31
3.22
4.03
3.20
3.25
3.24
3.25
3.24
3.25
3.28
3.29
3.32
3.30
3.35
3.36
3.36
3.33
3.29
3.31
3.29
3.31
3.36
4.13
3.44
3.31
3.30	185.31
3.30
3.30
3.29
3.29
3.31
3.31
3.30
3.68
3.27
3.87
3.25
3.28
3.29
3.26
3.27
3.22
3.24
3.23
3.24
3.98
3.75
3.98
3.71
3.25
3.25
3.25
3.25
3.28
3.28
3.28
3.30
CorWatt	PkgWatt
237.11	390.41
3.42	193.87
3.44
3.38
3.39
3.39
4.24
3.44
3.43
3.31
4.12
3.30
3.36
3.39
3.39
3.44
3.44
3.47
3.45
3.47
3.63
3.59
3.61
3.57
3.51
3.43
3.53
3.89
3.43
4.19
4.62
4.55
5.54
3.33	196.51
3.32
3.47
3.31
3.49
3.47
3.46
3.55
4.35
3.44
3.96
3.44
3.37
3.45
3.40
3.42
3.21
3.28
3.23
3.41
5.21
6.52
6.23
4.56
3.38
3.39
3.40
3.33
3.41
3.35
3.38
4.24
CorWatt	PkgWatt
322.13	480.93
4.91	241.50
5.06
4.23
4.79
4.20
5.73
5.14
5.32
4.32
4.37
4.83
4.54
5.25
5.36
5.39
5.30
5.31
5.39
5.25
5.46
5.74
5.56
5.56
5.56
5.38
5.56
5.48
5.10
3.84
4.39
4.37
5.83
4.56	239.44
4.35
5.58
4.42
5.62
5.56
5.55
5.96
3.85
5.51
4.49
5.64
4.70
5.56
5.39
5.51
3.70
4.09
4.02
5.61
5.39
4.21
5.02
3.94
5.29
5.31
5.00
4.81
5.54
4.99
5.13
5.31
CorWatt	PkgWatt
329.98	490.32
5.07	245.10
5.88
5.90
5.83
5.68
4.38
4.54
4.72
5.76
4.81
5.77
5.85
5.84
5.87
5.60
5.57
5.60
5.91
5.97
5.20
5.66
5.60
5.74
5.79
5.90
5.58
4.41
5.95
3.09
2.50
3.07
1.76
5.77	245.40
3.07
5.63
5.78
5.47
5.80
5.82
5.40
5.01
5.64
4.10
5.47
5.79
5.70
5.80
5.81
5.66
5.72
4.40
5.58
3.22
4.42
3.34
3.70
5.69
5.68
5.64
5.72
5.77
5.81
5.79
3.05
CorWatt	PkgWatt
110.52	288.47
1.16	140.06
1.16
3.01
1.76
1.81
2.64
3.51
2.29
2.49
1.55
1.57
1.86
1.18
1.07
1.02
0.98
1.92
1.08
1.44
0.81
2.26
2.53
1.33
1.18
1.30
0.83
0.97
1.58
1.24
1.31
0.46
1.62
2.86	148.71
1.66
2.23
2.76
1.30
1.19
1.26
0.53
1.70
1.08
1.94
2.42
2.69
1.25
1.78
1.20
2.88
1.92
1.69
2.58
0.69
2.28
1.92
2.36
1.64
1.38
1.80
2.61
3.26
1.60
1.85
1.34
CorWatt	PkgWatt
41.50	203.61
0.34	105.03
0.32
0.31
0.30
0.90
3.13
0.90
2.80
0.27
0.27
0.26
0.26
0.26
0.26
0.26
0.28
1.06
1.06
0.47
0.46
3.09
3.15
0.98
0.90
0.28
0.28
0.28
0.28
0.27
0.27
0.28
0.28
0.32	98.42
0.59
0.36
0.31
0.33
0.33
0.41
0.83
0.29
0.29
0.29
0.64
0.28
0.28
0.28
0.64
0.32
0.33
0.36
2.38
0.39
0.34
0.33
0.86
1.79
0.38
0.37
0.46
0.68
0.32
0.87
0.30
CorWatt	PkgWatt
48.18	213.59
0.35	111.78
0.31
0.31
0.30
3.05
3.10
0.91
0.90
0.27
0.26
0.26
0.26
0.25
0.25
0.25
0.25
3.08
3.07
0.92
0.91
3.09
3.18
0.91
0.90
0.28
0.28
0.28
0.28
0.27
0.27
0.27
0.27
0.40	101.89
0.45
2.06
0.41
0.34
0.34
0.77
0.65
0.29
0.29
0.29
0.72
0.28
0.28
0.28
0.62
0.35
0.35
0.34
4.25
0.64
0.35
0.34
0.75
0.32
0.34
0.44
0.31
0.36
0.29
0.29
0.49
CorWatt	PkgWatt
42.56	206.30
0.35	111.39
0.31
0.31
0.30
3.04
3.07
0.90
0.90
0.26
0.26
0.25
0.26
0.25
0.25
0.25
0.25
3.06
0.91
0.92
3.02
3.10
3.13
0.91
0.90
0.27
0.27
0.27
0.27
0.26
0.26
0.27
0.26
0.34	94.85
0.33
1.71
0.35
0.26
0.26
0.42
0.47
0.23
0.23
0.22
0.49
0.23
0.23
0.23
0.59
0.26
0.27
0.26
2.30
0.33
0.26
0.25
0.33
0.24
0.24
0.24
0.54
0.32
0.23
0.23
0.37
CorWatt	PkgWatt
236.53	391.97
3.59	198.18
3.64
3.51
3.63
4.06
4.14
3.71
3.75
3.52
3.62
3.50
3.59
3.58
3.54
3.67
3.59
3.69
4.22
4.24
3.77
4.28
3.84
4.32
3.78
3.60
3.63
3.64
3.68
3.82
3.86
3.85
3.62
3.63	193.55
3.69
3.62
3.56
3.69
3.63
3.63
3.64
3.57
3.58
3.58
3.64
3.63
3.57
3.58
3.62
3.52
3.54
3.57
3.57
3.63
3.59
3.62
3.67
3.54
3.55
3.57
3.62
3.74
3.84
3.64
3.92
CorWatt	PkgWatt
248.36	400.86
3.83	201.19
3.87
3.90
3.86
3.88
3.88
3.86
3.88
3.75
3.83
3.76
3.81
3.80
3.79
3.86
3.80
3.83
3.91
4.83
3.87
3.94
4.41
3.98
3.90
3.84
3.88
3.89
3.89
3.82
3.89
3.99
3.84
3.90	199.63
3.90
3.86
3.87
3.86
3.88
3.88
3.88
3.81
3.84
3.85
3.84
3.85
3.86
3.87
3.85
3.77
3.81
3.84
3.80
3.87
3.88
3.89
3.90
3.80
3.81
3.84
3.84
3.84
3.82
3.85
3.94
CorWatt	PkgWatt
254.45	406.07
3.98	203.48
4.02
3.92
3.99
4.00
4.04
4.02
4.04
3.90
3.98
3.87
3.98
3.98
3.93
3.97
3.97
3.94
3.99
4.91
3.96
4.02
4.02
4.04
4.04
4.00
4.01
3.98
4.06
3.74
3.62
3.86
4.00
4.01	202.51
4.05
4.04
3.96
3.93
4.05
4.01
4.05
3.99
3.96
3.97
4.04
4.05
3.98
3.96
4.03
3.93
3.96
3.93
3.98
4.07
4.03
4.00
4.09
3.93
3.94
3.95
4.04
3.56
3.61
3.68
3.85
CorWatt	PkgWatt
345.67	490.73
5.43	245.55
5.47
5.06
5.42
5.50
5.50
5.43
5.52
5.38
5.42
5.36
5.53
5.43
5.44
5.44
5.44
5.46
5.50
4.41
5.47
5.54
5.68
5.58
4.63
5.49
5.52
5.48
5.51
5.44
5.56
5.51
5.50
5.46	245.49
5.46
5.47
5.44
5.44
5.45
5.48
5.44
5.40
5.41
5.41
5.42
5.53
5.46
5.45
5.45
5.35
5.38
5.34
5.08
5.46
5.44
5.46
5.49
5.39
5.43
5.41
5.41
5.24
4.82
5.45
5.43
CorWatt	PkgWatt
345.62	491.23
5.44	245.44
5.48
5.07
5.42
5.50
5.36
5.43
5.54
5.38
5.44
5.37
5.55
5.44
5.45
5.45
5.45
5.47
5.52
4.38
5.49
5.56
5.68
5.60
4.36
5.49
5.53
5.50
5.53
5.46
5.51
5.52
5.51
5.44	245.51
5.44
5.45
5.43
5.42
5.44
5.47
5.43
5.39
5.40
5.40
5.41
5.49
5.45
5.44
5.43
5.34
5.36
5.33
4.73
5.44
5.43
5.45
5.47
5.38
5.41
5.40
5.41
5.45
5.45
5.45
5.19
CorWatt	PkgWatt
345.19	490.33
5.55	245.25
5.58
5.17
5.52
5.61
5.54
4.60
5.62
5.49
5.55
5.47
5.66
5.54
5.56
5.56
5.55
5.57
5.62
4.46
5.59
5.67
5.76
5.72
4.45
5.60
5.64
5.60
5.63
4.71
5.44
4.05
5.60
5.43	245.25
5.45
5.45
5.43
5.41
5.44
5.46
5.43
5.38
5.40
5.40
5.41
5.50
5.45
5.44
5.43
5.34
5.36
5.33
4.73
5.46
5.43
5.44
5.47
5.39
5.38
5.40
5.40
5.44
5.45
5.45
5.26
CorWatt	PkgWatt
244.42	387.42
3.81	206.46
3.83
3.75
3.96
3.90
4.89
4.74
4.69
3.69
3.85
3.83
3.95
3.78
3.80
3.91
3.77
3.75
4.08
4.31
3.91
5.23
4.53
5.73
5.06
3.75
3.87
4.08
3.86
3.56
3.37
3.15
3.80
3.95	204.57
3.82
3.73
3.87
4.17
3.87
3.80
3.78
3.63
3.83
3.90
3.75
3.92
3.82
3.93
3.79
3.84
4.24
4.10
3.94
3.99
3.82
3.99
4.04
4.91
4.53
4.42
4.59
5.29
3.85
3.69
3.27
CorWatt	PkgWatt
225.14	390.21
3.29	185.11
3.33
3.32
3.27
3.32
3.32
3.32
4.10
3.22
3.24
3.22
3.25
3.25
3.25
3.24
3.25
3.29
3.31
3.87
3.32
3.36
3.37
3.74
4.15
3.29
3.31
3.29
3.31
3.24
3.27
3.29
3.28
3.31	182.56
3.31
3.31
3.30
3.29
3.32
3.32
3.30
3.26
3.27
3.26
3.26
3.28
3.29
3.28
3.28
3.23
3.25
3.24
3.25
3.32
3.31
3.30
3.32
3.24
3.26
3.27
3.26
3.29
3.29
3.29
3.28
CorWatt	PkgWatt
214.70	373.28
3.29	188.29
3.32
3.32
3.27
3.31
4.05
3.30
3.40
3.22
3.24
3.21
3.25
3.24
3.24
3.25
3.26
3.28
3.30
3.34
3.30
3.35
3.36
3.37
4.24
3.30
3.31
3.29
3.31
3.53
3.32
4.95
3.28
3.30	185.08
3.32
3.30
3.97
3.28
3.31
3.31
3.30
3.26
3.27
3.26
3.26
3.28
3.28
3.27
3.28
3.22
3.24
3.24
3.25
3.32
3.31
3.31
3.31
3.25
3.25
3.26
3.25
3.28
3.31
3.32
3.34
CorWatt	PkgWatt
237.14	390.82
3.60	195.69
3.63
3.50
3.43
3.42
4.17
3.34
3.43
3.54
3.42
3.40
3.46
3.51
3.73
3.41
3.40
3.67
3.46
3.43
3.54
3.46
3.36
3.35
4.84
3.64
3.57
3.45
3.54
4.53
4.77
6.50
3.57
3.44	194.98
3.45
3.47
4.75
3.33
3.32
3.31
3.60
3.65
3.50
3.43
3.51
3.51
3.58
3.46
3.55
3.49
3.37
3.38
3.52
4.27
3.57
3.47
3.54
3.32
3.38
3.40
3.35
3.40
4.26
5.57
5.87
CorWatt	PkgWatt
337.49	484.91
5.77	242.77
5.79
5.74
5.62
4.01
4.26
3.96
4.57
5.72
5.75
5.60
5.68
5.73
6.03
5.75
5.63
5.86
5.63
4.66
5.75
4.80
4.21
3.60
5.13
5.85
5.83
5.67
5.89
5.67
6.10
2.94
5.84
5.20	242.54
5.18
4.81
4.98
3.96
3.34
3.75
5.61
5.71
5.61
5.55
5.67
5.60
5.69
5.62
5.70
5.71
5.22
5.22
5.34
5.80
5.66
5.54
5.92
4.76
5.13
5.43
4.84
4.73
5.50
5.98
5.88
CorWatt	PkgWatt
323.59	490.99
5.01	245.53
5.07
5.49
5.49
5.51
4.61
5.61
5.57
4.90
5.49
5.24
5.23
5.22
5.07
5.26
5.52
4.92
5.56
5.60
5.25
5.65
5.70
5.04
3.62
4.97
5.25
5.59
5.38
5.47
2.86
2.94
4.89
3.73	245.28
5.50
5.53
4.93
4.62
5.37
5.55
5.06
4.43
5.19
5.49
5.20
5.21
5.12
5.48
5.17
5.02
5.45
5.41
4.97
3.33
5.14
5.50
5.28
5.44
5.38
5.50
5.48
4.89
5.17
4.34
2.64
CorWatt	PkgWatt
122.55	312.42
2.86	160.70
1.73
2.35
1.53
2.20
2.22
4.32
2.87
1.88
1.35
0.84
0.96
2.36
0.98
2.76
1.07
2.21
2.91
3.19
1.29
2.12
3.45
3.33
2.25
2.23
1.21
1.23
1.12
1.68
0.79
1.54
3.38
1.30	151.97
1.89
2.53
4.37
1.78
2.84
3.68
1.85
0.73
0.95
1.01
1.93
1.45
0.93
0.92
0.84
2.15
1.29
1.52
1.35
2.71
0.89
1.10
0.54
2.34
1.45
1.18
2.25
2.02
1.39
2.37
2.85
CorWatt	PkgWatt
42.64	216.07
3.19	110.58
3.22
0.95
0.92
0.34
0.52
0.38
0.48
0.41
0.63
0.31
0.46
0.43
0.60
1.11
0.32
0.42
0.81
0.68
0.61
0.50
0.42
1.77
0.76
0.72
0.62
0.35
0.41
0.47
0.35
0.37
0.48
0.35	105.48
0.35
0.36
4.19
0.33
0.33
0.68
0.39
0.38
0.38
0.38
2.17
0.30
0.30
0.30
0.77
0.32
0.33
0.32
0.76
0.61
0.59
0.34
0.39
0.32
0.54
0.30
0.31
0.48
0.41
0.30
0.35
CorWatt	PkgWatt
38.10	215.91
0.92	108.68
2.25
2.26
0.78
0.34
0.33
0.56
0.56
0.33
0.80
0.34
0.34
0.29
0.42
0.38
0.41
0.33
0.33
0.36
0.55
0.55
0.34
0.67
0.33
1.92
0.47
0.40
0.50
0.32
0.44
0.36
0.69
0.34	107.14
0.34
0.35
4.20
0.33
0.32
0.60
0.45
0.37
0.37
0.37
2.16
0.29
0.29
0.29
0.72
0.35
0.31
0.38
0.60
0.57
0.33
0.33
0.57
0.42
0.47
0.30
0.30
0.29
0.29
0.28
0.57
CorWatt	PkgWatt
32.17	198.54
0.41	97.55
0.38
0.35
0.36
0.33
0.56
0.46
0.36
0.29
0.38
0.28
0.48
0.28
0.28
0.37
0.55
0.33
0.33
0.69
0.41
0.51
0.89
0.34
0.35
1.71
0.38
0.37
0.38
0.40
0.29
0.43
0.42
0.34	101.10
0.34
0.35
4.23
0.42
0.31
0.31
0.45
0.37
0.37
0.37
2.15
0.28
0.28
0.28
0.78
0.67
0.31
0.30
0.41
0.45
0.41
0.31
0.38
0.51
0.30
0.29
0.30
0.28
0.28
0.28
0.69
CorWatt	PkgWatt
213.88	372.05
3.26	184.87
3.25
3.47
3.37
3.28
3.23
3.29
3.41
3.29
3.25
3.20
3.31
3.27
3.28
3.21
3.44
3.21
3.40
3.28
3.31
3.35
3.65
3.46
3.37
3.37
3.26
3.34
3.35
3.27
3.26
3.36
3.35
3.27	186.88
3.26
3.34
4.75
3.24
3.37
3.34
3.33
3.34
3.28
3.26
3.78
3.24
3.28
3.27
3.41
3.29
3.22
3.21
3.37
3.37
3.33
3.09
3.38
3.33
3.29
3.22
3.28
3.28
3.32
3.28
3.34
CorWatt	PkgWatt
245.94	398.79
3.79	198.12
3.82
3.84
3.81
3.82
3.80
3.85
3.83
3.77
3.77
3.71
3.73
3.75
3.78
3.76
3.78
3.80
3.82
3.84
3.81
3.87
3.89
3.93
3.88
3.79
3.81
3.81
3.82
3.74
3.80
3.84
3.79
3.83	200.54
3.84
3.89
5.08
3.82
3.84
3.85
3.86
3.82
3.80
3.80
3.78
3.81
3.81
3.83
3.81
3.74
3.77
3.76
3.79
4.01
3.82
4.18
4.06
3.78
3.77
3.79
3.79
3.82
3.86
3.84
3.79
CorWatt	PkgWatt
240.52	393.39
3.74	196.04
3.77
3.83
3.69
3.78
3.73
3.75
3.82
3.69
3.69
3.68
3.66
3.73
3.73
3.68
3.68
3.70
3.81
3.83
3.74
3.82
3.83
3.82
3.78
3.73
3.70
3.68
3.77
3.69
3.73
3.72
3.75
3.75	197.37
3.74
3.78
5.15
3.70
3.79
3.82
3.80
3.75
3.74
3.68
3.71
3.75
3.76
3.72
3.72
3.71
3.68
3.67
3.75
3.69
3.70
3.65
3.67
3.70
3.74
3.68
3.75
3.78
3.77
3.75
3.74
CorWatt	PkgWatt
345.67	490.88
5.36	245.50
5.39
5.39
5.33
5.43
5.40
5.44
5.54
5.31
5.35
5.29
5.36
5.36
5.38
5.38
5.37
5.34
5.43
5.46
5.41
5.47
5.50
5.49
5.46
5.41
5.53
5.51
5.43
5.32
5.41
5.43
5.42
5.50	245.50
5.50
5.50
4.63
5.50
5.50
5.54
5.50
5.55
5.47
5.46
5.48
5.49
5.51
5.50
5.49
5.39
5.42
5.40
5.42
5.03
4.86
4.85
5.39
5.44
5.44
5.45
5.45
5.50
5.51
5.52
5.47
CorWatt	PkgWatt
345.51	490.95
5.35	245.54
5.40
5.40
5.33
5.44
5.42
5.43
5.55
5.30
5.36
5.28
5.34
5.34
5.36
5.36
5.36
5.35
5.43
5.46
5.40
5.47
5.48
5.50
5.45
5.41
5.45
5.44
5.44
5.35
5.42
5.42
5.42
5.44	245.31
5.45
5.44
4.59
5.43
5.44
5.47
5.43
5.49
5.41
5.41
5.43
5.44
5.46
5.44
5.44
5.34
5.37
5.35
5.37
5.46
5.23
5.42
5.45
5.39
5.37
5.40
5.40
5.44
5.45
5.46
5.41
CorWatt	PkgWatt
343.52	490.96
5.29	245.47
5.34
5.32
5.28
5.37
5.36
5.35
5.49
5.24
5.30
5.22
5.29
5.30
5.30
5.31
5.30
5.31
5.37
5.40
5.34
5.41
5.41
5.44
5.38
5.35
5.38
5.38
5.38
5.30
5.36
5.37
5.36
5.44	245.47
5.45
5.45
4.59
5.44
5.44
5.49
5.43
5.49
5.41
5.40
5.42
5.43
5.45
5.43
5.44
5.33
5.36
5.34
5.37
5.46
5.22
5.42
5.45
5.39
5.38
5.40
5.41
5.44
5.45
5.46
5.41
CorWatt	PkgWatt
261.48	413.43
4.05	205.70
3.95
4.00
4.28
3.93
3.95
4.17
4.15
3.98
4.06
3.81
4.05
3.89
4.02
3.92
4.01
4.13
4.00
3.92
4.08
4.11
4.03
4.32
4.17
3.98
4.18
4.32
4.08
3.85
4.09
4.32
4.00
3.97	207.76
4.01
4.21
4.78
4.08
3.95
3.97
4.15
4.36
3.96
4.08
4.08
3.91
3.87
4.15
3.95
3.99
3.93
4.01
4.01
4.66
4.28
4.03
4.37
4.44
4.07
4.36
3.99
3.92
4.12
4.12
3.89
CorWatt	PkgWatt
211.70	366.72
3.29	182.68
3.33
3.33
3.27
3.32
3.28
3.31
3.31
3.22
3.24
3.21
3.25
3.24
3.24
3.25
3.25
3.29
3.30
3.33
3.29
3.36
3.36
3.37
3.34
3.29
3.31
3.29
3.32
3.24
3.28
3.28
3.28
3.30	183.96
3.32
3.32
4.68
3.30
3.32
3.31
3.30
3.26
3.26
3.26
3.30
3.28
3.29
3.27
3.28
3.22
3.24
3.23
3.25
3.32
3.30
3.30
3.31
3.25
3.26
3.26
3.25
3.28
3.29
3.31
3.27
CorWatt	PkgWatt
211.75	366.58
3.29	182.51
3.31
3.32
3.27
3.32
3.29
3.30
3.31
3.22
3.24
3.20
3.25
3.24
3.24
3.25
3.25
3.28
3.30
3.34
3.30
3.35
3.37
3.37
3.33
3.29
3.31
3.28
3.31
3.24
3.27
3.28
3.29
3.30	184.07
3.31
3.32
4.67
3.29
3.32
3.31
3.30
3.26
3.26
3.26
3.30
3.28
3.28
3.27
3.28
3.22
3.24
3.24
3.24
3.32
3.45
3.38
3.31
3.25
3.25
3.26
3.25
3.28
3.28
3.28
3.27
CorWatt	PkgWatt
223.29	377.67
3.44	187.12
3.49
3.47
3.36
3.49
3.45
3.42
3.46
3.35
3.36
3.36
3.40
3.40
3.38
3.41
3.39
3.42
3.45
3.57
3.43
3.51
3.53
3.47
3.47
3.45
3.45
3.40
3.45
3.53
3.42
3.36
3.43
3.47	190.59
3.47
3.43
4.73
3.43
3.48
3.47
3.42
3.36
3.42
3.40
3.43
3.45
3.47
3.40
3.49
3.37
3.39
3.36
3.39
3.71
4.32
4.44
4.07
3.24
3.24
3.33
3.39
3.45
3.42
3.41
3.45
CorWatt	PkgWatt
325.99	481.21
4.62	240.14
5.39
5.08
4.69
5.36
5.33
4.94
5.17
5.06
5.01
5.28
4.90
5.16
5.00
5.29
5.12
5.13
5.13
5.34
5.05
5.15
5.33
5.00
5.06
5.13
5.02
4.80
5.04
5.18
5.06
4.76
5.09
5.53	241.21
5.47
5.18
4.84
5.36
5.57
5.50
5.16
4.89
5.42
5.31
5.22
5.55
5.67
5.23
5.34
5.17
5.39
5.21
5.26
4.83
4.25
4.83
5.45
3.66
2.93
4.36
5.13
5.53
5.28
5.28
5.60
CorWatt	PkgWatt
314.09	490.84
4.91	245.40
4.95
4.94
4.91
4.91
4.95
4.96
4.96
4.85
4.89
4.84
4.86
3.99
4.92
4.94
4.91
4.92
4.97
4.87
4.97
5.01
4.99
5.04
5.01
4.94
4.99
4.95
4.97
4.51
4.96
4.98
4.63
5.08	245.45
5.10
5.10
4.56
5.08
5.09
5.10
5.09
5.04
5.06
5.07
5.05
5.03
4.98
5.08
4.84
5.00
5.02
4.99
5.03
5.09
5.05
4.46
4.31
5.03
4.69
5.05
4.57
5.09
5.10
4.76
4.12
CorWatt	PkgWatt
125.41	314.12
1.85	156.79
2.76
1.93
2.73
1.54
1.95
2.40
1.97
1.47
2.10
1.81
1.55
1.51
2.03
1.51
2.04
2.12
1.85
1.59
1.35
2.11
2.00
3.02
2.40
1.66
1.80
2.56
2.14
1.61
1.90
2.06
1.64
1.25	157.55
1.27
2.52
4.69
3.07
1.49
1.21
1.63
3.08
1.41
1.48
1.41
2.77
1.14
1.56
1.32
2.72
1.32
1.50
1.55
2.15
1.62
1.25
2.44
2.59
2.82
3.14
1.42
3.06
1.61
1.12
0.92
CorWatt	PkgWatt
43.74	214.97
0.83	116.88
0.93
0.98
0.88
0.95
1.07
0.93
0.96
0.90
0.78
0.68
0.78
1.04
1.02
1.17
1.04
0.90
0.94
1.00
0.91
1.23
1.27
1.11
1.06
0.84
0.90
0.92
1.12
0.88
0.93
0.85
0.79
0.40	98.10
0.35
0.35
4.18
0.30
0.30
0.32
0.29
0.27
0.26
0.26
0.28
0.26
0.26
0.26
0.27
0.29
0.29
0.27
0.29
0.29
0.30
0.29
0.29
0.27
0.27
0.27
0.27
0.27
0.27
0.35
0.27
CorWatt	PkgWatt
43.35	215.87
0.87	119.98
0.94
0.99
0.98
1.20
0.83
0.97
1.06
0.89
0.88
1.01
0.99
0.83
0.87
0.79
0.80
1.07
1.34
0.99
1.28
0.91
0.85
0.86
0.77
0.88
1.32
0.91
0.84
0.75
1.02
0.98
0.86
0.37	95.82
0.36
0.38
4.19
0.28
0.28
0.28
0.28
0.25
0.26
0.26
0.27
0.25
0.25
0.25
0.26
0.28
0.27
0.27
0.28
0.29
0.29
0.29
0.30
0.26
0.26
0.26
0.27
0.25
0.25
0.25
0.27
CorWatt	PkgWatt
42.88	210.45
1.04	115.56
1.08
0.97
0.98
0.68
0.67
0.88
1.02
0.78
0.81
0.87
0.90
0.86
0.71
0.76
0.83
1.00
0.99
0.95
0.97
0.89
0.90
0.96
1.08
0.87
0.87
0.93
1.19
1.38
1.10
1.26
1.11
0.39	94.86
0.33
0.34
4.22
0.28
0.28
0.28
0.27
0.25
0.25
0.25
0.24
0.24
0.24
0.24
0.24
0.27
0.27
0.26
0.27
0.28
0.28
0.28
0.28
0.26
0.26
0.26
0.26
0.25
0.25
0.25
0.26
CorWatt	PkgWatt
249.51	414.39
3.95	208.21
3.96
3.95
3.90
3.99
3.86
3.92
3.85
3.87
3.89
3.77
3.94
3.91
3.83
3.84
3.78
3.85
4.00
3.92
3.87
3.96
4.02
4.02
4.23
3.89
3.96
3.88
3.88
3.83
3.92
3.96
3.97
3.89	206.07
3.96
3.84
4.71
3.81
3.90
3.91
3.86
3.79
3.80
3.87
3.89
3.84
3.86
3.86
3.91
3.76
3.81
3.81
3.80
3.83
3.88
3.88
3.95
3.83
3.82
3.76
3.84
3.83
3.80
3.92
3.84
CorWatt	PkgWatt
248.56	405.39
3.88	202.30
3.91
3.89
3.83
3.87
3.87
3.89
3.88
3.78
3.79
3.76
3.87
3.81
3.82
3.83
3.83
3.85
3.87
3.91
3.87
3.97
4.14
4.02
3.89
3.86
3.89
3.87
3.88
3.80
3.85
3.91
3.92
3.89	202.94
3.90
3.90
5.16
3.84
3.88
3.92
3.87
3.79
3.83
3.88
3.81
3.84
3.86
3.88
3.84
3.77
3.85
3.82
3.79
3.88
3.86
3.87
3.87
3.82
3.84
3.83
3.80
3.84
3.86
3.86
3.84
CorWatt	PkgWatt
267.57	418.65
4.17	208.70
4.23
4.23
4.23
4.29
4.24
4.27
4.20
4.14
4.18
4.11
4.22
4.21
4.15
4.26
4.14
4.18
4.27
4.24
4.23
4.23
3.56
3.72
3.64
4.21
4.28
4.27
4.18
4.19
4.21
4.17
4.27
4.20	210.00
4.25
4.17
5.00
4.20
4.26
4.20
4.18
4.16
4.12
4.13
4.23
4.12
4.20
4.23
4.21
4.12
4.13
4.13
4.11
4.17
4.22
4.16
4.29
4.17
4.14
4.13
4.19
4.21
4.13
4.12
4.19
CorWatt	PkgWatt
345.52	490.90
5.36	245.50
5.41
5.41
5.34
5.44
5.42
5.45
5.45
5.30
5.36
5.31
5.36
5.35
5.37
5.34
5.37
5.48
5.44
5.46
5.41
5.48
5.26
5.50
5.44
5.41
5.45
5.44
5.45
5.39
5.43
5.45
5.43
5.54	245.46
5.45
5.48
4.60
5.43
5.45
5.47
5.44
5.39
5.41
5.41
5.54
5.44
5.47
5.44
5.45
5.36
5.37
5.34
5.38
5.41
5.45
5.14
5.45
5.39
5.38
5.38
5.41
5.38
5.43
5.47
5.42
CorWatt	PkgWatt
345.37	490.89
5.34	245.31
5.39
5.40
5.33
5.44
5.41
5.43
5.44
5.29
5.36
5.30
5.35
5.34
5.35
5.32
5.36
5.47
5.42
5.45
5.40
5.47
5.48
5.50
5.43
5.40
5.43
5.43
5.44
5.37
5.41
5.44
5.42
5.54	245.56
5.42
5.47
4.59
5.42
5.44
5.46
5.43
5.38
5.40
5.40
5.51
5.42
5.45
5.43
5.43
5.35
5.36
5.34
5.37
5.41
5.44
5.43
5.44
5.38
5.37
5.37
5.40
5.37
5.43
5.45
5.41
CorWatt	PkgWatt
345.20	490.97
5.22	245.44
5.40
5.40
5.33
5.43
5.41
5.43
5.45
5.30
5.37
5.31
5.36
5.35
5.36
5.33
5.37
5.49
5.43
5.46
5.41
5.48
5.30
5.51
5.44
5.41
5.44
5.44
5.44
5.37
5.42
5.44
5.42
5.54	245.47
5.43
5.47
4.59
5.39
5.44
5.47
5.43
5.32
5.40
5.40
5.52
5.43
5.45
5.44
5.44
5.35
5.36
5.34
5.37
5.41
5.39
5.43
5.44
5.37
5.37
5.37
5.39
5.36
5.43
5.46
5.41
CorWatt	PkgWatt
225.77	383.91
3.44	193.30
3.60
3.47
3.35
3.47
3.49
3.43
3.41
3.43
3.38
3.30
3.49
3.40
3.39
3.38
3.45
3.58
3.52
3.51
3.41
3.88
4.36
5.10
4.29
3.44
3.43
3.40
3.55
3.32
3.48
3.70
3.46
3.91	190.69
3.66
3.43
3.76
3.30
3.38
3.67
3.53
3.30
3.40
3.63
3.51
3.40
3.44
3.58
3.50
3.38
3.58
3.42
3.47
3.62
3.38
3.58
3.45
3.30
3.47
3.46
3.26
3.29
3.51
3.50
3.40
CorWatt	PkgWatt
210.22	365.48
3.30	183.05
3.33
3.33
3.27
3.32
3.29
3.31
3.32
3.23
3.24
3.21
3.26
3.24
3.25
3.25
3.26
3.29
3.31
3.35
3.31
3.36
3.38
3.37
3.34
3.29
3.31
3.30
3.32
3.25
3.28
3.28
3.28
3.31	182.34
3.31
3.31
3.34
3.30
3.32
3.32
3.31
3.26
3.27
3.26
3.26
3.28
3.29
3.27
3.28
3.22
3.25
3.25
3.25
3.32
3.31
3.30
3.32
3.25
3.26
3.26
2.93
3.29
3.29
3.29
3.28
CorWatt	PkgWatt
210.26	365.16
3.29	182.74
3.31
3.32
3.27
3.32
3.28
3.31
3.32
3.22
3.24
3.21
3.25
3.24
3.25
3.26
3.25
3.28
3.30
3.34
3.30
3.36
3.42
3.38
3.34
3.30
3.31
3.29
3.31
3.24
3.28
3.27
3.28
3.30	182.48
3.30
3.31
3.34
3.29
3.32
3.33
3.30
3.26
3.27
3.26
3.26
3.28
3.29
3.28
3.28
3.23
3.25
3.24
3.25
3.32
3.30
3.30
3.32
3.25
3.25
3.26
3.16
3.28
3.28
3.29
3.28
CorWatt	PkgWatt
246.62	399.80
3.99	199.61
3.69
3.86
3.94
3.87
3.79
3.97
4.04
3.71
3.80
3.95
3.70
3.73
3.90
3.86
3.82
3.86
3.73
3.88
3.97
3.55
4.13
3.83
3.58
3.96
3.94
4.01
3.80
4.04
3.83
3.57
3.83
3.61	200.14
3.69
4.15
3.90
4.30
4.05
3.64
3.78
4.20
3.90
3.59
3.73
3.98
3.90
3.63
3.71
3.96
3.65
3.71
3.68
3.66
4.08
3.79
3.86
4.08
3.79
3.86
3.53
4.22
4.02
3.93
3.88
CorWatt	PkgWatt
344.42	490.84
5.43	245.41
5.42
5.52
5.46
5.55
5.52
5.56
5.55
5.42
5.45
5.38
5.45
5.45
5.49
5.48
5.49
5.50
5.50
5.56
5.53
5.45
3.68
5.48
3.65
5.53
5.57
5.56
5.56
5.49
5.56
5.51
5.54
5.31	245.44
5.46
5.50
5.20
5.44
5.46
5.49
5.40
5.42
5.44
5.44
5.38
5.48
5.46
5.46
5.42
5.36
5.41
5.36
5.37
5.48
5.47
5.46
5.47
5.39
5.40
5.45
3.84
5.45
5.49
5.49
5.45
CorWatt	PkgWatt
299.29	467.21
4.28	233.63
5.06
4.61
4.36
4.66
4.88
4.56
4.34
4.63
4.54
4.45
4.94
4.72
4.45
4.65
4.72
4.54
5.00
4.64
4.45
5.77
4.93
4.15
4.81
4.50
4.62
4.44
4.78
4.47
4.79
5.11
4.97
5.28	234.01
5.26
4.21
4.64
4.19
4.47
5.24
4.96
4.17
4.53
5.14
4.87
4.45
4.70
3.60
5.07
4.29
5.05
4.75
4.95
5.44
4.25
5.03
4.82
4.42
4.87
4.58
4.19
4.24
4.71
4.69
4.61
CorWatt	PkgWatt
49.98	249.55
0.94	122.49
0.51
0.53
0.37
0.44
0.35
0.36
0.90
3.40
0.37
0.33
0.36
0.51
0.35
0.30
0.48
0.60
0.45
0.36
0.71
0.81
0.89
0.56
0.50
3.60
0.37
0.36
0.38
2.11
0.41
0.40
0.43
0.88	126.99
0.67
0.71
1.12
0.69
0.82
0.88
0.65
0.85
0.66
0.73
0.58
0.89
0.79
0.67
0.71
0.78
0.66
1.03
0.87
0.73
0.73
0.67
0.77
0.72
0.87
0.87
0.93
0.95
1.22
0.98
1.41
CorWatt	PkgWatt
45.36	245.60
0.88	116.85
0.47
0.49
0.39
0.37
0.54
0.37
0.57
0.33
0.64
0.31
0.52
0.62
0.42
0.31
0.40
0.42
0.38
0.50
0.52
0.36
0.34
0.54
0.57
1.55
0.40
0.48
0.42
0.86
1.68
0.39
0.39
0.45	128.72
0.46
0.47
2.81
0.67
0.70
0.76
0.82
0.95
0.83
0.90
0.87
0.74
0.59
0.84
0.69
0.75
1.18
1.14
1.15
0.79
0.63
0.69
0.89
0.66
0.68
0.80
0.73
0.84
1.04
1.29
1.11
CorWatt	PkgWatt
40.66	214.67
1.03	101.48
0.50
0.41
0.48
0.35
0.56
0.36
0.70
0.34
0.33
0.55
0.43
0.29
0.30
0.29
0.55
0.34
0.50
0.34
0.44
0.35
0.34
0.53
0.39
0.32
0.41
0.32
0.52
0.40
2.08
0.39
0.39
2.67	113.25
0.41
0.36
1.66
0.72
0.80
0.64
0.72
1.17
0.73
1.22
0.57
0.57
0.52
0.49
0.80
0.80
0.90
0.68
0.59
0.70
0.83
0.69
0.60
0.62
0.68
0.68
0.77
0.79
0.59
0.62
0.56
CorWatt	PkgWatt
34.72	221.30
0.71	104.46
0.37
0.39
0.31
0.29
0.59
0.29
0.37
0.47
0.26
0.26
0.32
0.25
0.25
0.24
0.51
0.34
0.36
0.28
0.34
0.29
0.27
0.27
0.43
0.26
0.27
0.26
0.42
0.31
1.43
0.32
0.31
1.45	116.84
0.60
1.76
1.74
0.57
0.52
0.51
0.83
0.62
0.59
0.64
0.62
1.29
0.56
0.52
0.38
0.68
0.47
0.48
0.69
0.47
0.62
0.59
0.76
0.53
0.41
0.50
0.95
0.72
0.47
0.66
0.48
CorWatt	PkgWatt
188.46	345.02
2.82	168.73
2.87
2.90
2.94
2.80
2.82
2.94
2.95
2.81
2.83
2.80
2.92
2.82
2.94
2.81
2.81
2.82
2.96
2.94
2.93
2.92
2.88
2.93
2.98
2.89
2.97
2.86
2.87
2.11
2.89
2.87
2.82
2.99	176.11
3.06
2.98
4.07
3.10
3.07
2.98
2.97
2.96
3.00
2.99
3.07
3.07
2.88
2.93
3.16
2.82
2.96
2.52
3.12
2.96
3.28
2.96
3.01
2.98
2.86
2.90
3.28
2.93
3.14
2.95
3.04
CorWatt	PkgWatt
246.99	400.36
3.90	199.16
3.87
3.92
3.80
3.92
3.89
3.85
3.85
3.75
3.81
3.73
3.85
3.82
3.80
3.83
3.80
3.89
3.87
3.88
3.83
3.92
3.93
3.98
3.88
3.84
3.90
3.86
3.85
2.87
3.81
3.87
3.85
3.89	201.01
3.86
3.91
3.85
3.91
3.87
3.87
3.88
3.86
3.88
3.84
3.82
3.84
3.86
3.85
3.86
4.32
3.96
4.17
3.97
3.89
3.87
3.86
3.87
3.83
3.82
3.82
3.81
3.88
3.86
3.89
3.83
CorWatt	PkgWatt
234.22	387.34
3.66	193.60
3.70
3.70
3.65
3.69
3.67
3.69
3.70
3.60
3.61
3.59
3.62
3.63
3.63
3.63
3.63
3.67
3.68
3.73
3.67
3.74
3.75
3.77
3.73
3.67
3.70
3.68
3.69
3.22
3.65
3.66
3.66
3.69	193.99
3.70
3.69
3.69
3.69
3.70
3.71
3.69
3.64
3.65
3.65
3.64
3.67
3.68
3.67
3.67
3.59
3.60
3.61
3.60
3.71
3.71
3.70
3.71
3.62
3.63
3.64
3.64
3.67
3.67
3.67
3.67
CorWatt	PkgWatt
339.51	485.45
5.23	242.90
5.40
5.33
5.31
5.34
5.37
5.45
5.41
5.24
5.34
5.27
5.29
5.27
5.37
5.34
5.30
5.32
5.47
5.41
5.35
5.52
5.43
5.51
5.54
5.46
5.33
3.87
5.42
5.10
5.37
5.32
5.32
5.34	242.42
5.37
5.33
5.36
5.34
5.40
5.48
5.34
5.34
5.34
5.36
5.38
5.39
4.99
5.36
5.36
4.57
4.95
5.09
4.80
5.43
5.39
5.39
5.36
5.44
5.19
5.31
5.51
5.37
5.38
5.37
5.37
CorWatt	PkgWatt
345.24	490.71
5.39	245.32
5.44
5.44
5.37
5.46
5.46
5.47
5.49
5.34
5.40
5.32
5.39
5.39
5.43
5.42
5.41
5.43
5.51
5.50
5.46
5.52
5.53
5.54
5.60
5.45
5.49
3.81
5.50
5.42
5.46
5.45
5.46
5.42	245.34
5.44
5.44
5.42
5.41
5.44
5.46
5.43
5.39
5.39
5.40
5.40
5.42
4.80
5.42
5.43
5.42
5.33
5.32
5.37
5.44
5.43
5.43
5.44
5.37
5.20
5.39
5.39
5.44
5.56
5.46
5.40
CorWatt	PkgWatt
341.51	490.97
5.37	245.48
5.38
5.32
5.32
5.41
5.40
5.43
5.41
5.29
5.34
5.25
5.33
5.33
5.37
5.35
5.35
5.37
5.46
5.45
5.39
5.47
5.46
5.50
5.53
5.40
5.43
4.94
4.22
5.35
5.42
5.42
5.41
5.37	245.46
5.38
5.38
5.37
5.35
5.37
5.40
5.36
5.33
5.33
5.34
5.34
5.34
5.12
5.37
5.37
5.37
5.29
5.27
4.76
5.39
5.37
5.38
5.38
5.31
5.28
5.35
5.34
5.38
5.50
5.39
5.34
CorWatt	PkgWatt
278.94	429.84
4.31	211.08
4.30
3.26
4.20
4.29
4.04
4.24
4.27
4.07
4.33
4.04
4.25
4.26
4.35
4.25
4.09
4.35
4.48
4.25
4.27
4.21
4.40
4.52
4.24
4.16
4.49
3.77
4.01
4.79
4.26
4.40
4.33
4.31	218.77
4.45
4.42
4.30
4.46
4.32
4.30
4.30
4.54
4.34
4.97
4.72
4.69
4.30
4.36
4.45
4.96
4.56
3.39
3.58
4.44
4.51
4.29
4.24
4.74
5.02
4.54
4.68
4.89
4.96
5.12
4.36
CorWatt	PkgWatt
210.51	365.69
3.30	182.86
3.32
3.17
3.28
3.32
3.29
3.31
3.31
3.22
3.25
3.21
3.25
3.25
3.25
3.25
3.25
3.29
3.31
3.35
3.30
3.36
3.37
3.38
3.34
3.30
3.31
3.30
3.32
3.25
3.29
3.28
3.28
3.31	182.81
3.31
3.31
3.31
3.30
3.33
3.32
3.32
3.27
3.28
3.27
3.27
3.29
3.30
3.28
3.28
3.23
3.25
3.24
3.26
3.32
3.35
3.31
3.33
3.25
3.26
3.26
3.26
3.29
3.29
3.29
3.28
CorWatt	PkgWatt
211.35	366.29
3.29	182.49
3.32
3.23
3.27
3.31
3.29
3.30
3.31
3.22
3.26
3.21
3.25
3.24
3.24
3.25
3.25
3.29
3.30
3.34
3.29
3.36
3.36
3.17
3.34
3.30
3.31
3.30
3.32
3.24
3.28
3.28
3.28
3.31	183.88
3.32
3.32
3.31
3.29
3.32
3.32
3.31
3.26
3.27
3.26
3.27
4.05
3.30
3.28
3.28
3.23
3.26
3.24
3.69
3.32
3.34
3.31
3.32
3.25
3.25
3.26
3.26
3.29
3.30
3.29
3.28
CorWatt	PkgWatt
220.79	375.55
3.41	186.04
3.44
3.42
3.39
3.44
3.45
3.43
3.42
3.36
3.34
3.34
3.34
3.36
3.34
3.36
3.39
3.39
3.39
3.48
3.41
3.50
3.49
3.12
3.49
3.42
3.39
3.46
3.48
3.35
3.40
3.38
3.39
3.41	189.39
3.39
3.39
3.41
3.32
3.42
3.42
3.42
3.29
3.32
3.31
3.31
4.83
3.38
3.38
3.36
3.77
3.70
4.41
4.73
3.40
3.41
3.42
3.44
3.24
3.25
3.26
3.26
3.35
3.33
3.31
3.36
CorWatt	PkgWatt
315.86	464.81
5.17	234.44
5.00
5.00
5.00
5.23
5.32
5.25
5.19
5.13
4.87
5.19
5.02
4.93
4.97
5.09
5.21
5.00
4.89
5.16
5.03
5.45
5.11
3.81
5.26
5.27
4.86
5.20
5.19
3.79
4.98
4.90
4.90
5.25	230.46
5.05
5.09
5.21
3.89
5.23
5.16
5.21
3.79
4.62
4.69
4.69
5.40
5.14
5.13
5.02
5.11
5.52
6.25
5.40
5.11
4.98
5.23
5.36
3.35
3.25
3.76
4.12
4.94
4.83
4.71
5.09
CorWatt	PkgWatt
324.56	490.84
5.13	245.49
5.17
5.14
5.09
5.18
4.97
5.19
5.18
5.05
5.10
5.03
5.10
5.11
5.12
5.12
5.12
5.11
5.18
5.20
5.17
5.23
5.26
3.44
5.12
5.17
5.19
5.18
4.99
4.68
5.18
5.18
5.16
5.27	245.48
5.26
5.26
5.26
5.26
5.25
5.29
5.24
5.21
5.21
5.00
5.23
4.78
5.28
5.25
5.27
4.86
4.19
4.18
4.53
4.36
5.23
5.25
5.28
4.86
4.83
5.21
5.24
5.26
5.28
5.28
5.24
CorWatt	PkgWatt
165.20	360.77
2.14	171.11
2.29
2.60
2.34
2.10
1.84
2.15
2.30
1.72
2.61
1.66
2.48
1.90
2.41
2.28
1.92
2.95
2.96
2.29
2.71
1.81
2.20
1.42
1.87
2.12
2.56
1.98
2.00
4.69
2.00
2.34
2.07
2.27	189.91
2.56
2.31
1.97
3.68
2.01
2.11
3.36
3.13
3.43
4.76
3.28
4.21
2.54
2.21
2.59
2.70
1.19
2.08
1.94
3.58
3.40
2.26
1.83
3.53
4.53
3.71
3.97
2.65
3.17
3.20
2.37
CorWatt	PkgWatt
46.30	224.50
1.08	120.85
1.08
0.99
1.02
0.88
0.89
0.91
0.84
0.85
1.04
0.85
0.95
0.92
0.76
0.87
0.99
0.96
1.27
1.00
0.94
0.91
0.89
0.92
0.87
0.89
0.88
0.90
0.77
2.00
1.06
1.19
1.21
0.29	103.59
0.29
0.29
0.29
0.30
0.30
0.30
0.31
0.30
0.28
0.51
0.30
4.43
0.39
0.32
0.32
0.30
0.30
0.29
0.30
0.63
0.34
0.33
0.32
0.29
0.68
0.31
0.29
0.28
0.28
0.27
0.29
CorWatt	PkgWatt
43.62	213.60
1.01	114.49
0.98
1.26
0.91
1.07
0.74
0.81
0.86
1.17
1.12
1.10
0.99
0.84
0.96
0.79
0.77
1.03
1.11
1.18
1.01
0.90
0.86
0.94
0.89
0.91
0.88
0.92
0.93
1.01
0.77
0.90
0.65
0.29	99.17
0.29
0.29
0.29
0.30
0.30
0.29
0.29
0.27
0.27
0.27
0.27
4.42
0.39
0.32
0.32
0.29
0.29
0.28
0.30
0.30
0.30
0.30
0.30
0.28
0.28
0.28
0.28
0.27
0.27
0.27
0.27
CorWatt	PkgWatt
43.04	206.31
0.89	111.47
0.79
0.84
0.92
0.88
0.87
0.73
0.87
0.99
0.98
0.79
0.77
0.87
0.80
0.81
0.79
0.90
0.81
0.88
0.77
1.14
1.30
0.99
0.92
0.83
0.82
0.91
0.88
1.23
1.28
1.44
1.02
0.28	94.78
0.28
0.28
0.28
0.29
0.29
0.29
0.29
0.26
0.26
0.26
0.26
4.46
0.34
0.36
0.31
0.29
0.28
0.28
0.30
0.30
0.30
0.30
0.30
0.27
0.27
0.27
0.27
0.27
0.27
0.26
0.27
CorWatt	PkgWatt
200.94	362.80
3.33	184.52
3.20
3.32
3.41
3.35
2.94
3.16
3.19
2.87
3.19
3.22
2.97
3.25
3.26
3.13
3.20
3.23
3.18
3.27
3.23
3.29
3.19
3.28
3.38
3.14
3.25
3.29
3.22
3.39
3.40
3.58
3.45
3.12	178.05
3.00
3.02
2.23
2.98
3.06
2.98
3.04
2.94
3.00
3.10
2.98
4.84
3.03
2.99
3.06
2.88
2.90
2.97
3.03
3.01
2.99
3.02
3.09
2.93
3.01
3.00
2.95
3.01
3.06
2.90
2.99
CorWatt	PkgWatt
248.93	405.89
3.85	203.77
3.87
3.89
3.81
3.89
4.71
3.86
4.00
4.44
3.81
3.74
4.22
3.86
3.79
3.81
3.80
3.95
3.86
3.90
3.85
3.92
3.95
3.95
3.89
3.98
3.86
3.84
3.86
3.80
3.83
3.83
3.84
3.86	202.13
3.85
3.85
3.61
3.84
3.65
3.86
3.85
3.81
3.83
3.81
3.80
5.10
3.85
3.84
3.84
3.78
3.82
3.77
3.78
3.87
3.86
3.84
3.90
3.79
3.78
3.82
3.82
3.83
3.82
3.93
3.81
CorWatt	PkgWatt
236.25	394.75
3.67	196.61
3.71
3.70
3.65
3.66
3.63
3.69
3.68
3.57
3.62
3.58
3.65
3.62
3.63
3.63
3.64
3.64
3.66
3.72
3.65
3.75
3.76
3.77
3.73
3.72
3.70
3.68
3.70
3.62
3.65
3.66
3.67
3.70	198.05
3.70
3.70
3.70
3.68
3.71
3.70
3.69
3.65
3.66
3.66
3.65
4.64
3.69
3.67
3.69
3.62
3.63
3.63
3.64
3.70
3.70
3.70
3.65
3.63
3.64
3.64
4.03
3.68
3.68
3.68
3.67
CorWatt	PkgWatt
339.90	488.82
5.43	244.14
5.45
5.40
5.44
4.55
4.85
5.44
5.25
5.13
5.33
5.35
5.31
5.34
5.44
5.35
5.37
4.86
4.67
5.41
4.65
5.54
5.53
5.49
5.53
5.42
5.51
5.49
5.48
5.43
5.44
5.54
5.45
5.40	244.70
5.37
5.43
5.27
4.17
5.52
5.44
5.44
5.42
5.45
5.36
5.42
4.63
5.43
5.35
5.40
5.26
5.40
5.32
5.46
5.50
5.45
5.45
5.46
5.41
5.24
5.32
4.66
5.45
5.44
5.34
5.39
CorWatt	PkgWatt
345.21	490.92
5.34	245.64
5.39
5.40
5.32
5.43
5.41
5.42
5.44
5.29
5.34
5.27
5.34
5.40
5.35
5.35
5.35
5.41
5.42
5.44
5.40
5.56
5.48
5.49
5.43
5.51
5.43
5.43
5.44
5.37
5.41
5.41
5.41
5.49	245.37
5.53
5.49
5.48
4.14
5.59
5.51
5.58
5.42
5.42
5.45
5.46
5.47
5.50
5.48
5.48
5.38
5.52
5.37
5.41
5.48
4.99
5.49
5.50
5.41
5.32
5.44
4.63
5.46
5.49
5.50
5.45
CorWatt	PkgWatt
345.17	490.78
5.38	245.18
5.43
5.44
5.36
5.46
5.01
5.46
5.48
5.33
5.38
5.31
4.43
5.48
5.39
5.39
5.39
5.41
5.46
5.48
5.44
5.60
5.52
5.54
5.47
5.52
5.46
5.46
5.47
5.41
5.46
5.46
5.45
5.49	245.48
5.51
5.47
5.45
5.44
5.57
5.49
5.54
5.41
5.40
5.43
5.44
5.46
5.48
5.46
5.47
5.35
5.49
5.36
5.39
5.47
4.30
5.46
5.47
5.39
5.31
5.42
4.63
5.46
5.48
5.46
5.43
CorWatt	PkgWatt
281.61	432.93
4.51	221.26
4.15
4.35
4.24
5.69
3.59
4.32
5.22
3.29
4.45
4.20
3.28
5.48
4.80
4.46
4.72
5.35
6.44
5.39
6.04
4.61
4.29
4.41
4.44
3.61
4.29
4.33
4.51
4.13
4.44
4.37
4.48
4.45	211.68
4.40
4.21
4.84
3.57
4.47
4.07
4.48
4.10
4.28
4.39
4.05
4.37
4.23
4.11
4.45
3.98
4.27
4.09
4.11
4.22
4.20
4.08
4.30
4.02
4.41
4.37
4.49
4.15
4.22
4.36
3.99
CorWatt	PkgWatt
213.85	373.04
3.30	185.56
3.32
3.33
3.27
3.32
3.29
3.32
3.75
3.22
3.25
3.20
3.26
3.25
3.25
3.26
3.26
3.30
3.48
3.35
3.56
3.37
3.37
3.38
3.34
3.30
3.32
3.30
3.31
3.25
3.28
3.28
3.27
3.31	187.50
3.31
3.31
3.30
3.29
3.32
3.32
3.32
3.26
3.28
3.26
3.26
3.29
3.29
3.28
3.32
3.23
3.25
3.25
3.26
3.31
4.25
3.31
3.32
3.25
3.25
3.27
4.68
3.29
3.30
3.30
3.28
CorWatt	PkgWatt
213.97	370.55
3.32	183.99
3.32
3.33
3.28
3.32
3.69
3.32
3.32
3.22
3.25
3.21
3.77
3.24
3.25
3.25
3.25
3.30
3.32
3.35
3.30
3.36
3.37
3.40
3.34
3.31
3.31
3.31
3.32
3.25
3.28
3.29
3.28
3.31	186.57
3.31
3.31
3.30
3.29
3.32
3.32
3.31
3.26
3.27
3.26
3.26
3.28
3.29
3.28
3.32
3.22
3.25
3.24
3.25
3.32
4.26
3.31
3.32
3.25
3.25
3.27
4.72
3.29
3.29
3.30
3.28
CorWatt	PkgWatt
224.20	382.54
3.35	191.29
3.46
3.43
3.38
3.31
5.56
3.43
4.11
3.35
3.39
4.29
3.48
3.25
3.25
3.25
3.29
3.29
3.31
3.37
3.30
3.38
3.47
3.46
3.43
3.95
3.43
3.40
3.39
3.38
3.36
3.37
3.35
3.40	191.20
3.42
3.45
3.39
3.65
3.43
3.49
3.40
3.42
3.39
3.36
3.42
3.39
3.43
3.44
3.40
3.39
3.37
3.37
3.39
3.45
4.45
3.46
3.43
3.40
3.35
3.36
4.90
3.43
3.42
3.40
3.49
CorWatt	PkgWatt
314.54	467.65
4.99	230.47
5.73
5.35
5.29
3.96
4.07
5.32
5.55
4.50
5.22
4.95
5.64
3.61
4.29
3.68
4.81
3.78
3.54
4.04
3.39
4.42
5.24
5.24
5.25
5.10
5.36
5.29
5.15
5.52
5.18
5.22
5.10
4.82	237.34
4.80
5.07
3.79
5.50
4.92
5.42
4.82
5.17
4.91
4.79
5.19
4.49
5.17
5.33
4.89
5.19
5.12
5.12
5.12
5.23
4.81
5.33
4.98
5.30
4.89
4.85
5.28
5.20
5.14
5.02
5.21
CorWatt	PkgWatt
333.33	490.82
5.34	245.46
5.37
5.38
5.31
5.44
5.05
5.32
5.37
5.25
4.96
4.18
4.67
5.02
5.35
5.35
5.32
5.38
5.18
5.42
5.40
5.46
5.48
5.46
5.44
3.17
5.39
5.40
5.40
5.34
5.40
5.39
5.39
4.27	245.43
5.41
5.42
5.27
4.98
5.44
5.44
5.40
4.54
5.37
5.41
5.31
5.41
5.45
5.44
5.43
5.26
5.34
5.32
5.35
4.30
4.33
5.42
5.43
5.34
5.35
5.37
4.44
5.41
5.44
5.43
5.05
CorWatt	PkgWatt
160.04	342.28
3.26	181.87
1.70
1.93
1.85
4.00
4.29
1.94
2.38
2.94
3.03
3.21
1.94
3.80
3.40
4.11
3.94
3.66
3.64
4.20
4.39
3.86
2.13
3.15
2.41
1.67
1.79
1.94
2.52
2.20
2.32
2.27
2.53
1.92	160.63
2.22
1.56
4.13
1.58
2.34
1.28
2.28
1.79
2.45
2.35
1.44
3.02
2.59
1.54
2.54
1.32
2.11
1.87
1.82
3.80
1.17
1.26
1.91
1.08
1.84
2.20
4.30
1.74
2.13
2.57
1.54
CorWatt	PkgWatt
40.23	214.22
0.34	91.18
0.23
0.23
0.23
0.21
0.21
0.21
0.20
0.19
0.19
0.18
0.19
0.19
0.19
0.18
0.18
0.21
0.21
0.21
0.21
0.22
0.21
0.20
0.20
0.19
0.20
0.19
0.20
0.19
0.19
0.19
0.18
0.99	122.93
0.89
0.81
1.00
0.89
1.40
1.52
1.30
0.74
0.86
0.71
1.00
0.92
1.04
0.94
1.28
0.93
0.89
0.97
0.96
4.10
0.36
0.37
0.37
3.46
0.40
0.34
0.87
0.90
0.76
0.89
0.83
CorWatt	PkgWatt
38.29	211.19
0.32	91.27
0.21
0.21
0.21
0.19
0.18
0.19
0.19
0.17
0.17
0.17
0.18
0.16
0.16
0.16
0.16
0.19
0.19
0.19
0.19
0.20
0.19
0.19
0.19
0.18
0.18
0.18
0.18
0.17
0.18
0.18
0.18
0.52	119.99
0.37
0.43
3.74
0.97
0.92
0.86
0.84
0.91
0.94
0.93
0.69
0.86
0.80
1.20
1.00
0.84
1.12
1.06
1.10
3.18
0.53
0.55
0.44
1.20
0.87
0.77
0.73
0.91
1.04
0.96
1.02
CorWatt	PkgWatt
31.25	198.13
0.32	87.25
0.21
0.21
0.20
0.19
0.19
0.19
0.19
0.17
0.17
0.16
0.17
0.16
0.16
0.16
0.16
0.19
0.19
0.19
0.18
0.20
0.19
0.19
0.18
0.18
0.18
0.18
0.18
0.17
0.17
0.17
0.17
0.70	110.92
0.82
0.98
1.00
0.83
0.70
0.74
0.65
4.02
0.36
0.33
0.43
0.59
0.58
0.93
0.53
0.92
0.82
0.74
0.56
0.66
0.87
1.00
0.66
0.69
0.41
0.38
0.90
0.51
0.80
0.53
0.71
CorWatt	PkgWatt
112.33	308.67
1.75	152.11
1.72
2.47
1.68
1.64
1.68
1.69
1.73
1.65
1.66
1.61
1.66
1.64
1.63
1.61
1.69
1.71
1.70
1.67
1.71
1.71
1.74
1.70
1.70
1.69
1.68
1.73
1.70
1.67
1.66
1.65
1.71
1.80	156.30
1.82
1.75
1.67
1.76
1.72
1.91
1.69
3.28
1.71
1.65
1.66
1.86
1.91
1.72
1.70
1.67
1.76
1.65
1.77
1.91
1.86
1.84
1.72
1.76
1.68
1.72
1.71
1.69
1.73
1.77
1.78
CorWatt	PkgWatt
129.19	332.23
2.72	167.41
2.02
3.23
2.00
2.02
2.01
2.03
2.02
1.95
1.94
1.94
1.96
1.97
1.96
1.95
1.95
2.00
2.02
2.05
2.02
2.05
2.05
2.04
2.05
2.00
2.01
2.00
2.00
1.95
1.99
2.01
2.00
1.98	164.91
1.99
1.99
1.98
1.98
2.01
2.00
1.98
1.95
1.95
1.94
1.95
1.99
1.98
1.96
1.95
1.94
1.93
1.93
1.96
2.01
1.98
2.00
2.00
1.92
1.93
1.93
1.95
1.96
2.38
1.96
1.96
CorWatt	PkgWatt
131.00	334.77
2.07	166.37
2.03
2.03
2.02
2.03
2.02
2.02
2.00
1.94
1.97
1.96
2.00
1.97
1.97
1.94
1.98
2.01
2.05
2.04
2.02
2.06
2.05
2.03
2.05
1.99
2.01
2.44
2.00
1.97
1.99
1.99
2.00
2.01	168.40
1.98
1.98
2.01
1.99
2.00
2.01
2.00
1.94
1.98
1.95
1.96
1.96
1.99
1.97
1.97
1.95
1.93
1.93
1.96
2.00
2.01
2.02
2.02
1.95
1.96
3.28
1.96
1.98
3.75
1.98
1.97
CorWatt	PkgWatt
131.76	336.05
2.06	168.43
2.04
2.04
2.02
2.02
2.02
2.04
2.01
1.96
1.98
1.96
1.99
1.99
1.97
1.98
1.95
2.03
2.04
2.06
2.03
2.08
2.05
2.08
2.06
2.01
2.04
3.88
2.01
1.99
1.99
1.98
1.99
2.00	167.55
2.00
2.01
2.02
2.00
2.01
2.02
2.00
1.97
1.99
1.96
1.97
1.97
1.97
1.98
1.99
1.98
1.97
1.95
1.96
2.01
2.01
2.02
2.02
1.99
1.98
1.97
1.96
1.99
3.77
1.98
1.98
CorWatt	PkgWatt
131.80	335.41
2.04	167.94
2.04
2.03
2.03
2.02
2.01
2.04
2.01
1.96
1.97
1.96
1.98
1.98
1.97
1.98
1.96
2.03
2.03
2.06
2.02
2.07
2.05
2.06
2.04
2.01
2.03
3.95
2.00
2.00
2.03
2.01
1.97
2.00	167.45
2.00
2.00
2.01
2.01
2.03
2.01
2.01
1.95
1.97
1.96
1.99
2.00
1.98
1.98
1.97
1.97
1.97
1.95
1.98
2.00
2.01
2.04
2.03
1.99
2.00
1.96
1.98
1.98
3.77
1.98
1.97
CorWatt	PkgWatt
131.75	334.59
2.05	167.92
2.07
2.07
2.03
2.05
2.02
2.02
2.04
1.98
1.96
1.96
1.98
1.99
1.97
1.96
1.97
2.03
2.04
2.07
2.02
2.08
2.08
2.07
2.07
2.01
2.02
3.94
2.01
1.97
1.99
2.00
1.98
2.01	166.79
2.00
2.00
2.00
2.01
2.01
2.01
2.03
1.93
1.98
1.98
1.96
1.99
1.98
1.97
1.96
1.97
1.95
1.96
1.96
2.03
2.01
2.00
2.02
1.97
1.97
1.95
1.98
1.97
3.76
1.98
1.98
CorWatt	PkgWatt
129.34	329.68
2.02	164.50
2.04
2.04
2.00
2.02
1.99
2.03
1.99
1.93
1.93
1.96
1.93
1.96
1.94
1.95
1.94
1.99
2.01
2.04
1.98
2.04
2.04
2.06
2.00
2.01
2.00
2.72
1.99
1.97
1.95
1.98
1.98
1.99	165.15
1.98
1.98
1.99
1.99
2.00
2.01
2.01
1.93
1.96
1.93
1.94
1.97
1.99
1.97
1.96
1.95
1.95
1.94
1.97
2.00
2.00
2.01
2.02
1.94
1.95
1.95
1.98
1.94
3.78
1.96
1.94
CorWatt	PkgWatt
128.34	325.34
2.02	161.74
2.02
2.02
1.98
2.00
1.99
2.01
2.00
1.94
1.95
1.93
1.94
1.96
1.96
1.94
1.94
1.99
2.02
2.03
1.98
2.02
2.03
2.03
2.02
1.99
1.99
1.98
1.99
1.95
1.98
1.97
1.96
2.00	163.61
1.99
1.96
2.01
1.99
1.99
2.00
1.98
1.93
1.95
1.96
1.96
1.97
1.97
1.94
1.96
1.97
1.94
1.92
1.96
2.00
1.99
2.00
2.02
1.94
1.95
1.96
1.96
1.96
3.75
1.98
1.96
CorWatt	PkgWatt
127.56	324.66
2.00	161.62
2.01
2.00
1.96
1.99
1.98
2.00
1.99
1.92
1.94
1.93
1.94
1.93
1.95
1.93
1.94
1.99
2.01
2.02
1.96
2.04
2.01
2.05
2.03
1.98
1.99
1.96
1.99
1.96
1.95
1.98
1.96
1.99	163.04
1.96
1.97
1.96
1.98
1.97
1.99
1.98
1.93
1.93
1.94
1.93
1.95
1.94
1.96
1.93
1.95
1.92
1.91
1.96
1.98
1.99
1.99
1.99
1.92
1.92
1.94
1.94
1.92
3.77
1.95
1.95
CorWatt	PkgWatt
128.31	325.15
2.00	161.71
2.01
2.02
1.99
2.00
2.00
2.03
2.00
1.94
1.93
1.93
1.94
1.95
1.96
1.93
1.95
1.98
2.01
2.02
1.99
2.03
2.04
2.04
2.03
2.00
2.00
1.98
2.00
1.96
1.98
1.96
1.95
2.00	163.44
2.00
1.98
1.98
1.97
2.01
1.98
1.99
1.93
1.96
1.97
1.95
1.97
1.98
1.96
1.95
1.97
1.94
1.94
1.97
2.00
2.00
1.99
2.01
1.96
1.95
1.96
1.95
1.96
3.74
1.94
1.95
CorWatt	PkgWatt
128.14	325.20
2.01	161.66
2.02
2.00
1.99
1.98
2.00
2.00
1.98
1.94
1.95
1.91
1.94
1.94
1.94
1.95
1.95
1.99
1.99
2.01
1.99
2.03
2.02
2.03
2.01
2.00
1.99
1.98
1.99
1.95
1.96
1.96
1.98
1.98	163.51
1.99
1.98
1.97
1.97
2.01
2.00
1.98
1.93
1.96
1.95
1.96
1.98
1.97
1.94
1.97
1.93
1.94
1.94
1.95
2.00
2.00
1.98
2.02
1.95
1.96
1.96
1.97
1.95
3.77
1.96
1.95
CorWatt	PkgWatt
127.55	324.58
2.02	161.93
2.03
2.04
1.98
1.98
1.98
2.02
1.99
1.93
1.93
1.94
1.94
1.97
1.95
1.95
1.95
2.00
2.01
2.03
1.97
2.04
2.04
2.03
2.01
1.99
1.98
2.00
2.00
1.96
1.96
1.97
1.94
1.98	162.68
1.99
1.95
1.98
1.96
1.99
2.00
1.99
1.92
1.94
1.96
1.95
1.96
1.98
1.94
1.95
1.95
1.93
1.92
1.93
1.99
1.98
1.99
2.01
1.95
1.94
1.94
1.93
1.96
3.26
1.95
1.94
CorWatt	PkgWatt
126.58	323.68
2.00	161.91
2.00
2.03
2.01
2.05
1.99
2.00
2.00
1.94
1.93
1.94
1.93
1.95
1.94
1.94
1.95
1.99
2.01
2.04
1.99
2.03
2.03
2.02
2.02
2.00
2.01
1.99
2.02
1.95
1.97
1.99
1.95
1.98	161.78
1.98
1.97
1.99
1.99
1.99
2.00
1.96
1.93
1.95
1.97
1.96
1.94
1.96
1.95
1.96
1.95
1.94
1.96
1.96
2.02
1.99
2.00
2.00
1.95
1.94
1.95
1.95
1.96
1.98
1.94
1.95
CorWatt	PkgWatt
127.32	324.39
1.99	161.62
2.01
2.02
1.98
2.02
1.98
2.00
1.97
1.93
1.95
1.92
1.93
1.94
1.96
1.97
1.95
1.98
2.00
2.01
1.99
2.02
2.03
2.01
2.02
1.97
1.99
1.99
2.00
1.96
1.96
1.96
1.97
1.98	162.78
1.96
1.95
1.97
1.98
1.99
1.99
1.99
1.91
1.95
1.95
1.95
1.95
1.95
3.21
1.94
1.93
1.94
1.94
1.96
2.00
1.96
2.00
2.00
1.95
1.93
1.95
1.94
1.94
1.96
1.96
1.95
CorWatt	PkgWatt
128.91	325.89
2.02	161.68
2.00
2.03
1.99
2.00
2.00
2.00
1.99
1.93
1.94
1.91
1.95
1.96
1.94
1.95
1.93
1.99
1.99
2.03
1.99
2.02
2.05
2.03
2.01
1.99
1.99
2.00
2.00
1.97
1.96
1.97
1.95
2.00	164.22
1.96
1.98
1.98
1.99
1.99
1.99
1.99
1.96
1.97
1.95
1.95
1.96
1.98
3.99
1.96
1.94
1.94
1.94
1.94
2.03
1.99
1.99
1.99
1.95
1.94
2.39
1.94
1.94
1.98
1.96
1.97
CorWatt	PkgWatt
128.51	325.79
2.01	161.86
2.02
2.01
1.97
2.01
1.98
1.98
2.00
1.93
1.93
1.91
1.92
1.96
1.94
1.95
1.94
1.99
2.00
2.02
1.98
2.02
2.01
2.03
2.03
1.99
2.00
2.00
2.00
1.96
1.96
1.96
1.96
2.00	163.93
1.98
1.97
1.99
1.98
1.99
1.99
1.99
1.94
1.95
1.96
1.94
1.94
1.96
2.75
1.95
1.93
1.92
1.92
1.97
1.98
1.98
1.99
1.99
1.93
1.93
3.54
1.93
1.96
1.98
1.94
1.98
CorWatt	PkgWatt
128.04	325.01
2.02	161.97
1.99
2.02
2.00
2.01
2.01
2.01
2.01
1.92
1.95
1.92
1.94
1.98
1.93
1.95
1.95
2.01
1.99
2.02
2.01
2.03
2.04
2.04
2.02
2.00
2.01
2.01
2.01
1.94
1.97
2.00
1.95
1.99	163.03
1.97
1.97
1.99
1.97
2.00
1.98
1.99
1.95
1.95
1.94
1.96
1.94
1.99
1.94
1.96
1.95
1.93
1.95
1.95
1.99
1.97
1.99
2.00
1.94
1.93
3.53
1.95
1.94
1.96
1.96
1.94
CorWatt	PkgWatt
126.89	323.71
1.99	161.24
2.01
2.02
1.99
2.00
1.98
2.00
2.00
1.91
1.93
1.89
1.93
1.96
1.89
1.94
1.94
1.98
1.97
2.00
1.98
2.04
2.04
2.02
1.99
1.96
1.96
1.99
1.99
1.91
1.96
1.95
1.93
1.97	162.46
1.95
1.95
1.95
1.97
2.00
1.97
1.96
1.94
1.94
1.93
1.94
1.93
1.95
1.95
1.95
1.90
1.91
1.94
1.94
1.98
1.96
1.99
1.98
1.93
1.93
3.43
1.92
1.93
1.94
1.93
1.94
CorWatt	PkgWatt
128.13	325.00
2.01	161.79
2.01
2.02
1.98
2.00
1.98
2.00
1.99
1.93
1.95
1.93
1.94
1.96
1.94
1.95
1.95
2.00
2.02
2.02
1.99
2.06
2.04
2.03
2.03
2.00
1.99
1.98
2.00
1.95
1.96
2.00
1.97
1.99	163.23
2.00
1.97
1.97
2.00
1.99
1.99
1.98
1.93
1.96
1.94
1.96
1.96
1.98
1.95
1.96
1.92
1.95
1.94
1.93
2.02
2.00
2.00
1.99
1.95
1.92
3.64
1.94
1.98
1.98
1.95
1.96
CorWatt	PkgWatt
129.03	326.09
2.00	161.50
2.01
2.02
1.96
1.98
1.97
2.00
2.00
1.93
1.94
1.91
1.93
1.94
1.93
1.94
1.95
1.99
1.99
2.01
1.99
2.03
2.04
2.02
2.03
1.98
1.98
1.98
2.01
1.91
1.96
1.97
1.93
1.96	164.56
1.96
1.97
1.97
1.97
1.99
1.98
1.98
1.92
1.96
1.92
1.95
1.93
1.97
1.94
1.93
1.92
1.94
1.94
1.96
1.99
1.99
2.00
1.99
1.94
1.93
3.67
1.94
1.94
3.46
1.94
1.94
CorWatt	PkgWatt
130.88	327.74
2.01	161.86
2.04
2.01
2.00
2.04
1.99
2.05
2.01
1.93
1.96
1.92
1.95
1.95
1.94
1.95
1.97
2.00
2.00
2.03
2.02
2.04
2.03
2.03
2.02
2.02
2.00
2.00
2.01
1.93
1.96
1.98
1.98
1.99	165.84
1.98
1.97
1.97
1.99
1.99
2.01
1.99
1.98
1.97
1.97
1.95
1.94
1.97
1.97
1.94
1.94
1.95
1.93
1.96
2.00
1.99
2.00
2.04
1.95
1.94
3.64
1.95
1.97
4.37
1.96
1.96
CorWatt	PkgWatt
128.74	325.46
2.01	161.67
2.03
2.04
1.98
1.99
1.99
2.01
1.97
1.92
1.94
1.91
1.95
1.97
1.92
1.96
1.93
2.00
2.03
2.02
2.01
2.05
2.03
2.03
2.00
1.99
1.95
2.01
2.01
1.93
1.96
1.97
1.96
1.98	163.85
1.96
1.95
1.97
1.97
1.98
1.98
1.97
1.94
1.96
1.97
1.94
1.94
1.96
1.95
1.94
1.92
1.94
1.93
1.95
1.99
1.98
1.98
2.00
1.94
1.94
3.63
1.95
1.95
2.91
1.97
1.93
CorWatt	PkgWatt
128.46	325.36
2.02	162.01
2.03
2.03
2.00
2.03
2.04
2.03
2.00
1.96
1.96
1.91
1.96
1.95
1.95
1.96
1.95
2.00
2.01
2.02
1.99
2.02
2.03
2.03
2.01
1.99
2.01
1.99
2.00
1.95
1.96
1.98
1.96
1.98	163.32
2.01
1.97
1.98
1.97
2.00
1.99
1.99
1.96
1.96
1.97
1.97
1.95
1.98
1.95
1.95
1.93
1.93
1.96
1.95
2.01
2.01
2.00
2.01
1.95
1.94
3.63
1.95
1.96
1.99
1.98
1.96
CorWatt	PkgWatt
127.99	324.70
2.00	161.52
2.01
2.03
1.98
2.02
2.01
2.01
1.99
1.93
1.95
1.91
1.94
1.94
1.95
1.96
1.95
2.02
1.99
2.01
2.00
2.01
2.01
2.02
2.03
2.00
2.00
1.96
2.01
1.94
1.97
1.95
1.96
2.00	163.21
1.98
1.97
1.97
1.96
2.01
1.99
2.00
1.94
1.98
1.97
1.95
1.94
1.97
1.95
1.95
1.96
1.93
1.94
1.95
2.01
2.00
2.00
2.00
1.95
1.92
3.63
1.94
1.97
1.96
1.96
1.93
CorWatt	PkgWatt
128.99	325.86
2.02	161.86
2.00
2.01
1.99
2.03
1.99
2.00
1.99
1.96
1.96
1.92
1.95
1.97
1.96
1.95
1.96
2.01
2.01
2.03
2.00
2.03
2.02
2.03
2.03
2.01
2.01
2.00
1.99
1.96
1.96
1.96
1.96
1.99	164.01
1.97
1.97
2.00
2.47
1.99
2.01
1.99
1.95
1.97
1.95
1.97
1.94
1.97
1.95
1.95
1.93
1.95
1.93
1.95
1.99
2.01
2.01
1.99
1.95
1.94
3.10
1.95
1.98
1.98
2.00
2.62
CorWatt	PkgWatt
128.94	327.37
2.03	163.37
2.01
2.04
1.99
2.03
2.01
2.01
2.00
1.95
1.97
1.92
1.97
1.98
1.99
1.97
1.97
2.00
2.01
2.03
2.01
2.03
2.06
2.04
2.47
2.01
2.00
2.01
1.99
1.95
1.95
1.98
1.97
1.98	164.01
1.98
1.99
1.98
3.38
2.00
2.01
2.00
1.96
1.96
1.97
1.95
1.95
2.01
1.96
1.95
1.94
1.95
1.96
1.96
2.00
2.02
2.01
2.01
1.96
1.95
1.96
1.97
1.97
2.00
1.97
1.96
CorWatt	PkgWatt
127.36	325.60
1.98	162.93
1.99
2.03
1.99
2.00
1.97
1.99
1.99
1.92
1.92
1.90
1.94
1.94
1.94
1.94
1.94
1.97
1.98
2.06
1.98
2.01
2.01
2.02
2.83
1.98
1.99
1.98
2.00
1.94
1.95
1.95
1.96
1.97	162.67
1.94
1.95
1.95
1.94
1.97
1.96
1.98
1.95
1.94
1.95
1.93
1.92
1.97
1.94
1.93
1.91
2.39
1.93
1.94
1.99
1.99
2.02
1.99
1.93
1.93
1.92
1.93
2.50
1.95
1.94
1.94
CorWatt	PkgWatt
128.53	325.50
2.00	162.24
2.01
2.01
1.98
2.00
2.00
1.99
1.98
1.93
1.94
1.92
1.94
1.94
1.95
1.93
1.96
1.99
2.00
2.43
2.00
2.03
2.04
2.02
2.01
1.99
2.01
2.03
1.99
1.95
1.96
1.97
1.97
1.97	163.19
1.95
1.98
1.97
1.98
1.99
1.98
1.99
1.94
1.95
1.95
1.95
1.95
1.97
1.97
1.94
1.93
1.94
1.93
1.95
2.00
1.99
1.99
2.00
1.94
1.93
1.96
1.96
3.81
1.97
1.96
1.94
CorWatt	PkgWatt
129.88	326.66
2.00	163.43
2.01
2.02
1.99
1.99
1.99
2.00
2.00
1.93
1.94
1.93
1.96
1.94
1.95
1.96
1.95
1.97
2.00
3.78
2.00
2.02
2.02
2.03
2.03
1.99
2.01
1.99
2.00
1.94
1.98
1.98
1.97
1.99	163.24
1.97
1.97
1.96
1.96
1.98
1.97
2.00
1.94
1.95
1.95
1.95
1.94
1.96
1.96
1.94
1.93
1.94
1.94
1.94
1.99
2.00
2.01
2.00
1.95
1.93
1.95
1.95
3.85
1.95
1.97
1.92
CorWatt	PkgWatt
111.83	306.89
1.66	152.07
1.68
1.68
1.66
1.65
1.68
1.66
1.67
1.61
1.60
1.59
1.63
1.60
1.59
1.62
1.64
1.67
1.69
3.86
1.65
1.69
1.69
1.67
1.69
1.65
1.65
1.64
1.66
1.60
1.62
1.65
1.62
1.64	154.93
1.65
1.64
2.50
1.70
1.66
1.67
1.75
1.61
1.75
1.64
1.66
1.62
1.63
1.74
1.67
1.71
1.60
1.63
1.70
1.69
1.73
1.66
1.77
1.66
1.64
1.66
1.67
3.73
1.74
1.66
2.17
CorWatt	PkgWatt
41.01	213.40
0.47	99.17
0.33
0.33
0.32
0.30
0.29
0.30
0.29
0.27
0.27
0.27
0.27
0.26
0.26
0.25
0.26
0.36
0.37
3.99
0.41
0.31
0.30
0.29
0.29
0.28
0.28
0.28
0.28
0.27
0.27
0.26
0.27
0.33	114.18
0.33
0.34
4.04
0.71
0.55
0.81
0.88
0.59
0.66
0.66
0.69
0.59
0.88
0.91
0.72
3.80
0.33
0.33
0.34
0.62
0.68
0.84
1.00
0.62
0.87
0.56
0.68
0.95
0.83
0.70
0.95
CorWatt	PkgWatt
40.52	202.48
0.45	93.80
0.32
0.32
0.31
0.29
0.28
0.29
0.29
0.26
0.26
0.25
0.26
0.25
0.26
0.25
0.25
0.35
0.36
4.00
0.40
0.30
0.30
0.29
0.28
0.27
0.27
0.27
0.27
0.27
0.26
0.27
0.27
0.33	108.71
0.33
0.34
4.04
0.62
0.71
0.81
0.51
0.79
0.60
0.63
0.61
0.41
1.09
0.80
0.57
3.84
0.33
0.32
0.33
0.94
0.86
0.71
0.66
0.65
0.64
0.83
0.47
0.63
0.63
1.25
1.21
CorWatt	PkgWatt
46.90	217.24
0.62	104.14
0.52
0.46
0.51
0.50
0.58
0.49
0.50
0.44
0.45
0.47
0.49
0.43
0.48
0.46
0.46
0.55
0.53
3.98
0.60
0.55
0.52
0.47
0.47
0.48
0.50
0.48
0.45
0.46
0.44
0.49
0.47
0.53	113.03
0.53
0.52
4.00
2.16
0.70
0.62
0.61
0.75
0.85
0.57
0.58
0.52
0.54
0.69
0.63
3.79
0.51
0.49
0.56
0.56
1.04
0.57
0.53
0.70
0.57
0.49
0.49
0.64
0.72
0.68
0.49
CorWatt	PkgWatt
131.67	327.58
2.00	162.65
2.00
2.01
1.97
1.97
1.98
1.99
2.00
1.92
1.92
1.91
1.95
1.94
1.94
1.93
1.94
1.99
1.99
3.81
2.00
2.00
2.02
2.02
2.02
2.00
2.00
1.97
1.98
1.93
1.96
1.95
1.94
1.99	164.94
1.99
1.99
3.77
1.98
2.00
1.99
1.99
1.95
1.96
1.92
1.95
1.94
3.91
1.95
1.95
2.06
1.94
1.96
1.94
1.99
2.01
2.01
2.00
1.92
1.92
1.94
1.96
1.96
1.95
1.96
1.96
CorWatt	PkgWatt
132.07	328.13
2.01	163.07
2.01
2.02
1.99
1.99
1.98
2.01
2.00
1.93
1.94
1.92
1.94
1.96
1.95
1.94
1.95
1.98
2.02
3.78
2.00
2.03
2.04
2.03
2.02
1.98
2.01
1.99
2.00
1.94
1.97
1.98
1.98
1.98	165.04
1.97
2.01
3.75
1.96
1.98
2.00
1.99
1.95
1.96
1.94
1.95
1.95
4.07
1.95
1.95
1.93
1.97
1.95
1.94
1.99
1.99
2.00
2.01
1.94
1.95
1.95
1.96
1.97
1.95
1.97
1.96
CorWatt	PkgWatt
133.69	329.41
2.01	162.90
2.03
2.01
1.98
1.99
1.98
2.00
2.00
1.94
1.94
1.92
1.96
1.96
1.94
1.95
1.95
1.99
2.02
3.78
2.00
2.03
2.03
2.04
2.02
1.98
2.00
2.00
2.00
1.93
1.98
1.98
1.97
1.97	166.51
1.97
2.00
3.73
1.97
1.99
1.98
1.98
1.95
1.96
1.96
1.95
1.97
4.12
1.95
1.98
1.93
1.96
1.95
1.94
1.99
1.98
2.00
2.00
1.94
1.95
1.96
3.50
1.96
1.96
1.97
1.96
CorWatt	PkgWatt
134.40	330.09
2.00	162.75
2.02
2.01
1.99
1.98
2.00
2.02
2.00
1.93
1.94
1.92
1.95
1.95
1.94
1.95
1.94
1.99
2.00
3.78
1.99
2.03
2.04
2.02
2.01
1.98
2.00
1.98
2.00
1.94
1.97
1.97
1.97
1.97	167.37
1.98
2.00
3.74
1.96
1.99
1.99
1.98
1.95
1.95
1.96
1.94
1.96
4.12
1.96
1.97
1.93
1.95
1.94
1.95
1.99
1.98
1.99
2.00
1.94
1.92
1.96
3.64
1.96
2.65
1.98
1.96
CorWatt	PkgWatt
134.79	330.38
2.00	162.29
2.03
2.02
1.98
1.99
1.99
2.02
2.00
1.93
1.95
1.91
1.94
1.95
1.94
1.92
1.94
2.00
2.00
3.32
1.99
2.03
2.03
2.03
2.02
1.99
2.00
1.99
1.99
1.96
1.96
1.97
1.97
1.97	168.09
1.97
2.01
3.75
1.99
1.98
2.01
1.98
1.96
1.95
1.97
1.95
1.97
4.04
1.96
1.96
1.91
1.95
1.95
1.95
2.00
1.97
2.01
2.00
1.93
1.93
1.95
3.64
1.97
3.56
1.98
1.94
CorWatt	PkgWatt
133.46	329.55
1.99	161.24
2.00
2.01
1.99
2.00
1.97
2.01
2.00
1.94
1.95
1.93
1.94
1.96
1.93
1.95
1.95
1.99
2.00
2.02
1.99
2.01
2.02
2.01
2.01
1.97
1.99
1.98
1.99
1.94
1.96
1.95
1.98
1.98	168.30
1.97
1.99
3.69
1.99
1.99
2.01
1.98
1.95
1.96
1.96
1.94
1.96
3.64
1.96
1.94
1.93
1.93
1.95
1.96
2.01
1.99
2.02
2.01
2.36
1.92
1.96
3.69
1.97
3.56
1.97
1.96
CorWatt	PkgWatt
132.62	328.67
2.00	161.22
2.01
2.01
1.99
1.99
1.98
2.01
2.01
1.93
1.94
1.90
1.94
1.93
1.93
1.95
1.95
1.98
1.99
2.00
1.98
2.03
2.01
2.02
2.01
1.99
1.99
1.98
2.00
1.93
1.95
1.97
1.96
1.98	167.43
1.97
1.99
3.07
1.99
2.00
1.99
1.96
1.94
1.95
1.95
1.93
1.96
1.97
1.94
1.95
1.93
1.94
1.92
1.92
1.99
2.00
1.99
2.00
4.06
1.95
1.96
3.70
1.97
3.56
1.98
1.95
CorWatt	PkgWatt
131.61	327.52
2.00	160.98
2.02
2.02
1.98
1.98
1.98
2.00
1.99
1.95
1.95
1.90
1.94
1.94
1.94
1.94
1.95
1.99
1.99
2.02
1.98
2.03
2.02
2.01
2.00
1.97
1.99
1.97
1.99
1.93
1.95
1.96
1.95
1.98	166.56
1.96
1.98
1.97
1.98
1.99
1.98
1.97
1.93
1.96
1.94
1.92
1.94
1.95
1.94
1.96
1.93
1.92
1.93
1.94
1.98
2.00
2.00
1.98
3.51
2.29
1.97
4.14
1.97
3.55
1.97
1.94
CorWatt	PkgWatt
132.28	328.06
1.98	160.69
2.02
2.00
1.97
1.97
1.98
1.99
1.99
1.92
1.93
1.90
1.93
1.92
1.93
1.93
1.94
1.98
2.00
2.00
1.97
2.02
2.01
2.01
1.99
1.98
1.99
1.96
1.98
1.90
1.96
1.94
1.95
1.98	167.35
1.97
1.97
1.94
1.97
1.98
1.96
1.97
1.94
1.93
1.95
1.93
1.94
1.96
1.94
1.94
1.92
1.92
1.93
1.96
1.99
1.98
1.98
1.97
1.93
3.70
1.93
5.47
1.96
3.56
1.95
1.93
CorWatt	PkgWatt
133.37	329.09
1.99	160.92
2.01
2.03
1.97
2.00
2.02
1.98
2.01
1.92
1.95
1.90
1.95
1.94
1.94
1.95
1.94
2.00
1.99
2.02
1.99
2.02
2.01
2.02
1.99
1.97
1.99
1.97
2.00
1.94
1.95
1.96
1.97
1.97	168.17
1.97
1.99
1.98
2.00
2.00
1.98
2.36
1.94
1.94
1.96
1.96
1.95
1.96
1.94
1.95
1.92
1.95
1.95
1.95
2.01
2.00
2.00
2.00
1.95
3.70
1.94
5.48
1.97
3.56
1.95
1.94
CorWatt	PkgWatt
134.51	329.91
1.99	160.67
2.01
2.01
1.98
1.98
1.98
1.97
2.00
1.93
1.94
1.92
1.94
1.94
1.93
1.93
1.94
1.99
2.00
2.01
1.99
2.01
2.03
2.02
2.01
1.98
1.98
1.97
2.00
1.95
1.95
1.95
1.96
1.98	169.24
1.96
1.98
1.96
1.99
1.98
1.99
3.58
1.94
1.95
1.94
1.94
1.94
1.95
1.95
1.95
1.93
1.95
1.96
1.95
1.99
1.99
2.00
1.99
1.95
3.70
1.96
5.48
1.96
3.57
1.99
1.94
CorWatt	PkgWatt
134.85	330.40
2.00	160.97
2.02
2.02
1.99
1.99
1.99
1.99
1.99
1.92
1.95
1.91
1.95
1.94
1.95
1.95
1.95
2.00
2.00
2.01
1.99
2.02
2.03
2.03
2.03
1.98
1.99
1.99
1.99
1.95
1.96
1.96
1.97
1.97	169.43
1.97
1.99
1.99
1.99
1.99
1.99
3.58
1.95
1.96
1.96
1.95
1.95
1.97
1.96
1.95
1.94
1.95
1.95
1.95
2.00
2.00
1.99
2.00
1.94
3.67
1.97
5.48
1.97
3.57
1.97
1.96
CorWatt	PkgWatt
132.60	328.52
1.98	160.90
2.01
2.00
1.99
1.99
1.98
1.99
2.00
1.92
1.93
1.91
1.94
1.93
1.93
1.94
1.94
1.97
2.00
2.01
1.98
1.99
2.03
2.02
2.00
1.97
1.99
1.98
1.99
1.94
1.96
1.96
1.94
1.97	167.63
1.96
1.98
1.97
1.96
2.00
1.99
3.60
1.94
1.94
1.93
1.94
1.93
1.95
1.95
1.93
1.92
1.95
1.94
1.94
1.99
1.98
3.70
2.00
1.94
3.65
1.95
2.17
1.95
3.56
1.96
1.96
CorWatt	PkgWatt
132.24	328.35
1.99	161.10
2.02
2.01
1.98
1.99
1.97
2.00
2.00
1.92
1.94
1.89
1.94
1.93
1.93
1.94
1.94
1.99
2.02
2.02
1.98
2.01
2.03
2.02
2.02
1.97
2.00
1.98
1.99
1.93
1.95
1.96
1.97
1.97	167.24
1.96
1.98
1.98
1.97
1.99
1.98
3.59
1.95
1.94
1.95
1.95
1.96
1.96
1.94
1.95
1.93
1.93
1.95
1.94
1.98
1.98
4.08
1.99
1.94
3.64
1.94
1.96
1.96
2.83
1.97
1.96
CorWatt	PkgWatt
131.55	327.42
2.01	161.11
2.03
2.01
1.98
1.99
1.97
2.01
2.00
1.93
1.93
1.91
1.94
1.93
1.95
1.95
1.94
1.98
2.01
2.02
2.00
2.03
2.02
2.01
2.01
1.98
2.00
1.98
1.99
1.95
1.96
1.96
1.96
1.97	166.33
1.96
1.99
1.97
1.99
1.98
1.98
3.64
1.94
1.95
1.95
1.95
1.95
1.95
1.96
1.96
1.95
1.95
1.94
1.94
1.99
1.97
4.09
1.99
1.93
3.64
1.95
1.95
1.96
1.97
1.96
1.94
CorWatt	PkgWatt
133.23	329.08
2.01	162.53
2.03
2.01
1.99
1.99
1.96
1.99
1.99
1.93
1.94
1.91
1.94
1.93
1.95
1.95
1.95
2.00
2.00
2.02
2.00
2.02
2.02
2.04
1.98
1.98
1.99
1.97
1.99
3.49
1.95
1.95
1.97
1.97	166.58
1.97
1.98
1.96
1.97
2.00
1.98
3.75
1.95
1.94
1.95
1.95
1.96
1.95
1.96
1.94
1.92
1.95
1.95
1.96
2.01
1.95
4.12
1.99
1.94
3.66
1.95
1.96
1.97
1.96
1.97
1.96
CorWatt	PkgWatt
133.73	329.27
1.99	162.16
2.03
2.00
1.98
1.98
1.97
1.99
2.00
1.92
1.95
1.90
1.94
1.94
1.94
1.93
1.93
1.99
2.00
2.01
1.99
2.00
2.00
2.04
2.01
1.97
1.98
1.98
2.01
3.52
1.93
1.95
1.96
1.98	167.08
1.96
1.95
1.98
1.97
1.98
1.98
3.76
1.93
1.94
1.94
1.95
1.95
1.97
1.96
1.93
1.94
1.95
1.94
1.95
2.72
1.98
4.13
1.98
1.93
3.61
1.95
1.95
1.94
1.97
1.96
1.95
CorWatt	PkgWatt
134.09	329.86
1.99	162.33
2.01
2.01
1.99
2.00
1.97
1.99
1.98
1.93
1.94
1.90
1.94
1.94
1.94
1.94
1.92
1.99
2.01
2.00
1.99
2.01
2.02
2.03
2.00
1.96
1.99
1.99
1.99
3.51
1.95
1.97
1.97
1.98	167.53
1.95
1.97
1.98
1.98
1.98
2.00
3.65
1.93
1.95
1.96
1.95
1.95
1.95
1.95
1.95
1.94
1.94
1.94
1.95
3.78
1.99
3.50
1.97
2.36
3.14
1.96
1.95
1.96
1.97
1.97
1.94
CorWatt	PkgWatt
132.49	328.36
1.98	162.29
2.00
2.00
1.97
2.00
1.96
1.97
1.99
1.92
1.93
1.90
1.92
1.94
1.94
1.94
1.92
2.00
1.99
2.00
1.96
1.99
2.02
2.02
2.01
1.97
1.97
1.98
1.98
3.51
1.95
1.95
1.96
1.96	166.10
1.95
1.97
1.97
1.98
1.97
2.00
3.57
1.93
1.93
1.93
1.94
1.92
1.96
1.94
1.96
1.92
1.95
1.94
1.93
3.78
1.97
1.98
1.97
4.02
1.93
1.96
1.93
1.94
1.95
1.95
1.95
CorWatt	PkgWatt
132.21	328.32
1.97	162.49
2.02
2.01
1.98
2.05
1.95
1.97
1.99
1.93
1.95
1.89
1.93
1.93
1.94
1.95
1.92
1.99
1.99
2.00
1.98
2.01
2.03
2.02
2.01
1.99
1.98
1.96
1.98
3.51
1.94
1.95
1.94
1.97	165.81
1.95
1.98
1.96
1.97
1.96
1.99
3.15
1.93
1.92
1.94
1.95
1.94
1.96
1.93
1.94
1.93
1.92
1.94
1.95
3.77
1.97
1.98
1.96
3.52
1.92
2.45
1.96
1.94
1.94
1.97
1.95
CorWatt	PkgWatt
131.49	327.36
2.01	162.78
1.99
2.01
1.98
2.00
1.98
1.98
2.00
1.93
1.94
1.91
1.94
1.93
1.93
1.94
1.94
1.99
2.00
2.01
2.00
2.00
2.04
2.03
2.00
1.99
1.98
1.99
2.00
3.53
2.14
1.95
2.02
1.97	164.61
1.95
1.97
1.96
1.97
1.99
1.97
1.96
1.93
1.94
1.94
1.94
1.94
1.95
1.94
1.94
1.94
1.94
1.93
1.95
3.77
1.99
2.00
1.97
1.93
1.96
3.58
2.39
1.95
1.95
1.96
1.94
CorWatt	PkgWatt
131.52	327.34
1.99	164.20
2.01
1.99
1.99
1.99
1.98
1.97
1.99
1.94
1.94
1.91
1.93
1.94
1.93
1.94
1.93
1.99
2.01
2.01
1.98
2.02
2.03
2.02
2.02
1.98
2.00
1.98
2.01
3.54
3.72
1.95
1.95
1.96	163.11
1.96
1.98
1.99
1.99
1.97
1.96
1.97
1.92
1.94
1.94
1.95
1.93
1.95
1.95
1.94
1.93
1.95
1.95
1.93
3.77
1.98
1.99
1.98
1.94
1.94
1.95
2.50
1.95
1.97
1.95
1.93
CorWatt	PkgWatt
123.94	305.69
1.97	164.32
2.02
2.02
1.98
1.99
1.97
1.98
1.96
1.92
1.93
1.90
1.93
1.93
1.92
2.31
1.92
1.97
2.00
2.01
1.99
2.00
2.02
2.05
2.02
1.97
2.00
1.99
1.98
3.54
3.73
1.94
1.96
1.97	162.27
1.94
1.97
1.97
1.95
1.97
1.96
1.99
1.93
1.94
1.96
1.94
1.94
1.95
1.93
1.93
1.92
1.92
1.94
1.93
3.76
1.98
1.98
1.97
1.92
1.93
1.94
1.94
1.95
1.94
1.96
1.95
CorWatt	PkgWatt
127.15	301.60
2.00	165.63
2.02
2.01
1.99
2.00
1.97
1.97
2.00
1.93
1.95
1.90
1.95
1.92
1.93
3.69
1.93
1.98
2.00
2.01
1.98
2.01
2.03
2.03
2.00
1.99
2.00
1.97
2.00
3.62
3.72
1.95
1.97
1.98	162.57
1.97
1.97
1.96
1.98
1.99
1.99
1.99
1.94
1.95
1.94
1.95
1.96
1.96
1.94
1.95
1.94
1.93
1.94
1.94
3.70
1.99
1.98
1.99
1.94
1.95
1.95
1.94
1.96
1.96
1.95
1.94
CorWatt	PkgWatt
133.38	327.36
1.99	165.43
2.01
2.01
1.98
2.01
1.97
1.98
1.99
1.93
1.94
1.91
1.94
1.93
1.95
3.69
1.92
1.99
2.01
2.01
1.99
2.03
2.02
2.03
2.01
1.99
1.99
1.99
1.98
3.17
3.72
1.97
1.97
1.96	163.88
1.95
1.97
1.97
1.98
1.98
1.98
1.98
1.93
1.95
1.95
1.95
1.96
1.95
1.93
1.95
1.95
1.93
1.93
1.94
3.64
1.99
1.98
1.98
1.96
1.95
1.96
3.76
1.95
1.96
1.95
1.94
CorWatt	PkgWatt
132.15	326.88
1.99	164.12
2.01
2.02
1.98
2.01
1.97
1.98
1.99
1.92
1.94
1.90
1.94
1.91
1.94
3.72
1.92
1.99
2.00
2.01
1.99
2.01
2.02
2.02
2.01
1.98
1.99
1.98
1.99
1.94
3.72
1.97
1.97
1.96	163.87
1.97
1.98
1.97
1.99
1.98
1.96
1.98
1.93
1.95
1.95
1.94
1.93
1.95
1.94
1.95
1.94
1.92
1.92
1.94
3.41
1.98
1.98
1.98
1.91
1.95
1.95
3.63
1.96
1.96
1.97
1.95
CorWatt	PkgWatt
131.66	329.96
2.00	164.24
2.03
2.02
1.98
2.01
1.97
1.99
1.98
1.95
1.94
1.90
1.94
1.93
1.94
3.70
1.91
1.98
2.02
2.02
1.99
2.02
2.03
2.02
2.01
1.97
1.99
1.98
1.98
1.96
3.72
1.98
1.97
1.97	162.35
1.97
1.96
1.96
1.98
1.98
1.98
1.96
1.94
1.94
1.94
1.95
1.94
1.97
1.95
1.95
1.92
1.92
1.94
1.94
1.99
1.99
1.97
1.98
1.91
1.94
1.94
3.57
1.97
1.96
1.94
1.94
CorWatt	PkgWatt
132.89	329.38
3.22	165.45
2.04
2.03
1.98
2.00
1.97
1.98
2.01
1.94
1.95
1.89
1.94
1.93
1.95
3.71
1.93
2.00
1.99
2.02
1.98
2.02
2.02
2.04
2.02
1.98
1.99
1.99
2.00
1.97
3.71
1.98
1.97
1.97	162.29
1.97
1.96
1.98
1.98
1.98
1.97
1.96
1.92
1.93
1.95
1.95
1.93
1.97
1.94
1.95
1.92
1.95
1.94
1.94
2.00
1.98
1.97
1.99
1.92
1.94
1.96
3.58
1.96
1.96
1.96
1.94
CorWatt	PkgWatt
92.85	308.66
3.64	137.41
1.27
1.26
1.22
1.25
1.19
1.19
1.20
1.15
1.15
1.12
1.15
1.16
1.15
3.77
1.21
1.18
1.18
1.18
1.16
1.19
1.18
1.18
1.14
1.14
1.14
1.15
1.15
1.14
3.83
1.15
1.15
1.12	131.62
1.13
1.12
1.12
1.13
1.13
1.12
1.11
1.06
1.07
1.07
1.07
1.05
1.07
1.06
1.06
1.06
1.06
1.06
1.06
1.10
3.26
1.09
1.09
1.04
1.05
1.07
3.57
1.02
1.02
1.00
1.00
CorWatt	PkgWatt
33.59	194.83
3.65	98.25
0.36
0.35
0.35
0.29
0.28
0.28
0.28
0.26
0.26
0.25
0.27
0.26
0.25
0.26
0.25
0.28
0.28
0.28
0.28
3.81
0.34
0.33
0.32
0.27
0.27
0.27
0.27
0.30
2.34
0.31
0.30
0.26	95.74
0.25
0.26
0.25
0.26
0.26
0.26
0.26
0.23
0.23
0.23
0.23
0.23
0.23
0.23
0.23
0.26
0.26
0.25
0.27
0.32
4.00
0.32
0.33
0.30
0.30
0.31
3.54
0.24
0.24
0.24
0.24
CorWatt	PkgWatt
30.89	191.19
3.65	95.77
0.36
0.34
0.34
0.28
0.27
0.28
0.27
0.25
0.25
0.24
0.26
0.25
0.24
0.24
0.24
0.28
0.28
0.28
0.28
3.80
0.34
0.33
0.32
0.26
0.26
0.26
0.26
0.25
0.25
0.25
0.25
0.25	95.43
0.25
0.25
0.25
0.26
0.26
0.26
0.26
0.23
0.23
0.23
0.23
0.23
0.23
0.22
0.22
0.26
0.26
0.25
0.26
0.32
3.99
0.32
0.32
0.29
0.30
0.31
3.53
0.23
0.23
0.23
0.23
CorWatt	PkgWatt
82.68	234.11
3.63	132.98
1.24
1.30
1.26
1.28
1.18
1.22
1.26
1.23
1.20
1.17
1.25
1.24
1.20
1.18
1.24
1.38
1.28
1.28
1.26
2.83
1.28
1.34
1.27
1.24
1.26
1.27
1.32
1.25
1.21
1.30
1.29
1.27	136.47
1.27
1.29
1.29
1.27
1.29
1.31
1.33
1.22
1.28
1.28
1.31
1.24
1.31
1.27
1.29
1.26
1.28
1.30
1.33
1.33
3.86
1.37
1.35
1.28
1.35
1.36
3.57
1.31
1.35
1.31
1.36
CorWatt	PkgWatt
130.58	323.78
3.61	162.10
2.03
2.01
1.98
1.99
1.97
1.99
1.99
1.92
1.94
1.90
1.93
1.94
1.96
1.95
1.94
2.00
2.01
2.00
1.99
2.02
2.03
2.03
2.02
2.00
1.99
1.99
1.99
1.96
1.96
1.95
1.96
1.96	164.24
1.97
1.97
1.96
1.97
3.10
1.97
1.96
1.93
1.94
1.95
1.94
1.94
1.95
1.95
1.94
1.94
1.93
1.92
1.93
1.99
3.74
1.97
1.98
1.92
1.93
1.95
2.94
1.95
1.97
1.96
1.94
CorWatt	PkgWatt
133.10	334.14
3.62	161.91
2.02
2.01
1.97
2.00
1.96
1.98
1.98
1.91
1.93
1.89
1.92
1.92
1.95
1.94
1.93
1.98
2.01
2.01
1.99
2.01
2.01
2.01
2.02
1.97
1.97
1.98
2.00
1.94
1.96
1.94
1.94
1.96	163.66
1.95
1.96
1.96
1.97
3.69
1.97
1.94
1.92
1.93
1.93
1.93
1.92
1.94
1.94
1.92
1.91
1.94
1.91
1.91
1.97
3.77
1.96
1.97
1.92
1.93
1.92
1.93
1.94
1.95
1.95
2.20
CorWatt	PkgWatt
128.07	311.85
3.71	162.07
1.99
2.01
1.99
2.00
1.98
1.99
1.99
1.91
1.94
1.90
1.94
1.92
1.94
1.94
1.94
1.99
2.00
2.01
2.00
2.01
2.02
2.03
2.02
1.98
1.98
1.98
1.99
1.95
1.94
1.95
1.96
1.97	165.15
1.95
1.97
1.98
1.96
3.68
1.98
1.96
1.92
1.95
1.95
1.94
1.95
1.93
1.95
1.94
1.94
1.93
1.94
1.93
1.97
3.77
1.99
1.98
1.92
1.95
1.95
1.95
1.95
1.97
1.96
3.49
CorWatt	PkgWatt
134.81	330.76
3.49	162.15
2.00
2.03
1.98
1.99
1.99
1.98
2.01
1.93
1.93
1.91
1.94
1.94
1.94
1.95
1.94
2.00
2.01
2.01
1.99
2.02
2.02
2.04
2.02
1.98
1.98
1.99
1.99
1.96
1.96
1.98
1.96
1.98	166.69
1.97
1.98
1.97
1.97
3.69
1.98
1.98
1.94
1.96
1.96
1.94
1.96
1.94
1.95
1.94
1.93
1.94
1.95
1.94
1.96
3.78
1.98
1.99
1.94
1.94
1.94
3.51
1.95
1.97
1.96
3.50
CorWatt	PkgWatt
132.56	330.96
1.99	160.55
2.00
2.02
1.97
1.97
1.97
1.99
2.00
1.93
1.94
1.90
1.93
1.94
1.95
1.95
1.94
1.98
2.00
2.01
2.00
2.04
2.01
2.03
2.01
1.97
1.98
1.98
1.98
1.93
1.96
1.96
1.96
1.97	166.70
1.96
1.97
1.96
1.96
3.68
1.97
1.96
1.93
1.94
1.94
1.93
1.94
1.94
1.94
1.92
1.90
1.93
1.94
1.93
1.97
3.55
1.99
1.98
1.93
1.95
1.94
3.60
1.94
1.96
1.96
3.50
CorWatt	PkgWatt
133.55	334.53
1.97	160.35
2.01
2.00
1.97
1.99
1.97
1.97
1.98
1.92
1.93
1.91
1.92
1.94
1.93
1.93
1.95
1.99
2.00
1.99
1.99
2.02
2.02
2.01
2.01
1.98
1.97
2.00
1.98
1.94
1.96
1.96
1.95
1.97	165.12
1.96
1.96
1.95
1.97
3.74
1.98
1.97
1.91
1.93
1.94
1.93
1.94
1.94
1.94
1.91
1.93
1.92
1.93
1.93
1.96
1.98
1.99
1.96
1.92
1.94
1.95
3.63
1.94
1.94
1.96
3.45
CorWatt	PkgWatt
128.44	313.23
2.00	160.73
1.99
2.02
1.98
1.99
1.96
2.00
2.00
1.93
1.95
1.91
1.94
1.94
1.95
1.94
1.95
1.99
2.00
2.02
1.99
2.01
2.03
2.04
2.02
1.97
1.99
1.99
1.99
1.96
1.96
1.97
1.98
1.97	166.70
1.97
1.98
1.97
1.98
3.69
1.99
1.98
1.94
1.95
1.95
1.95
1.96
1.94
1.95
1.94
1.92
1.94
1.94
1.94
1.97
1.99
1.99
1.98
3.41
1.94
1.95
3.78
1.96
1.96
1.97
3.43
CorWatt	PkgWatt
136.85	341.01
1.99	162.69
2.00
2.01
1.98
2.00
2.77
2.00
1.99
1.93
1.94
1.91
1.96
1.95
1.94
1.95
1.95
3.41
2.00
2.01
2.00
2.02
2.03
2.03
2.00
1.96
1.98
1.98
1.98
1.95
1.96
1.97
1.97
1.95	165.85
1.98
1.99
1.97
1.99
3.69
1.99
1.97
1.94
1.95
1.94
1.94
1.95
1.94
1.94
1.94
1.93
1.94
1.93
1.92
1.98
1.99
2.03
1.99
3.65
1.95
1.95
3.80
1.96
1.97
1.95
1.94
CorWatt	PkgWatt
135.64	336.35
1.99	163.44
1.99
2.02
1.96
1.98
3.51
1.98
1.99
1.91
1.94
1.91
1.94
1.94
1.92
1.95
1.94
3.67
1.99
2.00
1.98
2.02
2.03
2.02
2.02
1.96
1.98
1.98
1.98
1.93
1.94
1.97
1.97
1.95	164.37
1.95
1.96
1.97
1.97
2.58
1.98
1.98
1.93
1.93
1.93
1.95
1.94
1.95
1.95
1.92
1.91
1.93
1.93
1.94
1.97
1.98
1.98
1.99
3.67
1.92
1.93
3.79
1.94
1.94
1.94
1.92
CorWatt	PkgWatt
127.08	310.09
1.99	163.45
2.00
2.01
1.96
2.00
3.51
1.98
1.99
1.91
1.94
1.91
1.93
1.94
1.93
1.94
1.93
3.65
1.98
2.02
1.97
2.01
2.03
2.03
2.00
1.97
1.98
1.98
1.98
1.93
1.95
1.96
1.96
1.95	163.76
1.96
1.95
1.96
1.97
1.98
1.96
1.96
1.92
1.93
1.94
1.94
1.95
1.93
1.94
1.93
1.92
1.93
1.93
1.91
1.96
1.99
1.98
1.98
3.67
1.94
1.96
3.77
1.95
1.97
1.95
1.95
CorWatt	PkgWatt
134.53	338.33
2.00	161.95
1.99
2.00
1.99
2.00
3.51
1.99
1.98
1.93
1.92
1.91
1.94
1.93
1.94
1.93
1.95
1.98
1.98
2.01
1.99
2.02
2.02
2.02
2.01
1.96
1.98
1.98
1.97
1.95
1.95
1.96
1.95
1.95	164.00
1.96
2.34
1.95
1.96
1.97
1.98
1.98
1.93
1.92
1.95
1.94
1.94
1.95
1.95
1.92
1.92
1.92
1.93
1.92
1.97
1.96
1.98
1.98
3.68
1.93
1.94
3.76
1.93
1.96
1.95
1.94
CorWatt	PkgWatt
129.22	319.19
1.99	161.88
2.00
2.00
1.98
2.00
3.51
1.97
1.99
1.92
1.93
1.90
1.94
1.95
1.95
1.93
1.94
1.98
2.00
2.01
1.98
2.01
2.03
2.03
1.99
1.97
1.98
1.97
1.98
1.94
1.98
1.96
1.96
1.95	164.15
1.96
3.74
1.96
1.98
1.97
1.98
1.98
1.94
1.95
1.95
1.95
1.95
1.94
1.94
1.96
1.92
1.93
1.94
1.94
1.97
2.00
1.99
1.99
3.68
1.93
1.95
2.09
1.94
1.97
1.95
1.94
CorWatt	PkgWatt
130.57	322.40
2.00	163.01
1.99
2.02
1.98
1.99
3.51
2.00
2.01
1.93
1.92
1.91
1.94
1.95
1.95
1.94
1.93
1.98
2.00
2.01
1.98
2.06
2.03
2.02
2.01
1.96
1.99
3.07
1.98
1.95
1.96
1.96
1.95
1.97	164.02
1.98
3.75
1.94
1.97
1.98
1.99
1.98
1.97
1.95
1.94
1.93
1.94
1.95
1.95
1.95
1.93
1.94
1.93
1.93
2.00
1.98
1.99
1.98
3.68
1.94
1.94
1.94
1.95
1.96
1.95
1.94
CorWatt	PkgWatt
132.73	325.12
1.99	163.65
2.00
2.02
1.98
1.99
3.49
1.98
2.00
1.94
1.94
1.90
1.93
1.94
1.95
1.95
1.95
1.99
2.01
2.00
1.98
2.03
2.03
2.03
2.02
1.96
2.00
3.75
1.99
1.94
1.95
1.97
1.95
1.98	164.77
2.71
3.74
1.98
1.97
1.98
1.99
1.98
1.95
1.95
1.95
1.95
1.96
1.96
1.95
1.96
1.93
1.94
1.93
1.94
1.99
1.99
1.98
1.99
3.67
1.95
1.95
1.94
1.97
1.97
1.95
1.95
CorWatt	PkgWatt
134.19	334.04
1.99	163.60
2.00
2.03
1.96
1.98
3.49
1.99
1.97
1.93
1.95
1.90
1.92
1.94
1.93
1.93
1.94
1.99
1.99
2.00
1.98
2.01
2.02
2.02
2.00
1.97
1.99
3.77
1.98
1.94
1.96
1.96
1.95
1.99	164.20
3.70
3.75
1.96
1.96
1.99
1.99
1.96
1.93
1.95
1.93
1.93
1.95
1.96
1.94
1.95
1.92
1.92
1.92
1.93
1.97
1.97
1.98
1.97
2.12
1.93
1.94
1.93
1.95
1.96
1.95
1.94
CorWatt	PkgWatt
130.73	325.69
2.00	162.89
2.00
2.00
1.97
1.98
2.67
1.98
2.00
1.93
1.93
1.90
1.92
1.94
1.94
1.95
1.94
1.99
1.98
1.99
1.98
2.02
2.02
2.01
2.01
1.97
2.00
3.73
1.98
1.93
1.94
1.95
1.97
1.96	163.56
3.69
3.62
1.97
1.98
1.99
1.98
1.98
1.95
1.94
1.93
1.93
1.95
1.94
1.96
1.95
1.92
1.93
1.93
1.92
1.97
1.99
1.98
1.97
1.93
1.94
1.94
1.94
1.95
1.97
1.95
1.95
CorWatt	PkgWatt
130.31	321.91
2.00	162.09
2.00
2.00
1.98
1.99
1.97
2.00
1.99
1.92
1.94
1.91
1.93
1.95
1.94
1.94
1.94
1.98
2.00
2.02
1.99
2.01
2.03
2.02
2.00
1.95
1.99
3.76
1.98
1.95
1.96
1.96
1.96
1.99	164.32
3.69
3.60
1.95
1.98
2.70
1.98
1.96
1.93
1.94
1.94
1.93
1.94
1.97
1.95
1.95
1.92
1.93
1.93
1.93
1.97
1.99
1.98
1.98
1.94
1.95
1.94
1.93
1.95
1.97
1.95
1.95
CorWatt	PkgWatt
138.09	343.86
1.99	162.26
1.99
2.01
1.98
2.00
1.96
1.99
1.99
1.91
1.95
1.90
1.93
1.94
1.96
1.94
1.93
1.98
1.99
2.02
1.96
2.02
2.00
2.02
2.01
1.97
2.00
3.76
1.99
1.96
1.97
1.97
1.97
1.97	165.88
3.69
3.60
1.97
1.98
3.72
1.98
1.97
1.93
1.94
1.94
1.93
1.95
1.97
1.95
1.95
1.92
1.93
1.92
1.94
1.98
1.98
1.99
1.97
2.42
1.94
1.94
1.94
1.94
1.96
1.94
1.95
CorWatt	PkgWatt
129.68	317.38
2.00	162.37
1.99
2.01
1.99
2.00
1.96
1.98
2.00
1.92
1.96
1.91
1.94
1.95
1.93
1.95
1.95
1.98
1.99
2.01
1.98
2.01
2.02
2.02
2.01
1.98
2.01
3.70
1.98
1.95
1.98
1.96
1.96
1.96	166.68
3.69
3.27
1.98
1.99
3.68
1.96
1.99
1.94
1.93
1.95
1.94
1.95
1.95
1.95
1.95
1.93
1.93
1.93
1.94
1.99
1.99
1.99
1.98
3.70
1.93
1.94
1.94
1.96
1.97
1.95
1.94
CorWatt	PkgWatt
134.00	330.42
2.02	161.96
1.99
2.00
1.98
1.99
1.96
1.99
1.98
1.91
1.94
1.92
1.94
1.94
1.94
1.94
1.94
1.98
2.00
2.01
1.99
2.01
2.02
2.04
2.01
1.95
2.01
3.51
2.00
1.96
1.96
1.98
1.96
1.98	165.67
3.70
1.96
1.97
1.98
3.69
1.99
1.99
1.95
1.95
1.95
1.93
1.95
1.96
1.95
1.95
1.94
1.92
1.94
1.94
2.00
2.00
1.99
1.98
3.70
1.93
1.94
1.94
1.96
1.96
1.97
1.95
CorWatt	PkgWatt
130.99	325.14
2.01	161.18
1.99
2.00
1.98
1.99
1.97
2.00
1.99
1.92
1.93
1.91
1.94
1.92
1.94
1.94
1.95
1.98
2.00
2.01
1.99
2.05
2.02
2.01
2.00
1.97
1.98
2.56
1.98
1.94
1.94
1.97
1.97
1.96	165.43
3.69
1.95
1.97
1.98
3.69
1.97
1.96
1.94
1.93
1.93
1.93
1.96
1.95
1.95
1.95
1.91
1.92
1.93
1.94
1.99
1.99
1.98
1.99
3.68
1.94
1.94
1.93
1.95
1.96
1.94
1.95
CorWatt	PkgWatt
132.74	330.86
1.99	160.70
2.02
2.00
2.00
2.00
1.98
2.00
2.00
1.93
1.94
1.91
1.94
1.93
1.95
1.94
1.96
1.98
2.01
2.01
1.99
2.02
2.02
2.04
2.00
1.99
1.99
2.01
2.00
1.94
1.95
1.97
1.96
1.97	165.98
2.95
1.97
1.96
1.97
3.68
1.99
1.96
1.93
1.95
1.95
1.95
1.95
1.95
1.98
1.96
1.94
1.93
3.29
1.94
2.00
1.98
1.98
2.00
3.67
1.94
1.93
1.94
1.95
1.98
1.96
1.95
CorWatt	PkgWatt
131.13	324.59
2.00	160.55
1.98
2.01
2.00
1.99
1.98
2.00
1.98
1.91
1.95
1.90
1.93
1.94
1.95
1.92
1.94
1.97
2.00
2.02
1.98
2.00
2.02
2.02
2.00
1.99
2.00
1.98
1.98
1.93
1.95
1.97
1.96
1.98	165.77
1.97
1.96
1.95
1.97
3.69
1.97
1.98
1.93
1.94
2.40
1.94
1.95
1.96
1.97
1.94
1.93
1.92
3.55
1.93
1.98
1.98
1.99
1.99
3.68
1.93
1.94
1.95
1.95
1.94
1.95
1.95
CorWatt	PkgWatt
89.55	306.33
1.19	127.27
1.19
1.19
1.17
1.17
1.16
1.17
1.15
1.12
1.12
1.11
1.12
1.11
1.12
1.11
1.11
1.13
1.14
1.13
1.12
1.15
1.14
1.13
1.12
1.10
1.18
1.11
1.10
1.06
1.07
1.07
1.06
1.14	137.71
1.14
1.13
1.12
1.15
3.80
1.14
1.14
1.10
1.11
3.85
1.09
1.07
1.06
1.06
1.05
1.08
1.07
3.60
1.08
1.08
1.07
1.07
1.06
3.84
1.06
1.05
1.05
1.02
1.02
1.01
1.00
CorWatt	PkgWatt
30.53	187.10
0.16	80.47
0.15
0.15
0.15
0.15
0.14
0.14
0.14
0.13
0.13
0.13
0.13
0.12
0.13
0.12
0.12
0.14
0.14
0.14
0.14
0.15
0.14
0.14
0.14
0.13
0.13
0.13
0.13
0.13
0.13
0.13
0.12
0.27	106.22
0.27
0.27
0.27
0.32
3.49
0.34
0.32
0.30
0.31
3.98
0.29
0.25
0.24
0.25
0.24
0.31
0.31
3.65
0.32
0.27
0.28
0.27
0.27
3.96
0.31
0.31
0.31
0.30
0.31
3.32
0.30
CorWatt	PkgWatt
27.16	183.07
0.15	79.93
0.14
0.14
0.14
0.13
0.13
0.13
0.13
0.12
0.12
0.12
0.12
0.12
0.12
0.12
0.12
0.13
0.13
0.13
0.13
0.15
0.14
0.14
0.14
0.13
0.13
0.13
0.13
0.12
0.12
0.12
0.12
0.26	103.16
0.26
0.26
0.26
0.27
0.27
0.27
0.27
0.29
0.30
3.97
0.29
0.24
0.24
0.24
0.24
0.31
0.31
3.65
0.31
0.27
0.28
0.27
0.28
3.95
0.30
0.31
0.30
0.30
0.31
3.67
0.30
CorWatt	PkgWatt
26.58	188.32
0.23	85.02
0.21
0.17
0.19
0.15
0.17
0.20
0.22
0.16
0.14
0.16
0.21
0.20
0.18
0.17
0.14
0.17
0.16
0.20
0.23
0.21
0.23
0.17
0.15
0.20
0.17
0.17
0.20
0.29
0.13
0.17
0.15
0.32	102.59
0.27
0.27
0.28
0.27
0.28
0.27
0.27
0.29
0.30
3.96
0.29
0.23
0.23
0.24
0.23
0.31
0.30
3.64
0.31
0.27
0.27
0.27
0.27
1.56
0.27
0.27
0.28
0.30
0.32
3.66
0.30
CorWatt	PkgWatt
23.45	178.57
0.14	79.45
0.13
0.13
0.13
0.13
0.13
0.13
0.13
0.11
0.11
0.11
0.11
0.11
0.11
0.11
0.11
0.13
0.13
0.13
0.13
0.14
0.13
0.13
0.13
0.12
0.12
0.12
0.12
0.11
0.11
0.11
0.11
0.26	99.78
0.26
0.26
0.26
0.27
0.27
0.27
0.28
0.28
0.30
3.97
0.28
0.24
0.24
0.25
0.24
0.30
0.30
3.64
0.30
0.27
0.27
0.27
0.27
0.25
0.76
0.25
0.25
0.29
0.31
3.65
0.31
CorWatt	PkgWatt
26.93	182.49
0.16	80.28
0.15
0.15
0.15
0.15
0.14
0.14
0.15
0.13
0.13
0.13
0.13
0.13
0.13
0.13
0.12
0.16
0.14
0.15
0.16
0.16
0.15
0.15
0.14
0.15
0.14
0.15
0.14
0.13
0.13
0.15
0.13
0.25	102.29
0.25
0.25
0.25
0.26
0.26
0.26
0.26
0.28
0.30
3.97
0.28
0.23
0.23
0.23
0.23
0.30
0.30
3.64
0.31
0.26
0.26
0.26
0.26
0.29
3.61
0.29
0.29
0.29
0.30
3.65
0.30
CorWatt	PkgWatt
29.38	184.42
0.15	80.10
0.14
0.14
0.14
0.14
0.14
0.14
0.14
0.13
0.12
0.12
0.12
0.12
0.12
0.12
0.12
0.14
0.14
0.14
0.14
0.23
0.14
0.14
0.14
0.13
0.13
0.13
0.13
0.12
0.12
0.12
0.12
0.25	104.98
0.25
0.25
0.26
0.27
0.27
0.27
0.26
0.28
0.30
3.97
0.29
0.23
0.23
0.23
0.23
0.30
0.30
3.64
0.31
0.30
0.30
0.30
2.77
0.30
3.60
0.30
0.30
0.29
0.31
3.65
0.31
CorWatt	PkgWatt
78.48	207.25
1.35	130.73
1.34
1.32
1.36
1.37
1.36
1.38
1.38
1.32
1.34
1.31
1.32
1.38
1.37
1.38
1.38
1.37
1.36
1.39
1.41
1.41
1.42
1.43
1.41
1.41
1.41
1.42
1.45
1.33
1.32
1.37
1.38
1.19	138.63
1.13
1.13
1.19
1.20
1.19
1.32
1.18
1.00
1.00
3.90
0.82
1.06
1.02
1.13
1.09
1.34
1.36
2.51
1.36
0.98
1.84
1.12
2.97
0.95
3.59
0.86
0.94
1.42
1.46
3.62
1.46
CorWatt	PkgWatt
148.74	401.32
1.85	145.09
1.83
1.82
1.83
1.84
1.84
1.88
1.86
1.77
1.84
1.74
1.77
1.81
1.80
1.80
1.82
1.82
1.81
1.86
1.83
1.83
1.84
1.84
1.82
1.80
1.82
1.81
1.85
1.76
1.75
1.79
1.82
1.85	150.11
1.70
1.69
1.69
1.71
1.70
1.72
1.74
1.66
1.70
3.60
1.70
1.65
1.65
1.67
1.68
1.62
1.65
1.62
1.63
1.76
3.67
1.73
1.77
1.65
3.25
1.85
1.69
1.68
1.72
3.57
1.69
CorWatt	PkgWatt
26.74	189.88
0.21	83.92
0.20
0.20
0.19
0.20
0.19
0.19
0.19
0.17
0.17
0.17
0.17
0.16
0.17
0.17
0.16
0.19
0.20
0.19
0.20
0.21
0.20
0.19
0.19
0.19
0.18
0.19
0.19
0.18
0.18
0.17
0.17
0.30	105.92
0.30
0.30
0.30
0.64
0.34
0.33
0.34
0.28
0.28
0.29
0.28
0.29
0.27
0.28
0.27
0.31
0.31
0.30
0.31
0.35
3.91
0.37
0.37
0.34
0.34
3.59
0.34
0.34
0.35
3.88
0.34
CorWatt	PkgWatt
20.96	176.45
0.14	79.62
0.13
0.13
0.13
0.13
0.13
0.13
0.13
0.12
0.12
0.12
0.12
0.11
0.11
0.11
0.12
0.13
0.13
0.13
0.13
0.15
0.13
0.13
0.13
0.12
0.12
0.12
0.12
0.12
0.11
0.11
0.11
0.26	96.81
0.25
0.25
0.25
0.25
0.25
0.25
0.26
0.22
0.22
0.22
0.22
0.23
0.22
0.22
0.22
0.26
0.25
0.25
0.26
0.31
3.89
0.31
0.31
0.29
0.29
3.57
0.30
0.27
0.27
2.09
0.28
CorWatt	PkgWatt
23.23	182.11
0.18	82.44
0.17
0.18
0.17
0.17
0.17
0.16
0.16
0.15
0.15
0.14
0.15
0.15
0.15
0.15
0.14
0.16
0.17
0.17
0.17
0.18
0.17
0.17
0.17
0.16
0.16
0.16
0.15
0.15
0.15
0.15
0.15
0.29	99.72
0.26
0.28
0.25
0.29
0.29
0.28
0.28
0.26
0.26
0.26
0.26
0.29
0.26
0.29
2.26
0.29
0.29
0.29
0.29
0.35
3.91
0.34
0.34
0.32
0.32
3.58
0.33
0.27
0.27
0.25
0.28
CorWatt	PkgWatt
24.88	180.06
0.14	79.04
0.13
0.13
0.13
0.12
0.12
0.12
0.12
0.11
0.11
0.11
0.11
0.11
0.11
0.11
0.11
0.13
0.13
0.13
0.12
0.13
0.12
0.12
0.12
0.11
0.11
0.11
0.11
0.11
0.11
0.11
0.11
0.28	100.90
0.28
2.38
0.28
0.25
0.25
0.25
0.25
0.24
0.23
0.23
0.23
0.28
0.28
0.29
3.74
0.26
0.26
0.25
0.26
0.31
3.94
0.31
0.31
0.29
0.29
3.62
0.29
0.23
0.24
0.23
0.24
CorWatt	PkgWatt
81.35	244.60
1.06	114.75
1.04
1.04
1.05
1.12
1.12
1.12
1.08
1.03
0.99
1.02
0.99
1.03
1.05
1.06
1.07
1.07
1.12
1.05
1.06
1.07
1.05
1.13
1.05
1.04
1.05
1.09
1.11
1.04
1.09
1.03
1.07
1.18	129.83
1.18
3.74
1.19
1.11
1.12
1.12
1.13
1.09
1.09
1.08
1.09
1.19
1.20
1.16
3.62
1.15
1.15
1.08
1.18
1.20
3.72
1.15
1.14
1.12
1.13
3.51
1.13
1.10
2.09
1.10
1.10
CorWatt	PkgWatt
118.73	282.84
1.74	138.45
1.72
1.71
1.73
1.74
2.23
1.75
1.72
1.64
1.67
1.64
1.65
1.68
1.68
1.69
1.70
1.71
1.73
1.74
1.75
1.77
1.75
1.78
2.78
1.72
1.74
1.74
1.75
1.66
1.71
1.71
1.71
1.76	144.39
1.77
2.47
1.77
1.78
1.78
1.78
1.75
1.73
1.75
1.73
1.75
1.75
1.75
1.75
3.02
1.71
1.74
1.71
1.74
1.78
3.55
1.79
1.78
1.74
1.71
2.25
1.75
1.75
3.69
1.76
1.76
CorWatt	PkgWatt
68.25	233.92
0.93	116.79
0.89
0.90
0.91
0.96
3.72
0.97
0.93
0.84
0.87
0.82
0.86
0.86
0.86
0.87
0.87
0.89
0.91
0.91
0.92
0.95
0.93
0.92
3.52
0.89
0.91
0.87
0.91
0.86
0.88
0.89
0.87
0.91	117.31
0.91
0.92
0.88
0.95
0.93
0.93
0.92
0.87
0.90
0.90
0.90
0.90
0.84
0.91
0.89
0.92
0.91
0.87
0.91
0.95
2.99
0.97
0.95
0.90
0.88
0.92
0.90
0.93
3.90
0.92
0.94
CorWatt	PkgWatt
26.45	185.60
0.27	94.19
0.26
0.26
0.25
0.30
3.87
0.30
0.30
0.22
0.22
0.22
0.22
0.22
0.22
0.22
0.22
0.25
0.25
0.25
0.25
0.39
0.30
0.30
3.56
0.23
0.23
0.23
0.23
0.22
0.22
0.22
0.22
0.24	91.31
0.24
0.24
0.24
0.25
0.25
0.25
0.25
0.22
0.22
0.22
0.22
0.22
0.22
0.23
0.22
0.25
0.25
0.24
0.25
0.25
0.25
0.25
0.25
0.23
0.24
0.23
0.24
0.29
3.99
0.29
0.29
CorWatt	PkgWatt
29.97	188.80
0.29	94.59
0.29
0.26
0.28
0.33
3.88
0.33
0.33
0.23
0.24
0.23
0.24
0.24
0.23
0.23
0.24
0.27
0.27
0.26
0.27
0.34
0.31
0.31
3.57
0.26
0.27
0.25
0.27
0.25
0.23
0.24
0.23
0.27	94.24
0.25
0.26
0.27
0.27
0.25
0.26
0.27
0.23
0.24
0.24
0.24
0.25
0.23
0.24
0.23
2.64
0.29
0.29
0.29
0.27
0.27
0.27
0.27
0.24
0.24
0.26
0.25
0.29
4.00
0.30
0.31
CorWatt	PkgWatt
89.09	269.80
1.34	135.91
2.29
1.29
1.26
1.24
3.77
1.30
1.20
1.24
1.15
1.22
1.17
1.23
1.25
1.26
1.27
1.26
1.20
1.21
1.23
1.29
1.30
1.31
3.55
1.27
1.19
1.32
1.22
1.22
1.28
1.29
1.27
1.19	134.02
1.26
1.20
1.28
1.18
1.51
1.18
1.23
1.20
1.16
1.16
1.14
1.29
1.30
1.26
1.27
3.67
1.20
1.28
1.25
1.23
1.15
1.21
1.28
1.19
1.21
1.18
1.19
1.20
2.66
1.31
1.22
CorWatt	PkgWatt
129.29	323.29
1.94	162.62
3.47
1.93
1.94
1.94
3.67
1.94
1.91
1.85
1.89
1.83
1.86
1.89
1.89
1.90
1.91
1.92
1.95
1.93
1.95
1.95
1.94
1.97
3.53
1.92
1.93
1.93
1.94
1.85
1.91
1.91
1.92
1.87	160.67
1.89
1.88
1.87
1.90
3.65
1.90
1.87
1.85
1.86
1.86
1.87
1.88
1.87
1.87
1.87
3.54
1.84
1.80
1.84
1.89
1.87
1.89
1.89
1.83
1.81
1.83
1.84
1.84
1.88
1.86
1.86
CorWatt	PkgWatt
129.47	323.50
1.94	162.84
3.47
1.93
1.94
1.95
3.67
1.95
1.92
1.86
1.90
1.83
1.86
1.89
1.89
1.90
1.91
1.92
1.95
1.94
1.96
1.96
1.94
1.97
3.54
1.93
1.94
1.94
1.95
1.86
1.91
1.91
1.92
1.87	160.64
1.89
1.89
1.88
1.91
3.66
1.91
1.87
1.85
1.86
1.86
1.87
1.88
1.87
1.87
1.88
3.54
1.84
1.81
1.84
1.89
1.88
1.89
1.89
1.83
1.81
1.83
1.84
1.84
1.87
1.86
1.87
CorWatt	PkgWatt
128.83	323.10
1.94	162.20
3.47
1.93
1.94
1.94
2.60
1.95
1.91
1.85
1.90
1.83
1.86
1.89
1.89
1.90
1.91
1.92
1.95
1.94
1.95
1.95
1.94
1.97
3.54
2.08
1.94
1.94
1.95
1.86
1.91
1.91
1.92
1.93	160.87
1.90
1.90
1.88
1.92
3.66
1.91
1.87
1.86
1.87
1.87
1.86
1.89
1.88
1.88
1.88
3.54
1.85
1.82
1.85
1.90
1.88
1.90
1.90
1.84
1.82
1.84
1.85
1.85
1.89
1.87
1.87
CorWatt	PkgWatt
129.73	324.35
2.09	159.93
3.48
1.91
1.91
1.93
1.92
1.94
1.88
1.82
1.86
1.79
1.81
1.86
1.87
1.87
1.87
1.88
1.91
1.88
1.89
1.93
1.91
1.93
2.50
1.88
1.90
1.89
1.90
1.83
1.88
1.89
1.88
2.27	164.39
2.01
2.00
1.99
2.00
3.69
2.02
1.98
1.97
1.97
1.97
1.97
1.99
1.99
1.98
1.96
3.56
1.98
1.95
1.99
2.01
2.00
2.02
2.02
1.95
1.94
1.96
1.97
1.96
1.99
1.97
1.99
CorWatt	PkgWatt
111.77	267.34
1.89	158.28
2.63
1.87
1.87
1.91
1.90
1.91
1.87
1.81
1.86
1.79
1.81
1.85
1.86
1.86
1.86
1.88
1.92
1.90
1.91
1.93
1.92
1.94
2.05
1.89
1.91
1.91
1.93
1.84
1.91
1.90
1.90
1.97	164.16
2.00
2.00
1.99
2.00
3.68
2.02
1.98
1.96
1.97
1.98
1.97
1.99
1.98
1.98
1.97
3.57
1.97
1.95
1.98
2.01
1.99
2.00
2.02
1.95
1.93
1.96
1.97
1.95
1.99
1.97
1.99
CorWatt	PkgWatt
145.75	388.15
1.89	157.72
1.88
1.87
1.87
1.92
1.91
1.92
1.86
1.81
1.86
1.79
1.81
1.86
1.85
1.85
1.86
1.88
1.92
1.91
1.91
1.91
1.91
1.94
2.03
1.87
1.91
1.90
1.91
1.83
2.00
1.87
1.89
1.95	163.45
1.97
1.99
1.97
1.99
3.68
2.00
1.97
1.93
1.95
1.95
1.96
1.97
1.95
1.96
1.94
3.55
1.94
1.91
1.96
2.00
1.98
1.99
2.01
1.91
1.90
1.94
1.95
1.93
1.94
1.95
1.96
CorWatt	PkgWatt
121.76	311.57
1.94	158.81
2.07
1.92
1.94
1.95
1.94
1.95
1.92
1.85
1.90
1.83
1.86
1.89
1.89
1.90
1.91
1.92
1.95
1.93
1.95
1.95
1.94
1.98
1.93
1.93
1.94
1.94
1.95
1.86
1.92
1.92
1.92
1.87	160.25
1.88
1.88
1.88
1.89
3.66
1.90
1.87
1.85
1.85
1.84
1.85
1.86
1.85
1.86
1.85
3.54
1.84
1.82
1.85
1.90
1.89
1.89
1.90
1.81
1.80
1.81
1.82
1.82
1.85
1.83
1.84
CorWatt	PkgWatt
130.06	329.33
1.90	157.71
1.89
1.88
1.89
1.92
1.91
1.93
1.88
1.82
1.85
1.79
1.81
1.87
1.87
1.87
1.87
1.89
1.92
1.90
2.09
1.98
1.92
1.94
1.90
1.91
1.93
1.91
1.92
1.85
1.91
1.91
1.90
1.97	163.89
1.99
1.99
1.99
2.00
3.68
2.01
1.98
1.97
1.97
1.96
1.96
1.98
1.98
1.98
1.96
3.56
1.97
1.94
1.98
2.01
1.99
2.00
2.01
1.95
1.94
1.95
1.96
1.95
1.99
1.97
1.98
CorWatt	PkgWatt
126.45	321.47
2.00	159.92
1.90
1.89
1.90
1.92
1.91
1.93
1.89
1.84
1.87
1.81
1.82
1.88
1.88
1.88
1.88
1.91
1.94
1.92
3.63
1.94
1.93
1.95
1.91
1.91
1.94
1.92
1.93
1.86
1.91
1.91
1.90
1.94	161.57
1.96
1.95
1.94
1.95
3.67
1.96
1.93
1.93
1.94
1.92
1.93
1.95
2.12
1.96
1.93
1.93
1.92
1.90
1.93
1.97
1.95
1.96
1.97
1.91
1.90
1.91
1.92
1.92
1.95
1.92
1.93
CorWatt	PkgWatt
125.21	319.91
1.96	161.70
1.94
3.39
1.94
1.94
1.89
1.95
1.91
1.85
1.90
1.85
1.86
1.90
1.90
1.90
1.91
1.92
1.95
1.94
3.63
1.96
1.96
1.98
1.93
1.94
1.94
1.94
1.96
1.86
1.93
1.92
1.91
1.86	158.26
1.88
1.85
1.85
1.87
2.82
1.87
1.84
1.85
1.87
1.84
1.85
1.87
1.86
1.89
1.85
1.83
1.84
1.82
1.84
1.90
1.90
1.90
1.90
1.85
1.83
1.83
1.84
1.86
1.88
1.99
1.85
CorWatt	PkgWatt
124.32	318.96
1.95	161.83
1.93
3.45
1.95
1.94
1.90
1.95
1.91
1.87
1.90
1.84
1.86
1.91
1.90
1.91
1.90
1.92
1.96
1.94
3.62
1.97
1.95
1.98
1.93
1.95
1.94
1.94
1.96
1.92
1.92
1.94
1.91
1.82	157.09
1.87
1.85
1.85
1.87
1.88
1.87
1.84
1.85
1.86
1.84
1.84
1.87
1.85
1.88
1.84
1.83
1.84
1.81
1.84
1.90
1.89
1.90
1.89
1.84
1.82
1.83
1.83
1.85
1.88
2.04
1.85
CorWatt	PkgWatt
124.42	319.08
1.95	162.18
2.02
3.45
1.95
1.94
1.90
1.96
2.08
1.86
1.90
1.84
1.90
1.89
1.92
1.91
1.92
1.93
1.96
1.94
3.63
1.97
1.95
1.99
1.93
1.95
1.95
1.96
1.95
1.87
1.92
1.94
1.92
1.86	156.91
1.87
1.85
1.85
1.87
1.88
1.87
1.84
1.84
1.85
1.83
1.84
1.86
1.85
1.87
1.84
1.83
1.84
1.81
1.84
1.90
1.89
1.90
1.89
1.84
1.82
1.82
1.82
1.84
1.87
1.84
1.84
CorWatt	PkgWatt
124.88	319.61
1.96	162.82
2.15
3.46
1.96
1.97
1.91
1.95
1.94
1.86
2.42
1.84
1.90
1.89
1.91
1.91
1.94
1.92
1.96
1.94
3.63
1.96
1.96
1.99
1.94
1.93
1.94
1.95
1.96
1.86
1.92
1.94
1.92
1.86	156.79
1.88
1.87
1.86
1.88
1.89
1.88
1.85
1.84
1.85
1.83
1.85
1.86
1.84
1.86
1.84
1.81
1.83
1.81
1.84
1.90
1.88
1.89
1.90
1.81
1.80
1.81
1.81
1.83
1.85
1.84
1.84
CorWatt	PkgWatt
125.98	320.40
1.95	163.49
1.94
3.46
1.97
1.95
1.91
1.96
1.93
1.87
3.61
1.84
1.91
1.90
1.92
1.92
1.92
1.94
1.96
1.94
3.63
1.98
1.96
1.99
1.94
1.94
1.96
1.95
1.98
1.88
1.92
1.93
1.94
1.86	156.89
1.88
1.88
1.87
1.88
1.89
1.89
1.86
1.84
1.85
1.84
1.86
1.86
1.84
1.86
1.84
1.80
1.83
1.81
1.83
1.90
1.88
1.89
1.90
1.81
1.80
1.81
1.81
1.82
1.85
1.83
1.83
CorWatt	PkgWatt
127.20	321.54
1.95	163.39
1.94
3.46
1.97
1.95
1.91
1.96
1.92
1.87
3.61
1.84
1.91
1.91
1.91
1.92
1.93
1.94
1.96
1.94
3.63
1.97
1.96
2.00
1.94
1.95
1.96
1.96
1.96
1.88
1.93
1.93
1.94
1.87	158.12
1.87
1.87
1.87
1.88
1.89
1.89
1.86
1.84
1.86
1.84
1.86
3.02
1.85
1.86
1.85
1.80
1.82
1.80
1.83
1.89
1.88
1.89
1.89
1.81
1.82
1.81
1.81
1.82
1.85
1.84
1.83
CorWatt	PkgWatt
127.74	322.01
1.95	163.55
1.94
3.46
1.97
1.96
1.91
2.02
1.92
1.87
3.61
1.84
1.91
1.90
1.91
1.92
1.94
1.94
1.96
1.95
3.63
1.97
1.97
1.99
1.94
1.94
1.95
1.96
1.98
1.86
1.93
1.94
1.93
1.86	158.48
1.87
1.87
1.86
1.88
1.89
1.88
1.86
1.84
1.85
1.84
1.85
3.60
1.85
1.86
1.85
1.80
1.82
1.81
1.83
1.88
1.88
1.89
1.89
1.80
1.81
1.80
1.80
1.82
1.85
1.83
1.83
CorWatt	PkgWatt
127.79	322.00
1.96	163.55
1.94
3.45
1.97
1.95
1.91
1.99
1.94
1.87
3.61
1.84
1.91
1.90
1.92
1.92
1.93
1.93
1.97
1.95
3.63
2.01
1.97
2.00
1.94
1.94
1.96
1.96
1.96
1.87
1.95
1.93
1.94
1.86	158.46
1.87
1.87
1.86
1.88
1.89
1.88
1.85
1.84
1.85
1.84
1.85
3.61
1.85
1.86
1.85
1.80
1.82
1.80
1.83
1.88
1.88
1.89
1.90
1.80
1.82
1.81
1.81
1.82
1.85
1.83
1.83
CorWatt	PkgWatt
129.93	324.41
1.94	162.98
1.97
3.46
1.92
1.93
1.89
1.94
1.94
1.84
3.61
1.80
1.87
1.88
1.90
1.89
1.88
1.91
1.94
1.93
3.38
1.96
1.94
1.99
1.91
1.93
1.94
1.93
2.09
1.85
1.91
1.92
1.93
1.95	161.47
1.96
1.96
1.95
1.97
1.98
1.97
1.94
1.94
1.94
1.94
1.93
3.63
1.94
1.95
1.94
1.89
1.92
1.90
1.93
1.97
1.96
1.98
1.98
1.91
1.93
1.91
1.92
1.91
1.95
1.93
1.93
CorWatt	PkgWatt
127.63	322.69
1.94	162.19
2.06
3.46
1.93
1.94
1.89
1.95
2.11
1.85
3.61
1.82
1.88
1.89
1.89
1.89
1.91
1.91
1.95
1.93
1.94
1.96
1.95
1.97
1.93
1.93
1.95
1.93
1.92
1.87
1.91
1.92
1.92
1.92	160.50
1.93
1.93
1.92
1.93
1.95
1.94
1.92
1.89
1.90
1.90
1.91
3.62
1.91
1.92
1.91
1.86
1.88
1.87
1.89
1.94
1.92
1.94
1.94
1.87
1.89
1.87
1.88
1.88
1.91
1.90
1.90
CorWatt	PkgWatt
124.64	319.63
2.22	161.25
1.93
1.93
1.95
1.94
1.91
1.95
2.06
1.86
3.61
1.84
1.91
1.91
1.91
1.92
1.91
1.93
1.95
1.95
1.95
1.96
1.96
1.99
1.94
1.94
2.02
1.94
1.95
1.88
1.91
1.93
1.93
1.86	158.36
1.86
1.86
1.86
1.88
1.88
1.88
1.85
1.84
1.84
1.83
1.85
3.61
1.84
1.85
1.85
1.80
1.81
1.80
1.82
1.88
1.87
1.88
1.89
1.80
1.81
1.80
1.81
1.82
1.85
1.83
1.83
CorWatt	PkgWatt
127.06	321.80
2.01	160.28
1.91
1.91
1.92
1.94
1.91
1.94
1.91
1.84
3.61
1.80
1.87
1.87
1.90
1.88
1.87
1.90
1.93
1.93
1.97
1.96
1.94
1.95
1.91
1.94
1.94
2.04
1.92
1.87
1.90
1.92
1.91
1.94	161.49
1.97
1.96
1.96
1.98
1.98
1.97
1.95
1.94
1.95
1.94
1.95
3.63
1.94
1.96
1.95
1.90
1.92
1.90
1.94
1.97
1.98
1.99
1.99
1.92
1.94
1.92
1.93
1.93
1.96
1.94
1.95
CorWatt	PkgWatt
127.30	322.33
1.93	160.52
1.91
1.90
1.91
1.93
1.88
1.94
1.90
1.83
3.61
1.79
1.87
1.87
1.90
1.87
1.87
1.91
1.93
1.92
2.01
1.96
1.94
1.95
1.92
1.94
1.95
1.91
1.99
2.11
1.92
1.91
1.90
1.96	161.95
1.97
1.97
1.97
1.99
1.99
1.97
1.95
1.94
1.96
1.94
1.95
3.63
1.95
1.97
1.95
1.91
1.93
1.91
1.94
1.98
1.98
1.99
1.99
1.92
1.95
1.92
1.95
1.94
1.97
1.95
1.96
CorWatt	PkgWatt
125.59	320.14
1.95	161.86
1.94
1.93
1.91
1.94
1.91
2.00
1.92
1.87
3.18
1.85
1.91
1.90
1.90
1.93
1.93
1.94
1.96
3.14
1.95
1.97
1.97
1.98
1.96
1.95
2.03
1.95
1.95
2.08
2.00
1.93
1.93
1.87	158.33
1.87
1.87
1.86
1.88
1.89
1.87
1.84
1.86
1.87
1.84
1.86
3.60
1.87
1.88
1.86
1.81
1.81
1.79
1.82
1.88
1.87
1.88
1.88
1.83
1.84
1.80
1.82
1.84
1.86
1.83
1.84
CorWatt	PkgWatt
125.30	320.19
1.94	161.66
1.94
1.93
1.90
1.94
1.90
1.89
1.92
1.86
1.95
1.85
1.91
1.90
1.90
1.92
1.92
1.93
1.97
3.53
1.95
1.97
1.95
1.98
1.94
1.95
2.28
1.95
2.21
2.39
1.93
1.93
1.93
1.87	158.35
1.87
1.88
1.86
1.88
1.89
1.87
1.85
1.84
1.85
1.84
1.85
3.63
1.85
1.87
1.85
1.80
1.82
1.79
1.82
1.88
1.87
1.88
1.89
1.81
1.82
1.79
1.81
1.82
1.85
1.83
1.83
CorWatt	PkgWatt
125.28	320.32
1.94	163.03
1.94
1.93
1.90
1.94
1.90
1.89
2.22
1.86
1.89
1.85
1.90
1.90
1.89
1.91
1.92
1.93
1.96
3.54
1.95
1.97
2.01
1.98
1.94
1.95
3.58
1.96
2.05
2.27
1.93
1.93
1.93
1.87	157.34
1.89
1.88
1.87
1.89
1.89
1.88
1.85
1.84
1.85
1.84
1.85
2.32
1.84
1.86
1.85
1.80
1.82
1.80
1.83
1.89
1.88
1.89
1.90
1.80
1.82
1.79
1.81
1.82
1.85
1.83
1.83
CorWatt	PkgWatt
124.85	319.77
1.94	162.69
1.97
1.93
1.90
1.94
1.91
1.89
2.07
1.86
1.89
2.05
1.90
1.89
1.90
1.91
1.93
1.92
1.96
3.53
1.95
1.97
1.96
1.98
1.95
1.95
3.58
1.96
2.22
1.88
1.92
1.93
1.93
1.87	157.02
1.88
1.88
1.88
1.89
1.89
1.89
1.86
1.84
1.89
1.85
1.86
1.86
1.84
1.87
1.85
1.80
1.82
1.80
1.83
1.89
1.87
1.89
1.90
1.82
1.83
1.80
1.82
1.83
1.86
1.84
1.85
CorWatt	PkgWatt
124.74	319.54
2.38	162.62
2.02
1.93
1.90
1.94
1.92
1.89
1.95
1.87
1.91
1.84
1.89
1.88
1.89
1.91
1.93
1.93
1.96
3.54
1.95
2.03
1.96
1.98
1.93
1.95
3.59
1.96
1.92
1.89
1.92
1.93
1.94
1.86	157.04
1.88
1.89
1.87
1.89
1.89
1.89
1.86
1.84
1.86
1.85
1.86
1.86
1.84
1.86
1.85
1.79
1.81
1.79
1.82
1.88
1.87
1.88
1.89
1.82
1.83
1.81
1.83
1.84
1.87
1.85
1.86
CorWatt	PkgWatt
125.63	320.52
1.96	163.48
1.93
1.94
1.90
1.94
2.00
1.90
1.94
1.87
1.94
1.96
1.90
1.87
1.91
1.92
1.93
1.93
1.97
3.54
1.95
3.14
1.97
1.99
1.92
1.95
3.58
1.96
1.92
1.89
1.92
1.94
1.93
1.86	156.92
1.88
1.86
1.86
1.88
1.88
1.87
1.84
1.84
1.85
1.84
1.84
1.87
1.85
1.86
1.84
1.83
1.83
1.81
1.84
1.89
1.89
1.90
1.89
1.83
1.84
1.80
1.83
1.84
1.88
1.84
1.85
CorWatt	PkgWatt
126.36	320.56
1.95	163.70
1.93
1.95
1.90
1.95
1.91
1.91
1.94
1.87
2.13
1.85
1.91
1.88
1.90
1.93
1.92
1.93
1.97
3.54
1.95
3.71
1.97
1.99
1.93
1.97
3.59
1.96
1.92
1.89
1.93
1.96
1.93
1.85	156.96
1.88
1.86
1.87
1.87
1.89
1.87
1.85
1.84
1.86
1.84
1.84
1.87
1.85
1.88
1.85
1.83
1.84
1.81
1.84
1.90
1.89
1.90
1.90
1.83
1.84
1.80
1.83
1.85
1.88
1.84
1.85
CorWatt	PkgWatt
41.76	202.76
0.74	115.41
0.96
0.91
0.85
0.84
0.84
0.90
0.93
0.55
0.60
0.46
1.46
0.42
0.41
3.62
0.37
0.45
0.47
3.61
0.48
4.08
0.46
0.43
0.39
0.42
3.66
0.45
0.42
0.76
0.92
0.86
0.72
0.24	87.43
0.22
0.28
0.25
0.27
0.27
0.29
0.28
0.28
0.27
0.26
0.26
0.26
0.25
0.26
0.23
0.26
0.25
0.25
0.26
0.30
0.27
0.29
0.27
0.27
0.25
0.25
0.26
0.25
0.26
0.23
0.23
CorWatt	PkgWatt
34.51	190.14
0.78	109.80
0.87
0.88
0.70
0.76
0.76
0.85
0.72
0.37
1.51
0.32
0.36
0.28
0.28
3.71
0.28
0.32
0.33
3.61
0.33
4.08
0.32
0.31
0.30
0.32
3.67
0.31
0.31
0.76
0.62
0.71
0.83
0.13	80.06
0.12
0.12
0.12
0.13
0.12
0.12
0.12
0.12
0.12
0.11
0.11
0.11
0.11
0.11
0.11
0.13
0.12
0.12
0.12
0.14
0.14
0.16
0.14
0.12
0.12
0.12
0.12
0.12
0.12
0.12
0.12
CorWatt	PkgWatt
34.14	188.67
0.81	109.78
0.74
0.80
0.75
0.95
0.71
0.62
0.80
0.63
0.98
0.57
0.60
0.32
0.28
3.71
0.28
0.32
0.33
3.60
0.32
4.08
0.32
0.31
0.31
0.31
3.66
0.31
0.30
0.53
0.65
0.46
1.16
0.12	79.64
0.12
0.12
0.12
0.12
0.12
0.12
0.12
0.11
0.11
0.11
0.11
0.11
0.11
0.11
0.10
0.12
0.12
0.12
0.12
0.13
0.13
0.16
0.13
0.11
0.12
0.11
0.12
0.12
0.11
0.11
0.12
CorWatt	PkgWatt
33.66	196.17
0.88	112.23
0.66
0.71
0.56
0.86
0.72
0.60
0.69
0.80
0.61
0.82
0.63
0.35
0.32
3.71
0.34
0.55
0.76
1.20
0.79
4.09
0.36
0.35
0.33
0.40
3.67
0.32
0.33
0.47
0.45
0.38
1.38
0.15	84.41
0.13
0.14
0.15
0.15
0.15
0.14
0.15
0.12
0.12
0.12
0.14
0.13
0.13
0.12
0.13
0.15
0.16
0.14
0.16
0.15
0.15
0.16
0.21
0.14
0.14
0.16
0.16
0.14
0.12
0.14
0.16
CorWatt	PkgWatt
30.39	186.36
0.63	105.80
0.64
0.71
0.70
0.52
0.67
0.39
1.02
0.55
0.62
0.62
0.59
0.28
0.28
3.71
0.28
0.74
0.66
0.64
0.55
4.08
0.32
0.31
0.30
0.40
3.06
0.36
0.35
0.50
0.71
0.49
0.70
0.12	79.89
0.12
0.12
0.13
0.13
0.12
0.12
0.13
0.11
0.11
0.11
0.11
0.11
0.11
0.11
0.11
0.12
0.12
0.12
0.13
0.13
0.13
0.14
0.17
0.12
0.12
0.12
0.13
0.12
0.11
0.11
0.12
CorWatt	PkgWatt
28.39	185.78
0.65	105.20
0.66
0.67
0.54
0.63
0.49
0.51
0.90
0.52
0.58
0.56
0.61
0.30
0.29
3.72
0.30
0.54
1.00
0.49
0.47
4.07
0.32
0.31
0.31
0.69
0.49
0.59
0.64
0.64
0.52
0.47
0.51
0.14	80.61
0.14
0.13
0.13
0.14
0.14
0.13
0.14
0.12
0.12
0.12
0.12
0.12
0.13
0.13
0.12
0.14
0.14
0.14
0.14
0.15
0.16
0.18
0.19
0.13
0.13
0.14
0.14
0.13
0.12
0.13
0.14
CorWatt	PkgWatt
30.00	184.73
0.67	105.61
0.78
0.56
0.62
0.47
0.37
2.93
0.36
0.72
0.65
0.48
0.66
0.28
0.27
3.71
0.27
0.34
1.45
0.43
0.36
4.07
0.32
0.30
0.30
0.60
0.65
0.60
0.72
0.60
0.56
0.56
0.65
0.12	79.51
0.12
0.12
0.12
0.12
0.12
0.12
0.12
0.11
0.11
0.11
0.10
0.11
0.10
0.10
0.11
0.12
0.12
0.12
0.13
0.13
0.13
0.13
0.15
0.11
0.11
0.11
0.12
0.11
0.11
0.11
0.12
CorWatt	PkgWatt
100.87	236.19
1.75	154.98
1.78
1.77
1.69
1.76
1.76
3.38
1.78
1.59
1.61
1.64
1.64
1.68
1.73
3.53
1.72
1.68
1.75
1.66
1.67
3.77
1.69
1.73
1.66
2.27
1.71
1.70
1.70
1.72
1.76
1.76
1.75
1.84	154.44
1.87
1.84
1.83
1.86
1.87
1.86
1.85
1.82
1.85
1.83
1.85
1.87
1.82
1.87
1.82
1.82
1.82
1.79
1.84
1.88
1.85
1.87
1.90
1.83
1.87
1.78
1.85
1.84
1.88
1.79
1.88
CorWatt	PkgWatt
119.52	396.01
1.51	149.60
1.52
1.57
1.47
1.47
1.43
3.41
1.58
1.46
1.43
1.38
1.41
1.35
1.38
3.57
1.36
1.45
1.46
1.45
1.49
1.72
1.54
1.44
1.40
3.66
1.40
1.37
1.37
1.43
1.41
1.46
1.39
1.37	141.74
1.41
1.38
1.39
1.39
1.39
1.37
1.34
1.34
1.35
1.34
1.35
1.34
1.33
1.36
1.32
1.28
1.31
1.27
1.28
1.34
1.60
1.35
1.33
1.25
1.26
1.25
1.26
1.29
1.32
1.49
1.29
CorWatt	PkgWatt
31.43	192.14
0.71	107.71
0.65
0.72
0.76
0.38
0.34
3.47
0.34
0.51
0.77
0.66
0.53
0.46
0.46
2.06
0.41
0.66
0.67
0.58
0.54
0.71
0.62
0.58
0.65
3.74
0.35
0.53
0.37
0.60
0.61
0.61
0.69
0.17	84.46
0.17
0.17
0.17
0.18
0.18
0.19
0.17
0.20
0.17
0.17
0.19
0.16
0.16
0.14
0.17
0.17
0.18
0.14
0.18
0.19
0.21
0.20
0.19
0.17
0.18
0.17
0.17
0.17
0.17
0.23
0.18
CorWatt	PkgWatt
26.62	181.66
0.56	102.35
0.68
0.55
0.64
0.36
0.30
3.47
0.31
0.45
0.49
0.61
0.64
0.55
0.43
0.61
0.63
0.65
0.63
0.57
0.50
0.52
0.54
0.63
0.66
3.73
0.30
0.51
0.30
0.46
0.58
0.48
0.68
0.11	79.24
0.11
0.11
0.11
0.12
0.12
0.12
0.12
0.14
0.11
0.11
0.11
0.10
0.10
0.10
0.10
0.12
0.11
0.11
0.12
0.12
0.12
0.12
0.12
0.11
0.11
0.11
0.11
0.10
0.10
0.10
0.11
CorWatt	PkgWatt
29.09	187.89
0.76	104.81
0.60
0.71
0.52
0.39
0.34
3.47
0.32
0.59
0.62
0.49
0.58
0.62
0.61
0.50
0.61
0.59
0.61
0.57
0.56
0.60
0.55
0.69
0.58
3.73
0.35
0.37
0.52
0.59
0.54
0.62
0.60
0.17	83.21
0.15
0.16
0.17
0.16
0.17
0.19
0.17
0.17
0.19
0.16
0.16
0.16
0.16
0.15
0.17
0.16
0.17
0.14
0.16
0.18
0.18
0.19
0.19
0.17
0.17
0.16
0.16
0.16
0.15
0.16
0.16
CorWatt	PkgWatt
32.09	187.01
0.79	107.31
0.64
0.58
0.85
0.38
0.30
3.47
0.30
0.72
0.64
0.72
0.58
0.48
0.48
2.21
0.41
0.71
0.66
0.50
0.81
0.79
0.71
0.69
0.65
3.72
0.31
0.30
0.50
0.29
0.29
0.31
3.52
0.12	79.53
0.12
0.12
0.12
0.12
0.12
0.12
0.12
0.11
0.14
0.11
0.11
0.11
0.11
0.11
0.11
0.12
0.12
0.12
0.12
0.12
0.12
0.12
0.12
0.12
0.12
0.12
0.12
0.11
0.11
0.11
0.11
CorWatt	PkgWatt
109.32	286.77
1.66	147.44
1.65
1.60
1.66
1.65
1.57
3.33
1.63
1.52
1.52
1.49
1.47
1.57
1.57
1.90
3.18
1.65
1.59
1.65
1.63
1.64
1.67
1.65
1.60
3.55
1.64
1.64
1.60
1.55
1.55
1.52
3.40
1.59	139.42
1.61
1.60
1.59
1.64
1.62
1.65
1.59
1.54
1.57
1.58
1.62
1.57
1.57
1.54
1.61
1.53
1.55
1.57
1.56
1.64
1.64
1.60
1.60
1.57
1.61
1.59
1.55
1.56
1.56
1.57
1.64
CorWatt	PkgWatt
117.74	290.21
1.74	149.17
1.77
1.75
1.74
1.74
1.74
3.31
1.82
1.63
1.65
1.61
1.66
1.68
1.71
1.71
3.50
1.73
1.73
1.75
1.73
1.78
1.77
1.78
1.76
3.53
1.76
1.75
1.72
1.72
1.72
1.70
3.50
1.75	140.99
1.75
1.74
1.74
1.76
1.76
1.76
1.73
1.72
1.74
1.74
1.73
1.73
1.73
1.73
1.73
1.70
1.72
1.69
1.72
1.76
1.75
1.77
1.76
1.73
1.73
1.70
1.71
1.74
1.74
1.72
1.74
CorWatt	PkgWatt
43.85	202.71
0.77	114.21
0.91
0.87
0.91
0.66
0.63
2.46
0.62
0.79
0.84
0.75
0.86
0.48
0.46
0.46
3.88
0.51
0.55
1.49
0.56
0.80
0.91
0.95
0.66
3.71
0.50
0.49
0.46
0.47
0.47
0.48
3.94
0.33	88.67
0.32
0.33
0.33
0.36
0.39
0.34
0.36
0.31
0.32
0.32
0.31
0.35
0.32
0.32
0.29
0.33
0.33
0.33
0.33
0.35
0.35
0.35
0.35
0.32
0.33
0.32
0.33
0.33
0.32
0.29
0.32
CorWatt	PkgWatt
31.06	185.91
0.65	106.32
0.72
0.63
0.64
0.61
0.76
0.71
0.57
0.85
0.51
0.55
0.60
0.32
0.28
0.27
3.93
0.43
0.37
0.75
1.04
0.69
0.61
0.73
0.60
3.72
0.31
0.29
0.30
0.28
0.28
0.29
3.97
0.12	79.48
0.12
0.12
0.12
0.12
0.12
0.12
0.12
0.11
0.11
0.11
0.11
0.14
0.11
0.11
0.11
0.12
0.12
0.12
0.12
0.12
0.13
0.12
0.12
0.12
0.12
0.11
0.11
0.11
0.11
0.11
0.11
CorWatt	PkgWatt
29.49	189.92
0.66	107.81
0.61
0.71
0.63
0.67
0.61
0.66
0.62
1.25
0.48
0.38
0.33
0.29
0.29
0.27
3.92
0.61
0.61
0.58
0.63
0.64
0.57
0.66
0.50
1.56
0.53
0.43
0.43
0.29
0.30
0.30
3.98
0.15	82.17
0.14
0.14
0.14
0.15
0.17
0.15
0.16
0.11
0.13
0.13
0.12
0.16
0.12
0.13
0.14
0.14
0.14
0.14
0.15
0.14
0.15
0.13
0.15
0.15
0.15
0.16
0.14
0.13
0.13
0.13
0.12
CorWatt	PkgWatt
118.63	310.08
2.04	156.51
1.82
1.82
1.81
1.85
1.76
1.76
1.85
1.75
1.70
1.67
1.70
1.71
1.79
1.72
3.64
1.84
1.78
1.76
1.82
1.83
1.82
1.77
1.74
1.82
1.81
1.80
1.81
1.67
1.71
1.64
3.68
1.84	153.66
1.83
1.80
1.80
1.88
1.78
1.81
1.83
1.80
1.78
1.80
1.85
1.80
1.77
1.80
1.85
1.79
1.80
1.75
1.79
1.81
1.84
1.83
1.85
1.83
1.80
1.80
1.83
1.77
1.78
1.80
1.84
CorWatt	PkgWatt
127.25	321.60
1.87	161.49
1.90
1.92
1.87
1.88
1.89
1.86
1.92
1.80
1.84
1.83
2.18
1.84
2.10
1.85
3.60
1.98
1.93
1.89
1.87
1.95
1.96
1.93
1.89
1.90
1.91
1.89
1.86
1.88
1.89
1.85
3.64
1.97	160.08
1.97
1.97
1.97
1.98
1.99
1.99
1.96
1.94
1.95
1.96
1.96
1.96
1.94
1.96
1.95
1.91
1.94
1.91
1.95
1.98
1.97
1.98
1.99
2.23
1.93
1.91
1.94
1.96
1.96
1.94
1.96
CorWatt	PkgWatt
126.95	320.65
1.88	160.98
2.04
1.92
1.88
1.89
1.88
1.88
1.95
1.83
1.85
1.82
1.85
1.84
1.89
1.85
3.60
1.83
1.94
1.90
1.89
1.93
1.96
1.92
2.02
1.89
2.09
1.90
1.86
1.88
1.90
1.86
3.64
1.96	159.65
1.97
1.97
1.97
1.98
1.99
1.99
1.96
1.94
1.96
1.97
1.97
1.97
1.95
1.95
1.96
1.91
1.94
1.91
1.95
1.99
1.97
1.99
2.00
1.94
1.94
1.92
1.94
1.97
1.96
1.94
1.96
CorWatt	PkgWatt
111.77	268.37
1.88	161.51
1.86
1.93
1.89
1.91
1.89
1.88
1.92
1.80
1.85
1.86
1.86
1.84
1.89
1.86
3.60
1.84
1.95
1.91
1.89
1.94
1.96
2.96
1.91
1.90
2.01
1.91
1.88
1.89
1.91
1.87
3.61
1.96	159.96
1.97
1.97
1.97
1.99
1.99
2.00
1.97
1.94
1.96
1.97
1.97
1.97
1.95
1.96
1.96
1.91
1.94
1.91
1.96
1.99
1.97
1.99
2.01
1.94
1.94
1.92
1.95
1.97
1.97
1.94
1.96
CorWatt	PkgWatt
145.18	384.27
2.21	160.94
1.86
1.91
1.88
1.89
1.88
2.08
1.91
1.79
1.84
1.84
1.87
1.83
1.89
1.85
2.63
1.93
1.92
1.90
1.87
1.93
1.98
3.58
1.91
1.87
1.90
1.90
1.87
1.87
1.89
2.18
1.99
1.96	159.75
1.97
1.97
1.97
1.98
1.99
1.98
1.96
1.94
1.95
1.97
1.96
1.97
1.94
1.95
1.96
1.91
1.94
1.91
1.95
1.98
1.96
1.98
2.00
1.93
1.94
1.91
1.94
1.96
1.96
1.94
1.96
CorWatt	PkgWatt
125.60	319.43
1.87	160.48
1.87
1.91
1.87
1.89
1.89
2.23
2.00
1.79
1.85
1.93
1.86
1.83
1.88
1.85
2.10
2.41
1.93
1.90
1.87
1.93
1.95
3.58
1.91
1.89
1.90
1.90
1.87
1.87
1.89
1.87
1.91
1.96	159.85
1.97
1.97
1.97
1.98
1.99
1.99
1.96
1.95
1.96
1.97
1.97
1.97
1.95
1.96
1.96
1.91
1.94
1.91
1.95
1.99
1.97
1.98
2.00
1.94
1.94
1.91
1.94
1.97
1.96
1.94
1.96
CorWatt	PkgWatt
126.07	321.35
1.87	160.55
1.87
1.91
1.87
1.90
1.90
1.84
1.94
1.80
1.85
1.82
2.13
1.83
1.87
1.85
2.67
1.86
1.92
1.93
1.87
1.93
1.95
3.58
1.91
1.89
1.90
1.87
1.86
1.88
1.89
2.11
1.91
1.96	159.90
1.97
1.97
1.97
1.98
1.99
1.98
1.96
1.94
1.95
1.97
1.96
1.97
1.94
1.96
1.96
1.91
1.94
1.91
1.95
1.99
1.97
1.98
2.00
1.93
1.94
1.91
1.93
1.97
1.96
1.94
1.96
CorWatt	PkgWatt
125.82	320.04
1.90	160.19
1.89
1.93
1.89
1.91
2.48
1.86
1.92
1.81
1.86
1.83
2.51
1.83
1.89
1.85
1.93
1.86
1.91
1.91
1.87
1.93
1.94
3.58
1.90
1.87
1.88
1.83
1.85
1.86
1.87
1.82
1.86
1.96	159.83
1.97
1.98
1.97
1.98
1.99
1.99
1.97
1.95
1.96
1.97
1.97
1.97
1.95
1.96
1.96
1.91
1.94
1.92
1.96
2.00
1.98
1.99
2.01
1.94
1.94
1.91
1.94
1.97
1.97
1.94
1.96
CorWatt	PkgWatt
125.74	319.87
1.91	159.86
2.26
1.94
1.90
1.93
1.90
1.87
1.92
1.81
1.86
1.83
2.16
1.84
1.87
1.98
1.86
1.87
1.92
1.91
2.16
1.93
1.94
3.58
1.91
1.86
1.88
1.85
1.84
1.85
1.87
1.82
1.87
1.96	160.01
1.97
1.98
1.97
1.98
1.99
1.99
1.97
1.95
1.96
1.97
1.97
1.98
1.95
1.96
1.96
1.92
1.95
1.92
1.96
1.99
1.98
1.99
2.01
1.94
1.94
1.92
1.95
1.97
1.97
1.95
1.96
CorWatt	PkgWatt
126.67	320.97
2.12	160.95
2.24
1.94
1.90
1.93
1.93
1.90
1.92
1.82
2.16
1.83
1.97
1.86
2.04
1.85
1.87
1.87
1.94
1.93
2.18
2.09
1.97
3.58
2.05
1.88
1.88
1.86
1.87
1.87
1.89
1.81
1.89
1.96	160.06
1.97
1.98
1.97
1.98
2.00
1.99
1.97
1.95
1.96
1.97
1.97
1.98
1.95
1.96
1.96
1.92
1.95
1.92
1.96
2.00
1.98
1.99
2.01
1.94
1.94
1.92
1.95
1.97
1.97
1.95
1.96
CorWatt	PkgWatt
126.22	320.51
1.91	160.59
1.89
1.97
1.93
1.92
1.91
1.90
1.94
1.83
1.88
1.83
1.85
1.86
2.11
1.84
1.88
1.88
1.95
1.92
1.90
1.93
1.97
3.58
1.94
1.87
1.90
2.42
1.85
1.87
1.88
1.83
2.23
1.96	159.91
1.97
1.98
1.97
1.98
2.00
1.99
1.95
1.95
1.96
1.98
1.97
1.98
1.95
1.96
1.96
1.92
1.95
1.92
1.96
2.00
1.98
1.99
2.01
1.94
1.95
1.92
1.95
1.98
1.97
1.95
1.97
CorWatt	PkgWatt
126.42	320.80
1.91	160.64
1.89
1.96
1.94
1.98
1.94
1.91
1.93
1.82
1.88
1.92
1.84
1.86
1.89
1.85
1.90
1.87
1.93
1.93
1.91
1.92
1.97
3.58
1.94
1.87
1.90
2.42
1.85
2.11
1.87
1.83
2.25
1.96	160.14
1.97
1.98
1.97
1.98
1.99
1.99
1.97
1.95
1.96
1.97
1.97
1.98
1.95
1.96
1.96
1.92
1.94
1.92
1.96
2.00
1.98
1.99
2.01
1.94
1.94
1.92
1.95
1.98
1.97
1.95
1.96
CorWatt	PkgWatt
123.57	317.88
1.94	161.87
2.05
2.00
1.94
1.95
1.93
1.91
1.98
1.89
1.92
1.91
1.87
1.89
1.91
1.90
1.92
1.89
1.96
1.93
2.62
1.93
2.00
3.57
1.99
1.92
2.45
1.88
1.89
1.89
1.93
1.88
2.11
1.85	156.05
1.86
1.86
1.85
1.87
1.88
1.88
1.85
1.83
1.84
1.85
1.84
1.85
1.83
1.84
1.84
1.79
1.82
1.79
1.82
1.88
1.87
1.88
1.88
1.80
1.80
1.78
1.80
1.83
1.84
1.81
1.83
CorWatt	PkgWatt
122.66	317.38
1.93	161.67
1.92
1.98
1.97
1.96
1.90
1.99
1.98
1.88
1.91
1.88
1.88
1.88
1.90
1.88
2.54
1.90
1.95
2.42
2.06
1.92
2.08
2.39
1.96
1.92
2.57
1.88
1.89
1.91
1.93
1.88
2.12
1.85	155.68
1.85
1.84
1.84
1.86
1.87
1.87
1.84
1.82
1.84
1.84
1.84
1.84
1.82
1.83
1.83
1.78
1.81
1.78
1.81
1.87
1.86
1.87
1.87
1.79
1.79
1.77
1.79
1.82
1.83
1.81
1.82
CorWatt	PkgWatt
123.43	318.32
2.63	162.49
1.93
1.97
1.94
1.95
1.91
2.24
2.14
1.88
2.10
1.87
1.88
1.88
1.91
2.22
2.08
1.92
1.99
1.92
1.95
1.91
2.25
2.47
1.95
1.92
2.51
1.89
1.90
1.94
1.94
1.87
1.92
1.85	155.82
1.85
1.85
1.84
1.87
1.87
1.87
1.83
1.83
1.84
1.85
1.84
1.85
1.83
1.85
1.84
1.77
1.80
1.76
1.80
1.87
1.85
1.86
1.86
1.81
1.81
1.78
1.80
1.84
1.85
1.82
1.84
CorWatt	PkgWatt
122.09	317.11
1.94	161.08
1.91
1.98
1.97
1.95
1.91
1.95
2.62
1.87
2.49
1.86
1.88
1.88
1.91
1.88
2.44
1.92
1.97
1.93
1.95
1.92
1.94
2.03
1.96
1.94
1.93
1.89
1.91
1.90
1.93
1.89
1.91
1.84	156.04
1.85
1.85
1.84
1.87
1.87
1.86
1.84
1.84
1.84
1.85
1.86
1.85
1.83
1.86
1.85
1.77
1.80
1.76
1.79
1.86
1.85
1.86
1.86
1.81
1.81
1.79
1.81
1.85
1.84
1.83
1.83
CorWatt	PkgWatt
121.42	315.59
1.95	159.87
1.92
2.31
1.95
1.97
1.92
1.96
2.12
1.90
1.97
1.87
1.90
1.88
1.93
1.88
1.89
1.90
1.96
1.94
1.97
1.95
1.96
1.95
1.95
1.98
1.93
1.89
2.27
1.90
1.95
1.90
1.91
1.85	156.10
1.85
1.85
1.85
1.88
1.87
1.88
1.84
1.84
1.86
1.85
1.85
1.86
1.84
1.86
1.85
1.79
1.81
1.77
1.79
1.87
1.85
1.86
1.86
1.82
1.83
1.81
1.80
1.85
1.87
1.84
1.84
CorWatt	PkgWatt
122.20	316.70
2.74	160.03
1.92
2.23
1.95
1.96
1.91
1.95
1.94
1.90
1.90
1.86
1.89
1.89
1.96
1.89
1.88
1.91
1.94
2.06
1.96
1.97
1.94
1.95
1.97
1.91
1.93
1.89
2.21
1.92
1.93
1.89
1.91
1.85	156.25
1.85
1.86
1.85
1.88
1.88
1.88
1.84
1.84
1.85
1.87
1.89
1.85
1.83
1.88
1.85
1.77
1.81
1.77
1.79
1.86
1.86
1.86
1.86
1.81
1.83
1.81
1.81
1.84
1.85
1.85
1.84
CorWatt	PkgWatt
123.28	317.54
3.70	161.39
1.93
1.95
1.96
2.10
1.91
1.95
1.96
1.87
1.87
1.89
1.90
2.40
1.90
1.88
1.89
1.91
1.96
1.96
1.97
1.99
1.94
1.96
1.98
1.90
1.94
1.88
2.25
1.92
1.93
1.90
1.91
1.85	156.18
1.86
1.86
1.85
1.88
1.89
1.87
1.84
1.83
1.86
1.85
1.86
1.86
1.83
1.85
1.85
1.78
1.80
1.78
1.80
1.86
1.85
1.86
1.86
1.81
1.84
1.81
1.80
1.84
1.86
1.84
1.85
CorWatt	PkgWatt
123.12	317.13
3.68	161.52
1.93
1.97
2.04
1.93
1.95
1.98
1.93
1.88
1.87
1.88
2.17
1.94
1.94
1.90
1.90
1.91
1.97
2.00
1.97
1.98
1.96
1.95
2.22
1.90
1.94
1.89
2.20
1.89
1.93
1.90
1.92
1.83	156.28
1.86
1.86
1.85
1.87
1.90
1.88
1.84
1.83
1.85
1.87
1.84
1.85
1.83
1.85
1.84
1.80
1.80
1.77
1.80
1.87
1.85
1.87
1.86
1.81
1.84
1.81
1.80
1.85
1.85
1.85
1.84
CorWatt	PkgWatt
122.62	317.62
2.65	160.92
1.92
1.95
1.99
1.92
1.92
1.94
1.92
1.88
1.89
1.87
3.17
1.88
1.90
1.91
1.90
1.90
1.98
1.98
1.95
1.95
1.96
1.93
1.97
1.92
1.92
1.94
1.95
1.93
1.91
1.90
1.97
1.80	156.04
1.85
1.85
1.84
1.88
1.87
1.86
1.85
1.83
1.87
1.85
1.85
1.85
1.83
1.85
1.84
1.79
1.82
1.77
1.80
1.87
1.86
1.87
1.87
1.80
1.82
1.79
1.79
1.85
1.84
1.82
1.83
CorWatt	PkgWatt
123.52	317.89
2.19	162.18
1.99
1.95
1.96
1.94
2.05
1.94
1.91
1.89
1.91
1.87
3.48
1.89
1.91
2.17
1.90
1.89
1.96
1.97
1.97
1.95
1.96
2.03
1.97
1.90
1.93
1.94
2.50
1.92
1.91
2.20
1.94
1.81	155.78
1.86
1.85
1.85
1.87
1.87
1.87
1.84
1.83
1.84
1.84
1.85
1.84
1.85
1.85
1.83
1.79
1.82
1.77
1.81
1.88
1.86
1.87
1.87
1.79
1.80
1.78
1.78
1.82
1.83
1.81
1.83
CorWatt	PkgWatt
123.06	317.42
2.08	161.70
1.98
1.96
1.95
1.95
1.93
2.12
1.92
1.90
1.92
1.87
3.48
1.87
1.90
1.88
2.25
1.90
1.95
2.08
1.95
1.96
1.97
1.94
2.01
1.91
1.94
1.96
1.95
2.04
1.93
2.03
1.95
1.81	155.68
1.85
1.85
1.85
1.86
1.87
1.86
1.83
1.84
1.84
1.84
1.85
1.84
1.83
1.84
1.83
1.77
1.80
1.77
1.80
1.86
1.85
1.87
1.86
1.80
1.81
1.78
1.81
1.84
1.84
1.82
1.83
CorWatt	PkgWatt
123.52	317.76
1.94	161.83
1.97
1.97
1.97
1.94
1.93
2.24
1.92
1.91
1.92
1.88
3.49
1.88
1.91
1.88
2.50
1.91
1.95
2.00
1.97
1.96
1.96
1.97
1.96
1.91
1.94
1.98
1.95
1.91
2.23
1.93
1.95
1.81	155.89
1.85
1.85
1.85
1.87
1.87
1.87
1.84
1.85
1.84
1.85
1.86
1.85
1.83
1.84
1.85
1.77
1.80
1.77
1.80
1.87
1.85
1.88
1.86
1.81
1.82
1.79
1.82
1.85
1.85
1.83
1.83
CorWatt	PkgWatt
124.40	318.49
1.92	161.44
1.97
1.98
1.94
2.10
1.94
1.98
1.92
1.89
2.01
1.87
3.48
1.87
1.91
1.87
2.27
1.91
1.96
1.98
1.94
1.95
1.96
1.95
1.97
1.91
1.93
2.12
1.94
1.90
2.21
1.92
1.93
1.84	157.21
1.90
1.89
1.89
1.90
1.91
1.92
1.88
1.88
1.88
1.89
1.89
1.89
1.87
1.88
1.88
1.83
1.85
1.81
1.85
1.91
1.90
1.92
1.90
1.85
1.86
1.84
1.85
1.90
1.90
1.86
1.87
CorWatt	PkgWatt
110.80	264.85
2.09	162.26
1.95
1.92
2.03
2.13
2.12
1.91
1.88
1.87
1.88
1.84
3.46
2.03
1.89
1.83
1.91
1.87
2.33
1.94
1.90
1.94
1.95
1.91
1.94
1.88
1.90
2.17
1.93
1.89
1.89
2.37
2.38
1.92	159.83
1.97
1.97
1.97
1.98
2.00
1.99
1.96
1.95
1.96
1.97
1.97
1.96
1.95
1.96
1.95
1.91
1.94
1.91
1.94
1.99
1.98
2.00
1.99
1.94
1.96
1.91
1.93
1.98
1.98
1.94
1.96
CorWatt	PkgWatt
149.88	397.04
2.06	162.46
1.95
1.92
1.88
1.93
2.36
1.91
2.00
1.87
1.89
1.84
3.46
2.30
1.89
1.83
1.84
1.88
1.92
2.57
1.90
1.94
1.93
2.15
1.96
1.88
2.22
1.90
1.92
1.90
1.88
2.38
1.90
1.93	159.87
1.97
1.98
1.96
1.98
2.00
1.99
1.96
1.95
1.96
1.97
1.97
1.96
1.95
1.96
1.95
1.92
1.94
1.91
1.94
1.99
1.97
1.99
1.94
1.94
1.96
1.91
1.93
1.98
1.98
1.94
1.96
CorWatt	PkgWatt
126.51	321.34
1.88	162.34
1.97
1.93
1.93
1.94
1.91
1.92
2.65
1.94
1.89
1.83
2.39
2.57
1.89
1.84
1.85
1.89
1.93
2.60
1.91
2.26
1.93
1.90
1.96
1.89
2.36
1.91
2.13
1.90
1.92
1.89
1.90
1.90	159.04
1.95
1.95
1.95
1.96
1.98
1.97
1.94
1.93
1.94
1.94
1.94
1.94
1.93
1.94
1.93
1.89
1.91
1.88
1.92
1.97
1.95
1.97
1.97
1.91
1.93
1.89
1.90
1.95
1.95
1.92
1.93
CorWatt	PkgWatt
123.51	318.64
1.91	162.92
1.97
2.05
2.45
1.97
1.93
1.94
2.19
1.87
1.89
1.86
1.89
1.88
1.91
1.99
1.89
1.92
1.95
2.09
2.25
2.00
2.19
1.96
2.08
2.60
2.04
1.94
2.05
1.91
2.62
1.91
1.92
1.80	155.71
1.85
1.85
1.85
1.86
1.87
1.87
1.83
1.83
1.83
1.83
1.83
1.84
1.82
1.83
1.83
1.78
1.80
1.77
1.80
1.87
1.86
1.87
1.88
1.79
1.79
1.76
1.78
1.82
1.83
1.81
1.81
CorWatt	PkgWatt
82.05	265.31
1.57	143.40
1.56
1.91
1.73
1.54
1.60
1.55
1.56
1.56
1.42
1.44
1.62
1.39
1.54
1.53
1.53
1.81
1.62
1.51
1.51
1.66
1.56
1.51
1.60
1.85
1.60
1.51
1.56
1.57
1.54
1.52
1.56
0.99	122.01
1.01
0.99
0.98
1.01
1.02
1.01
0.97
0.98
1.00
1.00
0.98
0.99
0.95
0.97
0.95
0.96
0.95
0.95
0.98
1.03
1.02
1.02
1.01
0.98
0.97
0.97
0.96
1.06
1.00
0.94
0.96
CorWatt	PkgWatt
39.47	199.32
1.13	117.31
1.10
1.18
1.12
1.24
1.18
1.02
1.18
1.12
1.16
1.03
1.02
1.00
0.96
1.18
1.17
1.08
1.25
1.21
1.02
1.15
1.09
1.22
1.06
0.94
0.99
1.27
1.14
1.06
1.04
1.08
1.07
0.14	81.79
0.12
0.13
0.12
0.13
0.13
0.13
0.13
0.11
0.11
0.11
0.11
0.11
0.11
0.11
0.11
0.13
0.13
0.13
0.13
0.13
0.13
0.13
0.13
0.13
0.13
0.13
0.17
0.11
0.11
0.11
0.12
CorWatt	PkgWatt
41.64	200.73
1.13	117.71
1.17
1.17
1.18
1.14
1.11
1.10
1.17
1.19
1.23
0.88
1.16
1.14
1.13
1.07
1.19
0.96
1.31
1.19
1.23
1.20
1.15
1.03
1.25
1.18
1.16
1.17
1.07
1.10
2.58
1.02
1.18
0.12	83.06
0.12
0.12
0.12
0.12
0.12
0.12
0.12
0.10
0.10
0.10
0.10
0.10
0.10
0.10
0.10
0.12
0.12
0.12
0.12
0.12
0.12
0.12
0.12
0.12
0.12
0.12
0.16
0.11
0.11
0.11
0.11
CorWatt	PkgWatt
47.01	223.53
1.26	130.25
1.24
1.27
1.27
1.09
1.33
1.23
1.18
1.17
1.07
1.28
1.21
1.08
1.27
1.12
1.17
1.20
1.31
1.20
1.27
1.28
1.23
1.30
1.17
1.22
1.21
1.17
1.18
0.96
4.26
0.93
0.90
0.15	93.34
0.35
0.14
0.13
0.24
0.24
0.23
0.22
0.14
0.23
0.17
0.15
0.16
0.22
0.19
0.13
0.17
0.16
0.16
0.26
0.17
0.20
0.17
0.17
0.17
0.16
0.18
0.25
0.16
0.15
0.22
0.17
CorWatt	PkgWatt
44.69	207.60
1.26	124.26
1.43
1.20
1.12
1.12
1.28
1.08
1.31
1.26
1.01
1.19
1.15
1.18
1.11
1.12
1.16
1.14
1.13
1.41
1.18
1.16
1.18
1.29
1.31
1.19
1.22
1.23
1.13
0.98
3.48
1.58
1.26
0.12	83.29
0.12
0.12
0.12
0.12
0.12
0.12
0.12
0.11
0.11
0.11
0.11
0.11
0.11
0.11
0.11
0.12
0.12
0.11
0.12
0.12
0.12
0.13
0.12
0.14
0.12
0.12
0.18
0.11
0.11
0.11
0.11
CorWatt	PkgWatt
45.76	210.59
1.23	124.42
1.09
1.19
1.27
0.96
1.37
1.29
1.15
1.19
1.25
1.09
1.08
1.10
1.19
1.22
1.18
1.11
1.25
1.40
1.09
2.15
2.17
1.42
1.44
1.07
1.26
1.17
1.26
1.05
1.40
1.55
1.41
0.13	86.18
0.14
0.13
0.12
0.21
0.21
0.19
0.21
0.12
0.13
0.13
0.13
0.12
0.13
0.14
0.12
0.17
0.15
0.14
0.15
0.14
0.15
0.14
0.14
0.13
0.13
0.13
0.18
0.14
0.13
0.13
0.17
CorWatt	PkgWatt
44.40	203.05
1.15	122.56
1.22
1.19
1.25
1.25
1.17
1.17
1.10
1.19
1.14
1.20
1.01
1.17
1.07
1.06
1.26
1.24
1.20
1.16
1.28
2.68
2.11
2.10
1.19
1.29
1.17
1.19
1.14
1.21
1.15
1.14
1.17
0.12	80.79
0.11
0.11
0.11
0.11
0.11
0.11
0.11
0.10
0.10
0.10
0.10
0.10
0.10
0.10
0.10
0.11
0.11
0.10
0.11
0.11
0.12
0.11
0.12
0.11
0.11
0.11
0.15
0.11
0.10
0.10
0.10
CorWatt	PkgWatt
81.98	259.41
1.50	139.62
1.45
1.49
1.54
1.54
1.43
1.47
1.46
1.49
1.45
1.40
1.49
1.39
1.44
1.38
1.45
1.50
1.52
1.48
1.46
2.48
1.79
2.00
1.56
1.48
1.54
2.15
1.52
1.76
1.34
1.41
1.53
0.89	119.47
0.92
0.90
0.91
1.03
1.01
1.04
1.02
0.96
1.02
1.01
0.99
1.01
1.03
1.05
1.01
1.01
1.01
0.98
1.00
1.05
1.03
1.06
1.05
0.97
1.02
0.97
1.03
1.01
1.00
1.01
1.02
CorWatt	PkgWatt
121.18	313.24
1.80	156.01
1.85
1.77
1.78
1.84
1.82
1.83
1.78
1.72
1.95
1.68
1.70
1.74
1.77
2.06
1.71
1.78
1.81
1.82
1.77
1.80
1.84
1.83
1.82
1.80
1.82
3.45
1.78
2.39
1.76
1.77
1.75
1.87	157.14
1.94
1.93
1.93
1.94
1.92
1.96
1.92
1.91
1.95
1.93
1.94
1.93
1.94
1.99
1.91
1.86
1.88
1.87
1.87
1.94
1.91
1.94
1.94
1.87
1.94
1.85
1.88
1.92
1.93
1.92
1.91
CorWatt	PkgWatt
90.66	284.56
1.26	140.57
1.26
1.19
1.33
1.26
1.25
1.39
1.28
1.20
1.11
1.06
1.18
1.10
1.12
1.28
1.14
1.30
1.29
1.30
1.27
1.25
1.18
1.54
1.18
1.42
1.41
3.17
2.28
1.84
1.24
1.16
1.12
1.50	144.10
1.49
1.44
1.47
1.56
1.42
1.60
1.42
1.44
1.45
1.46
1.52
1.42
1.49
1.49
1.54
1.43
1.47
1.34
1.74
1.41
1.63
1.50
1.47
1.49
1.50
1.43
1.35
1.53
1.46
1.49
1.37
CorWatt	PkgWatt
52.77	248.95
0.83	128.01
0.88
0.76
0.98
0.70
1.10
0.74
0.66
0.71
0.65
0.79
0.87
0.71
0.73
0.81
0.77
0.78
0.82
0.75
0.79
0.78
0.59
0.73
1.15
0.91
0.92
2.85
3.07
0.92
0.74
0.70
0.77
0.67	120.75
0.62
0.77
0.79
0.57
0.88
0.72
0.71
0.84
0.58
0.76
0.64
0.67
0.84
0.72
0.64
0.52
0.82
0.76
0.73
0.67
0.81
0.68
0.75
0.76
0.60
0.56
0.88
0.76
0.79
0.63
0.65
CorWatt	PkgWatt
50.81	246.43
0.85	126.90
0.92
0.80
0.77
0.67
0.79
0.81
0.80
0.92
0.84
0.83
0.53
0.71
0.71
0.73
0.80
0.72
0.88
0.78
0.77
0.82
0.74
0.81
0.61
2.44
0.88
2.87
1.47
0.80
0.69
0.74
0.73
0.62	119.52
0.62
0.75
0.57
0.61
0.79
0.77
0.59
0.75
0.73
0.60
0.60
0.62
0.65
0.67
0.82
0.68
0.67
0.63
0.65
0.72
0.86
0.57
0.64
0.68
0.75
0.64
0.60
0.57
0.54
0.90
0.72
CorWatt	PkgWatt
48.50	244.36
0.86	124.28
0.93
0.77
0.66
0.74
0.78
0.81
0.77
0.71
0.85
0.79
0.60
0.63
0.73
0.70
0.77
0.91
0.71
0.71
0.85
0.65
0.71
0.79
0.81
0.78
0.78
1.71
1.71
0.87
0.70
0.63
0.79
0.63	120.04
0.55
0.78
0.75
0.89
0.56
0.59
0.79
0.64
0.86
0.67
0.60
0.66
0.77
0.67
0.69
0.66
0.69
0.67
0.68
0.58
0.93
0.72
0.63
0.65
0.74
0.73
0.74
0.74
0.61
0.58
0.83
CorWatt	PkgWatt
44.01	239.37
0.74	120.31
0.80
0.81
0.67
0.73
0.78
0.68
0.70
0.73
0.68
0.64
0.67
0.64
0.66
0.72
0.69
0.66
0.83
0.78
0.64
0.58
0.80
0.75
0.64
0.72
0.75
0.57
0.81
0.61
0.73
0.62
0.84
0.73	119.07
0.67
0.62
0.62
0.68
0.64
0.71
0.66
0.65
0.66
0.64
0.75
0.74
0.61
0.63
0.69
0.60
0.75
0.55
0.62
0.70
0.68
0.74
0.62
0.57
0.81
0.56
0.80
0.74
0.61
0.67
0.66
CorWatt	PkgWatt
110.14	303.53
1.70	150.82
1.74
1.71
1.65
1.71
1.70
1.77
1.73
1.55
1.63
1.60
1.65
1.60
1.66
1.60
1.67
1.73
1.72
1.74
1.70
1.74
1.74
1.72
1.77
1.73
1.75
1.65
1.73
1.66
1.68
1.68
1.69
1.70	152.81
1.79
1.72
1.74
1.76
1.78
1.76
1.77
1.71
1.73
1.73
1.72
1.82
1.71
1.96
1.75
1.73
1.70
1.70
1.72
1.78
1.73
2.03
1.78
1.75
1.73
1.69
1.71
1.69
1.73
1.73
1.70
CorWatt	PkgWatt
114.46	307.51
1.73	152.08
1.75
1.73
1.69
1.75
1.72
1.82
1.73
1.62
1.63
1.61
1.64
1.65
1.67
1.66
1.68
1.74
1.75
1.77
2.54
1.75
1.76
1.79
1.78
1.74
1.75
1.72
1.76
1.70
1.69
1.72
1.71
1.71	155.43
1.76
1.76
1.78
2.09
1.75
1.78
1.73
1.76
1.73
1.75
1.76
1.75
1.71
2.35
1.74
1.73
2.06
1.72
1.71
1.78
1.75
2.23
1.96
2.69
1.73
1.70
1.72
1.75
1.76
1.76
1.73
CorWatt	PkgWatt
54.90	251.04
0.91	129.26
0.87
0.84
0.87
0.81
0.84
0.97
0.85
0.62
0.87
0.96
0.65
0.84
0.83
0.73
0.76
3.02
0.93
3.05
1.04
0.70
0.80
0.95
0.71
0.84
0.79
0.88
0.94
0.94
0.67
0.58
1.12
0.79	121.73
0.75
0.71
0.77
0.78
0.70
0.80
0.80
0.66
0.61
0.93
0.76
0.74
0.70
0.72
0.76
0.53
0.78
0.85
0.65
0.79
0.69
0.78
0.74
0.75
0.85
0.69
0.65
0.82
0.64
0.71
0.78
CorWatt	PkgWatt
51.08	246.41
0.82	127.17
0.72
0.77
0.99
0.80
0.72
0.79
0.81
0.75
0.74
0.80
0.80
0.75
0.83
0.72
0.72
3.11
0.88
3.12
0.88
0.71
0.79
0.79
0.72
0.81
0.95
0.67
0.77
0.72
0.69
0.75
0.73
0.69	119.19
0.61
0.74
0.64
0.72
0.54
0.61
0.84
0.84
0.69
0.51
0.65
0.64
0.71
0.58
0.69
0.75
0.78
0.62
0.59
0.63
0.61
0.75
0.62
0.74
0.58
0.67
0.77
0.87
0.63
0.54
0.60
CorWatt	PkgWatt
51.07	194.98
0.76	127.45
0.94
0.84
0.70
0.65
0.68
1.04
0.78
0.77
0.79
0.82
0.76
0.82
2.38
2.36
0.82
1.37
1.02
1.28
0.78
0.87
0.81
0.71
0.89
0.83
0.76
0.85
1.01
1.05
0.85
0.77
0.82
0.78	124.53
0.80
0.91
1.01
0.77
0.92
0.95
0.92
0.84
0.78
1.07
0.91
1.02
0.93
0.94
0.82
0.92
0.84
1.14
0.89
0.88
0.91
1.06
1.10
0.91
0.95
1.02
1.06
1.04
1.39
0.95
1.12
CorWatt	PkgWatt
127.60	316.85
1.87	156.69
1.91
1.86
1.85
1.87
1.87
1.88
1.87
1.81
1.85
1.82
1.80
1.86
1.84
1.85
1.83
1.89
1.91
1.92
1.91
1.95
1.93
1.94
1.93
1.86
1.92
1.88
1.91
1.86
1.88
1.89
1.89
1.96	162.83
1.96
1.98
1.98
1.97
1.99
1.99
2.27
1.95
1.97
1.97
1.97
2.00
1.95
1.97
2.06
2.20
1.90
1.93
1.92
1.99
1.95
2.01
2.01
2.37
2.36
1.94
1.96
1.97
3.64
1.97
1.95
CorWatt	PkgWatt
155.12	426.02
1.86	156.70
1.91
1.86
1.87
1.89
1.89
1.90
1.88
1.80
1.84
1.82
1.80
1.86
1.84
1.83
1.82
1.90
1.92
1.92
1.91
1.93
1.94
1.94
1.93
1.86
1.92
1.88
1.91
1.86
1.88
1.90
1.89
1.97	165.91
1.95
1.99
1.98
2.60
1.99
2.83
1.98
1.99
1.97
1.96
1.96
2.20
2.19
1.97
1.95
2.12
1.91
1.93
1.91
2.30
2.62
1.99
2.60
2.51
2.00
1.99
1.95
1.97
3.62
1.98
1.95
CorWatt	PkgWatt
130.26	324.51
1.86	156.93
1.92
1.86
1.88
1.89
1.89
1.90
1.88
1.80
1.84
1.83
1.80
1.86
1.85
1.83
1.82
1.90
1.92
1.93
1.91
1.93
1.94
1.94
1.93
1.86
1.92
1.88
1.92
1.86
1.89
1.90
1.89
1.96	167.62
1.94
2.08
1.99
2.31
1.99
2.81
1.98
2.12
1.98
1.96
1.96
2.70
1.96
1.97
1.94
2.38
2.06
1.94
1.92
2.26
2.88
1.99
2.98
2.62
1.92
1.94
1.95
1.98
3.61
1.98
1.95
CorWatt	PkgWatt
127.91	322.24
1.91	157.81
1.95
1.90
1.91
1.91
1.91
1.93
1.91
1.83
1.87
1.85
1.83
1.87
1.87
1.86
1.85
1.92
1.93
1.94
1.94
1.95
1.96
1.97
1.95
1.88
1.93
1.90
1.93
1.87
1.90
1.91
1.90
1.87	164.48
1.86
2.41
1.88
1.89
1.91
2.10
1.86
2.28
2.13
1.86
1.86
2.01
1.91
2.57
1.86
1.77
1.79
1.82
1.81
2.96
2.84
1.91
2.89
2.25
1.81
1.83
1.85
1.89
3.58
1.88
1.85
CorWatt	PkgWatt
126.79	321.11
1.91	158.07
1.96
1.91
1.92
1.92
1.92
1.93
1.92
1.85
1.88
1.85
1.84
1.88
1.88
1.87
1.86
1.93
1.94
1.95
1.96
1.95
1.96
1.98
1.96
1.89
1.94
1.91
1.94
1.88
1.91
1.92
1.91
1.85	163.09
1.83
2.76
1.85
1.87
1.87
2.22
1.83
1.81
2.51
1.82
1.84
1.84
1.84
2.71
1.84
1.76
1.75
1.78
1.77
2.85
1.82
1.88
2.85
1.77
1.80
1.81
2.04
1.87
3.60
2.08
1.83
CorWatt	PkgWatt
127.13	321.88
1.91	158.07
1.96
1.91
1.92
1.92
1.91
1.93
1.91
1.85
1.88
1.85
1.84
1.88
1.88
1.87
1.86
1.93
1.94
1.94
1.96
1.95
1.96
1.97
1.96
1.89
1.94
1.91
1.94
1.88
1.90
1.91
1.91
1.85	163.71
1.84
2.70
1.85
2.33
1.88
3.06
1.85
2.20
1.83
1.83
1.84
1.84
1.83
2.28
1.83
1.74
1.75
1.79
1.76
2.71
2.05
1.87
2.76
1.78
1.83
1.81
2.56
1.86
3.17
1.85
1.82
CorWatt	PkgWatt
124.40	318.94
1.91	158.01
1.95
1.90
1.92
1.92
1.91
1.93
1.91
1.84
1.88
1.85
1.84
1.88
1.87
1.87
1.85
1.91
1.93
1.94
1.93
1.95
1.95
1.97
1.95
1.89
1.93
1.90
1.94
1.88
1.90
1.91
1.91
1.85	161.12
1.81
2.41
1.84
1.94
1.86
2.25
2.11
1.81
1.81
1.96
1.81
1.82
1.82
1.97
1.81
1.76
1.77
2.00
2.03
2.57
1.82
1.93
2.72
1.77
1.83
1.98
2.15
1.85
2.70
1.85
1.83
CorWatt	PkgWatt
126.25	321.00
1.90	157.89
1.95
1.90
1.91
1.91
1.91
1.93
1.90
1.84
1.86
1.84
1.83
1.87
1.87
1.86
1.84
1.90
1.92
1.92
1.91
1.94
1.94
1.95
1.94
1.88
1.93
1.89
1.92
1.87
1.89
1.90
1.89
1.88	163.33
1.87
2.56
1.89
2.57
1.92
2.40
2.54
2.05
1.90
2.19
1.86
2.05
1.96
1.88
1.84
1.83
1.83
2.27
1.84
1.92
2.56
1.92
2.34
2.10
1.87
1.84
1.84
1.89
2.08
1.90
2.19
CorWatt	PkgWatt
128.96	324.04
1.90	157.31
1.95
1.88
1.90
1.91
1.92
1.93
1.89
1.83
1.85
1.82
1.81
1.87
1.87
1.84
1.83
1.88
1.90
1.90
1.88
1.92
1.93
1.93
1.91
1.86
1.91
1.88
1.90
1.87
1.89
1.90
1.88
1.96	166.33
1.95
2.77
1.99
1.95
2.29
1.99
1.96
1.93
2.80
1.97
1.96
1.96
1.95
1.98
1.93
2.87
1.91
1.95
2.71
1.98
2.71
1.99
1.97
2.71
1.97
1.93
1.92
1.97
1.97
1.99
2.59
CorWatt	PkgWatt
129.55	323.74
1.90	157.23
1.95
1.89
1.90
1.92
1.92
1.93
1.90
1.83
1.85
1.82
1.81
1.88
1.87
1.84
1.83
1.88
1.90
1.89
1.88
1.95
1.94
1.93
1.92
1.90
1.91
1.88
1.90
1.87
1.89
1.90
1.88
1.97	167.01
1.95
2.35
2.00
1.96
2.68
2.00
1.97
2.64
2.78
2.53
1.96
2.04
1.95
1.98
1.93
2.75
1.92
1.95
2.84
1.99
2.61
2.00
2.36
2.49
1.97
1.93
1.92
1.97
1.97
1.98
1.94
CorWatt	PkgWatt
130.76	325.72
1.90	157.32
1.95
1.89
1.90
1.92
1.92
1.93
1.90
1.83
1.85
1.82
1.82
1.88
1.87
1.85
1.84
1.89
1.90
1.90
1.88
1.92
1.93
1.93
1.91
1.90
1.92
1.87
1.90
1.88
1.90
1.91
1.88
1.98	167.90
1.99
1.95
1.98
1.95
2.80
2.00
1.97
2.97
2.97
2.90
1.97
1.97
1.95
1.98
1.94
2.04
1.91
1.94
2.22
2.00
1.99
3.60
2.49
2.62
1.97
1.93
1.92
1.98
1.97
2.29
1.95
CorWatt	PkgWatt
128.17	322.58
1.90	157.78
1.95
1.89
1.91
1.92
1.92
1.93
1.91
1.84
1.86
1.83
1.82
1.88
1.88
1.85
1.84
1.89
1.92
1.91
1.90
1.94
1.94
1.95
1.93
1.91
1.92
1.89
1.91
1.87
1.90
1.91
1.89
1.92	164.82
2.48
1.91
1.93
1.90
1.94
1.93
1.91
2.87
2.88
2.85
1.91
1.91
1.90
1.93
1.90
2.10
1.87
1.90
1.90
1.96
1.93
3.66
2.48
2.21
1.92
1.87
1.88
1.93
1.98
1.88
1.89
CorWatt	PkgWatt
126.78	321.38
1.91	158.30
1.96
1.91
1.92
1.92
1.92
1.94
1.92
1.85
1.88
1.85
1.83
1.89
1.88
1.87
1.85
1.92
1.94
1.95
1.93
1.95
1.96
1.97
1.96
1.92
1.94
1.91
1.95
1.88
1.91
1.91
1.90
1.86	163.06
2.64
2.43
1.84
1.82
1.85
1.85
1.82
2.82
2.82
2.76
1.83
1.84
1.84
1.86
2.18
1.80
1.78
1.81
1.82
1.88
1.85
1.87
2.02
1.94
1.84
1.80
1.79
1.87
3.66
1.98
1.83
CorWatt	PkgWatt
129.50	323.82
1.90	157.74
1.96
1.89
1.90
1.92
1.92
1.94
1.91
1.84
1.86
1.83
1.82
1.89
1.87
1.85
1.84
1.90
1.91
1.91
1.89
1.94
1.95
1.94
1.93
1.92
1.93
1.88
1.92
1.88
1.90
1.90
1.88
1.96	166.32
2.67
2.80
1.98
1.93
1.97
1.97
1.95
2.85
2.87
2.67
1.95
1.93
1.94
1.96
1.95
1.90
1.89
1.92
1.95
1.98
1.95
1.98
2.17
1.94
1.96
1.92
2.21
1.97
3.72
2.13
1.95
CorWatt	PkgWatt
130.21	324.95
1.90	157.54
1.95
1.88
1.89
1.91
1.91
1.93
1.91
1.84
1.86
1.83
1.82
1.89
1.87
1.85
1.84
1.89
1.90
1.90
1.88
1.94
1.95
1.93
1.93
1.93
1.92
1.88
1.90
1.88
1.90
1.90
1.88
1.98	167.13
2.84
2.82
2.00
1.95
1.99
2.00
1.97
2.78
2.79
1.99
1.97
1.95
1.96
1.98
1.97
1.92
1.91
1.94
1.97
1.99
1.96
2.00
2.52
1.96
1.98
1.94
2.44
1.99
3.73
2.38
1.97
CorWatt	PkgWatt
131.33	325.93
1.90	157.53
1.95
1.88
1.89
1.92
1.92
1.94
1.91
1.83
1.87
1.83
1.82
1.88
1.87
1.85
1.84
1.89
1.90
1.90
1.89
1.94
1.95
1.93
1.93
1.92
1.92
1.87
1.91
1.88
1.90
1.91
1.88
1.97	168.41
2.12
2.78
1.99
1.95
1.99
2.00
1.97
2.89
2.89
2.44
1.97
1.95
1.96
2.32
1.97
1.93
1.91
2.58
2.32
1.99
1.96
2.00
3.07
1.95
1.98
1.94
2.15
1.99
3.12
2.65
1.96
CorWatt	PkgWatt
131.66	326.48
1.90	157.73
1.96
1.89
1.90
1.92
1.92
1.94
1.91
1.83
1.88
1.83
1.82
1.89
1.87
1.85
1.84
1.89
1.91
1.90
1.89
1.94
1.95
1.93
1.93
1.92
1.92
1.88
1.91
1.88
1.89
1.91
1.89
1.97	168.76
1.94
2.32
1.99
1.95
1.99
2.00
1.97
2.87
2.90
2.88
1.97
1.95
1.97
2.31
1.98
1.93
1.92
2.71
2.69
1.99
1.97
1.99
3.63
1.95
1.97
1.93
1.95
1.98
2.74
2.70
1.97
CorWatt	PkgWatt
131.51	326.00
1.89	157.57
1.96
1.88
1.89
1.91
1.92
1.94
1.91
1.83
1.87
1.83
1.82
1.88
1.87
1.85
1.87
1.89
1.91
1.90
1.88
1.94
1.95
1.93
1.92
1.92
1.92
1.87
1.91
1.88
1.89
1.90
1.89
1.97	168.59
1.94
2.49
1.99
1.95
1.99
2.01
1.97
2.51
2.89
2.88
1.97
1.95
1.96
2.01
1.97
1.93
1.92
2.69
2.36
1.99
1.96
2.00
3.64
1.95
1.98
1.96
1.95
1.99
3.39
2.84
1.97
CorWatt	PkgWatt
129.49	324.34
1.92	158.39
1.97
1.91
1.94
1.93
1.93
1.94
1.93
1.85
1.88
1.86
1.84
1.89
1.88
1.87
1.91
1.92
1.94
1.95
1.93
1.95
1.96
1.97
1.96
1.93
1.94
1.91
1.95
1.89
1.90
1.92
1.91
1.88	165.84
1.84
2.47
1.88
1.85
1.88
1.89
2.05
2.06
1.93
2.56
1.86
1.84
1.84
1.86
1.86
2.37
1.80
1.92
1.84
1.90
1.87
1.89
3.60
1.82
1.86
1.80
1.82
1.90
4.19
4.07
1.88
CorWatt	PkgWatt
127.26	322.15
1.92	158.70
1.96
1.91
1.92
1.92
1.92
1.94
1.93
1.85
1.88
1.85
1.84
1.89
1.88
1.87
1.91
1.92
1.94
1.95
1.94
1.99
1.96
1.98
1.96
1.93
1.94
1.91
1.96
1.89
1.91
1.92
1.91
1.85	163.47
1.82
2.42
1.86
1.84
2.32
1.88
1.90
1.97
1.80
2.26
1.84
1.82
1.82
1.87
1.83
2.37
1.78
1.81
1.82
1.88
1.86
1.87
2.97
1.79
1.82
1.78
1.80
1.87
3.28
4.17
1.86
CorWatt	PkgWatt
123.58	318.57
1.92	158.63
1.96
1.91
1.92
1.92
1.93
1.94
1.92
1.84
1.87
1.85
1.84
1.89
1.88
1.87
1.90
1.92
1.94
1.95
1.94
1.95
1.95
1.97
1.96
1.93
1.94
1.91
1.96
1.89
1.90
1.91
1.91
1.81	159.87
1.82
1.93
1.85
1.84
2.05
1.88
1.86
3.50
1.81
1.84
1.85
1.82
1.82
1.86
1.84
1.85
1.78
1.81
1.82
1.89
1.86
1.88
1.94
1.80
1.81
1.77
1.79
1.85
2.60
2.62
1.84
CorWatt	PkgWatt
122.51	316.93
1.91	158.25
1.96
1.91
1.91
1.91
1.92
1.94
1.91
1.84
1.88
1.85
1.84
1.88
1.87
1.87
1.90
1.92
1.94
1.94
1.93
1.95
1.96
1.97
1.96
1.93
1.95
1.91
1.95
1.88
1.90
1.91
1.90
1.81	158.70
1.81
1.86
2.10
1.83
2.12
1.88
1.84
1.91
1.81
2.08
1.84
1.85
1.90
2.00
1.86
1.78
1.77
1.79
1.80
1.88
1.84
2.04
1.84
1.82
2.03
1.79
1.88
1.86
2.38
2.47
1.82
CorWatt	PkgWatt
121.18	315.61
1.92	158.39
1.96
1.91
1.92
1.92
1.93
1.94
1.91
1.84
1.88
1.85
1.84
1.88
1.88
1.87
1.90
1.92
1.94
1.95
1.95
1.95
1.96
1.97
1.96
1.93
1.94
1.91
1.95
1.89
1.92
1.92
1.91
1.84	157.23
1.81
1.88
2.01
1.92
1.88
1.89
1.84
1.81
1.83
1.84
1.89
1.87
2.21
1.82
1.87
1.85
1.80
1.79
1.81
1.88
1.85
1.87
2.21
1.84
1.79
1.82
1.81
1.86
1.85
1.84
1.82
CorWatt	PkgWatt
121.28	315.73
1.91	158.24
1.96
1.90
1.91
1.91
1.92
1.93
1.91
1.84
1.88
1.85
1.84
1.88
1.88
1.86
1.90
1.92
1.93
1.94
1.93
1.95
1.96
1.97
1.96
1.92
1.93
1.91
1.95
1.88
1.90
1.92
1.90
1.82	157.49
1.82
1.87
1.84
2.17
1.98
1.85
1.84
1.81
1.95
1.83
1.83
1.94
1.93
1.81
1.97
1.78
1.90
1.79
1.81
1.87
1.85
1.87
2.36
1.83
1.86
1.80
1.80
1.86
1.85
1.83
1.81
CorWatt	PkgWatt
122.88	317.41
1.91	158.36
1.96
1.91
1.92
1.92
1.93
1.93
1.92
1.84
1.88
1.86
1.84
1.89
1.88
1.87
1.90
1.92
1.94
1.95
1.94
1.97
1.96
1.97
1.97
1.92
1.95
1.93
1.96
1.89
1.90
1.92
1.91
1.80	159.05
1.81
1.91
1.86
1.82
1.87
1.86
1.84
1.81
2.26
1.83
1.85
1.85
2.67
2.55
1.83
1.78
2.31
1.81
1.82
1.88
1.84
1.87
2.02
1.80
1.81
1.77
1.79
1.83
2.14
1.84
1.80
CorWatt	PkgWatt
121.39	315.23
1.91	158.00
1.96
1.92
1.92
1.92
1.93
1.94
1.92
1.84
1.88
1.86
1.84
1.89
1.88
1.87
1.90
1.92
1.94
1.95
1.94
1.97
1.96
1.98
1.97
1.93
1.95
1.94
1.96
1.89
1.90
1.91
1.91
1.83	157.21
1.83
1.85
1.87
1.83
1.88
1.88
1.97
1.81
1.80
1.83
1.86
1.84
1.94
2.16
1.82
1.78
1.81
1.85
1.82
1.99
1.87
1.88
1.86
1.81
1.82
1.79
2.09
1.86
2.11
1.83
1.81
CorWatt	PkgWatt
124.51	318.70
1.91	158.15
1.96
1.92
1.92
1.92
1.93
1.94
1.92
1.85
1.88
1.87
1.84
1.89
1.88
1.87
1.90
1.92
1.94
1.95
1.94
1.97
1.96
1.98
1.97
1.93
1.95
1.94
1.96
1.89
1.91
1.92
1.91
1.83	160.57
1.84
1.96
1.86
1.84
1.88
1.91
2.41
1.85
2.00
1.83
1.88
1.86
1.84
3.46
1.82
1.80
2.49
1.82
1.82
1.87
1.86
1.98
2.22
1.82
2.14
1.79
1.81
2.04
1.84
1.84
1.83
CorWatt	PkgWatt
124.60	319.08
1.91	158.20
1.96
1.91
1.92
1.92
1.93
1.94
1.92
1.84
1.88
1.86
1.84
1.89
1.88
1.87
1.90
1.92
1.94
1.95
1.94
1.96
1.96
1.97
1.97
1.93
1.95
1.94
1.96
1.89
1.90
1.91
1.91
1.86	160.84
1.84
1.85
1.86
2.53
1.88
1.87
1.84
1.82
2.07
1.84
1.88
1.83
1.84
3.43
1.82
1.79
2.16
1.81
2.16
2.00
1.88
1.98
1.86
1.81
1.92
2.24
1.81
1.83
2.01
2.02
1.84
CorWatt	PkgWatt
124.47	318.49
1.90	158.00
1.96
1.91
1.92
1.92
1.93
1.94
1.92
1.84
1.88
1.86
1.84
1.89
1.88
1.87
1.91
1.92
1.94
1.95
1.94
1.96
1.96
1.98
1.97
1.94
1.95
1.94
1.96
1.89
1.90
1.91
1.91
1.88	160.57
1.84
1.98
1.87
2.36
1.89
1.87
1.85
1.83
1.82
1.85
2.17
1.84
1.84
3.46
1.82
1.78
1.79
1.81
2.64
1.89
1.88
1.89
1.87
1.82
1.82
1.81
1.81
1.83
1.84
1.85
2.63
CorWatt	PkgWatt
59.36	257.64
0.82	120.63
0.61
0.49
0.49
0.84
0.61
0.62
0.60
0.63
0.72
0.66
0.59
0.65
0.63
0.57
0.70
0.63
0.66
0.68
0.76
0.83
0.58
0.54
0.58
0.79
0.61
0.62
0.62
0.77
0.72
0.61
0.74
1.13	136.84
1.06
1.09
1.15
1.04
1.10
1.18
1.13
1.13
1.00
1.06
1.15
1.00
1.76
2.89
1.97
1.05
1.02
1.01
1.24
1.08
1.18
0.95
1.21
1.12
1.01
1.08
1.12
1.06
1.06
1.21
1.13
CorWatt	PkgWatt
50.92	239.27
0.46	113.00
0.86
0.34
0.30
0.59
0.45
0.44
0.48
0.43
0.40
0.55
0.44
0.60
0.48
0.43
0.32
0.59
0.49
0.54
0.52
0.42
0.69
0.39
0.53
0.45
0.48
0.50
0.57
0.57
0.41
0.60
0.46
1.97	126.23
2.33
1.74
0.90
1.05
1.01
1.02
0.89
1.09
1.04
0.94
0.84
0.93
1.28
1.29
1.01
0.84
0.99
0.93
1.15
0.92
1.06
1.03
1.02
0.95
0.98
0.95
1.01
1.03
1.06
1.01
0.87
CorWatt	PkgWatt
50.35	236.68
0.46	112.44
0.85
0.33
0.30
0.62
0.42
0.47
0.44
0.46
0.49
0.39
0.49
0.62
0.46
0.39
0.37
0.60
0.51
0.48
0.49
0.51
0.44
0.41
0.49
0.57
0.51
0.53
0.44
0.55
0.57
0.47
0.55
2.05	124.33
0.96
2.26
0.96
1.00
0.98
0.87
1.01
1.59
1.81
0.91
0.80
0.95
0.92
0.99
0.94
0.85
1.05
1.00
0.88
1.00
1.01
0.84
1.11
0.96
0.88
0.95
1.20
1.08
1.09
0.92
0.85
CorWatt	PkgWatt
53.10	245.08
0.54	119.05
0.97
0.40
0.33
0.52
0.68
0.50
0.55
0.45
0.55
0.58
0.50
0.78
1.12
2.42
2.36
0.49
0.45
0.51
0.52
0.54
0.48
0.61
0.67
0.60
0.56
0.49
0.55
0.58
0.56
0.44
0.40
0.95	125.93
1.08
0.86
0.95
1.03
0.92
0.96
0.96
1.24
1.14
1.03
1.01
0.87
0.97
0.92
1.03
0.89
0.93
0.90
1.00
0.71
1.19
1.05
1.03
0.98
0.88
1.05
0.97
1.01
0.82
1.17
0.89
CorWatt	PkgWatt
52.30	246.09
0.51	120.03
1.04
0.37
0.32
0.68
0.59
0.51
0.61
0.57
0.50
0.44
0.48
3.07
3.08
0.83
0.83
0.42
0.59
0.60
0.45
0.65
0.43
0.34
0.53
0.56
0.47
0.41
0.52
0.50
0.55
0.47
0.59
0.94	126.05
1.03
0.92
0.91
0.95
1.10
0.98
0.84
0.76
0.77
1.03
1.06
0.85
0.85
1.04
0.91
0.86
0.77
1.07
1.02
0.95
0.96
0.92
0.87
0.90
0.90
0.92
0.97
1.02
0.77
0.98
0.95
CorWatt	PkgWatt
50.95	224.49
0.68	111.15
0.54
0.58
0.59
0.55
0.54
0.48
0.61
0.64
0.39
0.38
0.47
3.09
2.41
0.83
1.49
0.37
1.06
0.38
0.36
0.41
0.67
0.40
0.46
0.54
0.45
0.58
0.58
0.51
0.51
0.41
0.57
0.95	113.70
0.86
0.81
0.88
1.06
0.99
0.84
0.81
0.91
0.68
0.88
0.99
0.98
0.90
0.83
0.73
0.83
0.90
1.00
0.88
0.84
0.93
0.94
0.90
0.86
0.74
0.90
1.09
0.79
0.86
0.96
1.00
CorWatt	PkgWatt
43.39	209.97
0.80	104.36
0.57
0.55
0.57
0.42
0.52
0.42
0.60
0.45
0.45
0.54
0.43
2.63
0.76
0.81
2.67
0.35
1.04
0.44
0.32
0.41
0.68
0.47
0.52
0.57
0.54
0.44
0.50
0.43
0.54
0.43
0.40
0.65	105.28
0.58
0.62
0.82
0.72
0.75
0.76
0.71
0.46
0.91
0.78
0.58
0.75
0.63
0.70
0.59
0.64
0.55
0.64
0.93
0.68
0.69
0.80
0.68
0.67
0.66
0.62
0.80
0.70
0.58
0.73
0.66
CorWatt	PkgWatt
105.79	291.53
1.72	147.29
1.84
1.67
1.66
1.75
1.69
1.73
1.68
1.71
1.66
1.63
1.64
1.71
1.69
1.65
1.68
1.68
1.84
1.71
1.70
1.71
1.79
1.70
1.71
1.70
1.71
1.80
1.71
1.64
1.66
1.65
1.72
1.57	144.46
1.55
1.55
1.54
1.65
1.62
1.65
1.61
1.57
1.58
1.64
1.58
1.66
1.65
1.66
1.69
1.56
1.56
1.56
1.59
1.64
1.69
1.65
1.64
1.54
1.60
1.52
1.60
1.59
1.65
1.61
1.53
CorWatt	PkgWatt
103.69	253.00
1.90	154.16
1.95
1.88
1.90
1.89
1.86
1.94
1.91
1.78
1.87
1.85
1.83
1.87
1.89
1.85
1.90
1.87
2.19
1.91
1.87
1.92
1.92
1.95
1.93
1.87
1.90
1.91
1.88
1.85
1.87
1.89
1.98
1.73	142.79
1.77
1.76
1.74
1.79
1.78
1.78
1.73
1.73
1.73
1.76
1.74
1.82
1.74
1.75
1.75
1.69
1.70
1.70
1.67
1.80
1.74
1.79
1.77
1.67
1.71
1.70
1.69
1.69
1.72
1.72
1.71
CorWatt	PkgWatt
55.99	257.80
1.41	124.46
1.15
1.21
1.29
1.19
1.23
1.23
1.16
1.24
1.17
1.15
1.27
1.29
1.22
1.27
1.19
1.21
1.27
1.11
1.27
1.23
1.30
1.40
1.22
1.28
1.30
1.12
1.27
1.20
1.19
1.20
1.30
0.40	95.43
0.38
0.41
0.39
0.36
0.36
0.37
0.34
0.30
0.32
0.31
0.29
0.30
0.28
0.26
0.29
0.28
0.25
0.28
0.27
0.21
0.23
0.23
0.23
0.20
0.21
0.22
0.19
0.18
0.16
0.17
0.17
CorWatt	PkgWatt
44.87	204.02
1.30	122.36
1.30
1.10
1.20
1.00
1.07
1.18
1.26
1.10
1.16
1.16
1.13
1.13
1.05
1.21
1.25
1.15
1.21
1.10
1.21
2.16
2.30
1.74
1.98
1.11
1.32
1.28
1.12
1.29
1.12
1.18
1.19
0.13	81.22
0.12
0.12
0.12
0.13
0.13
0.12
0.12
0.11
0.10
0.10
0.11
0.10
0.10
0.10
0.10
0.12
0.12
0.11
0.12
0.12
0.12
0.12
0.12
0.12
0.12
0.16
0.12
0.11
0.10
0.11
0.11
CorWatt	PkgWatt
46.86	209.73
1.12	124.63
1.00
1.24
1.49
1.02
1.27
1.35
1.06
1.18
1.15
1.07
1.17
1.16
1.22
1.13
1.29
1.13
1.33
1.18
1.07
3.14
2.27
1.81
1.03
1.10
1.18
1.27
1.21
1.12
1.16
1.29
1.15
0.18	85.33
0.18
0.16
0.16
0.17
0.17
0.19
0.18
0.19
0.19
0.18
0.17
0.17
0.16
0.17
0.16
0.18
0.17
0.18
0.19
0.17
0.18
0.17
0.17
0.21
0.17
0.17
0.17
0.16
0.16
0.15
0.17
CorWatt	PkgWatt
45.14	215.08
1.15	128.26
1.32
1.21
1.13
1.20
1.18
1.29
1.18
1.19
1.26
1.07
1.18
1.19
1.36
1.09
1.14
1.01
1.14
1.40
1.10
2.43
2.40
1.72
1.68
1.14
1.21
1.20
1.25
1.13
1.18
1.12
1.22
0.12	86.67
0.11
0.12
0.11
0.12
0.12
0.12
0.11
0.10
0.10
0.10
0.10
0.10
0.10
0.10
0.10
0.12
0.11
0.11
0.12
0.12
0.12
0.12
0.12
0.12
0.12
0.16
0.12
0.11
0.11
0.11
0.11
CorWatt	PkgWatt
105.13	279.03
1.72	144.11
1.68
1.71
1.74
1.70
1.61
1.64
1.66
1.57
1.61
1.62
1.58
1.59
1.65
1.64
3.19
1.70
1.64
1.74
1.69
1.75
1.92
1.71
1.85
1.59
1.67
1.66
1.64
1.62
1.71
1.65
1.64
1.56	134.78
1.56
1.58
1.56
1.58
1.59
1.59
1.55
1.51
1.56
1.58
1.59
1.58
1.60
1.58
1.57
1.54
1.58
1.53
1.52
1.63
1.58
1.54
1.58
1.53
1.53
1.58
1.55
1.52
1.56
1.54
1.54
CorWatt	PkgWatt
110.19	269.08
1.72	137.46
1.71
1.71
1.71
1.72
1.68
1.71
1.68
1.65
1.67
1.63
1.65
1.67
1.67
1.64
3.45
1.72
1.73
1.76
1.73
1.78
1.75
1.76
1.76
1.63
1.70
1.70
1.69
1.65
1.76
1.70
1.66
1.67	131.62
1.71
1.71
1.68
1.73
1.72
1.72
1.66
1.67
1.67
1.70
1.69
1.70
1.71
1.69
1.69
1.69
1.69
1.67
1.65
1.73
1.68
1.71
1.71
1.65
1.69
1.68
1.68
1.67
1.67
1.70
1.68
CorWatt	PkgWatt
58.71	251.64
1.09	129.91
0.93
1.15
1.07
0.97
0.96
1.03
1.11
1.00
1.03
0.90
0.98
1.15
1.04
0.97
1.07
0.97
1.10
1.15
0.87
1.00
1.09
1.22
0.95
0.94
0.92
1.10
1.11
1.04
1.07
1.05
1.09
0.70	121.79
0.68
0.58
0.56
0.62
0.76
0.79
0.67
2.75
1.52
0.94
2.32
0.76
0.56
0.75
0.60
0.62
0.72
0.64
0.64
0.51
0.47
0.46
1.12
0.70
0.63
0.62
0.57
0.57
0.54
0.49
0.73
CorWatt	PkgWatt
50.61	244.76
0.92	126.54
0.93
0.85
0.92
0.93
0.98
0.91
0.94
0.81
0.86
1.16
0.84
0.86
0.96
0.83
0.94
1.09
0.90
0.88
0.83
0.92
1.05
0.84
0.91
0.89
0.97
0.88
1.02
0.85
0.93
0.95
0.91
0.40	118.26
0.47
0.37
0.60
0.51
0.38
0.43
0.64
1.37
2.42
0.83
2.96
0.54
0.40
0.54
0.46
0.39
0.63
0.37
0.51
0.40
0.30
0.28
1.10
0.61
0.47
0.45
0.41
0.49
0.50
0.40
0.54
CorWatt	PkgWatt
51.88	247.61
1.11	128.16
0.89
0.92
0.89
1.11
0.93
0.87
0.80
0.92
0.98
0.95
0.87
0.93
0.87
0.89
1.01
0.86
0.87
1.03
1.05
0.94
0.85
0.92
1.04
0.88
0.99
0.92
0.99
0.95
0.86
0.92
0.93
0.52	119.42
0.37
0.54
0.43
0.46
0.50
0.45
0.54
0.83
2.94
0.84
3.05
0.56
0.50
0.59
0.52
0.56
0.58
0.36
0.45
0.99
0.36
0.31
0.43
0.41
0.53
0.42
0.65
0.55
0.49
0.68
0.52
CorWatt	PkgWatt
116.19	297.96
1.86	153.58
1.78
1.89
1.87
1.83
1.87
1.84
1.81
1.74
1.81
1.81
1.79
1.83
1.80
1.80
1.84
1.77
1.83
1.88
1.87
2.19
1.87
1.89
1.87
1.79
1.91
1.80
1.84
1.79
1.84
1.88
1.80
1.72	144.45
1.73
1.77
1.75
1.74
1.74
3.39
1.73
1.74
1.97
1.77
2.00
1.78
1.74
1.75
1.70
1.70
1.68
1.68
1.67
1.78
1.71
1.70
1.72
1.66
1.68
1.68
1.74
1.72
1.68
1.74
1.69
CorWatt	PkgWatt
120.60	287.54
1.91	146.58
1.90
1.95
1.91
1.87
1.89
1.90
1.92
1.86
1.87
1.84
1.87
1.89
1.88
1.87
1.90
1.86
1.92
1.95
1.94
1.97
1.93
1.95
1.96
1.81
1.94
1.92
1.93
1.83
1.87
1.89
1.85
1.78	140.92
1.83
1.83
1.83
1.84
1.86
3.72
1.79
1.79
1.81
1.84
1.85
1.84
1.83
1.82
1.82
1.77
1.77
1.77
1.75
1.87
1.79
1.83
1.81
1.75
1.80
1.79
1.78
1.80
1.81
1.84
1.79
CorWatt	PkgWatt
119.06	292.62
1.89	150.52
1.89
2.22
1.91
1.87
1.89
1.90
1.92
1.85
1.87
1.85
1.88
1.88
1.88
1.86
1.89
1.85
1.95
1.95
1.92
1.92
1.98
1.95
1.95
1.82
1.93
1.91
1.92
1.84
1.89
1.90
1.84
1.79	142.10
1.83
1.80
1.82
1.84
1.85
1.85
1.77
1.79
1.81
1.81
1.81
1.91
1.83
1.86
1.80
1.80
1.82
1.80
1.76
1.88
1.81
1.84
1.81
1.76
1.82
1.79
1.79
1.81
1.81
1.84
1.79
CorWatt	PkgWatt
119.43	300.51
1.91	151.22
1.91
1.97
1.91
1.88
1.91
1.91
1.92
1.85
1.88
2.06
1.87
1.88
1.88
1.85
1.89
1.86
1.93
1.96
2.10
1.92
1.94
1.95
1.94
1.82
1.92
1.92
1.97
1.85
1.88
1.88
1.84
1.80	149.25
1.82
1.81
1.83
1.83
1.84
1.85
1.79
1.78
1.80
1.84
1.81
1.82
1.89
1.84
1.79
1.79
1.82
1.82
1.77
1.87
1.81
1.92
1.83
1.75
1.83
1.80
1.79
1.81
1.80
1.90
1.80
CorWatt	PkgWatt
118.12	274.95
1.89	137.96
1.89
1.94
1.90
1.89
1.91
1.90
1.92
1.85
1.87
1.83
1.88
1.88
1.88
1.85
1.88
1.84
1.90
1.94
1.91
1.89
1.94
1.92
1.93
1.82
1.90
1.90
1.91
1.82
1.87
1.87
1.82
1.78	136.98
1.80
1.81
1.83
1.83
1.83
1.84
1.78
1.78
1.78
1.81
1.80
1.81
1.81
1.81
1.80
1.80
1.81
1.80
1.77
1.86
1.82
1.80
1.83
1.74
1.81
1.80
1.79
1.82
1.80
1.81
1.79
CorWatt	PkgWatt
119.43	291.67
2.63	150.73
1.90
1.94
1.91
1.88
1.90
1.92
1.93
2.00
1.86
1.83
1.86
1.86
1.87
1.85
1.89
1.86
1.93
1.96
1.91
1.90
1.96
1.93
1.96
1.81
1.92
1.91
1.93
1.81
1.89
1.89
1.86
1.80	140.96
1.81
1.82
1.84
1.85
1.85
1.85
1.77
1.81
1.79
1.82
1.80
1.81
1.81
1.82
1.79
1.79
1.82
1.80
1.78
1.88
1.81
1.80
1.83
1.75
1.80
1.81
1.80
1.81
1.81
1.87
1.81
CorWatt	PkgWatt
121.35	296.08
3.62	145.08
1.90
1.94
1.91
1.88
1.91
1.91
1.98
1.84
1.89
1.84
1.87
1.86
1.87
1.85
1.89
1.85
1.92
1.95
1.91
1.90
1.93
1.94
1.93
1.82
1.91
1.92
1.91
1.81
1.90
1.88
1.85
1.79	151.04
1.81
1.84
1.89
1.86
1.85
1.85
1.77
1.78
1.78
2.29
1.80
1.83
1.83
1.81
1.79
1.80
1.82
1.79
1.76
1.87
1.80
2.31
1.83
1.74
1.82
1.82
1.81
1.83
1.80
1.82
1.88
CorWatt	PkgWatt
123.14	299.94
3.59	143.26
1.90
1.94
1.92
1.87
1.90
1.88
1.92
1.84
1.87
1.84
1.86
1.86
1.87
1.85
1.89
1.85
1.91
1.94
1.91
1.91
1.94
1.93
1.93
1.81
1.91
1.91
1.91
1.81
1.88
1.87
1.84
1.79	156.73
1.83
1.83
1.83
1.84
1.86
1.84
1.78
1.88
1.78
2.14
1.82
1.81
2.36
1.80
1.79
1.90
1.81
2.48
1.77
1.86
1.80
2.72
1.83
1.74
1.82
1.82
1.79
2.36
1.80
1.82
1.80
CorWatt	PkgWatt
123.23	298.40
3.59	141.27
1.90
1.94
1.91
1.87
1.90
1.87
1.92
1.84
1.86
1.83
1.86
1.86
1.87
1.84
1.89
1.84
1.91
1.93
1.91
1.90
1.94
1.93
1.93
1.80
1.91
1.91
1.91
1.81
1.88
1.87
1.84
1.79	157.09
1.82
1.83
1.84
1.84
1.86
1.84
1.79
1.77
1.78
1.81
1.83
2.24
2.32
1.81
1.80
1.74
1.83
2.55
1.76
1.85
1.80
2.69
1.82
1.75
1.82
1.82
1.80
2.63
1.80
1.82
1.80
CorWatt	PkgWatt
122.28	299.97
3.61	145.05
1.90
1.94
1.92
1.88
1.90
1.88
1.92
1.84
1.86
1.83
1.86
1.86
1.87
1.85
1.89
1.85
1.91
1.93
1.91
1.91
1.94
1.92
1.94
1.81
1.91
1.91
1.91
1.81
1.87
1.88
1.84
1.85	155.11
1.83
1.84
2.14
1.84
1.85
1.87
2.32
1.79
2.01
1.84
1.84
1.83
1.82
1.86
1.82
1.72
1.94
1.80
1.75
1.86
1.80
2.13
1.83
1.77
1.80
1.83
1.80
2.47
1.80
1.82
1.80
CorWatt	PkgWatt
123.22	299.76
3.56	142.64
1.89
1.94
1.92
1.87
1.90
1.87
1.91
1.85
1.86
1.83
1.87
1.86
1.86
1.85
1.89
1.85
1.91
1.93
1.91
1.92
1.94
1.92
1.93
1.80
1.91
1.91
1.91
1.81
1.87
1.89
1.84
2.77	156.90
1.84
1.84
2.56
2.46
1.85
1.85
1.84
1.77
2.63
1.82
1.82
1.89
1.84
1.82
1.81
1.75
1.75
1.78
1.76
1.85
1.81
1.79
1.86
1.76
1.83
1.81
1.79
1.77
1.84
1.83
1.80
CorWatt	PkgWatt
124.05	308.04
3.59	150.32
1.88
1.96
1.92
1.88
1.90
1.88
1.92
1.84
1.87
1.83
1.87
1.87
1.86
1.85
1.89
1.85
1.91
1.94
1.91
1.94
1.94
1.93
1.93
1.81
1.91
1.91
1.92
1.82
1.88
1.89
1.84
2.18	157.77
1.84
1.84
2.04
1.86
1.85
1.84
1.86
1.83
2.71
1.83
1.82
2.08
1.83
1.84
2.29
1.73
2.17
1.79
1.75
1.85
1.81
2.42
1.81
2.12
1.81
1.81
1.79
1.78
1.81
2.04
1.91
CorWatt	PkgWatt
123.21	307.91
3.58	151.57
1.89
1.96
1.92
1.88
1.91
1.88
1.92
1.84
1.86
1.83
1.87
1.87
1.86
1.85
1.89
1.85
1.92
1.94
1.91
1.94
1.98
1.93
1.94
1.81
1.91
1.91
1.91
1.81
1.88
1.89
1.84
1.83	156.56
1.97
1.83
1.84
1.84
2.30
1.85
1.85
1.93
1.82
2.34
1.84
1.79
1.84
1.88
2.12
1.75
1.75
1.80
1.76
1.91
1.98
1.82
1.85
2.69
1.80
1.80
1.80
1.79
2.03
1.84
1.90
CorWatt	PkgWatt
122.55	299.69
3.61	143.27
1.88
1.96
1.91
1.87
1.90
1.87
1.91
1.85
1.86
1.83
1.87
1.87
1.86
1.85
1.89
1.84
1.91
1.93
1.91
1.93
1.93
1.93
1.94
1.81
1.91
1.91
1.91
1.81
1.87
1.88
1.83
1.81	156.24
1.84
1.83
1.84
1.84
2.65
1.85
1.84
1.77
1.81
2.60
1.82
2.17
1.84
1.84
1.81
1.77
1.75
1.80
1.75
1.87
1.80
1.85
1.83
2.26
1.81
1.79
1.78
1.77
1.80
1.84
1.81
CorWatt	PkgWatt
122.47	295.21
3.61	139.46
1.87
1.95
1.91
1.87
1.90
1.87
1.91
1.86
1.86
1.83
1.88
1.87
1.87
1.85
1.88
1.85
1.91
1.93
1.90
1.93
1.93
1.93
1.93
1.81
1.92
1.90
1.90
1.81
1.87
1.88
1.83
2.58	155.77
1.84
1.82
1.82
1.86
1.96
1.84
1.85
1.78
1.81
2.64
1.81
1.86
1.87
1.84
1.81
1.76
1.77
1.80
1.75
1.86
1.82
1.86
1.81
1.76
1.81
1.78
2.50
1.80
1.80
1.81
1.78
CorWatt	PkgWatt
121.55	304.03
2.82	148.59
1.88
1.95
1.91
1.88
1.91
1.88
1.91
1.84
1.86
1.83
1.88
1.86
1.86
1.86
1.88
1.85
1.91
1.94
1.90
1.94
1.94
1.93
1.95
1.81
1.92
1.91
1.98
1.82
1.87
1.89
1.83
1.80	155.73
1.84
1.83
1.85
1.87
1.84
1.85
1.85
1.79
1.82
2.25
1.83
1.95
1.84
1.85
2.05
1.76
1.77
1.82
1.76
1.88
1.83
1.85
1.82
1.77
1.82
1.82
2.21
2.11
2.14
1.82
2.00
CorWatt	PkgWatt
119.13	297.30
1.96	146.20
1.87
1.95
1.92
1.88
1.91
1.88
1.91
1.86
1.87
1.83
1.87
1.86
1.87
1.85
1.89
1.85
1.91
1.93
1.90
1.93
1.93
1.93
1.94
1.81
1.92
1.91
1.90
1.82
1.87
1.90
1.83
1.80	155.26
1.82
1.82
1.81
1.83
1.85
1.83
1.84
1.79
1.88
2.12
1.81
1.90
2.21
1.84
1.81
1.78
1.86
1.82
1.76
1.88
1.82
1.86
1.83
1.78
2.05
2.24
1.80
1.80
2.32
1.85
1.80
CorWatt	PkgWatt
122.14	301.16
1.90	142.48
1.88
1.95
1.92
1.88
1.92
1.88
1.92
1.87
1.86
1.84
1.89
1.88
1.88
1.85
1.89
1.85
1.91
1.93
1.90
1.93
1.93
1.93
1.93
1.82
1.92
1.91
1.91
1.83
1.88
1.90
1.83
1.80	154.20
1.82
1.80
1.80
1.84
1.86
1.83
2.00
1.80
2.21
1.82
1.82
1.80
1.83
1.86
1.81
1.76
2.31
1.80
1.77
1.88
1.84
1.86
1.82
1.79
2.19
1.79
1.80
1.80
2.20
1.82
1.80
CorWatt	PkgWatt
120.77	297.80
1.90	142.52
1.88
1.94
1.90
1.88
1.91
1.87
1.92
1.86
1.86
1.84
1.89
1.87
1.87
1.85
1.89
1.85
1.91
1.93
1.90
1.93
1.93
1.93
1.93
1.81
1.91
1.92
1.90
1.82
1.88
1.90
1.84
1.81	155.26
1.85
1.81
1.83
1.84
1.85
1.84
2.58
2.01
1.81
1.84
1.82
1.81
1.83
2.43
1.82
1.79
1.76
1.80
1.77
1.87
1.82
1.87
1.81
2.29
1.83
1.79
1.80
1.80
1.97
1.82
1.81
CorWatt	PkgWatt
122.72	298.96
1.92	141.21
1.88
1.93
1.91
1.88
1.92
1.87
1.92
1.86
1.87
1.84
1.88
1.87
1.88
1.85
1.89
1.85
1.91
1.93
1.91
1.93
1.93
1.92
1.93
1.81
1.91
1.91
1.90
1.82
1.89
1.89
1.84
1.80	158.01
2.66
1.80
1.80
1.86
1.86
1.84
2.36
1.80
1.82
1.83
1.83
1.79
1.84
2.60
1.82
1.78
1.76
1.82
1.78
1.87
1.84
1.87
1.82
3.63
1.83
2.02
1.81
1.80
1.83
1.82
1.81
CorWatt	PkgWatt
123.10	301.83
1.92	143.38
1.88
1.94
1.91
1.88
1.90
1.87
1.92
1.85
1.86
1.83
1.88
1.87
1.87
1.85
1.88
1.85
1.91
1.93
1.91
1.93
1.93
1.92
1.93
1.81
1.91
1.91
1.90
1.81
1.88
1.89
1.83
1.80	158.28
2.66
1.81
1.80
2.06
1.87
1.85
1.80
2.45
1.82
1.82
1.82
1.80
1.86
2.06
1.82
1.78
1.78
1.82
1.79
1.89
1.84
1.87
1.81
3.63
1.83
1.81
1.81
1.80
1.83
1.83
2.48
CorWatt	PkgWatt
123.00	299.05
1.92	141.58
1.87
1.93
1.91
1.87
1.90
1.87
1.91
1.85
1.86
1.83
1.87
1.87
1.87
1.85
1.88
1.85
1.91
1.93
1.91
1.93
1.93
1.92
1.93
1.80
1.91
1.90
1.89
1.81
1.88
1.89
1.83
1.80	157.48
2.65
1.81
1.80
2.62
1.84
1.83
1.80
1.87
1.84
1.82
1.84
1.90
1.85
1.82
1.83
1.77
1.77
1.82
1.79
1.89
1.84
1.88
1.81
3.60
1.83
1.81
1.81
1.80
1.82
1.83
2.70
CorWatt	PkgWatt
123.51	299.52
1.91	142.02
1.88
1.95
1.91
1.88
1.90
1.87
1.92
1.85
1.88
1.83
1.88
1.88
1.87
1.85
1.88
1.85
1.91
1.93
1.91
1.93
1.97
1.93
1.93
1.81
1.91
1.91
1.90
1.82
1.88
1.89
1.84
1.80	157.38
2.23
1.83
1.90
1.84
1.86
1.87
1.82
2.50
1.81
1.82
1.83
2.20
1.87
1.81
2.21
1.76
1.79
1.80
1.85
1.89
1.85
1.86
1.85
3.58
1.84
1.81
1.81
1.80
1.81
1.84
2.70
CorWatt	PkgWatt
123.32	298.12
1.91	140.20
1.88
1.97
1.92
1.88
1.91
1.87
1.92
1.85
1.88
1.83
1.88
1.88
1.87
1.85
1.88
1.84
1.91
1.93
1.91
1.93
1.93
1.93
1.93
1.80
1.91
1.91
1.90
1.82
1.88
1.89
1.84
1.90	157.94
1.82
1.83
1.83
1.85
1.87
1.86
1.84
1.78
1.81
1.83
2.48
1.78
2.14
1.82
1.83
1.75
2.01
1.79
2.43
1.89
1.84
1.90
1.85
3.60
1.84
1.81
1.81
1.80
1.87
1.84
2.62
CorWatt	PkgWatt
124.62	308.39
1.91	148.46
1.88
1.98
1.92
1.88
1.91
1.88
1.92
1.85
1.88
1.83
1.89
1.88
1.87
1.85
1.89
1.85
1.91
1.94
1.91
1.94
1.94
1.93
1.94
1.81
1.91
1.91
1.90
1.82
1.88
1.89
1.84
2.49	159.91
1.83
1.84
1.82
1.84
2.15
1.87
1.83
1.78
1.83
1.85
1.83
1.77
2.78
1.81
1.83
1.76
2.79
1.80
1.82
1.87
1.83
1.86
1.84
3.60
1.86
1.81
1.81
2.35
2.23
1.85
1.82
CorWatt	PkgWatt
124.48	304.31
1.91	144.71
1.88
1.98
1.92
1.88
1.91
1.88
1.92
1.85
1.88
1.84
1.88
1.88
1.87
1.85
1.88
1.85
1.92
1.94
1.91
1.93
1.94
1.93
1.94
1.81
1.91
1.91
1.90
1.82
1.88
1.89
1.84
1.81	159.59
1.97
2.04
1.84
1.86
2.01
1.86
1.85
1.78
1.82
2.33
1.83
1.77
2.75
1.81
1.83
1.76
2.74
1.80
1.82
1.87
1.82
1.86
1.86
3.61
1.85
1.82
1.81
2.70
1.82
1.85
1.82
CorWatt	PkgWatt
123.16	300.05
1.90	142.23
1.88
1.97
1.91
1.88
1.90
1.87
1.92
1.85
1.88
1.83
1.87
1.88
1.87
1.85
1.88
1.84
1.91
1.94
1.90
1.93
1.93
1.93
1.93
1.81
1.91
1.91
1.90
1.81
1.88
1.89
1.84
1.82	157.81
1.84
1.83
1.83
1.86
1.84
1.84
1.83
1.77
1.81
2.61
1.82
1.77
2.54
1.81
1.83
1.75
2.62
1.80
1.81
1.87
1.84
1.87
1.85
3.62
1.84
1.81
1.80
2.09
1.81
1.87
1.81
CorWatt	PkgWatt
121.88	300.01
1.90	145.38
1.88
1.93
1.91
1.87
1.91
1.89
1.92
1.85
1.86
1.84
1.88
1.87
1.88
1.86
1.87
1.84
1.92
1.93
1.91
1.93
1.95
1.94
1.94
1.81
1.92
1.91
1.89
1.82
1.89
1.89
1.84
1.83	154.63
1.83
1.81
1.82
1.85
1.91
1.86
1.87
1.79
1.82
2.43
1.83
1.86
1.81
1.97
1.85
1.76
1.90
1.79
1.80
1.87
2.17
1.86
1.82
3.61
1.83
1.80
1.80
1.83
1.82
1.83
1.79
CorWatt	PkgWatt
122.33	297.32
1.90	141.71
1.88
1.93
1.91
1.87
1.91
1.87
1.92
1.85
1.86
1.84
1.88
1.87
1.88
1.85
1.87
1.84
1.91
1.93
1.91
1.93
1.93
1.93
1.94
1.81
1.91
1.90
1.90
1.82
1.88
1.89
1.84
1.82	155.59
1.83
1.82
1.82
1.84
2.57
1.92
1.83
1.78
1.82
2.57
1.83
2.48
1.80
1.83
1.83
1.73
1.75
1.78
1.79
1.87
1.79
1.86
1.82
3.43
1.80
1.80
1.80
1.90
1.81
1.82
1.79
CorWatt	PkgWatt
121.51	314.03
1.86	155.63
1.87
1.87
1.88
1.86
1.91
1.87
1.90
1.83
1.83
1.78
1.83
1.81
1.85
1.81
1.85
1.84
1.88
1.88
1.89
1.90
1.90
1.89
1.88
1.80
1.88
1.88
1.87
1.80
1.84
1.88
1.81
1.94	158.52
1.91
2.01
1.93
1.94
1.95
2.14
1.92
1.85
2.34
2.03
1.88
1.86
1.87
1.92
1.93
1.81
1.83
1.90
1.90
1.96
1.84
1.95
1.88
1.85
1.93
1.90
1.88
2.40
1.90
1.91
1.87
CorWatt	PkgWatt
37.49	205.41
0.62	100.44
0.56
0.46
0.58
0.58
0.54
0.59
0.57
0.47
0.43
0.56
0.36
0.28
0.53
0.43
0.29
0.30
0.30
0.73
0.39
0.59
0.54
0.57
0.45
0.41
0.68
0.36
0.40
0.43
0.59
0.51
0.53
0.76	105.01
0.45
0.73
0.85
0.89
0.71
0.54
0.59
0.67
0.77
0.62
0.63
0.71
0.62
0.54
0.79
0.83
0.72
0.65
0.55
0.70
0.58
0.85
0.63
0.64
0.65
0.72
0.75
0.66
0.83
0.61
0.63
CorWatt	PkgWatt
42.93	232.27
0.50	112.56
0.39
0.60
0.59
0.53
0.64
0.51
0.50
0.40
0.49
0.43
0.36
0.34
0.42
0.46
0.44
0.71
0.35
0.41
0.30
0.54
0.50
0.41
0.61
0.68
0.47
0.37
0.40
0.52
0.55
0.63
0.49
0.95	119.50
0.76
0.84
0.87
0.75
0.98
0.98
0.82
0.83
0.74
0.77
0.99
0.83
0.93
0.84
0.76
0.89
0.72
0.96
0.82
0.75
0.93
0.84
1.04
0.86
0.73
0.88
0.94
0.95
0.87
0.79
0.74
CorWatt	PkgWatt
49.75	244.07
0.50	113.25
0.56
0.66
0.39
0.40
0.67
0.51
0.60
0.62
0.46
0.38
0.50
0.42
0.44
0.40
0.48
0.76
0.38
0.32
0.29
0.46
0.70
0.36
0.35
0.57
0.50
0.54
0.60
0.53
0.44
0.51
0.44
1.03	130.91
1.05
0.89
0.91
0.96
0.96
1.04
0.86
0.94
0.94
1.10
0.89
2.42
2.26
1.26
0.81
0.98
0.93
1.03
0.99
1.00
0.94
0.98
1.12
1.27
1.02
0.87
0.77
0.93
0.99
0.95
0.90
CorWatt	PkgWatt
53.10	248.79
0.82	115.32
0.50
0.52
0.52
0.51
0.40
0.51
0.58
0.47
0.48
0.46
0.60
0.45
0.57
0.47
0.53
0.68
0.49
0.48
0.38
0.47
0.49
0.60
0.67
0.56
0.64
0.50
0.63
0.59
0.69
0.55
0.60
1.00	133.41
1.01
0.90
1.22
0.91
0.98
1.03
1.07
0.89
0.97
0.99
1.13
2.90
2.41
1.43
0.85
0.97
1.08
1.06
1.02
0.95
1.18
1.00
0.91
1.09
0.94
0.97
0.83
0.99
1.06
0.97
0.96
CorWatt	PkgWatt
50.90	245.11
0.46	113.13
0.40
0.33
0.66
0.51
0.49
0.57
0.51
0.41
0.49
0.37
0.39
0.56
0.50
0.44
0.41
0.63
0.48
0.58
0.42
0.72
0.40
0.45
0.41
0.37
0.79
0.40
0.42
0.46
0.40
0.50
0.62
0.99	131.98
0.79
1.20
1.12
1.02
1.00
0.78
1.11
0.95
1.09
0.99
1.00
2.73
2.18
0.89
1.48
0.85
0.93
1.03
1.07
0.94
0.87
1.27
0.99
0.95
0.94
1.18
1.19
0.89
0.98
1.01
0.91
CorWatt	PkgWatt
51.21	244.34
0.55	113.08
0.44
0.49
0.55
0.58
0.50
0.54
0.49
0.43
0.43
0.43
0.61
0.42
0.58
0.36
0.43
0.46
0.70
0.54
0.47
0.75
0.42
0.48
0.40
0.47
0.50
0.49
0.58
0.53
0.54
0.44
0.47
1.10	131.32
0.93
0.98
0.94
0.97
1.00
1.00
0.95
0.93
1.08
0.94
0.94
0.92
1.05
0.93
0.95
0.96
1.05
0.97
0.93
1.04
1.02
0.89
1.05
2.74
1.02
0.88
3.04
0.88
0.96
1.05
1.04
CorWatt	PkgWatt
50.56	239.36
0.50	112.20
0.39
0.52
0.52
0.43
0.43
0.51
0.59
0.55
0.48
0.50
0.47
0.34
0.47
0.53
0.42
0.33
1.00
0.34
0.36
0.43
0.60
0.43
0.46
0.42
0.64
0.49
0.43
0.47
0.39
0.46
0.53
0.98	127.10
0.96
1.01
0.91
0.94
1.03
1.03
1.04
0.95
0.94
1.00
0.97
1.80
1.28
1.38
0.95
0.93
0.91
1.06
1.05
1.09
1.01
0.90
1.10
2.01
1.09
0.82
2.06
1.01
0.93
1.04
0.95
CorWatt	PkgWatt
118.94	295.11
1.90	141.03
1.90
1.91
1.91
1.89
1.92
1.95
1.92
1.86
1.87
1.85
1.88
1.88
1.88
1.82
1.85
1.84
1.89
1.86
1.89
1.85
1.85
1.84
1.84
1.86
1.91
1.92
1.93
1.81
1.88
1.87
1.89
1.74	154.55
1.72
1.73
1.73
1.79
1.79
1.77
1.75
1.74
1.71
1.77
1.76
2.87
2.01
2.77
1.82
1.69
1.73
1.74
1.71
1.82
1.74
1.81
1.81
1.69
1.72
1.74
2.14
1.75
1.93
1.76
1.74
CorWatt	PkgWatt
119.73	300.61
1.86	146.10
1.85
1.87
1.87
1.87
1.88
1.91
1.89
1.81
1.82
1.87
1.82
1.84
1.85
1.82
1.85
1.81
1.86
1.84
1.85
1.90
1.89
1.89
1.89
1.82
1.87
1.86
1.87
1.79
1.84
1.83
1.84
1.82	154.16
1.84
1.78
1.79
1.94
1.82
1.77
1.79
1.81
1.78
1.78
1.80
1.82
1.83
3.63
1.81
1.75
1.76
1.77
1.86
1.86
1.80
1.85
1.84
1.75
1.78
1.79
2.06
1.79
2.22
1.79
1.78
CorWatt	PkgWatt
43.42	210.19
0.53	100.98
0.40
0.39
0.39
0.36
0.38
0.37
0.37
0.36
0.34
0.32
0.33
0.33
0.33
0.32
0.34
0.36
0.37
0.37
0.35
1.39
1.01
2.67
2.81
0.36
0.32
0.37
0.37
0.35
0.36
0.32
0.35
0.94	109.29
0.80
0.89
0.69
0.81
0.77
0.76
0.80
0.68
0.80
0.74
0.86
0.77
0.91
1.05
0.67
0.88
0.72
0.70
0.81
0.89
0.77
0.81
0.79
0.76
0.79
0.78
0.77
0.69
0.79
0.79
0.76
CorWatt	PkgWatt
36.66	194.97
0.39	93.04
0.26
0.26
0.26
0.24
0.23
0.24
0.24
0.21
0.21
0.21
0.21
0.21
0.21
0.20
0.21
0.24
0.24
0.24
0.24
1.45
0.90
2.94
2.49
0.22
0.22
0.22
0.22
0.22
0.22
0.21
0.22
0.85	101.81
0.62
0.53
0.76
0.75
0.64
0.73
0.80
0.78
0.66
0.63
0.73
0.76
0.59
0.77
0.60
0.88
0.67
0.55
0.67
0.67
0.76
0.65
0.82
0.49
0.94
0.73
0.59
0.66
0.76
0.56
0.81
CorWatt	PkgWatt
39.36	200.85
0.44	95.88
0.30
0.30
0.30
0.27
0.26
0.27
0.25
0.25
0.24
0.24
0.23
0.24
0.24
0.25
0.24
0.30
0.28
0.28
0.29
1.62
2.64
2.28
1.26
0.27
0.26
0.27
0.27
0.25
0.27
0.26
0.26
0.79	105.15
0.85
0.66
0.73
0.70
0.79
0.66
0.76
0.75
0.60
0.85
0.78
0.67
0.76
0.83
0.72
0.75
0.85
0.77
0.73
0.83
0.71
0.71
0.81
0.68
0.69
0.69
0.88
0.69
0.67
0.90
0.74
CorWatt	PkgWatt
45.55	237.72
0.63	110.57
0.47
0.43
0.43
0.40
0.45
0.46
0.51
0.47
0.35
0.36
0.45
0.35
0.45
0.37
0.38
0.69
0.39
0.30
0.31
0.94
0.89
0.51
0.56
0.41
0.46
0.34
0.45
0.49
0.45
0.43
0.40
1.04	126.95
0.88
1.01
0.90
0.87
0.90
1.09
0.98
0.95
1.06
0.96
0.89
1.06
1.06
0.87
0.82
0.91
0.84
0.95
1.06
0.99
1.01
0.95
0.94
1.06
0.79
0.94
1.01
0.82
1.07
0.96
0.93
CorWatt	PkgWatt
98.36	277.78
1.57	138.53
1.45
1.47
1.55
1.50
1.49
1.52
1.61
1.42
1.41
1.40
1.50
1.46
1.42
1.43
1.46
1.52
1.48
1.45
1.50
1.53
1.55
1.52
1.50
1.50
1.51
1.51
1.49
1.47
1.42
1.52
1.50
1.62	139.19
1.53
1.63
1.52
1.57
1.63
1.63
1.63
1.50
1.58
1.65
1.55
1.60
1.66
1.57
1.56
1.79
1.51
1.59
1.54
1.54
1.60
1.60
1.54
1.59
1.60
1.60
1.56
1.55
1.50
1.51
1.66
CorWatt	PkgWatt
108.29	265.39
1.72	132.71
1.66
1.67
1.69
1.69
1.68
1.67
1.70
1.61
1.59
1.60
1.64
1.66
1.66
1.64
1.68
1.66
1.69
1.67
1.69
1.72
1.71
1.71
1.69
1.66
1.69
1.70
1.67
1.62
1.67
1.65
1.67
1.71	132.62
1.70
1.72
1.69
1.69
2.11
1.71
1.70
1.68
1.69
1.69
1.69
1.69
1.72
1.69
1.68
1.63
1.68
1.71
1.68
1.74
1.68
1.71
1.72
1.65
1.66
1.68
1.68
1.67
1.85
1.65
1.88
CorWatt	PkgWatt
58.76	222.10
0.58	95.37
0.50
0.49
0.48
0.46
0.46
0.46
0.46
0.44
0.46
0.43
0.44
0.43
0.44
0.44
0.45
0.46
0.46
0.46
0.44
0.48
0.47
0.47
0.46
0.47
0.47
0.46
0.45
0.43
0.45
0.45
0.44
1.25	126.89
1.30
1.30
1.38
1.18
1.42
1.35
1.27
1.30
1.20
1.34
1.42
1.40
1.30
1.22
1.31
1.26
1.30
1.25
1.26
1.54
1.18
1.15
1.35
1.19
1.50
3.18
1.65
1.32
1.32
1.26
1.39
CorWatt	PkgWatt
45.58	204.55
0.24	82.42
0.17
0.17
0.16
0.15
0.14
0.15
0.15
0.13
0.13
0.13
0.13
0.13
0.14
0.12
0.12
0.15
0.14
0.14
0.14
0.16
0.15
0.15
0.15
0.14
0.14
0.14
0.14
0.13
0.13
0.13
0.14
1.16	122.03
1.26
1.21
1.20
1.09
1.30
1.19
1.19
1.29
1.24
1.15
1.06
1.15
1.32
1.11
1.21
1.16
1.22
1.24
1.10
1.18
1.23
1.24
1.20
1.86
2.42
1.93
1.34
1.11
1.15
1.17
1.24
CorWatt	PkgWatt
46.45	209.65
0.29	85.87
0.20
0.19
0.18
0.17
0.16
0.18
0.18
0.15
0.16
0.16
0.16
0.15
0.15
0.15
0.14
0.18
0.19
0.20
0.17
0.20
0.18
0.18
0.17
0.18
0.22
0.20
0.23
0.16
0.17
0.18
0.20
1.22	123.80
1.24
1.21
1.15
1.20
1.23
1.17
1.26
1.16
1.34
1.20
1.03
1.19
1.21
1.26
1.14
1.16
1.21
1.24
1.17
1.22
1.10
1.28
1.34
3.52
1.16
0.93
1.41
1.27
1.09
1.07
1.28
CorWatt	PkgWatt
109.15	276.96
1.68	134.47
1.65
1.66
1.68
1.60
1.68
1.66
1.67
1.64
1.58
1.59
1.66
1.62
1.56
1.63
1.61
1.61
1.60
1.58
1.66
1.72
1.73
1.69
1.66
1.64
1.69
1.62
1.56
1.58
1.59
1.56
1.63
1.74	142.48
3.00
1.80
1.66
1.78
1.74
1.72
1.72
1.69
1.66
1.73
1.68
1.81
1.70
1.72
1.69
1.72
1.75
1.68
1.67
1.67
1.71
1.83
1.74
2.03
1.89
1.73
1.71
1.73
1.70
1.74
1.74
CorWatt	PkgWatt
119.86	283.44
1.90	141.91
1.86
1.89
1.90
1.86
1.89
1.91
1.90
1.84
1.83
1.81
1.86
1.86
1.83
1.86
1.87
1.83
1.90
1.86
3.31
1.95
1.92
1.93
1.86
1.85
1.90
1.89
1.87
1.81
1.86
1.85
1.87
1.81	141.64
2.07
1.81
1.81
1.85
1.85
1.84
1.81
1.78
1.78
1.81
1.76
1.82
1.80
1.83
1.83
1.82
1.83
1.80
1.79
1.87
1.84
1.87
1.86
1.76
1.79
2.02
1.80
1.84
1.81
1.83
1.83
CorWatt	PkgWatt
120.44	289.99
1.96	144.56
1.86
1.89
1.90
1.86
1.94
1.91
1.90
1.85
1.83
1.83
1.86
1.86
1.87
1.87
1.88
1.84
1.90
1.86
3.57
1.90
1.93
1.93
1.87
1.86
1.90
1.90
1.87
1.81
1.86
1.85
1.87
1.82	145.37
1.81
1.83
1.82
1.85
1.85
1.85
1.83
1.79
1.78
1.81
1.77
1.81
1.81
1.85
1.83
1.80
1.83
1.79
1.78
1.86
1.82
1.89
1.99
1.76
1.86
1.99
1.79
1.91
1.80
1.82
1.82
CorWatt	PkgWatt
121.07	295.00
1.94	152.53
1.89
1.91
1.92
1.87
1.90
1.93
1.92
1.83
1.83
2.26
1.86
1.87
1.86
2.29
1.88
1.85
1.91
1.88
3.54
1.92
1.97
1.95
1.90
1.88
1.90
1.93
1.89
1.82
1.88
1.96
1.88
1.83	142.41
1.82
1.83
1.83
1.84
1.84
1.85
1.82
1.81
1.81
1.83
1.79
1.83
1.82
1.83
1.82
1.79
1.80
1.78
1.76
1.85
1.82
1.85
1.84
1.75
1.79
1.79
1.79
1.81
1.78
1.81
1.80
CorWatt	PkgWatt
122.21	297.45
1.94	158.52
1.87
2.09
1.91
1.87
2.45
1.91
1.92
2.22
1.82
1.81
1.86
1.86
2.24
1.85
1.88
1.85
1.91
1.87
3.55
1.92
1.97
1.95
1.92
1.86
1.90
1.91
2.32
1.83
1.88
2.29
1.88
1.83	139.05
1.83
1.84
1.83
1.85
1.85
1.85
1.82
1.80
1.80
1.83
1.78
1.82
1.81
1.83
1.82
1.79
1.79
1.78
1.76
1.85
1.81
1.84
1.83
1.74
1.78
1.78
1.78
1.80
1.78
1.81
1.80
CorWatt	PkgWatt
122.41	297.38
1.96	158.13
1.89
2.01
1.92
1.89
1.90
1.93
1.92
1.77
1.84
1.84
1.87
2.00
1.84
1.86
1.98
1.85
1.91
1.88
3.57
1.93
1.94
1.93
2.51
1.88
1.91
2.27
1.99
2.60
1.88
2.02
1.88
1.84	139.18
1.83
1.84
1.83
1.85
1.85
1.86
1.83
1.80
1.80
1.83
1.78
1.82
1.81
1.83
1.82
1.79
1.80
1.78
1.76
1.86
1.81
1.85
1.84
1.75
1.77
1.78
1.78
1.81
1.78
1.81
1.81
CorWatt	PkgWatt
125.98	316.49
2.05	163.51
2.49
2.11
2.73
1.95
1.98
2.00
2.00
2.03
2.02
2.03
2.03
2.10
2.03
2.45
2.02
2.11
2.17
1.92
3.56
1.99
2.01
2.26
1.97
1.94
2.00
1.98
1.91
2.00
2.03
1.87
2.04
1.85	153.03
1.84
1.84
1.83
1.85
1.85
1.86
1.83
1.81
1.81
1.83
1.79
1.83
1.82
1.85
1.82
1.81
1.81
1.79
1.77
1.87
1.82
1.86
1.85
1.75
1.78
1.79
1.78
1.81
1.79
1.82
1.81
CorWatt	PkgWatt
126.19	317.22
2.04	161.80
2.02
1.94
2.15
2.05
1.96
1.94
1.95
1.82
1.91
1.95
1.92
2.09
2.15
2.02
2.29
2.10
2.18
2.20
2.36
2.28
2.23
2.08
1.91
1.97
1.97
1.93
2.38
1.88
1.91
1.89
1.91
1.92	155.26
1.91
1.92
1.92
1.97
1.93
1.93
1.91
1.87
1.87
1.91
1.85
1.90
1.89
1.91
1.90
1.88
1.89
1.88
1.85
1.94
1.89
1.93
1.94
1.83
1.88
1.88
1.88
1.89
1.87
1.90
1.91
CorWatt	PkgWatt
126.29	318.51
2.67	162.96
2.24
2.08
2.59
2.14
2.04
2.13
2.21
1.83
1.91
2.02
1.89
1.95
2.10
2.18
1.97
1.86
2.05
2.04
1.94
2.08
1.98
1.96
2.13
1.95
2.33
2.08
1.90
2.13
2.15
2.03
1.91
1.88	155.55
1.88
1.90
1.89
1.90
1.90
1.91
1.89
1.85
1.85
1.88
1.83
1.87
1.86
1.88
1.87
1.85
1.87
1.85
1.82
1.92
1.86
1.90
1.92
1.80
1.85
1.85
1.85
1.86
1.84
1.88
1.88
CorWatt	PkgWatt
123.08	313.58
1.95	161.57
2.02
2.01
2.32
2.15
2.10
2.31
2.11
1.85
1.92
1.87
1.89
1.93
1.91
1.92
1.92
2.32
2.01
2.21
2.14
2.00
1.99
2.15
1.94
1.94
1.95
1.99
1.92
2.11
2.16
1.99
2.41
1.83	152.22
1.82
1.84
1.83
1.84
1.84
1.85
1.83
1.79
1.78
1.82
1.77
1.81
1.79
1.81
1.81
1.78
1.80
1.78
1.76
1.86
1.81
1.85
1.86
1.73
1.76
1.78
1.77
1.79
1.77
1.80
1.81
CorWatt	PkgWatt
124.75	316.06
1.97	162.95
1.92
1.94
1.94
1.90
1.93
1.95
2.00
1.92
1.91
1.96
1.94
2.17
2.34
2.06
2.63
2.81
2.00
2.07
1.99
1.93
1.99
2.02
1.93
1.98
2.10
2.14
2.08
2.60
2.50
1.98
2.18
1.83	153.08
1.82
1.85
1.84
1.84
1.85
1.85
1.83
1.79
1.79
1.82
1.78
1.82
1.79
1.81
1.82
1.78
1.80
1.78
1.76
1.87
1.82
1.85
1.87
1.74
1.76
1.79
1.77
1.79
1.78
1.81
1.81
CorWatt	PkgWatt
125.45	315.36
2.05	163.53
1.92
1.94
1.94
1.87
2.06
2.63
2.76
1.85
2.00
1.89
1.88
2.13
2.00
2.01
2.23
2.58
2.21
2.00
2.13
1.93
2.00
2.04
1.96
1.93
1.93
1.93
1.93
2.29
1.94
2.05
3.49
1.83	151.83
1.82
1.85
1.84
1.84
1.85
1.86
1.84
1.79
1.79
1.83
1.78
1.82
1.79
1.81
1.82
1.78
1.80
1.78
1.76
1.87
1.82
1.85
1.87
1.74
1.76
1.79
1.77
1.79
1.78
1.81
1.82
CorWatt	PkgWatt
125.06	315.85
1.96	163.18
1.94
1.95
1.95
1.97
2.16
2.23
2.01
1.92
2.09
2.24
2.08
2.08
2.30
2.09
2.15
2.15
2.13
2.02
2.27
1.95
2.01
2.02
1.98
2.07
1.93
2.00
1.92
1.88
2.06
2.12
3.54
1.83	152.79
1.83
1.85
1.84
1.84
1.85
1.86
1.84
1.79
1.79
1.82
1.78
1.82
1.79
1.81
1.82
1.78
1.80
1.79
1.76
1.87
1.81
1.85
1.87
1.73
1.76
1.78
1.77
1.79
1.78
1.82
1.82
CorWatt	PkgWatt
126.71	318.22
1.94	162.75
2.06
2.03
2.14
2.02
2.05
1.92
1.96
2.21
2.16
2.03
1.99
1.90
1.88
2.01
1.97
2.09
1.93
2.15
2.09
1.92
1.98
2.00
1.95
2.39
1.96
2.09
2.01
2.06
2.17
1.95
3.53
1.90	155.17
1.88
1.91
1.90
1.91
1.91
1.91
1.90
1.85
1.85
1.89
1.84
1.88
1.86
1.88
1.88
1.85
1.88
1.86
1.83
1.93
1.88
1.91
1.93
1.81
1.84
1.86
1.86
1.86
1.84
1.89
1.90
CorWatt	PkgWatt
128.43	319.57
2.20	162.87
2.11
2.27
2.00
2.01
1.93
1.94
2.05
2.23
1.97
2.03
1.82
1.95
1.92
2.06
1.92
2.11
2.23
2.25
1.97
1.92
2.00
2.01
1.92
1.98
2.07
1.99
2.01
1.91
1.90
3.05
2.71
1.94	156.67
1.93
1.96
1.95
1.96
1.96
1.96
1.95
1.91
1.90
1.95
1.89
1.94
1.92
1.95
1.95
1.92
1.93
1.93
1.89
1.98
1.93
1.96
1.99
1.87
1.91
1.93
1.94
1.93
1.90
1.96
1.97
CorWatt	PkgWatt
128.16	319.80
2.14	162.15
1.95
1.90
1.98
1.92
1.92
1.89
1.96
1.86
2.04
1.83
1.94
1.99
1.93
2.10
2.24
2.34
2.36
1.97
2.14
2.00
2.15
2.01
2.24
2.19
1.86
2.21
1.88
1.84
1.92
3.63
1.81
1.95	157.73
1.94
1.96
1.96
1.96
1.96
1.97
1.96
1.91
1.90
1.95
1.89
1.94
1.92
1.95
1.95
1.91
1.93
1.93
1.89
1.98
1.93
1.97
1.99
1.87
1.92
1.93
1.94
1.93
1.91
1.96
1.97
CorWatt	PkgWatt
128.87	320.50
2.02	163.08
2.07
1.88
1.97
1.90
1.92
1.91
1.96
1.85
1.85
1.85
1.84
1.85
2.05
2.14
2.01
2.34
2.08
2.18
2.20
2.11
2.08
2.03
2.01
2.38
2.12
2.00
2.27
2.14
2.22
3.63
1.96
1.95	157.44
1.94
1.96
1.96
1.96
1.96
1.97
1.96
1.91
1.90
1.94
1.89
1.93
1.92
1.95
1.95
1.92
1.93
1.93
1.89
1.98
1.93
1.97
1.99
1.87
1.92
1.94
1.94
1.93
1.91
1.96
1.97
CorWatt	PkgWatt
128.23	318.99
2.03	162.22
2.03
2.13
2.27
1.94
1.94
1.96
1.96
1.84
1.84
1.86
1.84
2.30
2.40
1.99
2.29
2.32
2.36
1.91
2.30
1.89
2.05
1.98
1.97
1.89
1.88
1.90
1.91
1.85
1.92
3.62
1.81
1.95	156.68
1.93
1.96
1.95
1.96
1.96
1.97
1.95
1.91
1.90
1.95
1.89
1.93
1.92
1.95
1.95
1.92
1.93
1.93
1.89
1.98
1.93
1.96
1.99
1.87
1.92
1.93
1.94
1.93
1.91
2.01
1.97
CorWatt	PkgWatt
127.62	318.60
2.21	161.80
2.01
2.09
2.15
2.34
1.91
2.00
1.94
1.83
1.99
1.88
2.09
2.14
2.27
2.00
1.97
1.92
1.92
1.97
1.96
1.94
2.00
2.13
2.07
1.92
1.88
1.89
1.92
1.85
1.96
3.63
1.98
1.94	156.81
1.93
1.96
1.95
1.96
1.96
1.96
1.95
1.90
1.90
1.94
1.88
1.93
1.92
1.95
1.95
1.92
1.93
1.93
1.89
1.98
1.92
1.96
1.99
1.87
1.92
1.93
1.94
1.93
1.90
1.95
1.96
CorWatt	PkgWatt
128.30	320.04
2.24	162.51
2.27
2.75
2.07
1.88
1.93
1.99
2.03
1.86
1.84
1.84
1.84
2.17
2.01
2.05
2.00
1.89
1.95
2.02
1.92
2.00
2.08
2.04
1.85
1.97
2.04
1.96
1.89
1.87
2.24
3.17
2.65
1.95	157.54
1.94
1.96
1.95
1.96
1.96
1.97
1.95
1.91
1.90
1.95
1.89
1.93
1.92
1.94
1.96
1.92
1.93
1.93
1.88
1.98
1.93
1.96
1.99
1.87
1.92
1.94
1.94
1.93
1.91
1.96
1.97
CorWatt	PkgWatt
125.97	317.74
2.24	161.86
1.91
2.82
1.90
2.12
2.08
2.40
1.93
1.93
1.98
1.91
2.03
2.22
1.96
1.88
1.92
1.96
1.93
2.04
1.94
1.94
1.96
2.01
1.87
1.94
2.07
2.04
1.92
2.08
2.08
2.18
2.26
1.90	155.90
1.89
1.91
1.91
1.92
1.92
1.93
1.91
1.86
1.86
1.90
1.85
1.88
1.87
1.90
1.91
1.87
1.89
1.88
1.84
1.94
1.89
1.92
1.95
1.83
1.88
1.89
1.89
1.89
1.86
1.91
1.92
CorWatt	PkgWatt
123.51	314.54
2.04	161.76
2.08
1.97
1.99
1.98
2.33
2.25
2.15
2.09
1.94
1.98
2.05
1.91
1.97
2.01
1.96
1.94
1.96
1.98
1.95
2.12
2.35
2.28
2.13
2.11
1.97
2.19
2.05
1.95
1.93
1.92
1.98
1.82	152.81
1.81
1.83
1.83
1.84
1.85
1.85
1.82
1.77
1.77
1.81
1.78
1.80
1.79
1.82
1.82
1.79
1.81
1.81
1.77
1.86
1.81
1.85
1.86
1.75
1.80
1.80
1.80
1.81
1.79
1.84
1.84
CorWatt	PkgWatt
124.87	317.00
2.23	163.39
2.00
2.05
1.91
2.71
2.51
2.65
2.08
2.33
2.05
2.07
1.94
1.86
1.91
1.92
1.92
1.95
2.15
2.10
1.96
2.15
1.97
2.23
2.42
1.92
1.94
1.91
1.94
2.13
1.91
1.99
2.02
1.83	153.63
1.81
1.82
1.81
1.84
1.85
1.84
1.82
1.79
1.79
1.81
1.77
1.82
1.81
1.85
1.82
1.81
1.82
1.80
1.77
1.86
1.82
1.85
1.86
1.76
1.80
1.79
1.79
1.81
1.80
1.83
1.82
CorWatt	PkgWatt
125.76	318.18
1.99	164.02
2.32
2.17
2.45
2.18
2.30
2.08
2.09
1.93
1.95
2.00
2.10
2.32
2.04
2.07
2.13
2.05
2.19
2.02
2.10
2.02
2.09
2.20
2.23
2.11
2.00
2.01
1.99
2.17
2.13
2.07
1.99
1.84	154.30
1.82
1.83
1.82
1.85
1.85
1.85
1.82
1.80
1.80
1.82
1.78
1.82
1.81
1.85
1.83
1.81
1.82
1.81
1.77
1.87
1.82
1.86
1.86
1.76
1.80
1.80
1.80
1.82
1.80
1.83
1.82
CorWatt	PkgWatt
125.26	317.83
2.24	163.52
2.58
2.32
2.20
2.21
2.06
2.60
2.54
1.91
2.10
1.91
1.89
1.90
1.90
1.89
1.94
2.04
2.41
2.08
2.03
2.22
1.97
2.09
2.09
1.89
1.96
1.95
1.96
2.25
1.94
1.93
1.93
1.84	154.32
1.82
1.83
1.82
1.85
1.85
1.85
1.83
1.79
1.80
1.82
1.77
1.83
1.81
1.86
1.83
1.82
1.82
1.81
1.77
1.87
1.83
1.87
1.87
1.76
1.79
1.80
1.80
1.82
1.81
1.83
1.83
CorWatt	PkgWatt
125.50	318.06
2.26	163.70
2.06
2.07
2.27
2.58
2.13
2.71
2.10
2.02
2.16
2.20
2.09
1.98
1.91
2.03
2.08
2.36
2.07
2.12
2.19
1.99
1.98
2.02
1.98
1.93
1.96
1.95
1.95
2.01
1.98
2.18
1.87
1.84	154.24
1.82
1.83
1.82
1.85
1.85
1.85
1.83
1.79
1.79
1.81
1.76
1.83
1.81
1.84
1.83
1.82
1.82
1.81
1.77
1.87
1.83
1.87
1.87
1.77
1.79
1.80
1.80
1.82
1.80
1.83
1.83
CorWatt	PkgWatt
125.94	318.42
2.05	163.38
2.40
2.10
2.26
2.49
2.01
2.23
2.82
2.09
1.90
2.09
2.21
2.17
2.04
2.01
2.20
2.32
1.99
1.98
1.93
2.05
2.01
2.01
2.05
1.93
1.97
1.92
1.94
1.87
1.91
1.89
1.98
1.87	154.97
1.85
1.86
1.85
1.87
1.88
1.88
1.85
1.83
1.83
1.85
1.80
1.85
1.84
1.87
1.85
1.84
1.85
1.83
1.80
1.90
1.85
1.89
1.89
1.80
1.82
1.83
1.83
1.85
1.83
1.85
1.86
CorWatt	PkgWatt
128.16	320.04
1.92	162.58
2.30
2.34
2.32
2.04
2.04
2.04
2.01
1.82
1.95
1.90
2.30
1.86
2.01
2.49
2.01
1.92
1.94
1.93
1.91
2.41
1.96
2.39
2.05
2.05
2.25
2.21
2.03
1.86
1.97
1.88
1.96
1.95	157.45
1.94
1.95
1.95
1.96
1.97
1.97
1.96
1.91
1.91
1.95
1.89
1.93
1.92
1.97
1.94
1.92
1.94
1.92
1.89
1.97
1.93
1.97
1.97
1.88
1.94
1.93
1.94
1.93
1.91
1.95
1.96
CorWatt	PkgWatt
128.21	320.63
2.35	162.60
2.18
2.08
2.08
2.26
2.14
1.98
2.20
1.93
1.95
1.89
2.38
1.90
2.02
1.88
2.03
1.92
1.95
1.98
2.00
1.96
1.98
2.07
2.11
2.19
2.01
2.27
2.07
2.11
1.94
1.91
2.38
1.95	157.99
1.94
1.96
1.95
1.96
1.97
1.97
1.96
1.91
1.92
1.95
1.89
1.94
1.93
1.97
1.94
1.92
1.94
1.92
1.89
1.97
1.93
1.97
1.98
1.87
1.94
1.93
1.94
1.93
1.92
1.95
1.96
CorWatt	PkgWatt
128.34	319.04
2.55	162.86
2.24
2.48
2.29
2.01
1.93
1.86
1.96
1.89
2.06
1.86
1.81
1.89
1.89
1.89
1.91
2.40
2.22
2.55
1.95
2.05
2.09
2.28
2.19
1.95
2.09
2.05
2.39
1.91
1.92
1.87
1.84
1.95	156.17
1.94
1.96
1.95
1.96
1.97
1.97
1.96
1.91
1.92
1.96
1.89
1.93
1.93
1.97
1.94
1.92
1.94
1.92
1.89
1.97
1.92
1.96
1.98
1.88
1.95
1.93
1.94
1.93
1.91
1.95
1.96
CorWatt	PkgWatt
82.82	282.38
1.55	149.22
1.70
1.58
1.45
1.60
1.58
1.49
1.52
1.49
1.54
1.46
1.42
1.49
1.49
1.43
1.54
1.51
1.72
1.61
1.52
1.61
1.58
1.52
1.64
1.62
1.49
1.53
1.63
1.56
1.39
1.48
1.57
1.08	133.18
1.01
1.01
1.03
1.07
0.98
1.15
1.04
0.96
1.04
1.02
0.98
1.17
1.11
1.15
1.00
1.00
1.08
1.02
0.98
1.08
1.05
0.97
1.06
0.99
0.98
1.00
1.03
1.17
1.10
1.12
1.08
CorWatt	PkgWatt
77.91	274.72
1.42	143.61
1.50
1.47
1.45
1.44
1.43
1.32
1.41
1.31
1.41
1.27
1.60
1.38
1.40
1.36
1.42
1.43
1.47
1.37
1.45
1.50
1.43
1.37
1.48
1.35
1.50
1.41
1.38
1.46
1.35
1.33
1.43
1.01	131.07
1.19
1.07
1.19
0.97
1.17
1.02
0.93
0.85
0.96
0.97
1.03
0.88
0.84
1.02
1.23
1.00
1.02
1.08
1.03
1.00
1.09
1.12
1.02
0.92
0.87
1.02
1.13
0.93
1.01
0.91
1.10
CorWatt	PkgWatt
76.89	273.49
1.44	142.55
1.40
1.44
1.40
1.44
1.43
1.37
1.34
1.35
1.34
1.27
1.52
1.26
1.37
1.43
1.45
1.34
1.40
1.37
1.48
1.45
1.40
1.32
1.41
1.34
1.39
1.43
1.38
1.43
1.36
1.34
1.26
1.10	131.02
1.14
1.20
1.00
1.07
1.10
1.06
1.00
0.93
0.99
1.03
0.96
1.02
1.03
0.96
0.95
1.04
1.08
0.86
0.95
1.04
1.13
0.96
1.13
0.97
0.99
1.00
0.96
0.88
0.93
0.99
1.11
CorWatt	PkgWatt
83.68	290.51
1.55	151.48
1.54
1.52
1.59
1.45
1.51
1.47
1.55
1.53
1.49
1.42
1.45
1.51
1.40
1.59
1.42
1.43
1.47
1.58
1.58
1.55
1.51
1.50
1.50
1.60
1.47
1.45
1.55
1.41
1.52
1.43
1.49
1.02	138.94
1.11
1.10
1.15
1.16
1.28
1.17
1.11
1.03
1.04
1.17
1.15
1.07
1.12
1.11
1.09
1.01
1.10
1.15
1.09
1.01
1.09
1.25
1.05
1.03
1.16
1.13
1.14
1.00
1.22
1.21
1.08
CorWatt	PkgWatt
77.40	275.59
1.42	144.06
1.48
1.50
1.34
1.53
1.36
1.32
1.47
1.41
1.42
1.40
1.31
1.42
1.43
1.30
1.31
1.37
1.63
1.43
1.32
1.45
1.40
1.49
1.44
1.42
1.43
1.43
1.36
1.36
1.37
1.35
1.38
0.87	131.59
1.01
1.10
0.95
1.02
1.11
1.01
0.96
0.86
0.99
1.10
0.94
1.01
1.03
0.93
1.05
1.00
1.11
1.08
0.83
1.08
1.07
1.18
1.06
0.97
1.02
0.99
0.98
0.96
1.00
1.08
0.99
CorWatt	PkgWatt
77.00	273.55
1.42	143.05
1.40
1.44
1.40
1.40
1.35
1.48
1.41
1.35
1.32
1.37
1.40
1.39
1.32
1.45
1.31
1.39
1.40
1.40
1.36
1.49
1.35
1.50
1.30
1.42
1.37
1.40
1.43
1.44
1.39
1.36
1.36
1.13	130.88
1.02
0.96
0.96
1.01
1.02
0.98
1.10
1.05
1.06
0.94
1.07
0.99
1.00
0.90
1.08
0.93
1.01
1.11
0.87
1.07
1.23
1.11
1.01
1.04
0.93
0.96
0.99
0.97
1.08
1.03
0.96
CorWatt	PkgWatt
77.06	274.08
1.35	142.86
1.35
1.45
1.47
1.36
1.36
1.38
1.45
1.56
1.33
1.31
1.23
1.37
1.39
1.33
1.36
1.37
1.45
1.41
1.41
1.44
1.36
1.48
1.42
1.46
1.43
1.39
1.43
1.37
1.35
1.36
1.38
0.99	130.85
1.04
1.06
0.99
1.05
0.94
1.15
1.05
0.88
0.98
1.05
1.02
0.92
0.94
1.12
1.08
1.07
1.15
1.03
0.86
0.93
0.95
1.07
1.04
0.92
0.96
0.98
0.99
1.03
1.00
1.01
1.17
CorWatt	PkgWatt
115.00	305.67
1.69	150.66
1.74
1.77
1.69
1.72
1.71
1.73
1.76
1.67
1.68
1.65
1.71
1.70
1.73
1.74
1.71
1.69
1.73
1.70
1.65
1.70
1.72
1.75
1.77
1.76
1.72
1.70
1.67
1.70
1.69
1.69
1.68
1.87	155.14
1.88
1.82
1.82
1.78
1.86
1.89
1.87
1.78
1.89
1.85
1.86
1.84
1.86
1.88
1.87
1.90
1.99
1.89
2.07
1.88
2.11
2.00
1.93
1.85
1.92
1.83
1.84
1.86
1.89
1.87
1.83
CorWatt	PkgWatt
118.72	308.21
1.73	151.26
1.76
1.77
1.71
1.79
1.79
1.80
1.79
1.69
1.71
1.70
1.70
1.76
1.76
1.75
1.73
1.72
1.75
1.74
1.69
1.75
1.79
1.79
1.76
1.77
1.78
1.77
1.74
1.74
1.72
1.72
1.73
1.94	157.33
1.97
1.96
1.96
1.92
1.99
1.95
1.96
1.90
1.96
1.93
1.95
1.96
1.92
2.00
1.94
1.93
1.96
1.89
1.90
2.20
1.92
2.42
1.94
1.92
1.99
1.92
1.91
1.95
1.96
1.94
1.97
CorWatt	PkgWatt
84.73	281.18
1.11	133.64
1.17
1.11
1.12
1.13
0.99
1.20
1.09
1.04
1.10
1.20
1.03
0.93
1.13
1.01
1.29
1.14
1.12
1.23
1.06
1.13
1.20
1.04
1.09
1.10
1.12
1.08
1.14
1.17
1.11
1.18
1.08
1.57	147.08
1.52
1.55
1.56
1.44
1.62
1.52
1.43
1.51
1.55
1.49
1.53
1.51
1.55
1.59
1.54
1.50
1.51
1.47
1.57
1.63
1.54
1.60
1.56
1.59
1.62
1.47
1.41
1.58
1.55
1.41
1.50
CorWatt	PkgWatt
76.36	272.82
1.25	137.19
1.28
1.23
1.21
1.35
1.26
1.32
1.25
1.18
1.05
1.27
1.24
1.24
1.11
1.18
1.28
1.26
1.20
1.22
1.17
1.36
1.20
1.15
1.27
1.19
1.21
1.29
1.20
1.14
1.08
1.19
1.19
1.07	136.00
1.20
1.27
1.13
1.12
1.32
1.14
1.11
1.15
1.24
1.17
1.21
1.17
1.15
1.18
1.16
1.15
1.15
1.10
1.20
1.25
1.15
1.09
1.23
1.14
1.29
1.09
1.17
1.16
1.21
1.19
1.05
CorWatt	PkgWatt
77.90	275.04
1.13	135.58
1.18
1.11
1.21
1.16
1.20
1.25
1.17
1.13
1.12
1.11
1.23
1.19
1.08
1.14
1.18
1.16
1.16
1.22
1.16
1.26
1.26
1.15
1.11
1.25
1.16
1.09
1.16
1.09
1.11
1.19
1.14
1.28	139.09
1.28
1.24
1.29
1.28
1.27
1.24
1.29
1.32
1.36
1.22
1.30
1.29
1.24
1.32
1.20
1.22
1.27
1.23
1.23
1.28
1.46
1.26
1.35
1.16
1.15
1.30
1.31
1.32
1.17
1.29
1.16
CorWatt	PkgWatt
77.01	273.84
1.07	131.98
1.09
1.20
1.08
1.10
1.03
1.07
1.00
1.13
1.00
0.90
1.10
1.13
0.99
1.07
1.02
1.06
1.13
0.93
1.12
1.16
1.12
0.98
1.04
1.08
1.12
1.05
1.06
1.13
0.89
0.95
1.21
1.16	141.81
1.32
1.26
1.55
1.36
1.31
1.33
1.39
1.38
1.33
1.32
1.27
1.39
1.27
1.30
1.46
1.28
1.45
1.33
1.31
1.40
1.40
1.39
1.33
1.35
1.34
1.33
1.31
1.40
1.31
1.22
1.41
CorWatt	PkgWatt
100.44	290.87
1.56	146.33
1.47
1.61
1.71
1.55
1.52
1.53
1.51
1.40
1.43
1.51
1.43
1.61
1.65
1.51
1.51
1.60
1.61
1.57
1.50
1.59
1.56
1.64
1.54
1.53
1.68
1.59
1.53
1.52
1.47
1.45
1.56
1.62	145.05
1.60
1.61
1.60
1.59
1.59
1.61
1.62
1.61
1.58
1.57
1.60
1.57
1.57
1.67
1.58
1.63
1.57
1.53
1.53
1.60
1.72
1.67
1.63
1.57
1.58
1.55
1.58
1.70
1.61
1.56
1.49
CorWatt	PkgWatt
110.67	291.60
1.77	151.36
1.74
1.77
1.76
1.75
1.77
1.80
1.80
1.64
1.64
1.66
1.64
1.74
1.71
1.74
1.73
1.75
1.78
1.79
1.74
1.78
1.76
1.84
1.78
1.75
1.75
1.73
1.82
1.74
1.71
1.73
1.74
1.73	139.75
1.74
1.73
1.72
1.73
1.70
1.71
1.73
1.70
1.71
1.68
1.69
1.71
1.69
1.73
1.68
1.69
1.68
1.68
1.69
1.74
1.73
1.79
1.74
1.70
1.71
1.70
1.66
1.69
1.72
1.69
1.68
CorWatt	PkgWatt
84.80	277.51
1.60	146.10
1.45
1.51
1.53
1.57
1.57
1.52
1.48
1.44
1.39
1.50
1.51
1.40
1.51
1.59
1.42
1.50
1.49
1.65
1.46
1.54
1.50
1.53
1.57
1.44
1.59
1.50
1.51
1.52
1.54
1.52
1.44
1.07	131.44
1.26
1.16
1.25
1.09
1.10
1.17
1.12
1.07
1.15
1.09
1.11
1.11
1.18
1.10
1.14
1.05
1.18
1.12
1.22
1.06
1.19
1.18
1.20
1.31
1.26
1.06
1.17
1.03
1.16
1.07
1.05
CorWatt	PkgWatt
99.84	302.68
1.61	154.16
1.63
1.69
1.76
1.64
1.68
1.70
1.71
1.59
1.63
1.63
1.62
1.69
1.64
1.61
1.60
1.78
1.57
1.54
1.70
1.68
1.67
1.72
1.66
1.60
1.63
1.68
1.67
1.61
1.59
1.61
1.70
1.53	148.46
1.46
1.47
1.49
1.42
1.52
1.52
1.52
1.47
1.51
1.45
1.46
1.51
1.44
1.43
1.42
1.54
1.40
1.46
1.43
1.50
1.43
1.47
1.58
1.44
1.45
1.40
1.52
1.55
1.38
1.34
1.50
CorWatt	PkgWatt
103.43	315.61
1.63	159.50
1.78
1.69
1.63
1.57
1.67
1.83
1.68
1.64
1.61
1.57
1.69
1.64
1.62
1.63
1.59
1.67
1.67
1.68
1.68
1.69
1.71
1.74
1.77
1.64
1.73
1.63
1.73
1.61
1.59
1.66
1.63
1.57	156.11
1.48
1.54
1.62
1.62
1.55
1.56
1.51
1.57
1.57
1.56
1.54
1.61
1.49
1.58
1.68
1.52
1.56
1.50
1.56
1.59
1.58
1.67
1.62
1.52
1.61
1.58
1.53
1.61
1.57
1.58
1.45
CorWatt	PkgWatt
121.88	322.93
1.86	160.58
1.94
1.86
1.92
1.87
1.85
1.91
1.90
1.82
1.78
1.77
1.86
1.91
1.87
1.81
1.93
1.91
1.95
1.96
1.83
1.92
1.91
1.88
1.90
1.90
1.91
1.88
1.87
1.81
1.86
1.87
1.79
1.95	162.46
1.90
1.96
1.95
2.13
1.92
1.92
2.04
1.91
2.01
1.99
1.97
1.94
1.93
1.92
1.85
1.89
1.92
1.83
1.86
1.97
1.95
1.98
1.96
1.96
1.95
1.85
1.90
1.93
1.92
1.85
1.91
CorWatt	PkgWatt
124.66	316.18
1.86	155.62
1.93
1.87
1.89
1.93
1.90
1.91
1.90
1.80
1.77
1.76
1.82
1.83
2.00
1.81
1.83
1.89
1.92
1.90
1.82
1.91
1.93
1.91
1.91
1.90
1.90
1.82
1.87
1.81
1.83
1.84
1.84
2.04	160.64
1.99
2.03
2.06
2.03
2.02
1.99
2.06
2.19
2.10
2.02
2.04
2.01
2.01
2.05
2.00
1.94
2.09
1.94
2.05
2.06
2.06
2.09
2.03
2.01
2.05
2.01
2.00
1.98
2.02
1.97
1.96
CorWatt	PkgWatt
124.84	316.63
1.86	155.54
1.93
1.87
1.87
1.90
1.90
1.91
1.91
1.80
1.78
1.77
1.82
1.85
1.85
1.90
1.82
1.92
1.90
1.95
1.82
1.92
1.93
1.85
1.95
1.87
1.91
1.89
1.87
1.80
1.84
1.84
1.83
2.03	161.06
1.99
2.10
2.11
2.12
2.13
2.04
2.07
2.04
2.00
2.03
2.02
1.98
2.11
2.01
2.01
1.96
2.02
1.94
1.94
2.09
2.04
2.03
2.04
1.99
2.04
2.02
1.99
2.03
2.01
2.12
1.96
CorWatt	PkgWatt
124.50	315.55
1.91	155.52
1.93
1.87
1.84
1.90
1.90
1.91
1.90
1.80
1.79
1.77
1.83
1.85
1.85
1.80
1.83
1.88
2.01
1.91
1.81
1.93
1.92
1.86
1.91
1.87
1.89
1.88
1.86
1.80
1.83
1.84
1.82
2.13	160.06
1.99
2.05
2.04
2.04
2.03
2.01
2.06
2.02
2.04
2.03
2.06
2.02
2.02
2.02
1.98
1.96
2.02
1.95
2.05
2.05
2.03
2.05
2.07
1.99
2.05
2.01
2.01
1.95
2.06
2.05
1.97
CorWatt	PkgWatt
122.65	314.57
1.85	156.50
1.94
1.88
1.90
1.89
1.91
1.93
1.91
1.82
1.82
1.80
1.85
2.14
1.88
1.82
1.85
1.91
1.93
1.93
1.85
1.93
1.94
1.94
1.89
1.89
1.91
1.84
1.92
1.81
1.86
1.85
1.90
1.95	158.02
1.92
1.95
1.96
2.00
1.95
1.93
1.95
1.97
1.91
1.89
2.04
1.94
1.94
1.96
1.90
1.88
1.93
1.91
1.89
1.98
1.97
2.02
1.96
2.01
1.93
1.86
1.91
1.91
1.97
1.94
1.90
CorWatt	PkgWatt
121.64	311.49
1.87	154.83
1.94
1.90
1.92
1.89
1.91
1.93
1.92
1.91
1.84
1.83
1.87
1.85
1.86
1.83
1.86
1.90
1.94
1.97
1.87
1.93
1.95
1.98
1.90
1.90
1.92
1.85
1.93
1.83
1.85
1.85
1.90
1.91	156.69
1.88
1.87
1.86
1.92
1.93
1.87
1.90
1.90
1.91
1.86
1.89
1.91
1.93
1.92
1.87
1.82
1.88
1.88
1.84
1.85
2.49
2.04
1.91
1.90
1.88
1.85
1.93
1.87
1.90
1.86
1.84
CorWatt	PkgWatt
120.96	308.27
1.89	154.38
1.98
1.92
1.96
1.92
1.95
1.95
1.94
1.86
1.84
1.89
1.91
1.88
1.89
1.87
1.89
1.95
1.96
1.98
1.98
1.98
2.05
2.00
1.92
1.93
1.98
1.90
1.95
1.87
1.94
1.87
1.93
1.86	153.82
1.83
1.87
1.85
1.88
1.88
1.83
1.85
1.96
1.84
1.87
1.84
1.80
1.87
1.90
1.82
1.80
1.84
1.82
1.81
1.84
1.89
1.91
1.89
1.84
1.85
1.78
1.84
1.81
1.85
1.83
1.83
CorWatt	PkgWatt
122.13	312.04
1.89	156.26
1.96
1.90
1.93
1.90
1.92
1.94
1.97
1.87
1.86
1.89
1.87
1.87
1.88
1.86
1.88
1.94
1.95
1.96
1.87
1.96
1.96
2.00
1.91
1.93
1.96
1.89
1.92
1.84
1.90
1.90
1.92
2.18	155.79
1.87
1.90
1.89
1.93
1.93
1.88
1.92
1.88
1.90
1.86
1.89
1.87
1.91
1.93
1.90
1.84
1.92
1.87
1.84
1.89
1.94
1.95
1.93
1.88
1.92
1.83
1.88
1.86
1.91
1.91
1.89
CorWatt	PkgWatt
123.40	310.72
1.86	155.97
1.94
1.88
1.89
1.91
1.91
1.93
1.90
1.83
1.80
1.83
1.85
1.86
1.86
1.83
1.87
1.91
1.94
1.94
1.87
1.95
1.97
1.94
1.89
1.89
1.93
1.87
1.92
1.83
1.90
1.87
1.92
1.99	154.74
1.96
1.98
2.00
2.01
2.01
1.96
2.00
1.94
1.98
1.92
1.98
1.96
1.97
2.01
1.94
1.90
1.95
1.94
1.91
1.95
2.00
2.02
2.01
1.96
1.99
1.92
1.95
1.93
1.98
1.96
1.93
CorWatt	PkgWatt
125.21	316.71
1.87	157.57
2.07
1.98
2.06
1.91
1.90
1.93
1.92
1.85
1.82
1.86
1.88
1.89
1.91
1.87
1.95
1.94
1.96
1.97
1.93
1.96
1.96
2.01
1.90
1.90
1.95
1.91
1.94
1.87
1.93
1.90
1.93
2.01	159.17
1.99
2.02
2.01
2.06
2.04
2.02
2.03
1.98
2.00
1.94
2.01
2.01
2.00
2.06
1.95
1.92
2.00
1.92
1.92
1.96
2.02
2.01
2.08
1.97
1.90
1.91
1.94
1.93
2.00
1.99
1.95
CorWatt	PkgWatt
127.62	320.13
1.91	158.42
1.99
1.91
1.93
1.92
1.95
1.97
1.94
1.91
1.87
1.89
1.94
1.92
1.93
1.93
1.96
1.96
1.98
1.99
1.96
2.00
2.01
2.01
1.94
1.96
1.95
1.92
1.99
1.91
1.97
1.99
1.97
2.08	161.70
2.03
2.07
2.07
2.03
2.03
2.01
2.05
2.02
2.02
1.96
2.05
2.09
2.01
2.15
2.03
2.20
2.16
2.11
2.01
2.00
2.07
2.05
2.04
2.02
1.95
1.97
2.01
1.97
2.01
2.00
1.96
CorWatt	PkgWatt
127.82	320.30
1.88	158.54
1.97
1.95
1.96
1.96
2.00
2.01
1.98
1.92
1.88
1.93
1.94
1.92
1.96
1.87
1.92
1.96
1.99
1.95
1.98
2.03
2.01
2.03
1.92
1.95
1.99
1.90
2.00
1.89
1.93
1.91
1.95
2.02	161.82
2.05
2.05
2.03
2.03
2.06
2.01
2.04
2.03
2.02
1.95
2.03
2.17
2.03
2.34
2.07
2.06
1.99
1.98
2.13
2.01
2.03
2.05
2.18
2.03
2.01
1.96
2.01
2.01
2.02
2.01
1.98
CorWatt	PkgWatt
128.17	321.04
1.90	160.29
2.04
1.94
1.95
1.98
2.01
2.03
1.97
1.93
1.96
1.98
1.94
2.02
2.11
2.40
1.98
2.00
2.03
2.03
1.96
2.02
2.03
2.08
2.05
1.93
2.00
1.91
1.95
1.90
1.95
1.93
1.99
2.03	160.68
1.99
2.02
2.02
2.03
2.05
1.99
2.02
2.00
2.03
1.96
2.03
2.07
2.04
2.08
1.97
1.96
2.04
1.93
2.03
1.98
2.04
2.01
2.06
1.96
2.03
1.95
1.99
2.00
2.03
1.99
1.95
CorWatt	PkgWatt
128.35	321.11
1.95	161.31
2.01
1.93
1.96
2.00
1.99
2.03
2.02
1.94
1.97
1.94
2.16
2.06
2.00
1.96
2.00
1.98
2.13
2.35
2.01
2.15
2.12
2.09
2.08
1.97
2.04
1.95
2.09
1.93
1.98
1.97
2.03
2.10	159.82
1.98
2.01
1.99
2.02
2.02
1.99
2.03
2.02
1.97
1.93
1.96
1.96
1.96
2.02
1.95
1.94
2.05
1.95
1.92
1.97
2.03
2.01
2.05
1.95
1.98
1.96
1.99
1.98
2.00
1.98
1.91
CorWatt	PkgWatt
128.51	320.95
1.99	161.37
2.00
1.97
1.99
1.99
2.00
2.05
2.03
1.98
1.96
1.90
2.05
1.97
1.98
1.97
1.97
2.03
2.14
2.06
2.18
2.06
2.22
2.07
2.10
2.05
2.22
2.16
2.02
1.95
1.99
2.00
2.04
1.96	159.58
1.96
2.00
1.99
2.01
2.02
1.99
2.02
2.00
1.99
1.93
1.97
1.97
1.97
2.03
1.94
1.89
1.98
1.97
1.93
1.98
2.05
2.03
2.03
1.97
2.00
1.99
1.96
1.96
2.02
1.98
1.93
CorWatt	PkgWatt
127.95	320.55
2.01	161.03
2.03
1.97
2.03
2.03
2.03
2.04
2.11
1.96
2.02
1.97
1.95
1.94
1.94
1.97
1.97
2.00
2.02
2.03
2.02
1.99
2.13
2.17
2.06
1.99
2.08
1.96
2.00
2.04
2.10
2.06
2.04
1.99	159.53
2.02
2.00
2.01
2.02
2.01
2.00
2.02
1.99
1.97
1.94
1.97
1.96
1.93
1.98
1.94
1.90
2.00
1.95
1.90
1.97
2.06
2.00
2.02
1.96
1.99
1.96
1.97
1.98
2.01
1.98
1.91
CorWatt	PkgWatt
128.20	321.01
2.00	161.24
2.01
2.01
2.00
1.94
2.01
2.02
2.04
1.91
2.03
2.03
2.00
2.03
1.99
1.99
1.98
1.97
2.04
2.06
2.01
2.02
2.06
2.11
2.11
2.07
2.19
2.06
2.07
1.94
2.05
1.97
2.07
2.02	159.74
1.99
2.02
2.03
2.00
1.97
2.02
2.00
1.97
2.00
1.93
1.96
1.95
1.98
1.98
1.94
1.92
1.99
1.93
1.95
1.98
2.01
2.00
2.06
1.97
2.01
1.93
1.95
2.00
2.03
1.98
1.93
CorWatt	PkgWatt
127.76	320.55
2.14	161.12
1.99
2.00
1.97
1.99
1.97
1.99
1.98
1.94
1.98
1.96
1.98
2.10
2.19
2.19
2.15
1.96
1.99
2.02
1.99
1.97
2.02
2.03
2.04
1.93
1.97
2.00
1.95
2.09
1.98
2.07
2.01
1.97	159.51
2.00
2.01
2.02
2.01
1.98
2.01
1.95
1.94
2.00
1.94
1.99
1.96
1.95
2.00
1.94
1.92
1.93
2.00
1.94
1.98
2.01
1.99
2.02
1.97
2.00
1.93
1.95
1.99
1.99
1.98
1.95
CorWatt	PkgWatt
123.80	316.18
2.09	160.17
2.02
1.97
1.98
1.96
2.00
1.98
1.99
1.91
1.95
1.92
1.94
1.95
1.98
1.94
1.94
1.96
2.01
2.04
2.02
1.98
2.05
2.06
2.10
1.99
2.07
2.02
1.98
1.91
2.17
2.04
2.00
1.86	155.97
1.84
1.89
1.87
1.91
1.89
1.89
1.86
1.85
1.89
1.82
1.90
1.87
1.86
1.87
1.86
1.78
1.81
1.83
1.83
1.87
1.93
1.91
1.90
1.94
1.97
1.79
1.84
1.90
1.95
1.86
1.82
CorWatt	PkgWatt
125.39	318.20
1.97	159.50
2.01
1.98
1.97
1.96
1.99
1.94
1.96
1.89
1.94
1.87
1.93
1.95
1.97
1.92
1.93
1.94
2.00
1.99
2.00
1.99
2.00
2.04
1.99
1.90
1.95
1.93
1.94
2.21
1.91
1.95
2.08
1.97	158.72
1.94
1.96
1.97
1.98
1.95
1.97
1.91
1.96
1.97
1.91
1.93
1.99
2.08
1.99
1.91
1.88
1.88
1.90
1.95
1.95
1.97
1.98
1.96
1.93
1.95
1.87
1.93
1.95
1.99
1.94
1.95
CorWatt	PkgWatt
126.61	319.04
1.95	157.83
1.97
1.93
1.93
1.95
1.98
1.93
1.91
1.90
1.89
1.87
1.87
1.91
1.92
1.89
1.90
1.90
1.94
1.97
1.99
1.93
1.98
2.12
1.97
1.89
1.93
1.95
1.90
1.87
1.90
1.90
1.89
2.04	161.20
2.01
2.03
2.04
2.03
1.99
2.04
2.01
2.02
2.03
1.97
2.00
2.40
2.10
2.06
2.05
1.97
1.93
1.95
2.00
1.96
2.04
2.02
2.00
1.98
2.20
1.98
2.03
2.02
2.03
1.99
1.97
CorWatt	PkgWatt
127.47	320.29
1.94	158.59
1.99
1.95
1.93
1.94
2.03
1.93
2.17
1.88
1.90
1.86
1.88
1.93
1.93
1.91
1.91
1.91
1.95
2.01
1.93
1.98
2.02
2.01
1.95
1.91
1.95
1.94
1.92
1.92
1.94
1.95
1.92
2.35	161.70
2.11
2.03
2.07
2.10
2.02
2.04
2.02
2.05
2.05
1.99
2.03
1.91
2.07
2.06
2.01
1.98
1.94
2.02
2.02
2.00
2.06
2.05
2.03
2.04
2.02
2.03
2.08
2.04
2.03
1.98
1.98
CorWatt	PkgWatt
128.22	320.95
1.95	158.96
2.03
1.96
1.96
1.95
1.98
2.05
1.96
1.91
1.96
1.94
1.90
1.92
1.95
1.90
1.94
1.92
2.05
2.15
2.01
2.00
1.99
2.01
1.99
1.92
1.92
1.95
1.92
1.94
1.93
1.92
1.92
2.02	161.98
2.01
2.03
2.02
2.04
2.01
2.08
2.03
2.11
2.11
2.08
2.05
1.97
2.15
2.14
2.12
2.01
1.92
2.08
2.18
2.02
2.05
2.05
2.03
1.98
2.04
1.98
2.02
2.04
2.05
2.01
2.00
CorWatt	PkgWatt
128.63	321.35
1.92	160.01
2.04
2.01
2.01
1.95
1.98
2.06
2.08
2.01
1.94
1.87
1.89
2.04
2.01
2.00
2.04
2.17
2.05
1.94
2.14
1.98
1.96
2.05
1.98
1.89
1.95
1.96
1.94
1.92
1.92
1.95
1.99
2.07	161.34
2.05
2.06
1.97
2.06
2.02
2.12
2.10
2.06
2.07
1.99
2.03
1.96
2.07
2.08
2.03
2.00
1.95
1.99
2.00
2.01
2.06
2.12
2.05
1.97
2.02
1.99
2.02
2.03
2.07
1.97
1.99
CorWatt	PkgWatt
126.89	319.88
2.09	161.62
2.02
2.15
2.13
1.96
2.05
2.12
1.97
1.91
2.11
1.91
2.01
2.03
1.98
1.96
1.96
2.02
2.02
2.11
2.02
2.11
2.20
2.07
2.10
2.03
1.99
1.96
2.01
1.94
2.17
1.97
1.93
1.92	158.27
1.90
1.89
1.87
1.95
2.06
1.99
1.94
1.95
1.96
1.90
1.96
1.93
1.98
1.99
1.93
1.85
1.89
1.90
1.90
1.92
1.95
1.98
1.97
1.89
1.98
1.93
1.94
1.94
1.95
1.91
1.89
CorWatt	PkgWatt
110.82	271.70
1.97	160.06
2.04
1.99
1.97
1.98
1.97
2.01
2.01
1.95
1.96
1.96
1.96
2.03
2.04
2.00
2.06
1.96
1.98
2.03
2.03
2.00
2.00
2.16
1.97
1.94
1.97
1.96
1.99
1.98
1.98
1.98
1.98
1.92	157.83
1.96
1.88
1.90
1.95
1.94
1.93
1.87
1.95
1.94
1.86
1.92
1.89
1.95
1.97
1.91
1.84
1.83
1.86
1.85
1.90
1.91
1.95
1.94
1.84
1.90
1.88
1.88
1.93
1.97
1.92
2.02
CorWatt	PkgWatt
142.06	372.26
1.96	160.31
2.05
1.99
1.94
1.95
1.91
1.99
1.98
1.94
1.97
1.94
2.20
1.95
1.95
1.98
1.95
1.97
1.99
2.03
2.00
2.01
2.12
2.06
2.12
2.00
2.17
2.01
2.05
1.97
1.99
1.97
1.96
1.94	157.71
1.94
1.94
1.90
1.92
1.89
1.89
1.85
1.92
1.93
1.90
1.92
1.91
1.99
1.91
1.91
1.92
1.91
1.96
2.04
1.90
2.00
1.96
2.00
1.82
1.88
1.85
1.86
1.89
1.93
1.89
1.85
CorWatt	PkgWatt
125.37	318.00
2.01	160.62
2.08
2.01
1.98
1.98
1.92
2.00
1.95
2.09
2.03
1.95
2.02
1.95
1.94
1.93
1.93
2.09
2.22
2.12
2.03
2.14
2.08
2.08
2.01
1.96
2.10
1.98
1.95
1.97
1.97
1.98
1.97
1.91	157.38
1.91
1.90
1.87
1.94
1.91
1.86
1.88
1.93
1.92
1.87
1.90
1.94
1.96
1.89
1.91
1.86
1.87
1.89
1.86
1.93
1.95
1.98
1.92
1.85
1.89
1.83
1.87
1.91
1.95
1.91
1.99
CorWatt	PkgWatt
126.85	319.62
2.15	163.34
2.23
2.22
2.09
2.02
1.95
2.08
1.99
2.38
2.12
2.17
2.13
2.20
2.21
2.04
1.99
2.15
2.05
2.06
2.02
2.03
2.12
2.07
2.18
1.97
2.02
2.03
2.01
2.03
2.02
2.01
2.11
1.92	156.29
1.89
1.84
1.84
1.88
1.87
1.86
1.85
1.90
1.91
1.87
1.84
1.91
1.93
1.89
1.87
1.81
1.86
1.82
1.79
1.89
1.90
1.94
1.89
1.89
1.89
1.87
1.86
1.88
1.91
1.90
1.83
CorWatt	PkgWatt
128.60	322.09
2.02	165.95
2.12
2.05
2.01
2.49
2.26
2.14
2.25
2.11
2.17
2.12
2.08
2.12
2.27
2.24
2.20
2.01
2.07
2.09
2.09
2.17
2.15
2.39
2.08
2.15
2.15
2.20
2.26
2.03
2.05
2.29
2.10
1.86	156.10
1.87
1.85
1.81
1.90
1.86
1.84
1.89
1.86
1.91
1.84
1.83
1.87
1.89
1.84
1.87
1.76
1.82
1.82
1.79
1.91
1.91
1.91
1.89
1.87
1.86
1.86
1.87
1.89
1.93
1.90
1.85
CorWatt	PkgWatt
139.77	353.54
2.22	176.81
2.28
2.24
2.17
2.18
2.14
2.26
2.22
2.11
2.10
2.16
2.16
2.18
2.18
2.12
2.11
2.22
2.23
2.19
2.23
2.28
2.20
2.30
2.22
2.24
2.20
2.21
2.24
2.15
2.15
2.12
2.17
2.25	176.64
2.24
2.22
2.17
2.20
2.20
2.19
2.16
2.15
2.17
2.09
2.17
2.15
2.18
2.13
2.19
2.07
2.08
2.19
2.08
2.17
2.22
2.29
2.19
2.12
2.12
2.19
2.22
2.19
2.22
2.18
2.15
CorWatt	PkgWatt
136.35	347.50
2.07	174.22
2.21
2.18
2.11
2.16
2.10
2.19
2.18
2.10
2.07
2.11
2.12
2.13
2.18
2.10
2.13
2.13
2.16
2.15
2.22
2.25
2.09
2.16
2.24
2.16
2.12
2.16
2.14
2.12
2.14
2.14
2.09
2.15	173.27
2.15
2.10
2.12
2.09
2.12
2.13
2.16
2.04
2.09
2.10
2.15
2.16
2.08
2.15
2.03
1.99
2.13
2.18
2.07
2.11
2.05
2.19
2.20
2.11
2.08
2.15
2.08
2.16
2.14
2.18
2.08
CorWatt	PkgWatt
136.86	347.38
2.18	173.92
2.22
2.11
2.08
2.19
2.17
2.26
2.13
2.09
2.06
2.14
2.09
2.09
2.12
2.06
2.19
2.15
2.18
2.10
2.17
2.16
2.09
2.21
2.25
2.19
2.07
2.21
2.17
2.06
2.18
2.14
2.13
2.20	173.92
2.16
2.15
2.08
2.11
2.16
2.13
2.22
2.09
2.13
2.18
2.08
2.16
2.23
2.14
2.05
2.09
2.06
2.14
2.07
2.16
2.15
2.17
2.18
2.17
2.11
2.10
2.14
2.11
2.16
2.16
2.10
CorWatt	PkgWatt
136.82	348.12
2.16	174.35
2.25
2.15
2.17
2.18
2.21
2.16
2.16
2.11
2.13
2.04
2.09
2.14
2.16
2.20
2.08
2.10
2.23
2.09
2.21
2.20
2.22
2.19
2.16
2.15
2.16
2.11
2.12
2.09
2.15
2.13
2.13
2.11	173.38
2.18
2.16
2.13
2.17
2.09
2.16
2.21
2.06
2.14
2.15
2.13
2.11
2.14
2.10
2.15
2.00
2.10
2.16
2.13
2.19
2.16
2.06
2.13
2.08
2.10
2.11
2.02
2.14
2.13
2.09
2.09
CorWatt	PkgWatt
136.55	347.39
2.21	173.73
2.19
2.19
2.14
2.18
2.11
2.17
2.08
2.05
2.05
2.15
2.10
2.16
2.12
2.11
2.07
2.18
2.14
2.11
2.18
2.17
2.22
2.09
2.23
2.24
2.14
2.05
2.09
2.11
2.09
2.16
2.10
2.19	173.67
2.17
2.15
2.13
2.11
2.20
2.13
2.15
2.08
2.08
2.17
2.07
2.14
2.21
2.09
2.12
2.08
2.12
2.11
2.16
2.20
2.14
2.17
2.09
2.12
2.10
2.14
2.14
2.13
2.02
2.18
2.07
CorWatt	PkgWatt
136.30	346.93
2.09	173.24
2.18
2.17
2.18
2.14
2.13
2.13
2.08
2.13
2.04
2.05
2.14
2.07
2.10
2.12
2.06
2.05
2.16
2.11
2.18
2.10
2.14
2.19
2.21
2.13
2.07
2.19
2.13
2.17
1.99
2.11
2.16
2.19	173.82
2.20
2.09
2.18
2.13
2.15
2.19
2.17
2.04
2.18
2.19
2.04
2.12
2.20
2.08
2.13
2.14
2.10
2.11
2.09
2.20
2.20
2.12
2.03
2.20
2.13
2.18
2.10
2.16
2.15
2.19
2.05
CorWatt	PkgWatt
136.78	348.21
2.15	173.97
2.19
2.18
2.11
2.21
2.03
2.17
2.23
2.11
2.05
2.08
2.10
2.08
2.13
2.19
2.05
2.21
2.12
2.17
2.16
2.13
2.19
2.19
2.24
2.14
2.16
2.13
2.15
2.11
2.09
2.16
2.20
2.16	174.07
2.08
2.20
2.16
2.06
2.12
2.18
2.20
2.13
2.14
2.15
2.06
2.13
2.11
2.01
2.23
2.13
2.12
2.07
2.11
2.18
2.16
2.12
2.11
2.13
2.15
2.15
2.16
2.11
2.17
2.12
2.07
CorWatt	PkgWatt
133.80	349.76
2.17	177.22
2.22
2.22
2.20
2.21
2.17
2.19
2.20
2.09
2.06
2.08
2.21
2.12
2.13
2.17
2.13
2.20
2.25
2.09
2.11
2.16
2.21
2.19
2.20
2.16
2.11
2.10
2.15
2.05
2.12
2.13
2.18
2.03	172.76
1.98
2.07
2.10
2.04
2.02
2.10
2.05
2.01
2.03
2.02
1.99
2.04
2.02
2.03
2.03
2.04
2.04
2.03
2.06
2.01
2.08
2.05
2.03
1.97
1.92
2.00
2.00
1.99
2.04
2.06
1.99
CorWatt	PkgWatt
129.50	345.90
2.08	175.37
2.14
2.16
2.09
2.12
2.01
2.11
2.10
2.06
2.04
2.01
2.08
2.08
2.09
2.09
2.10
2.11
2.09
2.06
2.08
2.08
2.15
2.17
2.13
2.13
2.05
2.11
2.06
2.08
2.07
2.07
2.12
1.97	170.57
1.95
2.02
1.98
1.96
1.99
2.00
2.00
1.90
1.90
1.94
1.88
1.97
1.94
1.91
1.99
1.95
1.92
1.91
1.92
2.05
2.01
1.97
1.98
1.93
1.86
1.96
1.92
1.94
2.05
2.00
1.95
CorWatt	PkgWatt
135.23	347.48
2.12	173.68
2.06
2.17
2.15
2.13
2.16
2.09
2.14
2.08
2.08
2.05
2.11
2.12
2.09
2.12
2.07
2.13
2.10
2.13
2.09
2.24
2.25
2.12
2.12
2.15
2.11
2.09
2.09
2.03
2.07
2.13
2.11
2.14	173.49
2.21
2.17
2.31
2.08
2.16
2.15
2.13
2.03
2.08
2.06
2.10
2.12
2.10
2.05
2.10
2.07
1.97
1.97
2.05
2.15
2.13
2.10
2.10
2.08
2.12
2.10
2.13
2.18
2.12
2.09
2.12
CorWatt	PkgWatt
134.57	345.60
2.12	172.94
2.10
2.19
2.13
2.15
1.98
2.19
2.19
2.10
2.08
2.03
2.05
2.11
2.09
2.11
1.97
2.09
2.10
2.16
2.19
2.13
2.15
2.17
2.12
2.23
2.11
2.06
2.01
2.05
2.09
2.05
2.13
2.15	172.68
2.18
2.18
2.12
2.08
2.14
2.15
2.09
2.02
2.14
2.07
2.08
2.07
2.04
2.07
2.15
2.09
2.09
2.02
2.12
2.18
2.14
2.13
2.03
2.06
2.05
2.08
2.05
2.11
2.15
2.07
2.03
CorWatt	PkgWatt
136.02	347.45
2.11	174.06
2.21
2.14
2.15
2.13
2.20
2.21
2.09
2.04
2.12
2.04
2.07
2.07
2.07
2.13
2.14
2.14
2.20
2.12
2.15
2.09
2.21
2.16
2.20
2.19
2.09
2.16
2.22
2.12
2.15
2.11
2.09
2.17	173.40
2.16
2.12
2.11
2.12
2.11
2.12
2.15
2.04
2.10
2.07
2.14
2.06
2.07
2.21
2.14
2.09
2.10
2.10
2.11
2.16
2.18
2.14
2.16
2.16
2.11
1.98
2.07
2.10
2.10
2.12
2.10
CorWatt	PkgWatt
135.91	346.81
2.12	173.08
2.22
2.18
2.16
2.16
2.15
2.11
2.13
2.06
2.09
2.04
2.05
2.09
2.11
2.06
2.09
2.17
2.13
2.11
2.17
2.12
2.19
2.17
2.21
2.04
2.11
2.14
2.23
2.03
2.09
2.11
2.05
2.18	173.73
2.09
2.11
2.18
2.18
2.11
2.17
2.08
2.12
2.14
2.09
2.12
2.05
2.16
2.14
2.13
2.14
2.07
2.14
2.07
2.22
2.19
2.12
2.15
2.08
2.11
2.17
2.06
2.16
2.13
2.15
2.02
CorWatt	PkgWatt
129.70	338.45
2.12	171.06
2.13
2.10
2.10
2.05
2.01
2.11
2.13
1.96
2.04
2.01
2.11
2.02
1.97
2.03
2.02
2.12
2.02
2.10
2.09
2.00
2.07
2.16
2.13
2.04
2.01
2.06
2.10
1.94
2.00
2.05
2.01
2.06	169.53
2.01
1.97
2.12
2.03
2.02
2.09
1.97
1.97
1.94
2.05
2.01
2.00
2.04
2.00
1.97
1.96
1.95
1.94
2.06
2.03
2.00
2.06
2.09
1.94
2.09
2.03
1.97
2.03
2.00
2.03
2.01
CorWatt	PkgWatt
137.13	348.98
2.16	174.12
2.22
2.23
2.15
2.13
2.15
2.17
2.22
2.03
2.17
2.10
2.16
2.08
2.10
2.17
2.07
2.15
2.11
2.20
2.12
2.17
2.21
2.26
2.08
2.08
2.12
2.24
2.06
2.08
2.19
2.14
2.10
2.15	174.41
2.20
2.22
2.08
2.14
2.16
2.23
2.17
2.10
2.19
2.12
2.11
2.12
2.08
2.05
2.13
2.00
2.03
2.15
2.18
2.12
2.22
2.14
2.13
2.11
2.17
2.15
2.10
2.16
2.14
2.12
2.18
CorWatt	PkgWatt
119.86	294.92
2.25	189.57
2.22
2.26
2.23
2.28
2.29
2.33
2.29
2.12
2.10
2.04
2.10
2.13
2.08
2.11
2.17
2.21
2.21
2.28
2.18
2.17
2.24
2.27
2.27
2.17
2.29
2.26
2.20
2.08
2.22
2.18
2.13
2.18	191.13
2.16
2.22
2.18
2.27
2.27
2.21
2.26
2.29
2.23
2.18
2.43
2.13
2.23
2.22
2.18
2.17
2.19
2.26
2.16
2.23
2.27
2.19
2.22
2.13
2.16
2.16
2.17
2.24
2.24
2.19
2.26
CorWatt	PkgWatt
169.05	499.10
2.23	186.77
2.21
2.22
2.21
2.18
2.14
2.16
2.19
2.11
2.07
2.05
2.05
2.11
2.04
2.05
2.13
2.14
2.18
2.24
2.22
2.15
2.24
2.25
2.18
2.15
2.15
2.21
2.14
2.09
2.12
2.12
2.18
2.14	187.16
2.17
2.21
2.12
2.22
2.16
2.20
2.14
2.10
2.21
2.14
2.14
2.13
2.21
2.20
2.12
2.07
2.09
2.12
2.09
2.20
2.27
2.17
2.23
2.14
2.14
2.18
2.13
2.20
2.19
2.18
2.20
CorWatt	PkgWatt
136.96	348.26
2.16	174.33
2.22
2.19
2.15
2.12
2.08
2.12
2.23
2.04
2.16
2.16
2.05
2.20
2.11
2.13
2.09
2.04
2.16
2.18
2.18
2.06
2.24
2.24
2.27
2.21
2.08
2.21
2.12
2.10
2.14
2.05
2.18
2.20	174.05
2.15
2.23
2.14
2.14
2.18
2.18
2.14
2.05
2.15
2.13
2.15
2.03
2.11
2.17
2.07
2.01
2.02
2.19
2.11
2.21
2.12
2.15
2.23
2.10
2.20
2.14
2.11
2.16
2.14
2.14
2.06
CorWatt	PkgWatt
136.43	347.57
2.19	173.44
2.17
2.11
2.23
2.16
2.23
2.15
2.15
2.06
2.08
2.10
2.12
2.09
2.04
2.13
2.06
2.11
2.16
2.11
2.11
2.15
2.10
2.17
2.19
2.14
2.11
2.16
2.11
2.02
2.13
2.09
2.10
2.17	174.07
2.05
2.19
2.19
2.23
2.14
2.15
2.15
2.16
2.10
2.10
2.12
2.00
2.19
2.17
2.12
2.07
2.12
2.09
2.15
2.19
2.19
2.22
2.09
2.13
2.14
2.11
2.08
2.16
2.19
2.10
2.16
CorWatt	PkgWatt
141.81	365.71
2.11	181.22
2.24
2.18
2.18
2.14
2.20
2.26
2.18
2.21
2.16
2.02
2.09
2.07
2.10
2.20
2.11
2.12
2.18
2.17
2.21
2.31
2.11
2.21
2.28
2.20
2.17
2.24
2.15
2.19
2.11
2.17
2.20
2.22	184.58
2.20
2.16
2.19
2.49
2.36
2.39
2.36
2.28
2.27
2.13
2.24
2.20
2.32
2.19
2.30
2.21
2.24
2.11
2.41
2.34
2.25
2.26
2.32
2.19
2.20
2.30
2.29
2.23
2.31
2.13
2.26
CorWatt	PkgWatt
146.21	384.57
2.09	185.31
2.15
2.06
2.08
2.08
2.11
2.15
2.08
1.98
2.00
1.97
2.05
2.03
2.04
2.06
2.04
2.07
2.10
2.08
2.07
2.16
2.13
2.12
2.16
2.13
2.16
2.13
2.10
2.08
2.09
2.10
2.12
2.30	199.27
2.43
2.31
2.28
2.78
2.56
2.59
2.59
2.48
2.39
2.34
2.45
2.51
2.43
2.66
2.44
2.48
2.74
2.56
2.39
2.43
2.59
2.48
2.43
2.65
2.34
2.43
2.46
2.59
2.44
2.37
2.57
CorWatt	PkgWatt
145.51	384.03
2.09	185.50
2.15
2.07
2.08
2.09
2.11
2.15
2.08
1.98
2.00
1.97
2.05
2.03
2.03
2.06
2.04
2.07
2.11
2.08
2.08
2.17
2.13
2.12
2.16
2.13
2.16
2.13
2.10
2.08
2.09
2.09
2.12
2.28	198.51
2.35
2.34
2.32
2.38
2.35
2.31
2.37
2.80
2.56
2.86
2.62
2.50
2.49
2.52
2.46
2.40
2.60
2.50
2.39
2.58
2.47
2.56
2.54
2.56
2.45
2.46
2.40
2.35
2.37
2.32
2.28
CorWatt	PkgWatt
132.66	344.47
2.09	184.85
2.15
2.06
2.08
2.08
2.10
2.15
2.09
1.98
2.00
1.97
2.05
2.02
2.04
2.06
2.03
2.07
2.10
2.07
2.07
2.16
2.13
2.11
2.15
2.13
2.16
2.12
2.09
2.07
2.09
2.09
2.12
2.58	198.58
2.44
2.34
2.46
2.40
2.40
2.51
2.64
2.45
2.73
2.53
2.54
2.40
2.36
2.57
2.34
2.34
2.41
2.42
2.35
2.47
2.69
2.49
2.69
2.53
2.63
2.45
2.42
2.33
2.33
2.31
2.25
CorWatt	PkgWatt
145.01	379.24
2.10	183.98
2.14
2.08
2.09
2.08
2.10
2.13
2.09
1.97
2.02
1.97
2.05
2.03
2.04
2.05
2.04
2.08
2.11
2.09
2.11
2.16
2.12
2.11
2.16
2.14
2.17
2.13
2.10
2.08
2.09
2.09
2.12
2.41	196.10
2.41
2.47
2.47
2.36
2.34
2.40
2.80
2.29
2.32
2.42
2.33
2.69
2.39
2.47
2.32
2.78
2.30
2.47
2.55
2.44
2.49
2.39
2.41
2.33
2.29
2.31
2.28
2.54
2.49
2.53
2.40
CorWatt	PkgWatt
147.00	392.79
2.10	186.93
2.16
2.10
2.12
2.12
2.15
2.17
2.11
1.99
2.04
2.02
2.09
2.06
2.08
2.08
2.04
2.16
2.15
2.15
2.12
2.19
2.16
2.16
2.23
2.15
2.18
2.18
2.16
2.10
2.12
2.11
2.17
2.31	196.15
2.28
2.32
2.29
2.47
2.38
2.46
3.39
2.44
2.39
2.38
2.47
2.44
2.63
2.49
2.29
2.28
2.27
2.23
2.24
2.30
2.34
2.34
2.33
2.30
2.23
2.28
2.29
2.53
2.53
2.44
2.24
CorWatt	PkgWatt
155.07	416.27
2.10	187.01
2.19
2.10
2.12
2.13
2.16
2.18
2.11
2.02
2.03
2.01
2.07
2.02
2.06
2.08
2.01
2.12
2.15
2.14
2.16
2.17
2.17
2.16
2.21
2.15
2.20
2.16
2.14
2.09
2.11
2.13
2.14
2.34	195.64
2.28
2.30
2.24
2.65
2.69
2.43
2.90
2.75
2.38
2.44
2.49
2.39
2.23
2.30
2.23
2.28
2.20
2.24
2.22
2.62
2.40
2.36
2.36
2.29
2.25
2.27
2.25
2.36
2.37
2.39
2.25
CorWatt	PkgWatt
144.13	382.86
2.17	186.87
2.17
2.08
2.13
2.10
2.15
2.14
2.12
2.05
2.03
1.98
2.11
2.02
2.06
2.09
2.04
2.10
2.14
2.18
2.12
2.19
2.18
2.17
2.20
2.15
2.19
2.16
2.14
2.08
2.10
2.11
2.17
2.35	196.10
2.34
2.48
2.35
2.41
2.44
2.42
2.29
2.27
2.31
2.32
2.34
2.54
2.31
2.43
2.36
2.27
2.21
2.24
2.22
2.71
2.65
2.64
2.66
2.25
2.30
2.26
2.27
2.43
2.47
2.38
2.37
CorWatt	PkgWatt
143.15	381.80
2.12	185.77
2.13
2.07
2.09
2.09
2.11
2.07
2.08
2.00
1.99
1.96
2.03
1.99
2.01
2.04
2.02
2.06
2.40
2.16
2.11
2.16
2.13
2.13
2.17
2.11
2.14
2.10
2.09
2.05
2.07
2.09
2.10
2.31	195.94
2.31
2.31
2.28
2.32
2.30
2.29
2.27
2.93
2.52
2.39
2.38
2.32
2.56
2.52
2.33
2.31
2.37
2.29
2.22
2.40
2.64
2.71
2.46
2.28
2.30
2.39
2.26
2.32
2.35
2.29
2.36
CorWatt	PkgWatt
140.79	379.32
2.19	189.05
2.22
2.14
2.15
2.14
2.19
2.13
2.15
2.10
2.09
2.04
2.14
2.07
2.09
2.13
2.09
2.11
2.51
2.23
2.17
2.24
2.19
2.31
2.24
2.30
2.25
2.21
2.14
2.12
2.12
2.14
2.17
2.24	190.31
2.25
2.22
2.17
2.25
2.21
2.34
2.62
2.27
2.25
2.16
2.20
2.23
2.30
2.23
2.19
2.28
2.25
2.13
2.23
2.22
2.18
2.24
2.22
2.19
2.23
2.15
2.16
2.19
2.20
2.19
2.10
CorWatt	PkgWatt
140.93	381.39
2.17	190.04
2.21
2.14
2.15
2.18
2.22
2.18
2.16
2.09
2.06
2.07
2.11
2.09
2.09
2.35
2.11
2.14
2.27
2.23
2.20
2.25
2.22
2.21
2.25
2.22
2.21
2.18
2.16
2.22
2.14
2.17
2.23
2.22	191.26
2.25
2.23
2.16
2.60
2.29
2.19
2.31
2.20
2.21
2.23
2.16
2.24
2.21
2.21
2.17
2.18
2.16
2.15
2.18
2.25
2.21
2.34
2.36
2.19
2.18
2.17
2.19
2.19
2.21
2.24
2.14
CorWatt	PkgWatt
142.17	384.35
2.14	192.22
2.21
2.15
2.13
2.21
2.35
2.39
2.14
2.04
2.09
2.08
2.79
2.13
2.24
2.18
2.15
2.17
2.24
2.23
2.20
2.21
2.26
2.26
2.31
2.23
2.18
2.28
2.22
2.13
2.15
2.18
2.16
2.24	192.15
2.24
2.25
2.15
2.38
2.26
2.22
2.24
2.25
2.28
2.21
2.19
2.27
2.25
2.25
2.20
2.21
2.14
2.21
2.15
2.28
2.24
2.25
2.23
2.22
2.23
2.20
2.21
2.25
2.24
2.25
2.17
CorWatt	PkgWatt
141.31	383.48
2.17	191.48
2.22
2.16
2.17
2.20
2.20
2.21
2.21
2.09
2.08
2.10
2.57
2.09
2.13
2.13
2.15
2.19
2.24
2.23
2.21
2.27
2.26
2.24
2.28
2.22
2.17
2.23
2.17
2.13
2.18
2.15
2.15
2.24	191.99
2.26
2.28
2.16
2.22
2.27
2.24
2.22
2.21
2.22
2.23
2.19
2.25
2.34
2.24
2.20
2.17
2.18
2.18
2.14
2.30
2.25
2.25
2.23
2.22
2.20
2.18
2.20
2.20
2.25
2.23
2.18
CorWatt	PkgWatt
140.95	383.45
2.18	192.50
2.25
2.18
2.21
2.20
2.21
2.23
2.19
2.15
2.12
2.08
2.50
2.17
2.13
2.23
2.26
2.18
2.25
2.24
2.24
2.23
2.24
2.24
2.27
2.25
2.23
2.21
2.20
2.13
2.20
2.27
2.16
2.29	190.96
2.21
2.22
2.18
2.17
2.21
2.16
2.21
2.16
2.23
2.42
2.16
2.22
2.18
2.24
2.22
2.15
2.08
2.27
2.10
2.22
2.19
2.20
2.16
2.16
2.12
2.13
2.18
2.15
2.19
2.20
2.12
CorWatt	PkgWatt
140.28	382.52
2.22	193.52
2.30
2.21
2.27
2.26
2.28
2.27
2.23
2.17
2.20
2.20
2.21
2.18
2.18
2.24
2.24
2.30
2.34
2.26
2.27
2.27
2.25
2.26
2.32
2.29
2.22
2.30
2.33
2.20
2.23
2.26
2.21
2.16	188.98
2.17
2.17
2.16
2.15
2.17
2.14
2.18
2.21
2.17
2.15
2.38
2.17
2.15
2.13
2.18
2.05
2.03
2.02
2.02
2.17
2.15
2.15
2.09
2.11
2.06
2.09
2.10
2.11
2.12
2.14
2.06
CorWatt	PkgWatt
141.39	383.38
2.26	194.85
2.32
2.29
2.29
2.26
2.27
2.27
2.24
2.16
2.19
2.58
2.23
2.23
2.20
2.28
2.28
2.31
2.32
2.28
2.29
2.29
2.47
2.28
2.43
2.30
2.31
2.30
2.32
2.23
2.27
2.26
2.26
2.15	188.56
2.16
2.17
2.18
2.29
2.14
2.17
2.14
2.10
2.17
2.16
2.14
2.16
2.13
2.16
2.17
2.04
2.02
2.04
2.03
2.18
2.16
2.14
2.11
2.11
2.09
2.10
2.09
2.12
2.12
2.13
2.10
CorWatt	PkgWatt
142.46	384.68
2.31	195.64
2.37
2.35
2.32
2.26
2.32
2.29
2.23
2.23
2.22
2.28
2.26
2.26
2.21
2.26
2.31
2.35
2.35
2.30
2.30
2.30
2.47
2.32
2.47
2.37
2.40
2.35
2.43
2.26
2.30
2.31
2.33
2.16	189.01
2.15
2.17
2.17
2.35
2.15
2.17
2.15
2.14
2.18
2.16
2.16
2.18
2.16
2.15
2.14
2.04
2.04
2.02
2.03
2.17
2.14
2.15
2.12
2.10
2.09
2.09
2.08
2.15
2.17
2.15
2.07
CorWatt	PkgWatt
142.35	384.22
2.29	195.73
2.36
2.31
2.35
2.27
2.33
2.33
2.25
2.27
2.25
2.28
2.30
2.28
2.20
2.27
2.26
2.39
2.31
2.33
2.34
2.33
2.41
2.30
2.37
2.32
2.40
2.26
2.35
2.22
2.45
2.41
2.33
2.16	188.51
2.14
2.15
2.16
2.18
2.17
2.18
2.13
2.13
2.14
2.16
2.14
2.19
2.14
2.17
2.20
2.06
2.02
2.03
2.03
2.18
2.15
2.14
2.14
2.12
2.08
2.14
2.08
2.12
2.15
2.14
2.08
CorWatt	PkgWatt
143.01	385.33
2.24	195.71
2.42
2.40
2.32
2.26
2.28
2.29
2.23
2.29
2.28
2.35
2.37
2.23
2.22
2.26
2.28
2.32
2.27
2.31
2.27
2.30
2.34
2.29
2.31
2.33
2.40
2.26
2.34
2.45
2.32
2.39
2.50
2.19	189.71
2.16
2.16
2.17
2.14
2.20
2.15
2.15
2.17
2.18
2.16
2.20
2.20
2.18
2.19
2.21
2.06
2.04
2.06
2.05
2.23
2.19
2.20
2.14
2.14
2.10
2.14
2.14
2.14
2.23
2.17
2.11
CorWatt	PkgWatt
141.46	383.91
2.29	193.49
2.37
2.18
2.29
2.22
2.25
2.27
2.20
2.17
2.19
2.17
2.18
2.21
2.16
2.23
2.23
2.27
2.24
2.23
2.25
2.28
2.31
2.23
2.29
2.23
2.21
2.24
2.35
2.18
2.31
2.32
2.25
2.15	190.34
2.15
2.29
2.17
2.17
2.27
2.17
2.14
2.16
2.17
2.14
2.18
2.20
2.23
2.21
2.19
2.46
2.08
2.05
2.12
2.19
2.21
2.19
2.16
2.15
2.15
2.14
2.15
2.15
2.18
2.20
2.08
CorWatt	PkgWatt
140.66	382.99
2.18	192.47
2.26
2.16
2.21
2.21
2.21
2.27
2.18
2.15
2.18
2.19
2.20
2.17
2.15
2.19
2.22
2.25
2.23
2.21
2.23
2.25
2.31
2.24
2.27
2.17
2.27
2.20
2.26
2.19
2.23
2.22
2.23
2.13	190.54
2.12
2.68
2.16
2.14
2.59
2.13
2.09
2.11
2.15
2.15
2.13
2.16
2.16
2.14
2.17
2.08
2.26
2.04
2.43
2.18
2.19
2.17
2.14
2.14
2.13
2.14
2.11
2.16
2.16
2.14
2.09
CorWatt	PkgWatt
140.92	383.55
2.19	192.80
2.28
2.18
2.22
2.23
2.23
2.26
2.18
2.14
2.16
2.18
2.19
2.20
2.15
2.20
2.21
2.26
2.24
2.23
2.22
2.28
2.31
2.24
2.29
2.17
2.29
2.20
2.26
2.21
2.21
2.25
2.23
2.15	190.75
2.16
2.86
2.13
2.15
2.14
2.14
2.11
2.16
2.12
2.15
2.11
2.18
2.11
2.14
2.17
2.22
2.08
2.21
2.59
2.18
2.19
2.18
2.11
2.20
2.11
2.12
2.19
2.13
2.15
2.12
2.08
CorWatt	PkgWatt
124.74	328.83
2.21	192.50
2.25
2.19
2.22
2.20
2.23
2.28
2.18
2.14
2.13
2.17
2.19
2.19
2.17
2.19
2.21
2.24
2.23
2.22
2.20
2.28
2.29
2.22
2.27
2.17
2.24
2.22
2.24
2.20
2.21
2.25
2.23
2.13	191.22
2.15
2.88
2.11
2.19
2.13
2.33
2.11
2.16
2.15
2.15
2.13
2.21
2.14
2.17
2.16
2.09
2.11
2.08
2.10
2.19
2.23
2.19
2.14
2.37
2.31
2.33
2.16
2.13
2.18
2.20
2.09
CorWatt	PkgWatt
159.70	447.13
2.18	191.93
2.25
2.16
2.22
2.20
2.20
2.22
2.17
2.13
2.17
2.15
2.16
2.14
2.13
2.18
2.20
2.23
2.18
2.19
2.19
2.25
2.30
2.21
2.27
2.15
2.17
2.19
2.24
2.19
2.22
2.21
2.21
2.15	191.19
2.18
2.47
2.35
2.33
2.32
2.26
2.28
2.16
2.13
2.18
2.17
2.33
2.16
2.25
2.15
2.09
2.09
2.12
2.18
2.19
2.21
2.18
2.16
2.14
2.10
2.13
2.27
2.17
2.23
2.14
2.14
CorWatt	PkgWatt
141.33	383.67
2.18	191.34
2.24
2.17
2.22
2.18
2.20
2.21
2.17
2.11
2.16
2.14
2.16
2.14
2.12
2.17
2.18
2.23
2.16
2.20
2.19
2.25
2.27
2.21
2.25
2.14
2.15
2.19
2.21
2.18
2.20
2.20
2.20
3.01	192.66
2.15
2.20
2.24
2.19
2.21
2.22
2.17
2.18
2.15
2.20
2.30
2.52
2.29
2.29
2.35
2.11
2.15
2.17
2.18
2.24
2.23
2.21
2.19
2.15
2.19
2.16
2.14
2.17
2.21
2.18
2.10
CorWatt	PkgWatt
141.76	384.52
2.18	191.17
2.24
2.16
2.22
2.18
2.19
2.21
2.17
2.10
2.16
2.14
2.14
2.14
2.11
2.16
2.18
2.22
2.16
2.19
2.18
2.25
2.25
2.20
2.28
2.13
2.15
2.18
2.21
2.17
2.18
2.19
2.20
3.05	193.08
2.26
2.23
2.15
2.22
2.24
2.23
2.18
2.23
2.25
2.27
2.33
2.18
2.15
2.15
2.20
2.14
2.20
2.15
2.20
2.23
2.24
2.22
2.20
2.27
2.22
2.44
2.36
2.15
2.21
2.19
2.15
CorWatt	PkgWatt
142.11	384.47
2.18	191.05
2.24
2.16
2.21
2.17
2.19
2.21
2.16
2.11
2.16
2.13
2.15
2.14
2.12
2.16
2.18
2.22
2.15
2.19
2.18
2.24
2.25
2.20
2.24
2.15
2.15
2.19
2.21
2.17
2.19
2.19
2.20
2.64	193.41
2.43
2.41
2.27
2.24
2.25
2.56
2.24
2.13
2.21
2.17
2.96
2.21
2.17
2.17
2.20
2.15
2.14
2.17
2.19
2.25
2.24
2.23
2.20
2.11
2.20
2.14
2.21
2.17
2.27
2.20
2.19
CorWatt	PkgWatt
142.18	384.65
2.18	191.18
2.24
2.16
2.21
2.17
2.19
2.23
2.18
2.10
2.16
2.14
2.16
2.14
2.11
2.16
2.18
2.22
2.16
2.19
2.18
2.25
2.25
2.20
2.25
2.13
2.15
2.18
2.22
2.17
2.19
2.19
2.20
2.27	193.57
2.21
2.28
2.21
2.24
2.22
2.22
2.22
2.19
2.13
2.25
3.04
2.21
2.18
2.16
2.18
2.13
2.14
2.15
2.19
2.23
2.26
2.24
2.21
2.39
2.22
2.37
2.47
2.30
2.41
2.36
2.11
CorWatt	PkgWatt
141.81	384.66
2.18	191.21
2.24
2.16
2.21
2.17
2.19
2.23
2.17
2.10
2.16
2.13
2.14
2.14
2.12
2.16
2.18
2.22
2.16
2.19
2.18
2.24
2.25
2.20
2.25
2.13
2.14
2.18
2.21
2.17
2.18
2.19
2.20
2.43	193.31
2.44
2.27
2.21
2.22
2.23
2.21
2.20
2.14
2.14
2.17
2.59
2.22
2.18
2.17
2.21
2.39
2.13
2.12
2.17
2.30
2.29
2.27
2.18
2.19
2.35
2.39
2.12
2.29
2.34
2.19
2.23
CorWatt	PkgWatt
141.57	384.38
2.18	191.24
2.24
2.17
2.21
2.17
2.18
2.22
2.18
2.10
2.16
2.14
2.14
2.14
2.11
2.16
2.18
2.22
2.16
2.19
2.18
2.25
2.26
2.20
2.25
2.14
2.14
2.18
2.22
2.17
2.18
2.19
2.20
2.17	193.14
2.21
2.20
2.17
2.21
2.20
2.19
2.19
2.27
2.24
2.29
2.35
2.19
2.20
2.18
2.35
2.16
2.11
2.24
2.28
2.38
2.32
2.28
2.21
2.16
2.18
2.17
2.15
2.93
2.26
2.18
2.18
CorWatt	PkgWatt
102.81	317.20
1.64	159.53
1.69
1.64
1.65
1.69
1.64
1.59
1.61
1.59
1.62
1.60
1.64
1.65
1.50
1.67
1.63
1.57
1.64
1.83
1.61
1.70
1.74
1.57
1.68
1.62
1.58
1.60
1.66
1.61
1.66
1.63
1.66
1.58	157.73
1.55
1.69
1.57
1.64
1.55
1.63
1.66
1.61
1.56
1.50
1.55
1.53
1.53
1.58
1.58
1.48
1.46
1.74
1.63
1.69
1.57
1.53
1.55
1.54
1.54
1.56
1.54
1.62
1.54
1.55
1.56
CorWatt	PkgWatt
56.93	253.93
1.36	142.54
1.44
1.38
1.34
1.35
1.40
1.33
1.38
1.33
1.29
1.33
1.36
1.24
1.51
1.46
1.16
1.40
1.35
1.32
1.41
1.42
1.37
1.37
1.37
1.32
1.42
1.36
1.36
1.37
1.32
1.31
1.33
0.40	111.23
0.39
0.41
0.40
0.46
0.42
0.45
0.41
0.40
0.39
0.45
0.36
0.44
0.46
0.43
0.41
0.43
0.39
0.39
0.43
0.37
0.54
0.40
0.47
0.45
0.42
0.51
0.39
0.35
0.44
0.39
0.42
CorWatt	PkgWatt
109.16	314.14
1.78	159.08
1.77
1.80
1.77
1.72
1.79
1.78
1.77
1.77
1.72
1.63
1.72
1.73
1.73
1.74
1.70
1.81
1.83
1.75
1.76
1.85
1.75
1.81
1.85
1.80
1.76
1.80
1.79
1.68
1.71
1.77
1.82
1.72	155.15
1.58
1.60
1.72
1.64
1.70
1.78
1.71
1.67
1.65
1.55
1.64
1.57
1.63
1.68
1.63
1.62
1.62
1.64
1.62
1.64
1.68
1.58
1.77
1.59
1.68
1.60
1.67
1.60
1.66
1.67
1.59
CorWatt	PkgWatt
126.34	337.84
2.01	168.60
2.00
2.01
2.02
1.96
1.91
1.95
1.97
1.91
1.95
1.89
1.94
1.68
1.58
3.42
1.48
1.97
1.99
1.98
1.99
1.98
1.90
2.06
1.99
1.99
2.02
1.97
1.99
1.91
1.91
1.92
2.00
2.00	169.09
2.01
2.04
1.98
1.98
1.94
2.02
1.99
1.94
1.92
1.98
1.99
2.07
1.99
1.93
1.92
1.90
1.91
1.87
2.04
1.98
1.92
1.98
2.03
1.88
1.99
2.01
2.04
1.89
2.01
1.99
1.93
CorWatt	PkgWatt
140.40	352.60
2.19	176.31
2.28
2.23
2.18
2.14
2.17
2.20
2.18
2.15
2.10
2.18
2.05
1.80
1.87
3.66
1.94
2.23
2.27
2.24
2.18
2.26
2.27
2.19
2.21
2.14
2.15
2.22
2.24
2.09
2.16
2.17
2.17
2.28	176.27
2.18
2.18
2.17
2.10
2.21
2.24
2.23
2.16
2.21
2.19
2.17
2.17
2.21
2.18
2.22
2.16
2.03
2.14
2.19
2.28
2.26
2.21
2.14
2.22
2.22
2.13
2.18
2.19
2.16
2.15
2.16
CorWatt	PkgWatt
139.98	352.49
2.16	176.48
2.18
2.26
2.18
2.15
2.15
2.22
2.15
2.13
2.13
2.11
2.21
1.79
2.01
3.66
1.84
2.25
2.20
2.16
2.18
2.24
2.20
2.22
2.22
2.19
2.18
2.20
2.21
2.18
2.18
2.13
2.14
2.21	176.03
2.18
2.15
2.24
2.17
2.26
2.21
2.16
2.17
2.21
2.23
2.07
2.16
2.11
2.15
2.18
2.21
2.10
2.15
2.11
2.19
2.17
2.21
2.22
2.16
2.29
2.12
2.12
2.14
2.14
2.21
2.16
CorWatt	PkgWatt
139.34	351.71
2.25	175.83
2.27
2.22
2.14
2.14
2.14
2.22
2.11
2.12
2.15
2.07
2.18
1.89
1.80
3.66
1.89
2.12
2.13
2.22
2.15
2.18
2.21
2.29
2.16
2.22
2.12
2.16
2.15
2.17
2.22
2.13
2.17
2.15	175.88
2.18
2.19
2.16
2.18
2.19
2.25
2.19
2.16
2.17
2.20
2.14
2.23
2.17
2.11
2.11
2.19
2.16
2.17
2.12
2.19
2.13
2.23
2.20
2.13
2.13
2.11
2.13
2.20
2.21
2.15
2.08
CorWatt	PkgWatt
140.54	358.11
2.34	184.17
2.27
2.32
2.26
2.38
2.27
2.27
2.50
2.19
2.20
2.20
2.19
2.52
2.08
3.63
2.26
2.27
2.29
2.22
2.32
2.26
2.45
2.29
2.33
2.31
2.16
2.17
2.31
2.51
2.39
2.32
2.35
2.05	174.30
2.10
2.10
2.16
2.05
2.14
2.11
2.13
2.07
2.08
2.04
1.99
2.08
2.07
2.11
2.06
2.00
1.99
2.02
2.00
2.17
2.05
2.07
2.06
2.02
1.95
1.98
2.00
2.04
2.06
2.01
2.04
CorWatt	PkgWatt
117.24	294.75
2.22	182.57
2.22
2.20
2.16
2.15
2.25
2.29
2.17
2.10
2.13
2.07
2.10
2.36
2.27
3.62
2.35
2.17
2.19
2.25
2.34
2.34
2.25
2.29
2.39
2.17
2.13
2.21
2.20
2.15
2.23
2.32
2.25
1.91	170.69
1.90
1.89
1.91
1.95
2.01
1.97
1.98
1.97
1.95
1.93
1.93
1.94
1.94
1.99
1.98
1.89
1.86
1.92
1.88
2.01
1.98
1.97
1.95
1.88
1.87
1.89
1.87
1.93
1.93
1.93
1.91
CorWatt	PkgWatt
161.02	423.64
2.17	177.79
2.22
2.18
2.19
2.18
2.23
2.26
2.22
2.17
2.14
2.14
2.12
1.89
1.96
3.66
1.98
2.17
2.17
2.22
2.17
2.32
2.34
2.22
2.20
2.13
2.17
2.23
2.14
2.18
2.27
2.20
2.15
2.15	175.30
2.10
2.10
2.10
2.13
2.15
2.16
2.15
2.14
2.18
2.22
2.15
2.18
2.17
2.13
2.16
2.10
2.08
2.10
2.20
2.32
2.17
2.21
2.16
2.14
2.14
2.14
2.16
2.11
2.24
2.15
2.18
CorWatt	PkgWatt
140.52	360.96
2.25	180.51
2.16
2.14
2.22
2.14
2.20
2.25
2.16
2.13
2.14
2.12
2.11
1.77
1.98
3.66
1.80
2.22
2.13
2.31
2.17
2.26
2.33
2.20
2.22
2.18
2.14
2.19
2.28
2.15
2.12
2.23
2.17
2.19	180.38
2.21
2.26
2.19
2.27
2.17
2.26
2.19
2.16
2.21
2.14
2.20
2.17
2.20
2.21
2.17
2.11
2.13
2.12
2.12
2.16
2.30
2.22
2.19
2.23
2.21
2.19
2.10
2.27
2.16
2.15
2.11
CorWatt	PkgWatt
139.78	361.88
2.13	181.29
2.20
2.18
2.23
2.09
2.19
2.23
2.15
2.23
2.13
2.12
2.10
1.94
1.86
3.66
1.81
2.16
2.19
2.21
2.16
2.28
2.26
2.26
2.19
2.23
2.15
2.21
2.25
2.19
2.18
2.18
2.16
2.12	180.66
2.18
2.17
2.18
2.25
2.15
2.27
2.14
2.12
2.16
2.12
2.23
2.16
2.20
2.15
2.18
2.05
2.15
2.24
2.17
2.19
2.24
2.15
2.24
2.20
2.10
2.15
2.08
2.19
2.17
2.12
2.11
CorWatt	PkgWatt
136.82	353.44
2.16	176.76
2.10
2.20
2.17
2.10
2.18
2.12
2.11
2.10
2.12
2.03
2.14
1.85
1.79
3.45
1.86
2.11
2.23
2.18
2.07
2.18
2.16
2.19
2.18
2.15
2.11
2.15
2.19
2.11
2.12
2.18
2.12
2.10	176.64
2.14
2.21
2.20
2.13
2.08
2.14
2.18
2.02
2.11
2.17
2.16
2.19
2.09
2.12
2.17
2.05
2.22
2.04
2.13
2.11
2.17
2.12
2.12
2.10
2.07
2.18
2.07
2.07
2.08
2.12
2.07
CorWatt	PkgWatt
132.97	345.05
2.13	172.73
2.05
2.14
2.15
2.05
2.15
2.08
2.06
2.13
1.98
1.92
2.07
2.09
2.02
2.04
2.02
2.11
2.10
2.13
2.13
2.20
2.12
2.11
2.14
2.16
2.08
2.06
2.11
2.04
2.11
2.16
2.01
2.04	172.29
2.06
2.13
2.18
2.12
2.10
2.10
1.98
2.04
2.17
2.07
2.04
2.04
2.20
2.01
2.08
2.01
2.05
2.02
2.08
2.03
2.13
2.10
2.02
2.08
2.09
2.01
2.02
2.02
2.04
1.99
2.08
CorWatt	PkgWatt
137.38	350.02
2.19	175.26
2.16
2.26
2.16
2.07
2.21
2.16
2.17
2.10
2.03
2.07
2.13
2.11
2.10
2.19
2.12
2.12
2.20
2.19
2.15
2.23
2.22
2.19
2.17
2.23
2.25
2.19
2.10
2.13
2.22
2.13
2.11
2.08	174.87
2.15
2.18
2.15
2.21
2.19
2.16
2.11
2.17
2.10
2.10
2.12
2.12
2.14
2.08
2.21
2.13
2.06
2.12
2.12
2.14
2.25
2.10
2.15
2.15
2.12
2.16
2.14
2.10
2.16
2.13
2.03
CorWatt	PkgWatt
143.31	386.71
2.26	191.94
2.22
2.31
2.20
2.22
2.25
2.21
2.29
2.10
2.07
2.02
2.05
2.18
2.11
2.11
2.22
2.13
2.20
2.26
2.24
2.40
2.31
2.32
2.28
2.22
2.22
2.17
2.27
2.19
2.24
2.20
2.19
2.30	194.81
2.24
2.25
2.23
2.28
2.35
2.26
2.21
2.34
2.27
2.33
2.31
2.36
2.34
2.24
2.25
2.29
2.28
2.21
2.27
2.23
2.32
2.27
2.29
2.20
2.28
2.22
2.27
2.29
2.30
2.21
2.17
CorWatt	PkgWatt
142.48	386.04
2.21	192.88
2.21
2.21
2.18
2.22
2.25
2.27
2.29
2.04
2.10
2.05
2.05
2.12
2.08
2.14
2.17
2.19
2.25
2.28
2.26
3.78
2.17
2.22
2.15
2.24
2.25
2.22
2.27
2.20
2.23
2.24
2.16
2.20	193.14
2.19
2.25
2.24
2.23
2.25
2.18
2.21
2.21
2.20
2.19
2.24
2.22
2.24
2.18
2.24
2.20
2.19
2.15
2.21
2.24
2.25
2.22
2.24
2.18
2.18
2.15
2.20
2.29
2.22
2.21
2.17
CorWatt	PkgWatt
144.56	370.90
2.30	185.58
2.26
2.26
2.27
2.22
2.24
2.36
2.24
2.21
2.21
2.12
2.20
2.25
2.25
2.23
2.18
2.25
2.30
2.32
2.32
4.02
1.98
1.96
1.96
2.28
2.27
2.22
2.29
2.24
2.27
2.22
2.16
2.16	185.22
2.21
2.30
2.28
2.26
2.25
2.29
2.28
2.30
2.33
2.16
2.25
2.17
2.26
2.21
2.25
2.26
2.23
2.18
2.31
2.27
2.28
2.22
2.17
2.25
2.16
2.22
2.28
2.31
2.25
2.16
2.16
CorWatt	PkgWatt
140.70	353.10
2.21	177.12
2.27
2.22
2.16
2.25
2.19
2.17
2.21
2.16
2.20
2.11
2.15
2.17
2.08
2.23
2.16
2.16
2.27
2.26
2.23
4.11
2.04
1.86
1.93
2.18
2.16
2.17
2.24
2.20
2.16
2.22
2.18
2.20	175.96
2.12
2.20
2.23
2.23
2.23
2.21
2.21
2.14
2.17
2.09
2.21
2.13
2.25
2.06
2.20
2.13
2.16
2.10
2.21
2.17
2.18
2.24
2.22
2.09
2.13
2.10
2.23
2.16
2.14
2.14
2.14
CorWatt	PkgWatt
141.08	353.71
2.23	177.17
2.24
2.13
2.18
2.31
2.21
2.18
2.19
2.10
2.14
2.15
2.16
2.14
2.14
2.13
2.17
2.21
2.13
2.24
2.28
4.10
1.98
1.86
1.94
2.23
2.24
2.20
2.17
2.11
2.21
2.18
2.19
2.20	176.56
2.16
2.21
2.20
2.25
2.23
2.22
2.23
2.18
2.18
2.11
2.19
2.18
2.24
2.08
2.20
2.17
2.19
2.09
2.29
2.20
2.20
2.17
2.27
2.15
2.18
2.17
2.15
2.17
2.27
2.21
2.06
CorWatt	PkgWatt
149.79	389.64
2.31	194.27
2.32
2.29
2.29
2.33
2.35
2.34
2.32
2.20
2.20
2.25
2.37
2.20
2.26
2.25
2.25
2.30
2.26
2.31
2.32
3.91
2.31
2.31
2.49
2.24
2.28
2.22
2.30
2.29
2.23
2.24
2.29
2.33	195.60
2.37
2.33
2.30
2.35
2.41
2.44
2.32
2.42
2.35
2.34
2.36
2.31
2.33
2.28
2.30
2.33
2.34
2.23
2.35
2.37
2.37
2.37
2.39
2.38
2.36
2.36
2.33
2.29
2.38
2.36
2.27
CorWatt	PkgWatt
145.54	387.79
2.24	192.99
2.24
2.25
2.22
2.28
2.26
2.29
2.28
2.13
2.16
2.22
2.17
2.17
2.18
2.18
2.18
2.22
2.22
2.28
2.23
3.88
2.24
2.23
2.23
2.23
2.23
2.23
2.23
2.15
2.16
2.18
2.21
2.26	194.77
2.33
2.30
2.26
2.32
2.35
2.30
2.28
2.30
2.30
2.23
2.24
2.27
2.29
2.25
2.26
2.26
2.26
2.17
2.28
2.30
2.33
2.36
2.31
2.26
2.26
2.31
2.23
2.26
2.32
2.28
2.24
CorWatt	PkgWatt
145.78	388.16
2.21	193.33
2.27
2.21
2.21
2.27
2.25
2.31
2.27
2.21
2.29
2.09
2.21
2.16
2.19
2.18
2.16
2.22
2.24
2.28
2.20
3.88
2.39
2.24
2.44
2.21
2.21
2.18
2.20
2.14
2.18
2.18
2.18
2.24	194.77
2.33
2.32
2.28
2.32
2.34
2.32
2.26
2.31
2.33
2.23
2.24
2.26
2.32
2.25
2.25
2.28
2.27
2.20
2.29
2.27
2.30
2.32
2.23
2.23
2.26
2.27
2.24
2.29
2.31
2.28
2.23
CorWatt	PkgWatt
145.61	387.92
2.22	193.26
2.28
2.26
2.24
2.30
2.25
2.28
2.25
2.15
2.14
2.13
2.15
2.15
2.25
2.16
2.20
2.25
2.23
2.30
2.27
3.88
2.32
2.24
2.22
2.22
2.24
2.15
2.18
2.14
2.18
2.18
2.20
2.27	194.64
2.32
2.32
2.27
2.32
2.33
2.32
2.27
2.28
2.29
2.23
2.24
2.28
2.32
2.28
2.26
2.26
2.26
2.18
2.24
2.31
2.31
2.36
2.31
2.21
2.28
2.29
2.24
2.29
2.27
2.31
2.24
CorWatt	PkgWatt
145.55	388.40
2.33	196.16
2.37
2.34
2.32
2.34
2.30
2.35
2.36
2.20
2.26
2.19
2.25
2.26
2.23
2.25
2.27
2.32
2.30
2.32
2.30
3.89
2.33
2.28
2.30
2.30
2.34
2.30
2.29
2.19
2.24
2.25
2.24
2.22	192.26
2.21
2.24
2.17
2.22
2.25
2.21
2.16
2.17
2.18
2.13
2.17
2.14
2.19
2.15
2.82
2.21
2.18
2.13
2.19
2.21
2.27
2.27
2.20
2.14
2.13
2.17
2.14
2.25
2.20
2.27
2.17
CorWatt	PkgWatt
146.06	388.89
2.33	196.76
2.37
2.33
2.31
2.29
2.34
2.37
2.33
2.23
2.28
2.21
2.27
2.27
2.26
2.27
2.28
2.35
2.25
2.32
2.30
3.77
2.45
2.41
2.34
2.37
2.35
2.30
2.28
2.24
2.30
2.22
2.23
2.22	192.12
2.22
2.20
2.17
2.19
2.22
2.21
2.19
2.19
2.17
2.11
2.13
2.16
2.24
2.15
3.10
2.17
2.16
2.12
2.19
2.21
2.23
2.24
2.21
2.14
2.16
2.17
2.19
2.18
2.18
2.26
2.16
CorWatt	PkgWatt
143.64	386.63
2.91	195.85
2.35
2.28
2.29
2.32
2.39
2.43
2.30
2.23
2.28
2.20
2.25
2.27
2.27
2.25
2.29
2.35
2.33
2.30
2.29
2.32
2.33
2.33
2.29
2.33
2.28
2.33
2.35
2.21
2.25
2.27
2.22
2.18	191.00
2.14
2.18
2.14
2.21
2.27
2.19
2.21
2.17
2.17
2.10
2.12
2.15
2.18
2.16
2.38
2.14
2.12
2.08
2.16
2.18
2.23
2.24
2.18
2.10
2.14
2.18
2.13
2.18
2.18
2.25
2.14
CorWatt	PkgWatt
144.19	388.08
2.96	197.99
2.35
2.42
2.37
2.38
2.32
2.33
2.40
2.23
2.29
2.59
2.69
2.31
2.33
2.28
2.27
2.33
2.29
2.37
2.31
2.38
2.50
2.46
2.31
2.31
2.31
2.25
2.32
2.26
2.33
2.33
2.31
2.13	190.07
2.14
2.12
2.10
2.16
2.16
2.14
2.14
2.15
2.12
2.09
2.10
2.11
2.16
2.13
2.10
2.12
2.14
2.04
2.15
2.18
2.17
2.20
2.17
2.09
2.12
2.13
2.12
2.14
2.17
2.21
2.11
CorWatt	PkgWatt
144.19	387.96
2.47	197.79
2.35
2.52
2.30
2.41
2.33
2.35
2.38
2.29
2.32
2.32
2.26
2.29
2.30
2.30
2.27
2.36
2.29
2.42
2.33
2.40
2.32
2.63
2.51
2.49
2.50
2.38
2.33
2.30
2.30
2.35
2.30
2.13	189.98
2.12
2.11
2.13
2.19
2.19
2.14
2.15
2.11
2.19
2.10
2.11
2.10
2.19
2.08
2.07
2.13
2.12
2.08
2.12
2.17
2.19
2.19
2.25
2.13
2.11
2.17
2.12
2.14
2.16
2.18
2.11
CorWatt	PkgWatt
143.79	387.50
2.28	197.73
2.31
2.36
2.33
2.33
2.34
2.33
2.34
2.29
2.29
2.20
2.29
2.26
2.26
2.27
2.74
2.35
2.34
2.33
2.34
2.46
2.46
2.38
2.36
2.47
2.51
2.66
2.45
2.33
2.34
2.38
2.31
2.12	189.79
2.12
2.13
2.12
2.16
2.19
2.13
2.13
2.10
2.12
2.09
2.09
2.09
2.17
2.09
2.09
2.11
2.12
2.04
2.14
2.18
2.18
2.21
2.15
2.11
2.11
2.14
2.15
2.12
2.14
2.13
2.12
CorWatt	PkgWatt
143.42	387.18
2.26	196.42
2.28
2.32
2.31
2.32
2.31
2.30
2.31
2.23
2.23
2.19
2.23
2.83
2.41
2.31
2.73
2.32
2.37
2.30
2.28
2.33
2.35
2.33
2.32
2.29
2.28
2.27
2.28
2.21
2.28
2.25
2.27
2.16	190.79
2.13
2.14
2.16
2.17
2.20
2.16
2.15
2.12
2.18
2.13
2.11
2.12
2.19
2.13
2.12
2.13
2.16
2.08
2.16
2.23
2.21
2.28
2.21
2.16
2.16
2.17
2.18
2.17
2.13
2.15
2.15
CorWatt	PkgWatt
142.98	386.96
2.24	195.54
2.27
2.31
2.29
2.31
2.29
2.29
2.27
2.25
2.25
2.24
2.24
2.58
2.24
2.22
2.31
2.31
2.34
2.24
2.28
2.33
2.31
2.34
2.29
2.30
2.31
2.28
2.33
2.25
2.22
2.38
2.30
2.21	191.34
2.18
2.20
2.19
2.16
2.20
2.18
2.18
2.13
2.11
2.14
2.12
2.14
2.17
2.13
2.16
2.16
2.18
2.11
2.17
2.25
2.25
2.24
2.18
2.13
2.15
2.16
2.16
2.14
2.24
2.32
2.13
CorWatt	PkgWatt
142.09	385.57
2.24	194.86
2.30
2.31
2.29
2.33
2.29
2.31
2.29
2.23
2.24
2.21
2.21
2.20
2.30
2.23
2.26
2.31
2.27
2.26
2.31
2.34
2.31
2.34
2.31
2.28
2.33
2.29
2.32
2.26
2.27
2.22
2.28
2.24	190.78
2.22
2.20
2.19
2.15
2.24
2.20
2.20
2.13
2.10
2.14
2.15
2.15
2.21
2.14
2.17
2.13
2.17
2.08
2.14
2.20
2.21
2.20
2.18
2.10
2.14
2.16
2.13
2.11
2.10
2.14
2.13
CorWatt	PkgWatt
142.72	386.14
2.27	195.26
2.30
2.34
2.29
2.66
2.25
2.27
2.27
2.23
2.23
2.23
2.22
2.27
2.25
2.24
2.25
2.32
2.32
2.28
2.44
2.32
2.29
2.35
2.32
2.30
2.32
2.31
2.33
2.26
2.29
2.23
2.28
2.21	190.83
2.23
2.22
2.21
2.17
2.21
2.21
2.15
2.12
2.11
2.14
2.13
2.14
2.20
2.16
2.19
2.15
2.16
2.10
2.20
2.22
2.21
2.24
2.20
2.08
2.11
2.13
2.10
2.14
2.11
2.13
2.12
CorWatt	PkgWatt
144.00	387.03
2.26	196.12
2.26
2.34
2.29
3.72
2.27
2.30
2.24
2.30
2.25
2.23
2.29
2.28
2.28
2.22
2.27
2.33
2.33
2.27
2.30
2.35
2.31
2.36
2.27
2.32
2.32
2.28
2.34
2.24
2.29
2.26
2.32
2.27	190.91
2.21
2.23
2.29
2.18
2.24
2.20
2.14
2.14
2.12
2.15
2.14
2.16
2.20
2.17
2.19
2.14
2.10
2.08
2.14
2.26
2.20
2.23
2.19
2.13
2.14
2.14
2.11
2.14
2.11
2.11
2.12
CorWatt	PkgWatt
144.46	387.57
2.22	194.93
2.23
2.29
2.26
3.71
2.28
2.28
2.26
2.19
2.19
2.18
2.23
2.22
2.25
2.18
2.33
2.26
2.31
2.24
2.27
2.29
2.28
2.33
2.27
2.26
2.28
2.28
2.30
2.24
2.28
2.24
2.25
2.24	192.61
2.31
2.30
2.27
2.22
2.29
2.25
2.19
2.35
2.17
2.20
2.26
2.19
2.22
2.20
2.23
2.16
2.22
2.12
2.21
2.26
2.20
2.25
2.23
2.13
2.17
2.19
2.13
2.18
2.15
2.16
2.11
CorWatt	PkgWatt
144.39	387.51
2.27	194.78
2.26
2.31
2.27
3.71
2.29
2.26
2.28
2.19
2.26
2.17
2.24
2.21
2.23
2.20
2.23
2.25
2.26
2.21
2.22
2.29
2.28
2.32
2.26
2.26
2.26
2.28
2.28
2.21
2.24
2.20
2.24
2.27	192.81
2.28
2.25
2.26
2.21
2.26
2.24
2.21
2.19
2.17
2.18
2.20
2.21
2.25
2.21
2.23
2.27
2.25
2.24
2.27
2.26
2.25
2.29
2.21
2.16
2.16
2.17
2.15
2.21
2.19
2.17
2.13
CorWatt	PkgWatt
145.11	388.66
2.24	194.96
2.24
2.29
2.24
3.71
2.27
2.30
2.24
2.20
2.22
2.18
2.21
2.23
2.24
2.19
2.25
2.27
2.28
2.23
2.23
2.32
2.30
2.32
2.28
2.24
2.28
2.27
2.29
2.25
2.24
2.19
2.24
2.16	193.66
2.24
2.52
2.35
2.22
2.27
2.24
2.19
2.18
2.20
2.19
2.18
2.22
2.24
2.23
2.19
2.19
2.21
2.14
2.30
2.29
2.27
2.27
2.23
2.33
2.36
2.32
2.20
2.20
2.20
2.16
2.12
CorWatt	PkgWatt
144.92	388.21
2.24	194.83
2.26
2.30
2.23
3.71
2.21
2.32
2.28
2.20
2.24
2.14
2.23
2.22
2.24
2.19
2.23
2.26
2.29
2.22
2.22
2.32
2.28
2.31
2.29
2.26
2.30
2.26
2.28
2.22
2.28
2.20
2.26
2.21	193.41
2.24
2.18
2.23
2.35
2.33
2.29
2.34
2.19
2.20
2.19
2.18
2.22
2.25
2.24
2.23
2.26
2.31
2.22
2.18
2.30
2.35
2.22
2.24
2.15
2.20
2.17
2.32
2.21
2.16
2.16
2.11
CorWatt	PkgWatt
144.77	388.31
2.22	195.05
2.25
2.28
2.23
3.71
2.22
2.30
2.23
2.26
2.23
2.15
2.23
2.21
2.23
2.22
2.24
2.27
2.30
2.20
2.24
2.29
2.30
2.30
2.27
2.26
2.28
2.27
2.28
2.18
2.32
2.27
2.28
2.24	193.27
2.26
2.20
2.20
2.36
2.28
2.31
2.29
2.32
2.31
2.40
2.17
2.23
2.27
2.22
2.22
2.19
2.21
2.18
2.21
2.25
2.26
2.23
2.19
2.15
2.16
2.16
2.14
2.20
2.18
2.14
2.11
CorWatt	PkgWatt
144.16	387.55
2.23	194.87
2.25
2.29
2.24
3.72
2.22
2.32
2.25
2.23
2.24
2.15
2.23
2.22
2.23
2.19
2.22
2.27
2.30
2.25
2.23
2.31
2.29
2.29
2.29
2.27
2.28
2.22
2.29
2.20
2.25
2.21
2.22
2.25	192.63
2.26
2.17
2.21
2.26
2.32
2.24
2.21
2.17
2.18
2.20
2.23
2.22
2.28
2.25
2.21
2.21
2.21
2.13
2.20
2.25
2.25
2.25
2.22
2.16
2.18
2.14
2.17
2.22
2.20
2.19
2.12
CorWatt	PkgWatt
145.31	389.00
2.24	194.86
2.23
2.28
2.23
3.71
2.25
2.28
2.27
2.20
2.22
2.19
2.21
2.21
2.22
2.20
2.23
2.25
2.29
2.24
2.24
2.31
2.28
2.28
2.33
2.26
2.28
2.24
2.28
2.20
2.23
2.21
2.28
2.36	194.15
2.33
2.26
2.28
2.24
2.44
2.25
2.21
2.19
2.18
2.20
2.19
2.34
2.39
2.24
2.25
2.21
2.25
2.20
2.44
2.28
2.23
2.26
2.23
2.21
2.18
2.24
2.17
2.24
2.15
2.20
2.15
CorWatt	PkgWatt
144.82	388.26
2.26	195.07
2.25
2.29
2.27
3.72
2.22
2.29
2.29
2.22
2.20
2.17
2.24
2.20
2.24
2.19
2.18
2.28
2.31
2.26
2.25
2.41
2.27
2.29
2.30
2.27
2.26
2.24
2.30
2.19
2.25
2.18
2.24
2.20	193.20
2.33
2.23
2.19
2.27
2.45
2.32
2.27
2.19
2.17
2.19
2.24
2.26
2.22
2.20
2.21
2.20
2.26
2.15
2.18
2.31
2.30
2.37
2.21
2.21
2.14
2.14
2.16
2.19
2.18
2.19
2.13
CorWatt	PkgWatt
143.37	386.13
2.23	194.79
2.21
2.26
2.26
3.30
2.19
2.31
2.29
2.20
2.36
2.16
2.23
2.23
2.24
2.20
2.20
2.29
2.31
2.29
2.26
2.28
2.30
2.29
2.28
2.23
2.25
2.23
2.32
2.19
2.23
2.22
2.25
2.22	192.81
2.24
2.24
2.20
2.23
2.21
2.27
2.18
2.21
2.17
2.19
2.18
2.24
2.21
2.26
2.22
2.20
2.22
2.20
2.21
2.28
2.27
2.27
2.25
2.20
2.17
2.15
2.17
2.23
2.17
2.22
2.14
CorWatt	PkgWatt
143.49	388.55
2.26	194.71
2.25
2.27
2.29
2.29
2.19
2.30
2.28
2.20
2.43
2.16
2.23
2.24
2.24
2.21
2.21
2.30
2.32
2.35
2.24
2.34
2.29
2.33
2.31
2.28
2.27
2.24
2.28
2.19
2.26
2.22
2.28
2.22	192.38
2.23
2.23
2.19
2.23
2.22
2.30
2.26
2.18
2.18
2.20
2.19
2.25
2.20
2.24
2.22
2.14
2.13
2.14
2.18
2.29
2.23
2.27
2.21
2.15
2.15
2.17
2.14
2.22
2.18
2.21
2.12
CorWatt	PkgWatt
141.71	385.60
2.25	195.61
2.24
2.29
2.29
2.32
2.22
2.35
2.30
2.21
2.75
2.16
2.26
2.24
2.25
2.22
2.23
2.30
2.35
2.34
2.26
2.34
2.32
2.33
2.34
2.31
2.38
2.28
2.32
2.19
2.32
2.22
2.30
2.10	190.02
2.16
2.18
2.12
2.15
2.24
2.20
2.19
2.10
2.10
2.12
2.10
2.16
2.15
2.17
2.14
2.10
2.06
2.10
2.12
2.17
2.24
2.17
2.15
2.07
2.12
2.08
2.07
2.11
2.11
2.13
2.05
CorWatt	PkgWatt
142.40	386.96
2.27	195.72
2.25
2.22
2.29
2.33
2.21
2.31
2.25
2.21
3.03
2.13
2.21
2.20
2.19
2.20
2.21
2.35
2.53
2.37
2.29
2.32
2.28
2.32
2.34
2.28
2.24
2.24
2.30
2.17
2.25
2.22
2.26
2.14	191.24
2.20
2.19
2.15
2.18
2.16
2.24
2.21
2.14
2.13
2.12
2.14
2.19
2.16
2.18
2.15
2.16
2.16
2.11
2.16
2.20
2.17
2.30
2.17
2.12
2.17
2.08
2.12
2.15
2.13
2.17
2.09
CorWatt	PkgWatt
143.78	388.21
2.21	194.18
2.23
2.26
2.25
2.31
2.20
2.28
2.22
2.33
2.95
2.22
2.15
2.22
2.17
2.17
2.15
2.32
2.23
2.37
2.14
2.23
2.26
2.26
2.23
2.22
2.21
2.18
2.22
2.21
2.23
2.17
2.21
2.20	194.05
2.24
2.24
2.21
2.23
2.25
2.28
2.28
2.22
2.21
2.21
2.23
2.27
2.26
2.29
2.27
2.26
2.26
2.20
2.25
2.27
2.24
2.26
2.24
2.23
2.28
2.23
2.24
2.26
2.24
2.25
2.20
CorWatt	PkgWatt
141.84	385.96
2.30	195.45
2.26
2.38
2.24
2.30
2.22
2.30
2.29
2.20
2.29
2.16
2.25
2.23
2.23
2.26
2.23
2.26
2.41
2.45
2.27
2.31
2.52
2.51
2.30
2.34
2.27
2.25
2.31
2.20
2.28
2.22
2.29
2.13	190.48
2.17
2.16
2.13
2.16
2.22
2.18
2.34
2.10
2.12
2.09
2.12
2.17
2.18
2.16
2.13
2.11
2.13
2.07
2.12
2.20
2.14
2.18
2.15
2.09
2.14
2.09
2.08
2.12
2.12
2.16
2.07
CorWatt	PkgWatt
142.85	383.79
2.75	198.23
2.40
2.35
2.35
2.40
2.31
2.34
2.32
2.26
2.22
2.24
2.31
2.28
2.29
2.27
2.34
2.37
2.41
2.36
2.31
2.45
2.41
2.40
2.43
2.36
2.31
2.36
2.59
2.43
2.39
2.38
2.41
2.11	190.04
2.19
2.21
2.18
2.17
2.18
2.24
2.17
2.12
2.09
2.15
2.12
2.21
2.15
2.18
2.11
2.10
2.13
2.05
2.11
2.17
2.12
2.13
2.10
2.05
2.14
2.07
2.01
2.13
2.08
2.15
2.10
CorWatt	PkgWatt
121.70	336.06
1.90	168.89
1.95
2.06
1.94
1.97
1.90
1.99
2.08
1.83
1.85
2.00
1.93
1.86
1.99
1.97
1.90
1.96
2.00
2.02
1.93
2.03
1.95
1.99
1.99
1.91
1.96
2.00
1.96
1.90
1.91
1.87
1.94
1.84	164.61
1.85
1.83
1.80
1.75
1.83
1.87
1.88
1.81
1.79
1.85
1.87
1.84
1.82
1.90
1.83
1.83
1.82
1.84
1.79
1.90
1.79
1.83
1.91
1.78
1.89
1.73
1.87
1.90
1.84
1.77
1.80
CorWatt	PkgWatt
123.09	336.82
2.03	168.62
1.99
1.98
1.87
1.99
1.93
2.00
1.87
1.88
2.01
1.93
1.91
1.89
1.92
1.92
1.94
2.08
1.94
1.98
1.95
2.00
2.00
1.92
2.03
1.92
2.01
1.93
1.99
1.91
1.94
1.93
1.90
1.88	166.68
1.98
1.89
1.89
1.91
1.86
1.91
1.98
1.83
1.83
1.89
1.85
1.82
1.90
1.85
1.93
1.88
1.85
1.87
1.76
1.99
1.87
1.91
1.91
1.86
1.82
1.90
1.90
1.89
1.83
1.92
1.86
CorWatt	PkgWatt
139.84	352.75
2.20	176.87
2.19
2.16
2.18
2.20
2.18
2.21
2.14
1.85
3.94
1.87
1.89
2.08
2.17
2.18
2.14
2.30
2.19
2.22
2.19
2.25
2.21
2.26
2.18
2.20
2.20
2.24
2.14
2.18
2.12
2.12
2.18
2.17	175.89
2.15
2.26
2.19
2.20
2.25
2.19
2.20
2.12
2.07
2.18
2.14
2.11
2.19
2.13
2.17
2.14
2.10
2.12
2.10
2.23
2.16
2.23
2.17
2.16
2.14
2.08
2.17
2.13
2.17
2.17
2.09
CorWatt	PkgWatt
137.49	350.85
2.16	175.81
2.14
2.12
2.13
2.09
2.18
2.19
2.12
1.82
3.94
1.76
1.85
2.07
2.13
2.20
2.11
2.15
2.14
2.19
2.15
2.18
2.13
2.14
2.23
2.18
2.08
2.20
2.12
2.17
2.12
2.06
2.10
2.11	175.15
2.17
2.15
2.17
2.13
2.18
2.20
2.15
2.03
2.11
2.12
2.05
2.07
2.10
2.15
2.06
2.14
2.10
2.04
2.10
2.21
2.13
2.22
2.16
2.17
2.19
2.01
2.20
2.08
2.16
2.21
2.09
CorWatt	PkgWatt
140.42	353.55
2.25	177.07
2.25
2.19
2.12
2.23
2.17
2.16
2.18
1.81
3.93
1.78
1.90
2.17
2.12
2.22
2.11
2.19
2.20
2.26
2.22
2.15
2.20
2.25
2.26
2.19
2.26
2.20
2.20
2.15
2.17
2.09
2.17
2.16	176.46
2.19
2.16
2.24
2.20
2.22
2.20
2.21
2.12
2.10
2.22
2.21
2.10
2.17
2.20
2.17
2.17
2.14
2.14
2.13
2.21
2.19
2.24
2.15
2.16
2.27
2.16
2.15
2.12
2.22
2.20
2.11
CorWatt	PkgWatt
135.77	348.60
2.15	174.69
2.21
2.14
2.04
2.16
2.14
2.10
2.13
1.78
3.92
1.72
1.87
2.06
2.05
2.07
2.10
2.17
2.14
2.10
2.07
2.14
2.15
2.15
2.16
2.12
2.10
2.11
2.15
2.02
2.11
2.14
2.15
2.07	173.90
2.19
2.10
2.11
2.14
2.17
2.11
2.11
2.02
2.16
2.10
2.05
2.06
2.09
2.10
2.12
2.09
2.12
2.09
2.08
2.12
2.06
2.18
2.11
2.05
2.04
2.05
2.09
2.05
2.09
2.15
2.10
CorWatt	PkgWatt
140.82	354.06
2.28	177.33
2.21
2.18
2.18
2.20
2.16
2.31
2.26
1.88
3.92
1.72
1.90
2.20
2.20
2.10
2.11
2.18
2.25
2.21
2.18
2.24
2.28
2.20
2.22
2.15
2.13
2.19
2.28
2.16
2.16
2.23
2.21
2.17	176.61
2.21
2.21
2.22
2.23
2.10
2.17
2.28
2.16
2.18
2.16
2.16
2.18
2.14
2.16
2.15
2.10
2.16
2.13
2.17
2.25
2.20
2.25
2.22
2.18
2.12
2.11
2.19
2.22
2.11
2.23
2.17
CorWatt	PkgWatt
139.53	358.97
2.25	184.00
2.35
2.17
2.30
2.31
2.24
2.28
2.31
2.16
3.75
2.10
2.14
2.27
2.28
2.33
2.33
2.27
2.22
2.23
2.26
2.39
2.25
2.33
2.28
2.21
2.29
2.19
2.29
2.22
2.16
2.22
2.26
2.03	175.29
2.13
2.09
2.14
2.12
2.08
2.09
2.04
2.07
2.07
2.06
1.93
2.10
2.05
2.06
2.03
1.98
2.02
2.01
2.00
2.17
2.21
2.27
2.14
2.01
1.99
2.00
1.98
2.04
2.01
2.02
2.02
CorWatt	PkgWatt
133.30	351.99
2.20	181.34
2.19
2.21
2.16
2.23
2.19
2.27
2.20
2.07
3.69
2.06
2.04
2.12
2.15
2.19
2.16
2.18
2.25
2.26
2.21
2.21
2.21
2.21
2.19
2.19
2.23
2.15
2.24
2.16
2.13
2.21
2.18
1.93	170.63
1.99
1.97
1.96
2.01
1.98
1.99
1.97
1.96
1.95
1.93
1.88
1.97
1.92
1.92
1.91
1.83
1.90
1.87
1.93
2.01
2.01
2.00
1.99
1.89
1.88
1.86
1.86
1.93
1.92
1.92
1.91
CorWatt	PkgWatt
141.54	356.36
2.18	178.57
2.21
2.17
2.20
2.22
2.22
2.33
2.21
1.91
3.90
1.84
1.84
2.09
2.13
2.14
2.15
2.25
2.28
2.18
2.21
2.31
2.17
2.29
2.18
2.35
2.27
2.25
2.17
2.21
2.10
2.21
2.28
2.20	177.49
2.32
2.24
2.19
2.22
2.20
2.20
2.18
2.22
2.14
2.06
2.18
2.19
2.14
2.16
2.17
2.11
2.19
2.09
2.31
2.25
2.16
2.21
2.18
2.21
2.23
2.14
2.26
2.18
2.21
2.15
2.12
CorWatt	PkgWatt
140.05	353.55
2.12	177.25
2.23
2.18
2.15
2.25
2.24
2.23
2.16
1.87
3.92
1.85
1.80
2.12
2.09
2.14
2.17
2.10
2.22
2.27
2.21
2.24
2.30
2.21
2.25
2.23
2.14
2.19
2.14
2.14
2.13
2.12
2.14
2.17	176.33
2.22
2.13
2.17
2.14
2.17
2.23
2.19
2.19
2.12
2.18
2.14
2.18
2.21
2.09
2.16
2.18
2.24
2.15
2.12
2.21
2.11
2.25
2.20
2.16
2.18
2.24
2.22
2.19
2.17
2.13
2.11
CorWatt	PkgWatt
128.39	341.29
2.11	171.10
2.02
2.01
2.02
2.01
2.01
2.01
2.00
1.58
3.80
1.42
1.82
2.03
1.96
1.85
1.93
1.93
2.06
2.08
2.09
2.03
2.04
2.02
2.11
1.96
2.09
1.98
1.97
1.93
1.99
2.02
1.98
2.09	170.25
1.99
1.96
1.95
2.01
2.01
2.04
1.95
1.96
2.04
1.99
1.97
2.04
1.95
1.93
2.00
1.93
2.03
1.95
1.94
1.98
1.97
2.02
2.04
1.92
1.96
1.99
2.01
1.97
2.01
1.86
2.03
CorWatt	PkgWatt
90.98	292.06
1.34	146.99
1.71
1.48
1.45
1.43
1.46
1.49
1.39
1.41
1.38
1.41
1.37
1.39
1.48
1.37
1.40
1.48
1.47
1.56
1.42
1.52
1.44
1.51
1.48
1.50
1.49
1.44
1.40
1.47
1.43
1.36
1.43
1.37	145.15
1.32
1.38
1.49
1.26
1.66
1.44
1.33
1.36
1.27
1.48
1.39
1.33
1.41
1.47
1.37
1.39
1.39
1.39
1.36
1.43
1.37
1.46
1.42
1.36
1.39
1.43
1.34
1.44
1.44
1.24
1.42
CorWatt	PkgWatt
78.00	282.29
1.32	148.55
1.93
1.41
1.36
1.46
1.42
1.47
1.46
1.36
1.45
1.33
1.37
1.37
1.39
1.45
1.44
1.50
1.44
1.43
1.45
1.43
1.49
1.49
1.47
1.43
1.47
1.39
1.47
1.35
1.45
1.45
1.42
1.00	133.84
1.02
0.96
0.97
0.99
1.06
0.89
1.03
1.00
0.98
0.98
1.01
0.94
0.94
1.00
1.03
1.03
0.96
1.02
1.00
1.09
1.01
1.01
1.05
1.00
0.99
0.95
1.03
1.03
1.01
0.92
1.01
CorWatt	PkgWatt
77.73	279.55
1.48	150.28
1.64
1.76
1.44
1.54
1.57
1.51
1.56
1.53
1.48
1.50
1.47
1.47
1.55
1.50
1.45
1.57
1.53
1.50
1.58
1.55
1.59
1.50
1.54
1.58
1.49
1.56
1.51
1.50
1.43
1.48
1.56
0.95	129.10
0.96
0.87
0.93
0.86
0.91
0.97
0.89
0.93
0.86
0.92
0.91
0.87
0.88
0.84
0.88
0.88
0.89
0.92
0.93
0.95
0.91
0.90
0.89
0.84
0.88
0.92
0.87
0.85
0.88
0.90
0.93
CorWatt	PkgWatt
140.97	382.21
2.16	190.71
2.23
2.20
2.12
2.22
2.12
2.18
2.18
2.10
2.10
1.99
2.05
2.09
2.09
2.12
2.07
2.19
2.20
2.17
2.18
2.26
2.29
2.20
2.14
2.15
2.20
3.54
2.15
2.14
2.19
2.14
2.20
2.24	191.59
2.28
2.32
2.22
2.21
2.22
2.25
2.24
2.22
2.20
2.24
2.18
2.21
2.20
2.15
2.19
2.19
2.20
2.13
2.23
2.23
2.19
2.23
2.22
2.15
2.17
2.27
2.15
2.17
2.19
2.15
2.19
CorWatt	PkgWatt
168.45	406.99
2.14	190.78
2.24
2.20
2.14
2.20
2.16
2.18
2.16
2.07
2.03
1.98
2.02
2.11
2.10
2.13
2.07
2.21
2.22
2.19
2.14
2.19
2.23
2.22
2.17
2.20
2.23
3.54
2.20
2.13
2.23
2.12
2.19
2.98	216.16
2.90
3.20
2.65
2.18
3.20
2.99
3.66
3.04
2.92
3.29
3.16
3.02
3.13
3.13
2.97
2.99
2.67
2.64
3.16
3.67
2.91
2.96
3.10
3.38
2.89
2.38
3.24
3.74
3.48
3.00
3.48
CorWatt	PkgWatt
322.26	488.23
4.98	242.69
5.05
4.88
4.99
5.07
5.01
5.05
5.05
4.94
4.98
4.96
4.98
4.93
5.00
5.02
4.95
5.00
5.04
5.07
5.02
4.99
4.99
5.14
5.05
4.94
5.02
4.07
5.14
5.10
5.18
5.19
5.12
5.03	245.48
5.08
5.16
4.95
4.90
5.16
5.11
5.19
5.18
4.99
5.09
5.20
5.01
5.08
5.12
5.12
4.94
4.98
4.88
5.00
5.21
5.09
5.12
5.05
5.08
5.02
4.91
5.05
5.22
5.21
5.09
5.12
CorWatt	PkgWatt
345.99	490.77
5.41	245.20
5.44
5.44
5.40
5.38
5.44
5.48
5.48
5.33
5.38
5.30
5.38
5.37
5.41
5.41
5.39
5.42
5.49
5.49
5.46
5.50
5.62
5.56
5.48
5.44
5.50
4.26
5.53
5.43
5.47
5.47
5.46
5.44	245.47
5.44
5.44
5.41
5.37
5.42
5.43
5.39
5.53
5.39
5.40
5.40
5.40
5.41
5.40
5.41
5.34
5.33
5.32
5.35
5.44
5.39
5.42
5.44
5.36
5.39
5.36
5.40
5.43
5.51
5.41
5.35
CorWatt	PkgWatt
345.64	490.81
5.39	245.41
5.44
5.42
5.37
5.42
5.46
5.47
5.46
5.33
5.38
5.29
5.41
5.36
5.40
5.37
5.40
5.42
5.46
5.49
5.45
5.47
5.64
5.54
5.51
5.42
5.46
4.28
5.47
5.41
5.46
5.47
5.44
5.47	245.41
5.45
5.43
5.40
5.36
5.42
5.43
5.40
5.53
5.39
5.40
5.41
5.38
5.42
5.42
5.42
5.33
5.33
5.32
5.34
5.45
5.41
5.43
5.42
5.34
5.38
5.36
5.37
5.40
5.43
5.48
5.38
CorWatt	PkgWatt
269.77	485.57
2.70	240.38
5.18
2.99
3.46
2.88
3.83
3.99
4.86
4.09
4.92
3.94
4.71
4.31
5.61
2.96
5.16
4.09
5.15
3.25
4.39
4.07
4.79
4.22
3.72
2.96
3.47
5.29
3.30
3.14
5.03
5.02
2.76
3.21	245.37
4.42
3.76
3.49
5.74
2.30
4.51
5.72
5.79
5.69
3.06
4.34
5.68
5.51
5.72
5.74
3.02
5.65
5.58
5.63
3.69
3.27
3.56
5.70
2.94
4.94
3.11
4.95
2.94
2.30
5.27
2.34
CorWatt	PkgWatt
249.70	477.38
2.74	232.01
3.01
3.14
3.05
2.55
2.85
2.93
4.37
4.16
4.54
2.93
4.80
2.81
4.94
3.53
5.13
4.08
3.41
2.75
3.99
3.85
4.52
4.58
2.48
3.08
3.27
5.83
2.37
2.82
4.06
2.79
3.79
2.62	245.31
4.41
2.94
3.15
4.27
3.87
4.31
4.59
6.28
4.86
2.16
4.05
6.13
4.55
6.27
6.18
2.09
4.40
6.04
6.06
3.73
4.37
2.96
6.17
2.84
5.13
2.05
4.61
4.55
3.53
3.27
2.12
CorWatt	PkgWatt
249.71	479.20
2.85	233.97
3.51
3.28
2.99
2.92
3.26
2.58
3.43
2.84
4.41
3.45
5.79
2.45
4.24
4.31
4.86
4.60
3.25
3.21
3.38
3.58
4.16
5.34
2.43
3.60
2.87
5.84
2.35
3.38
4.64
3.44
3.17
3.00	245.46
3.39
3.15
2.15
3.12
4.21
4.69
4.24
5.98
4.16
3.50
4.14
6.18
4.54
6.34
6.21
2.11
6.13
4.85
6.21
2.37
4.67
2.65
6.21
3.08
6.12
2.11
4.56
3.93
3.23
3.82
2.38
CorWatt	PkgWatt
250.98	478.95
3.47	233.28
3.56
2.47
3.01
3.65
2.93
2.83
2.70
2.66
5.93
4.69
2.60
3.59
3.65
3.01
5.26
5.31
2.85
3.62
2.68
4.79
4.18
4.92
2.34
3.90
2.71
5.86
2.33
3.28
5.43
3.52
3.03
3.93	245.45
2.86
3.27
2.45
3.15
4.26
4.38
4.54
4.48
4.54
4.18
4.26
6.35
4.32
6.45
6.36
2.80
6.23
6.21
6.33
2.18
4.12
2.25
6.04
2.28
6.23
2.67
3.47
4.02
2.19
4.11
3.25
CorWatt	PkgWatt
255.97	483.63
6.10	238.13
3.17
2.43
2.68
2.94
3.11
3.08
3.08
2.96
5.61
3.97
2.76
3.85
3.85
4.65
4.83
4.32
3.27
3.68
3.60
4.91
4.52
5.48
2.53
3.57
2.98
5.90
2.39
2.76
5.78
3.55
3.32
3.96	245.48
2.21
3.66
2.52
2.84
3.49
4.68
6.10
3.89
4.53
4.16
4.27
6.23
4.39
6.18
6.16
2.90
6.02
6.03
5.48
3.62
4.34
2.21
3.94
2.55
6.07
2.66
3.63
4.23
4.38
4.37
2.65
CorWatt	PkgWatt
254.57	481.94
4.64	237.07
3.19
2.70
3.10
3.04
2.44
3.31
3.91
4.00
3.81
5.35
3.25
3.52
3.12
6.22
4.72
2.62
3.49
2.88
3.43
4.07
4.49
6.94
2.65
3.20
2.60
4.81
2.37
3.18
3.59
5.52
4.20
3.76	245.54
2.67
4.37
2.98
3.48
3.89
4.01
5.57
2.11
4.13
2.77
2.22
6.37
4.48
6.28
6.45
3.60
6.20
6.13
4.53
2.75
6.28
2.37
3.36
4.75
6.17
2.03
4.38
3.68
4.71
4.28
3.70
CorWatt	PkgWatt
210.27	442.51
2.95	215.34
2.81
2.29
2.97
2.68
2.65
2.66
2.83
3.35
3.25
3.75
2.29
3.29
2.78
5.00
2.84
2.44
2.67
2.66
3.10
4.13
3.50
4.45
2.33
2.87
2.36
2.96
2.31
2.58
2.39
4.14
3.96
3.42	226.66
3.10
3.22
2.92
3.89
3.66
2.89
3.43
2.42
3.62
2.08
2.18
5.42
3.89
5.11
5.13
3.30
4.75
3.50
3.61
3.13
4.47
2.20
3.09
4.00
5.35
2.11
3.70
2.98
3.44
3.48
3.40
CorWatt	PkgWatt
142.30	383.27
2.26	193.45
2.29
2.21
2.18
2.21
2.25
2.23
2.24
2.30
2.19
2.12
2.23
2.21
2.21
2.21
2.20
2.34
2.27
2.23
2.26
2.32
2.31
2.26
2.22
2.24
2.26
2.20
2.23
2.18
2.20
2.25
2.24
2.25	189.84
2.19
2.16
2.20
2.17
2.22
2.22
2.19
2.25
2.18
2.16
2.16
2.23
2.29
2.22
2.16
2.15
2.23
2.28
2.19
2.25
2.24
2.26
2.21
2.23
2.13
2.27
2.21
2.40
2.17
2.13
2.16
CorWatt	PkgWatt
147.12	391.28
2.24	194.05
2.30
2.21
2.16
2.19
2.24
2.21
2.18
2.20
2.15
2.11
2.18
2.20
2.19
2.14
2.19
2.34
2.25
2.22
2.25
2.28
2.31
2.23
2.23
2.25
2.25
2.18
2.20
2.15
2.19
2.23
2.20
2.34	197.24
2.36
2.34
2.28
2.28
2.35
2.39
2.41
2.23
2.28
2.26
2.23
2.35
2.92
2.57
2.40
2.40
2.45
2.42
2.32
2.44
2.43
2.37
2.30
2.43
2.60
2.38
2.42
2.37
2.31
2.39
2.25
CorWatt	PkgWatt
141.29	377.37
2.13	186.79
2.17
2.10
2.07
2.09
2.13
2.10
2.07
2.06
2.05
2.01
2.08
2.09
2.10
2.04
2.07
2.26
2.14
2.12
2.13
2.17
2.17
2.12
2.12
2.13
2.13
2.08
2.09
2.05
2.08
2.12
2.09
2.19	192.29
2.25
2.14
2.22
2.68
2.68
2.59
2.58
2.18
2.15
2.17
2.15
2.24
3.08
2.53
2.12
2.36
2.27
2.22
2.15
2.15
2.21
2.23
2.20
2.33
2.22
2.50
2.58
2.16
2.20
2.30
2.31
CorWatt	PkgWatt
123.95	339.75
1.82	164.85
1.84
1.82
1.79
1.81
1.81
1.81
1.80
1.76
1.76
1.73
1.77
1.77
1.76
1.75
1.76
1.96
1.82
1.82
1.82
1.85
1.85
1.83
1.82
1.81
1.82
1.81
1.80
1.76
1.77
1.79
1.78
2.14	173.34
2.17
2.16
2.18
2.00
1.98
2.01
1.97
2.01
1.95
2.12
2.04
2.01
2.40
1.93
2.19
1.98
1.97
1.96
1.88
2.19
2.25
2.28
2.11
2.02
1.91
2.12
2.04
2.10
1.95
2.01
1.91
CorWatt	PkgWatt
147.60	386.77
2.19	190.15
2.24
2.16
2.14
2.15
2.21
2.16
2.15
2.12
2.12
2.08
2.15
2.17
2.15
2.11
2.15
2.16
2.21
2.20
2.21
2.24
2.24
2.20
2.19
2.21
2.21
2.15
2.18
2.12
2.19
2.19
2.17
2.43	196.63
2.54
2.36
2.53
2.43
2.55
2.35
2.45
2.32
2.33
2.32
2.34
2.41
2.28
2.39
2.43
2.40
2.45
2.43
2.37
2.40
2.28
2.51
2.39
2.58
2.97
2.67
2.58
2.42
2.46
2.41
2.33
CorWatt	PkgWatt
150.85	390.01
2.20	190.37
2.25
2.17
2.14
2.16
2.22
2.17
2.16
2.13
2.12
2.08
2.16
2.17
2.15
2.11
2.15
2.17
2.22
2.21
2.22
2.25
2.26
2.21
2.20
2.20
2.22
2.15
2.19
2.12
2.19
2.19
2.18
2.71	199.83
2.55
2.54
2.53
2.59
2.98
2.92
2.73
2.31
2.43
3.09
2.47
2.37
2.39
2.46
2.42
2.52
2.52
2.61
2.38
2.63
2.38
2.45
3.06
2.47
2.42
2.35
2.41
2.41
2.44
2.36
2.29
CorWatt	PkgWatt
150.31	393.08
2.21	192.67
2.26
2.18
2.16
2.17
2.23
2.18
2.17
2.14
2.14
2.09
2.17
2.19
2.16
2.13
2.16
2.18
2.23
2.22
2.23
2.26
2.27
2.22
2.21
2.22
2.23
2.17
2.19
2.14
2.21
2.20
2.20
2.45	200.75
2.26
2.41
2.44
2.95
2.52
2.96
2.70
2.81
2.59
3.21
2.53
2.50
2.62
2.36
2.33
2.40
2.26
2.34
2.42
2.63
2.68
2.32
2.64
2.39
2.22
2.84
2.48
2.26
2.34
2.22
2.24
CorWatt	PkgWatt
150.66	391.81
2.21	191.60
2.25
2.18
2.15
2.17
2.22
2.17
2.17
2.14
2.13
2.09
2.16
2.19
2.16
2.12
2.16
2.17
2.22
2.21
2.22
2.25
2.26
2.22
2.21
2.22
2.23
2.17
2.19
2.13
2.21
2.20
2.23
2.52	199.97
2.60
2.50
2.46
2.42
2.47
2.49
2.45
2.82
2.94
3.21
2.65
2.41
2.61
2.53
2.51
2.40
2.35
2.28
2.24
2.97
2.34
2.47
2.81
2.44
2.20
2.32
2.42
2.42
2.44
2.47
2.40
CorWatt	PkgWatt
149.17	391.68
2.21	192.87
2.25
2.19
2.15
2.18
2.23
2.18
2.17
2.14
2.14
2.09
2.17
2.19
2.17
2.13
2.17
2.18
2.23
2.22
2.23
2.26
2.27
2.22
2.21
2.23
2.24
2.17
2.19
2.14
2.21
2.21
2.20
2.58	199.98
2.41
2.60
2.45
2.50
2.61
2.39
2.55
3.01
2.60
2.55
2.78
2.51
2.50
2.29
2.64
2.53
2.43
2.42
2.32
2.47
2.46
2.33
2.45
2.46
2.32
2.52
2.31
2.33
2.47
2.26
2.30
CorWatt	PkgWatt
146.62	385.07
2.19	189.26
2.24
2.16
2.13
2.15
2.20
2.15
2.14
2.12
2.11
2.07
2.15
2.16
2.14
2.10
2.14
2.15
2.20
2.19
2.21
2.23
2.24
2.20
2.18
2.20
2.21
2.14
2.16
2.11
2.18
2.18
2.17
2.39	194.48
2.48
2.28
2.37
2.47
2.50
2.45
2.27
2.71
2.47
2.35
2.64
2.61
2.35
2.50
2.50
2.30
2.34
2.24
2.35
2.23
2.52
2.43
2.46
2.22
2.25
2.35
2.28
2.54
2.45
2.30
2.29
CorWatt	PkgWatt
148.54	393.01
2.23	193.78
2.28
2.19
2.16
2.18
2.24
2.19
2.17
2.15
2.15
2.10
2.20
2.20
2.18
2.14
2.17
2.19
2.25
2.22
2.24
2.27
2.28
2.23
2.21
2.24
2.25
2.18
2.20
2.14
2.22
2.22
2.20
2.53	199.31
2.38
2.32
2.27
2.68
2.77
2.57
2.51
2.31
2.44
2.52
2.48
2.45
2.58
2.31
2.39
2.19
2.28
2.35
2.45
2.50
2.42
3.00
2.72
2.25
2.32
2.32
2.36
2.32
2.38
2.42
2.31
