CorWatt	PkgWatt
45.44	228.71
0.48	109.71
2.47
0.54
0.39
0.32
0.31
0.32
0.33
2.20
0.41
0.33
0.33
0.28
0.28
0.27
0.28
0.33
0.32
0.32
0.32
0.32
0.31
0.31
0.30
2.27
0.37
0.36
0.37
0.34
0.34
0.34
2.23
0.40	117.83
0.36
1.63
1.20
0.36
0.36
0.36
2.78
0.32
0.32
0.32
2.66
1.01
0.32
0.32
1.85
0.82
0.69
0.32
0.36
0.35
0.35
1.28
0.94
0.33
0.34
0.34
3.22
0.31
0.32
0.33
1.84
CorWatt	PkgWatt
50.09	249.59
0.56	130.95
3.33
0.43
0.37
0.89
0.95
0.37
2.06
2.19
0.34
0.32
0.34
0.33
0.33
0.32
3.04
0.93
0.36
0.37
2.49
0.39
1.42
0.36
2.02
2.26
0.37
0.35
0.36
0.34
0.33
0.35
2.98
0.41	118.57
0.34
0.36
0.31
0.33
0.47
0.37
0.91
1.28
0.33
0.41
1.55
0.39
0.33
0.83
1.50
0.54
0.33
0.30
0.80
0.34
2.06
0.35
0.34
0.35
0.39
0.31
0.72
0.31
0.29
0.28
0.38
CorWatt	PkgWatt
54.96	254.92
0.63	130.74
4.30
0.48
0.43
1.43
0.83
0.42
1.03
2.23
0.34
0.34
0.37
0.77
2.28
0.39
0.48
0.54
0.43
0.39
1.14
1.30
0.54
0.52
0.72
2.43
0.37
0.35
0.80
0.39
0.34
0.37
3.73
1.01	124.30
1.21
0.53
0.54
0.35
2.06
0.36
0.63
0.32
0.32
0.35
1.96
0.29
0.37
0.30
0.55
0.49
1.16
0.32
0.51
0.96
0.37
0.73
1.89
0.43
0.34
2.33
0.62
0.93
0.31
0.32
0.99
CorWatt	PkgWatt
52.75	246.29
0.57	128.71
4.29
0.40
0.38
0.39
0.34
0.35
1.83
3.15
0.33
0.32
0.33
1.01
0.34
0.62
1.38
0.39
0.36
0.37
2.61
0.37
0.38
0.36
2.07
3.51
0.38
0.35
0.35
0.35
0.34
0.36
3.38
0.30	118.06
0.33
0.36
0.73
0.35
0.38
0.35
2.75
0.28
0.28
0.39
0.83
0.28
0.32
0.27
0.81
0.33
0.70
0.32
1.64
1.33
0.33
0.33
0.89
0.35
0.33
0.35
2.94
0.98
0.29
0.28
0.33
CorWatt	PkgWatt
50.15	231.31
0.56	110.21
2.74
0.39
0.37
0.33
0.31
0.31
0.31
3.64
0.33
0.32
0.33
0.28
0.27
0.26
0.27
0.32
0.31
0.31
0.32
0.34
0.32
0.31
0.32
3.67
0.37
0.35
0.35
0.29
0.28
0.29
0.29
0.31	119.69
0.31
0.72
0.99
0.35
0.36
0.35
3.14
0.91
0.32
0.33
2.54
0.32
0.33
0.32
3.05
0.33
0.35
0.33
3.14
0.37
0.35
0.35
3.28
1.45
0.33
0.33
2.03
0.31
0.82
0.31
1.95
CorWatt	PkgWatt
45.80	233.53
0.58	113.29
2.28
0.39
0.37
0.33
0.33
0.33
0.85
1.20
0.32
0.30
0.29
0.26
0.27
0.26
0.27
0.36
0.35
0.34
0.83
0.36
0.37
4.06
0.35
0.30
0.30
0.30
0.29
0.31
0.28
0.28
0.30
0.33	120.27
0.33
0.55
2.46
0.51
0.40
0.33
1.46
0.31
0.30
0.66
1.23
0.32
0.33
0.32
3.19
0.33
0.35
0.33
3.11
0.37
1.40
0.34
1.61
0.34
0.32
0.32
2.61
0.57
0.33
0.31
2.13
CorWatt	PkgWatt
47.23	245.91
0.58	121.68
2.28
0.39
0.37
0.33
0.31
0.32
0.57
0.31
0.31
0.30
2.31
0.27
0.27
0.26
0.26
0.36
1.97
0.35
0.34
0.37
0.37
6.17
0.34
0.29
0.30
0.30
0.29
0.30
0.30
0.30
0.81
0.34	124.78
0.30
0.31
0.84
0.36
0.36
0.35
3.26
0.29
0.50
0.31
1.03
0.30
1.03
0.30
1.42
0.33
0.34
0.32
2.68
0.35
0.37
0.34
2.69
1.79
0.32
0.32
0.74
0.31
0.30
0.30
1.87
CorWatt	PkgWatt
47.19	245.37
0.50	131.33
2.35
0.38
0.37
0.41
0.32
0.37
1.24
0.31
0.32
0.31
2.52
1.23
0.32
0.31
2.07
0.38
2.59
0.37
0.36
0.37
0.37
6.11
0.34
0.34
0.36
0.37
3.12
0.43
0.32
0.33
2.61
0.43	115.30
0.29
0.29
0.30
0.30
0.31
0.30
0.82
0.27
0.29
0.31
0.77
0.27
0.32
0.27
1.00
0.31
0.31
0.30
1.32
0.38
0.34
0.33
2.34
0.30
0.29
0.29
1.14
0.26
0.26
0.26
0.33
CorWatt	PkgWatt
54.93	248.05
1.34	120.28
0.40
0.34
0.34
0.32
0.66
0.31
0.30
0.30
0.30
1.93
0.31
0.28
0.26
0.26
0.27
0.38
2.43
0.37
0.35
0.37
0.36
6.06
0.34
0.28
0.30
0.28
0.29
2.94
0.32
0.32
0.33
2.33	127.13
0.33
1.05
0.33
1.60
0.36
0.34
1.89
1.51
0.31
0.34
1.82
0.31
0.35
0.31
3.01
0.33
0.33
0.32
3.03
0.98
0.37
0.36
2.56
0.31
0.31
0.32
2.57
0.30
0.30
0.31
2.36
CorWatt	PkgWatt
59.01	258.44
3.70	123.70
0.58
0.36
0.35
0.30
0.29
0.30
0.30
0.27
0.27
0.28
0.26
0.26
0.25
0.25
0.26
0.37
4.04
0.37
0.35
0.37
0.36
6.08
0.34
0.28
0.29
0.28
0.28
2.37
0.32
0.32
0.31
0.39	134.32
1.11
0.99
1.84
1.56
0.38
0.34
1.99
1.33
0.34
0.32
2.23
0.96
0.36
0.31
2.56
1.08
0.33
0.32
2.41
0.76
0.88
0.34
2.38
1.17
1.06
0.95
1.08
0.85
2.61
0.34
0.35
CorWatt	PkgWatt
57.49	256.59
1.65	128.73
0.45
0.77
0.86
0.33
0.80
0.31
0.39
0.35
0.37
0.29
1.11
0.28
0.29
0.81
1.27
0.38
4.30
0.39
0.36
0.37
0.37
6.11
0.34
0.48
0.89
0.31
0.86
3.04
0.32
0.32
0.81
2.63	127.76
0.37
0.33
0.36
0.59
1.33
0.35
1.61
0.31
0.30
0.39
1.87
0.80
1.42
0.30
1.06
0.90
0.33
0.91
1.04
0.35
0.36
0.33
2.64
1.39
0.32
0.33
1.56
0.30
0.37
0.31
2.07
CorWatt	PkgWatt
53.62	252.10
0.69	134.79
1.50
0.69
0.65
2.65
0.34
0.35
0.85
1.43
0.32
0.30
1.72
0.31
0.32
0.31
2.95
0.37
4.06
0.37
0.35
0.37
0.36
6.09
0.34
0.32
1.47
0.50
0.72
4.24
0.33
0.32
0.32
0.66	117.54
0.33
0.33
2.71
0.29
0.31
0.34
0.29
0.27
0.27
0.29
1.22
0.27
0.70
0.27
0.42
0.61
0.32
0.31
1.70
0.30
0.49
0.30
0.62
0.31
0.30
0.31
2.13
0.26
0.26
0.26
0.28
CorWatt	PkgWatt
52.12	233.24
0.49	111.82
0.36
0.33
0.37
0.32
0.29
0.30
0.35
0.28
0.26
0.26
0.30
0.25
0.26
0.25
0.27
0.36
2.23
0.36
0.35
0.36
0.36
6.02
0.33
0.28
0.29
0.28
0.29
4.24
0.32
0.32
0.32
0.76	120.98
0.32
0.33
2.72
0.31
0.50
0.66
0.69
0.30
0.31
2.14
1.39
0.79
0.31
0.30
2.77
0.33
0.33
0.32
3.07
0.33
0.34
0.33
3.09
0.31
0.31
0.32
3.08
0.30
0.30
0.31
2.74
CorWatt	PkgWatt
52.46	234.60
0.49	113.88
0.33
0.34
0.33
0.31
0.29
0.29
0.30
0.26
0.26
0.25
0.26
2.11
0.29
0.28
0.28
0.36
2.23
0.36
0.35
0.36
0.36
6.03
0.33
0.28
0.27
0.27
0.27
3.00
0.33
0.32
0.31
0.35	121.38
0.32
0.33
3.03
0.32
0.75
0.68
0.93
0.30
0.30
0.34
3.26
0.31
2.17
0.30
0.99
0.75
0.33
0.32
2.62
0.33
0.72
0.33
2.60
0.32
0.31
0.32
3.02
0.30
0.30
0.31
2.88
CorWatt	PkgWatt
53.16	251.12
0.57	131.15
0.37
2.37
0.95
0.33
0.33
0.33
2.54
0.30
0.32
0.30
2.90
2.53
0.30
0.30
0.30
0.36
2.23
0.35
0.34
0.36
0.35
6.02
0.33
1.33
1.00
0.49
1.18
2.18
0.31
0.31
0.31
0.32	120.60
0.31
0.33
2.26
0.30
0.36
0.31
0.83
0.57
0.31
0.31
2.69
0.27
0.33
0.27
0.63
1.56
0.31
0.30
0.50
0.31
0.65
0.31
1.37
0.30
0.30
0.30
1.76
0.29
0.28
0.29
1.56
CorWatt	PkgWatt
51.14	248.42
0.49	116.25
0.33
0.34
0.36
0.34
0.29
0.29
0.30
0.27
0.27
0.25
0.27
2.39
0.30
0.30
0.30
0.36
2.42
0.36
0.34
0.33
0.31
1.56
0.32
0.28
0.29
0.29
0.30
2.18
0.31
0.31
0.31
0.85	131.75
0.93
1.61
0.80
0.33
0.40
0.34
3.19
0.33
0.30
0.30
3.24
0.30
0.34
0.30
3.27
0.92
1.19
1.28
0.87
0.94
2.03
0.48
0.90
0.32
0.31
0.33
3.21
1.89
1.03
0.31
0.87
CorWatt	PkgWatt
49.82	240.46
0.95	117.16
0.34
0.34
0.86
0.36
0.31
0.32
0.82
0.82
0.27
0.26
0.75
4.20
0.30
0.30
0.35
0.36
3.49
0.38
0.35
0.33
0.35
0.31
0.82
0.46
0.29
0.29
0.70
2.17
0.31
0.31
0.85
1.12	122.77
0.29
0.30
1.54
0.31
0.86
0.31
2.14
0.34
2.56
0.29
0.30
0.27
1.09
0.27
1.60
0.30
0.35
0.30
2.67
0.30
0.96
0.31
1.24
0.29
0.29
0.29
2.67
0.27
0.29
0.28
2.03
CorWatt	PkgWatt
50.01	238.28
0.48	114.71
0.32
0.33
0.30
0.28
0.27
0.28
0.28
0.25
0.25
0.25
0.25
4.23
0.30
0.30
0.29
0.36
3.68
0.36
0.34
0.30
0.29
0.30
0.28
0.31
0.28
0.27
0.28
2.87
0.31
0.31
0.31
2.34	123.47
0.32
0.32
0.96
1.59
0.36
0.33
1.77
2.46
0.33
0.31
1.04
0.29
0.91
0.29
1.66
0.32
0.32
2.19
0.99
0.33
0.36
0.33
3.22
0.30
0.30
0.31
2.42
0.30
0.30
0.30
2.91
CorWatt	PkgWatt
52.08	249.55
0.48	119.82
0.32
0.32
0.31
0.29
0.29
0.28
0.28
0.27
0.26
0.25
0.26
3.81
0.30
0.30
0.30
0.31
0.54
0.31
0.30
0.31
0.30
0.29
0.30
0.36
0.31
0.31
5.01
3.66
0.32
0.31
0.30
0.33	129.64
0.32
0.32
3.15
0.34
0.34
0.33
3.07
0.32
2.18
0.31
1.31
0.30
0.53
0.30
2.82
0.31
1.59
0.32
1.29
0.41
1.48
0.32
1.48
2.24
0.31
0.31
1.21
0.29
0.29
0.29
2.14
CorWatt	PkgWatt
51.23	249.86
0.82	132.73
1.52
0.36
1.70
1.66
0.33
0.35
1.78
2.44
0.31
0.29
0.79
2.21
0.30
0.30
0.31
2.27
0.36
0.35
0.84
0.99
0.34
0.44
2.34
0.37
0.32
0.32
6.07
2.31
0.32
0.31
0.64
0.32	116.59
0.31
0.31
2.58
0.29
0.33
0.28
0.30
0.26
0.26
0.28
0.27
0.26
0.27
0.26
1.06
0.31
0.33
0.30
2.25
0.32
0.30
0.28
0.52
0.29
0.28
0.27
1.27
0.28
0.28
0.28
1.85
CorWatt	PkgWatt
49.96	247.87
0.48	121.21
0.34
0.34
0.83
0.32
0.29
0.30
0.81
0.31
0.38
0.29
1.88
2.21
0.30
0.30
0.30
0.81
0.32
0.32
0.81
0.90
0.31
0.30
0.30
0.38
0.33
0.33
6.07
0.30
0.28
0.28
0.80
0.31	127.12
0.31
0.93
1.87
0.33
0.96
0.34
2.44
1.66
0.30
0.32
1.62
0.30
2.13
0.29
0.82
0.30
0.92
0.30
1.09
0.32
0.35
0.72
1.78
0.30
0.30
0.30
2.42
0.42
0.30
0.30
2.42
CorWatt	PkgWatt
49.76	241.62
0.55	132.76
0.54
2.62
0.67
2.64
0.67
0.44
1.30
1.14
1.81
1.17
0.80
2.21
0.44
0.30
0.81
3.01
0.37
0.35
0.46
0.37
0.56
0.55
3.12
0.36
0.36
0.32
6.05
0.41
0.31
0.33
3.21
0.89	109.34
0.26
0.28
0.28
0.26
0.28
0.27
0.50
0.25
0.24
0.24
0.77
0.25
0.26
0.23
0.53
0.30
0.32
0.29
1.89
0.26
0.26
0.28
0.26
0.26
0.25
0.24
0.26
0.24
0.23
0.23
0.24
CorWatt	PkgWatt
51.01	244.44
0.51	118.23
0.34
0.33
0.31
0.29
0.29
0.33
0.30
0.33
0.89
0.78
0.29
2.44
0.30
0.30
0.29
2.42
0.36
0.35
0.34
0.32
0.29
0.30
0.29
0.32
0.37
0.32
6.06
0.30
0.29
0.28
0.28
2.25	126.05
0.31
0.31
0.96
0.75
0.32
0.32
2.26
0.30
0.30
0.30
3.15
1.13
0.30
0.29
2.06
0.59
0.32
0.30
2.52
0.98
0.33
0.32
2.01
0.31
0.32
0.31
3.13
0.29
0.29
0.29
2.14
CorWatt	PkgWatt
51.34	249.05
0.53	125.11
0.35
0.84
1.64
0.63
1.28
0.32
0.55
0.28
0.27
0.28
0.76
3.57
0.30
0.30
0.29
2.89
0.35
0.34
0.33
0.81
0.29
0.30
0.30
0.32
0.37
0.32
6.06
0.53
0.27
0.27
0.80
0.32	124.05
0.32
0.32
2.57
0.34
0.90
0.95
1.80
0.29
0.27
0.27
1.50
0.30
1.21
0.28
0.96
0.85
0.31
0.30
1.71
0.31
0.31
0.35
1.72
0.30
0.30
0.30
2.55
0.28
0.28
0.28
1.80
CorWatt	PkgWatt
54.53	253.00
0.47	123.48
0.32
0.31
0.31
0.28
0.29
0.29
0.28
0.31
0.30
0.29
2.32
3.62
0.30
0.30
0.29
4.28
0.36
0.35
0.33
0.31
0.29
0.61
0.28
0.32
0.37
0.32
6.05
0.28
0.26
0.27
0.26
1.32	128.75
0.31
0.31
1.59
0.32
0.61
0.34
2.50
0.28
0.29
0.48
2.12
0.29
0.84
0.29
2.40
2.06
0.32
0.30
1.24
0.37
0.32
0.32
2.60
0.79
0.31
0.31
2.62
0.29
0.29
0.29
2.52
CorWatt	PkgWatt
51.16	249.10
0.48	120.59
0.31
0.31
0.52
0.28
0.27
0.28
0.27
0.29
0.29
0.27
1.66
0.28
0.28
0.28
0.76
4.29
0.36
0.34
0.33
0.63
0.29
0.29
0.28
0.32
0.37
0.32
6.04
0.29
0.27
0.27
0.58
1.32	128.61
1.42
0.31
1.01
0.32
0.33
0.33
3.05
1.32
0.28
0.28
1.16
2.38
0.35
0.29
0.68
0.34
0.32
0.30
2.74
0.31
0.32
0.32
2.33
0.30
0.30
0.31
2.83
0.29
0.29
0.30
2.64
CorWatt	PkgWatt
52.55	243.48
1.76	130.49
1.22
0.85
0.87
1.24
1.36
1.15
0.42
1.15
0.35
1.10
1.33
0.29
1.86
0.78
1.93
3.25
0.36
0.79
0.33
1.58
0.32
0.32
1.72
0.32
0.37
0.32
6.02
1.75
0.41
0.30
1.20
0.75	113.57
0.28
0.26
0.82
0.26
0.28
0.26
0.79
0.79
0.24
0.25
0.25
0.26
0.80
0.24
0.62
0.80
0.28
0.27
1.52
0.72
0.41
1.13
0.30
0.25
0.24
0.24
0.80
0.79
0.23
0.23
0.26
CorWatt	PkgWatt
51.37	248.99
0.54	128.73
0.35
0.36
1.79
1.15
0.32
0.32
0.76
0.38
0.30
0.30
2.58
0.30
0.29
0.31
2.57
2.21
0.81
0.34
0.34
0.65
0.31
0.32
2.16
0.32
0.37
0.32
6.02
0.86
0.30
0.30
1.94
0.32	120.44
0.30
0.31
2.45
0.29
0.34
0.29
0.81
0.25
0.25
0.28
0.60
0.28
0.53
0.28
2.32
0.30
0.32
0.30
2.45
0.32
0.32
0.35
2.51
0.31
0.29
0.30
2.42
0.25
0.25
0.25
0.33
CorWatt	PkgWatt
48.63	246.49
0.53	130.79
0.54
1.05
2.15
1.51
0.32
0.32
1.84
2.95
0.89
0.29
0.31
0.28
0.79
0.30
2.48
2.21
0.33
0.33
0.34
1.46
0.32
0.32
1.95
0.33
0.38
0.31
2.86
2.52
0.30
0.30
1.42
0.49	115.69
0.30
0.31
2.77
0.29
0.74
0.38
0.76
0.28
0.31
0.30
2.73
0.26
0.28
0.25
0.74
0.32
0.27
0.26
0.28
0.28
0.28
0.30
0.59
0.77
0.26
0.26
0.31
0.24
0.24
0.24
0.31
CorWatt	PkgWatt
48.27	246.52
0.49	114.06
0.83
0.32
0.32
0.99
0.30
0.30
0.30
2.35
0.30
0.29
0.30
0.25
0.25
0.37
0.26
2.19
0.34
0.33
0.33
0.31
0.28
0.28
0.27
0.31
0.47
0.28
0.29
0.29
0.27
0.27
0.96
2.99	132.15
0.31
0.31
0.41
1.03
0.47
0.34
2.15
0.83
2.51
0.30
0.33
0.85
2.54
0.31
0.33
1.19
1.62
0.30
0.83
0.84
2.63
0.35
0.34
2.14
0.32
0.34
1.15
0.85
2.52
0.32
0.81
CorWatt	PkgWatt
47.05	244.78
0.49	121.19
0.83
0.52
0.32
0.32
0.72
0.68
0.80
2.97
0.38
0.29
0.29
0.28
0.28
1.48
0.77
2.72
0.34
0.33
0.33
1.56
0.30
0.31
0.57
1.04
0.56
0.29
0.30
0.29
0.53
0.29
1.74
1.37	123.39
0.31
1.01
0.51
0.31
0.33
0.34
1.28
1.32
0.31
0.29
1.41
0.31
0.33
0.29
2.52
1.70
0.33
0.32
1.02
0.62
0.87
0.74
1.09
0.59
0.30
0.52
1.57
0.58
0.29
0.29
1.04
CorWatt	PkgWatt
51.16	246.15
0.51	130.63
0.34
0.36
2.53
0.33
5.66
0.34
0.33
4.21
0.30
0.29
0.29
0.31
0.29
0.32
2.37
3.67
0.34
0.33
0.33
0.37
0.30
0.30
1.89
0.35
0.32
0.31
2.64
0.33
0.33
0.28
1.77
0.91	115.85
0.28
0.30
0.61
0.31
0.32
0.33
2.39
0.26
0.26
0.26
1.57
0.25
0.49
0.25
0.78
0.82
0.29
0.29
0.78
0.29
0.29
1.07
0.87
0.26
0.26
0.28
1.09
0.28
0.27
0.27
1.61
CorWatt	PkgWatt
50.37	247.67
1.85	131.07
0.89
0.41
0.68
0.32
5.89
0.32
0.32
4.19
0.30
0.29
0.29
0.52
1.04
0.29
1.92
2.95
0.34
0.35
0.35
0.34
0.32
0.32
2.99
0.81
0.30
0.29
1.70
0.29
0.29
0.28
1.50
0.27	116.40
0.26
0.26
0.37
0.29
0.29
0.33
1.55
0.26
0.26
0.29
1.33
0.26
0.87
0.26
0.84
0.34
0.30
0.29
2.25
0.31
0.31
0.34
2.46
0.26
0.26
0.29
0.68
0.25
0.25
0.25
0.52
CorWatt	PkgWatt
49.27	246.85
0.71	125.71
0.36
0.33
1.06
0.33
5.92
0.32
0.32
3.04
0.30
0.29
0.29
0.28
0.43
0.28
2.04
0.49
0.32
0.74
0.83
1.75
0.31
0.31
0.44
0.33
0.32
0.31
3.02
0.65
0.63
0.45
0.28
0.72	120.84
0.30
0.30
1.86
0.31
0.31
0.87
1.73
0.27
0.27
1.80
0.27
0.26
0.94
0.26
0.80
1.06
0.79
0.29
0.46
0.31
0.31
0.31
2.55
0.78
0.29
0.30
2.01
0.30
0.25
0.25
0.29
CorWatt	PkgWatt
50.70	247.51
0.64	131.85
0.40
2.50
0.67
0.33
5.90
0.32
0.32
2.18
0.29
0.28
0.29
1.45
0.29
0.28
1.74
0.89
0.54
0.34
2.23
0.34
0.32
0.31
3.04
0.31
0.31
0.30
2.96
0.30
0.30
0.30
2.94
0.28	116.20
0.28
0.28
1.32
0.31
0.33
0.33
2.49
0.27
0.29
0.29
2.05
0.28
1.80
0.28
0.60
0.28
0.29
0.27
1.16
0.28
0.28
0.42
0.53
0.26
0.26
0.25
0.29
0.30
0.25
0.25
0.30
CorWatt	PkgWatt
51.35	246.30
0.96	123.18
0.37
0.34
0.54
0.32
5.83
0.32
0.82
2.15
0.29
0.28
0.31
0.50
0.29
0.28
2.71
0.81
0.85
0.31
0.43
0.86
0.33
0.44
0.31
0.80
0.27
0.26
0.83
1.57
0.30
0.30
1.94
0.47	122.97
0.59
0.30
1.84
0.60
1.39
0.70
0.30
0.28
0.27
0.27
2.47
0.91
0.53
0.26
1.17
0.73
0.28
0.27
1.61
1.85
0.30
0.34
0.71
0.28
2.04
0.28
0.61
1.92
0.30
0.26
0.30
CorWatt	PkgWatt
52.74	249.96
0.90	127.42
1.41
0.85
0.40
0.32
5.89
0.32
0.32
2.18
0.29
0.29
0.29
0.75
0.28
0.28
2.37
0.98
0.30
0.35
0.81
1.54
0.32
0.32
0.99
0.30
0.31
0.30
2.85
0.30
0.28
0.28
1.77
0.75	122.64
0.83
0.30
1.04
0.31
0.34
0.33
2.55
0.30
0.28
1.24
0.81
0.28
0.81
0.28
1.52
0.31
0.29
0.28
1.90
0.32
0.30
1.36
0.49
0.29
0.32
0.29
2.40
0.31
0.28
0.28
2.24
CorWatt	PkgWatt
51.37	248.65
1.74	129.85
0.48
0.41
0.81
0.32
5.89
0.32
0.32
2.81
0.29
0.29
0.29
0.57
0.29
0.28
2.29
1.19
0.46
0.42
0.82
0.35
1.73
0.32
1.37
0.31
0.31
0.31
2.94
1.42
0.30
0.30
1.74
0.30	118.65
0.34
0.29
0.94
0.31
0.33
0.41
1.79
0.28
0.27
0.31
0.84
0.29
0.29
0.31
1.71
0.50
0.28
0.29
1.35
0.31
0.31
1.47
1.38
0.31
0.27
0.26
1.03
0.29
0.28
0.28
2.06
CorWatt	PkgWatt
49.55	246.36
0.46	120.71
0.33
0.32
1.41
0.31
5.82
0.31
0.31
3.56
0.29
0.28
0.29
0.27
0.27
0.27
2.01
0.33
0.30
0.29
0.68
0.54
0.30
0.28
0.83
0.80
0.26
0.26
0.28
0.27
0.25
0.25
0.38
0.29	125.76
0.31
0.30
2.57
0.29
1.03
0.39
0.54
0.28
0.28
0.28
2.51
0.55
1.01
0.97
0.94
1.06
0.30
0.29
2.31
0.32
0.31
0.30
2.31
0.29
0.31
0.30
3.01
0.29
0.28
0.28
2.28
CorWatt	PkgWatt
49.03	246.78
0.95	126.54
0.40
0.91
0.31
0.32
5.85
0.31
0.31
2.42
0.30
0.31
1.09
0.28
0.28
0.28
2.50
0.32
0.32
0.86
1.76
0.68
0.69
0.29
0.28
0.30
1.50
1.04
0.29
0.29
0.28
0.29
2.46
3.03	119.51
0.32
0.31
0.34
1.57
0.58
0.32
0.83
0.26
0.25
0.25
0.82
1.25
1.02
0.31
0.86
1.25
0.62
0.28
0.84
0.30
0.30
0.57
0.85
0.80
0.27
0.26
0.28
0.25
0.25
0.25
0.82
CorWatt	PkgWatt
48.48	245.46
0.58	127.05
0.36
0.89
1.95
0.32
5.55
0.33
0.45
0.84
0.36
0.27
1.26
0.29
0.30
0.54
2.23
0.33
0.32
0.75
1.71
0.37
1.51
0.31
1.06
0.30
0.30
1.31
1.09
0.29
0.29
0.96
1.50
0.44	118.38
0.29
0.30
2.32
0.27
0.29
0.28
0.80
0.26
0.26
0.32
1.38
0.26
0.27
0.27
1.45
0.30
0.31
0.28
1.79
0.29
0.29
0.81
0.83
0.27
0.28
0.28
1.85
0.27
0.27
0.27
1.74
CorWatt	PkgWatt
44.84	242.70
0.48	126.27
0.40
0.50
2.51
0.74
0.32
0.32
2.06
0.87
0.29
0.29
2.27
1.30
0.30
0.30
1.91
1.43
0.34
0.31
0.31
1.80
1.31
0.32
0.38
0.47
0.31
0.31
2.75
1.19
0.28
0.30
1.09
0.27	115.94
0.26
0.27
0.30
0.27
0.27
0.27
0.26
0.26
0.26
0.27
1.72
0.26
1.23
0.27
0.56
0.96
0.27
0.27
0.27
0.30
0.30
0.31
1.77
0.27
0.28
0.28
2.02
0.78
0.27
0.27
1.43
CorWatt	PkgWatt
46.36	243.63
0.53	119.70
0.33
0.35
2.31
0.43
0.30
0.31
2.42
0.31
1.80
0.27
0.28
0.44
0.27
0.26
1.65
0.32
0.34
0.30
1.16
0.90
1.86
0.31
0.30
0.29
0.78
0.29
0.72
0.27
0.49
0.26
0.57
0.29	123.93
0.29
2.67
0.30
0.29
0.29
0.98
1.15
0.82
0.27
0.27
1.36
0.28
0.30
0.28
2.83
0.53
0.60
0.29
2.11
0.31
0.31
0.31
2.98
0.26
0.27
0.27
1.22
1.41
0.27
0.27
0.85
CorWatt	PkgWatt
49.14	246.47
0.91	122.77
0.38
0.33
1.87
0.31
0.30
1.19
0.84
1.03
0.69
0.49
0.27
2.53
0.60
0.29
0.30
0.30
0.54
0.30
0.91
0.33
2.15
0.65
0.30
0.31
2.53
0.31
0.30
0.52
1.98
0.28
0.28
0.30	123.69
0.30
2.94
0.30
0.30
1.63
1.54
0.31
0.25
0.25
0.25
0.94
2.40
0.29
0.28
0.79
0.28
0.29
0.28
1.67
2.73
0.31
0.31
0.33
0.28
1.64
0.28
0.79
1.75
0.27
0.27
0.30
CorWatt	PkgWatt
52.50	249.44
0.49	128.52
0.36
1.43
0.54
0.30
0.30
1.04
0.61
0.29
0.30
0.34
2.79
0.29
0.31
0.28
2.89
0.32
0.34
2.96
0.32
0.33
0.32
6.10
0.31
1.22
0.33
0.31
2.34
1.76
0.28
0.26
0.26
0.27	120.94
0.27
1.38
0.27
0.27
0.81
0.28
0.26
0.28
0.28
0.28
2.85
1.41
0.43
0.25
0.25
1.90
0.28
0.28
0.30
0.32
0.31
0.30
2.85
1.54
0.30
0.28
1.14
0.28
0.26
0.27
1.76
CorWatt	PkgWatt
52.48	249.49
0.96	130.68
0.37
0.33
1.55
0.45
0.89
1.04
0.88
0.39
0.29
0.51
1.88
0.28
0.29
0.28
2.95
0.64
0.32
0.36
3.53
0.33
0.33
6.02
0.31
0.33
0.31
0.31
3.27
0.31
0.28
0.28
2.17
0.29	118.76
0.30
0.81
2.46
0.29
0.28
0.29
1.61
0.25
0.25
0.25
1.34
0.28
2.71
0.27
0.28
0.30
0.29
0.99
1.73
0.28
0.28
1.00
0.38
0.34
0.89
0.26
0.26
0.24
0.24
0.24
0.31
CorWatt	PkgWatt
52.40	249.22
0.83	131.12
0.39
0.34
3.35
0.31
0.31
1.80
0.72
0.28
0.29
1.44
1.42
0.58
0.29
0.29
2.48
1.67
0.32
0.32
1.34
0.33
0.32
5.97
0.31
2.15
0.75
0.30
0.31
2.24
0.29
0.29
0.99
0.26	118.11
0.26
0.26
0.71
0.29
0.29
0.31
2.22
0.62
1.48
0.26
0.31
0.27
0.28
0.27
2.45
0.27
0.27
0.77
0.76
0.28
0.28
1.30
0.41
0.28
2.46
0.39
0.28
0.24
0.24
0.24
0.40
CorWatt	PkgWatt
53.94	250.64
2.01	133.20
1.15
0.61
0.34
0.48
0.93
0.34
2.32
2.97
0.30
0.79
0.82
0.93
0.29
0.29
2.29
0.99
0.34
0.32
2.12
0.33
0.32
5.98
0.31
0.31
0.33
0.30
2.83
0.77
0.30
0.72
1.90
0.62	117.40
0.29
0.29
2.52
0.57
0.30
0.33
2.65
0.23
0.24
0.23
0.75
0.24
0.68
0.23
0.26
0.28
0.28
0.27
1.93
0.26
0.26
0.27
0.26
0.28
0.78
2.13
0.54
0.23
0.23
0.23
0.25
CorWatt	PkgWatt
54.06	250.87
0.52	124.97
0.33
0.34
2.21
1.24
0.29
0.30
0.68
0.28
0.25
0.25
0.29
0.27
0.28
0.27
2.77
0.44
0.31
0.32
3.34
0.33
0.32
5.97
0.30
2.39
0.30
0.30
0.52
0.72
0.25
0.25
0.27
0.67	125.95
0.29
0.29
2.54
2.54
0.30
0.30
0.29
0.27
0.27
0.27
2.95
0.27
0.28
0.65
2.55
0.30
0.31
0.29
2.49
2.89
0.30
0.30
0.30
0.35
0.29
0.85
1.86
0.25
0.25
0.64
0.69
CorWatt	PkgWatt
52.38	249.04
0.80	125.09
0.37
0.54
1.43
0.33
2.51
0.32
0.74
0.25
0.25
0.24
0.28
0.26
0.27
0.26
2.01
0.30
0.30
0.31
2.09
0.33
0.33
5.98
0.31
1.79
0.30
0.29
0.99
0.76
0.27
0.27
1.68
0.30	123.93
1.12
0.27
0.45
0.29
1.12
0.29
0.28
1.25
0.28
0.28
2.03
0.27
0.28
0.30
2.64
0.30
0.31
0.31
2.65
2.12
0.30
0.31
1.26
0.88
0.28
0.28
1.55
0.27
0.27
0.30
2.38
CorWatt	PkgWatt
52.60	249.44
0.52	127.84
1.96
0.35
1.11
1.10
0.79
0.31
1.16
0.25
0.33
0.25
0.29
1.92
0.28
0.27
1.39
0.32
0.32
0.32
2.97
0.33
0.32
6.00
0.31
0.30
0.30
0.30
2.51
0.27
0.27
0.28
2.31
0.29	121.58
0.29
0.29
2.91
0.29
0.30
1.96
0.65
0.28
1.55
0.72
0.26
0.28
2.83
0.27
0.30
0.27
0.27
0.26
1.02
3.02
0.30
0.31
0.30
0.28
0.26
0.26
1.31
0.76
0.25
0.24
0.31
CorWatt	PkgWatt
51.91	248.40
1.21	131.57
2.25
0.34
0.32
1.38
0.30
0.32
1.45
1.57
1.16
0.43
1.35
1.53
1.30
0.27
0.27
0.31
0.32
0.32
2.79
0.33
0.32
5.97
0.30
0.70
0.72
0.32
2.47
1.07
0.30
0.29
1.64
0.25	116.90
0.25
0.25
0.75
0.27
0.27
0.28
1.02
0.27
0.27
0.28
2.62
0.24
0.76
0.24
0.60
0.26
0.27
0.25
0.75
0.29
0.27
0.28
0.79
2.42
0.28
0.27
0.30
0.27
0.27
0.27
2.37
CorWatt	PkgWatt
51.86	248.35
0.53	130.97
0.34
0.66
2.59
0.68
2.49
0.32
0.31
0.55
0.31
0.73
2.02
0.30
0.29
0.27
3.44
0.63
0.31
0.32
2.45
0.33
0.32
5.96
0.30
0.30
0.46
0.96
0.92
2.42
0.72
0.29
0.30
0.28	117.39
0.28
0.28
2.40
0.30
0.31
0.31
2.88
0.24
0.24
0.24
0.76
0.76
0.25
0.24
0.25
0.27
0.77
0.26
0.75
0.28
0.28
1.44
0.28
1.63
0.27
0.26
0.26
0.26
0.25
0.25
1.51
CorWatt	PkgWatt
51.62	248.21
0.53	126.37
0.32
0.32
2.55
0.74
1.15
0.31
0.61
2.08
0.29
0.29
0.82
0.28
0.26
0.25
1.06
0.71
1.25
0.75
0.31
0.34
0.33
5.47
0.54
0.29
0.32
1.61
0.82
0.29
0.79
0.29
2.46
0.28	121.87
0.28
0.28
2.96
1.02
0.46
0.80
0.38
0.58
0.26
0.27
1.15
1.72
0.27
0.26
0.75
1.95
0.61
0.28
0.60
0.30
0.29
1.00
0.55
0.29
0.28
0.28
2.67
0.26
0.26
0.26
1.61
CorWatt	PkgWatt
44.39	241.03
0.53	121.84
0.32
0.32
2.71
0.79
0.28
0.29
0.74
0.52
0.79
0.37
0.28
1.88
0.27
0.27
0.63
0.31
0.31
0.33
2.70
0.67
1.79
0.32
0.86
1.76
0.46
0.30
0.93
0.26
0.26
0.67
0.76
0.29	119.23
0.28
0.28
2.10
0.29
0.73
2.12
0.29
0.27
0.26
0.27
2.05
0.26
0.26
0.26
1.65
0.29
0.27
0.26
1.28
0.96
0.28
0.27
0.56
0.27
0.27
0.27
2.42
0.25
0.25
0.25
0.93
CorWatt	PkgWatt
45.81	242.45
0.71	123.51
0.32
0.33
2.27
0.78
0.30
0.30
1.05
0.73
0.28
0.26
0.66
0.42
0.29
0.69
2.22
0.32
0.32
0.32
2.96
0.85
0.31
0.57
1.53
0.30
0.30
0.29
2.05
0.28
0.29
1.47
1.55
0.27	118.84
0.26
0.26
0.97
0.29
2.95
0.31
0.29
0.26
0.26
0.27
2.68
0.23
0.27
0.23
0.25
0.49
1.08
0.26
0.56
0.97
0.27
0.27
0.55
0.28
0.27
0.27
2.42
0.26
0.26
0.26
2.01
CorWatt	PkgWatt
44.36	240.74
0.47	118.68
0.56
0.36
1.08
2.45
0.30
0.32
0.30
0.28
0.26
0.24
0.28
0.51
0.27
0.28
1.87
1.77
0.30
0.30
0.59
0.32
0.30
1.73
0.68
0.27
0.76
0.26
0.84
0.27
0.27
0.27
1.96
0.27	122.07
0.27
0.27
1.71
0.29
0.32
1.18
2.01
0.27
0.27
0.29
2.51
0.91
1.00
0.25
0.73
0.28
0.27
0.74
1.09
0.71
0.31
0.29
1.82
0.29
0.28
0.27
2.49
0.25
0.25
0.25
1.46
CorWatt	PkgWatt
49.21	245.47
0.46	117.90
0.31
0.30
0.45
0.28
0.27
0.27
0.56
1.01
0.27
0.26
0.26
0.28
0.27
0.27
2.38
1.61
0.30
0.29
0.29
0.30
0.28
0.29
0.88
0.31
5.98
0.31
0.31
0.24
0.24
0.24
0.40
0.29	127.53
0.29
0.29
2.84
0.29
0.30
0.33
2.94
0.27
0.27
0.29
2.69
0.58
0.28
0.27
2.37
0.28
0.28
2.27
0.28
3.21
0.31
0.30
0.88
2.95
0.29
0.28
0.30
0.28
0.26
0.26
2.00
CorWatt	PkgWatt
49.81	246.03
0.47	118.23
0.54
0.30
0.28
0.30
0.29
0.30
2.48
0.47
0.26
0.24
0.24
0.24
0.25
0.23
0.56
0.30
0.31
0.31
2.66
0.30
0.28
0.27
0.28
0.31
5.93
0.31
0.30
0.24
0.25
0.25
0.75
0.73	127.84
0.28
0.29
2.33
1.63
0.30
0.30
1.75
0.28
0.71
0.28
2.61
1.20
0.87
0.26
0.74
0.29
0.29
0.31
2.51
1.83
0.30
0.30
0.83
1.87
2.48
0.28
0.28
0.47
0.27
0.27
2.21
CorWatt	PkgWatt
51.59	247.77
1.41	133.24
1.32
0.69
0.86
0.44
0.30
0.30
3.92
2.95
0.29
0.28
0.28
2.47
0.27
0.27
0.71
0.31
0.31
0.32
3.03
0.33
0.31
2.88
0.51
0.31
5.93
0.31
0.30
0.29
0.28
0.28
2.97
0.25	114.60
0.24
0.24
0.24
2.55
0.29
0.29
0.29
0.24
0.25
0.24
1.04
0.28
0.27
0.27
2.43
0.24
0.24
0.24
0.25
0.26
0.66
0.26
0.26
0.25
0.27
0.24
0.39
0.29
0.26
0.27
2.40
CorWatt	PkgWatt
52.59	248.78
1.58	132.82
0.34
0.67
1.61
0.33
1.52
0.30
1.83
1.51
0.37
0.88
1.38
0.29
2.87
0.27
0.27
0.31
0.31
0.32
3.04
0.33
0.31
3.03
0.30
0.31
5.91
0.31
0.30
0.81
1.45
1.25
0.68
0.70	115.87
0.25
0.25
0.63
0.28
1.64
0.65
0.27
0.25
0.25
0.25
2.15
0.23
0.55
0.23
0.24
0.27
0.27
0.72
1.22
0.29
2.61
0.29
0.29
0.27
0.24
0.24
0.32
0.25
0.24
0.24
0.99
CorWatt	PkgWatt
55.51	251.69
3.00	132.04
0.52
0.33
0.31
0.31
1.16
1.96
0.43
1.32
0.42
1.36
0.71
0.27
2.87
0.27
0.27
0.40
0.31
0.32
2.95
0.33
1.95
0.34
1.45
0.31
5.92
0.31
0.30
0.28
0.29
2.90
0.39
0.29	119.62
1.89
0.26
0.26
0.26
0.40
0.27
0.25
0.25
0.25
0.25
1.81
2.85
0.28
0.27
0.29
0.27
0.27
0.26
1.32
0.30
3.74
0.30
0.30
0.29
0.90
0.25
0.25
0.26
1.86
0.25
0.31
CorWatt	PkgWatt
54.14	249.76
2.54	131.91
0.73
0.36
0.33
0.85
0.30
0.31
2.53
0.28
0.29
0.83
2.39
0.87
1.57
0.27
0.99
0.32
0.31
0.32
3.01
0.58
0.48
0.31
2.56
0.31
5.88
0.32
0.30
0.28
0.29
3.00
0.30
0.28	118.47
0.30
0.28
3.45
0.26
0.28
0.26
0.76
0.23
0.24
0.23
0.93
0.26
0.25
0.24
1.26
0.29
0.29
0.28
2.79
0.29
3.10
0.29
0.29
0.28
0.24
0.24
0.24
0.25
0.25
0.25
1.37
CorWatt	PkgWatt
49.67	246.60
0.82	119.04
0.35
0.30
0.66
2.54
0.30
0.31
0.65
0.25
0.25
0.29
0.55
0.32
0.26
0.24
0.65
0.27
0.27
0.27
0.78
0.79
0.28
0.28
0.36
0.31
5.91
0.31
0.30
0.87
0.25
0.74
0.25
2.58	127.07
0.28
0.28
0.31
1.06
1.03
0.32
1.78
1.54
0.28
0.28
1.82
0.82
0.29
0.27
2.38
0.29
0.28
0.27
2.62
1.16
1.65
0.31
0.31
1.26
0.49
0.28
0.91
0.30
0.90
0.95
1.32
CorWatt	PkgWatt
46.41	242.30
0.80	120.84
0.32
0.85
0.42
2.54
0.31
0.38
0.30
0.24
0.25
0.26
0.57
1.44
0.26
0.25
0.25
0.28
0.28
0.29
1.52
0.77
0.27
0.27
0.27
0.31
5.95
0.32
0.30
0.30
0.27
0.28
2.16
0.35	121.51
0.26
0.26
1.56
0.80
0.29
0.70
1.35
2.61
0.27
0.28
0.72
0.28
0.49
0.26
1.67
0.78
0.29
0.27
2.97
0.29
2.61
0.29
0.29
0.30
0.25
0.24
0.28
0.25
0.25
0.25
1.39
CorWatt	PkgWatt
44.80	240.91
0.78	121.48
0.40
0.32
0.30
0.28
0.28
0.77
0.87
0.25
0.26
1.40
0.25
0.76
0.27
0.27
2.11
1.36
0.30
0.84
0.36
0.29
0.27
0.27
0.26
0.31
5.95
0.31
0.30
0.28
0.27
0.28
2.54
0.64	119.34
0.25
0.25
0.26
0.28
0.83
0.29
1.68
0.27
0.26
0.25
2.31
0.27
1.90
0.26
0.84
0.28
0.28
0.27
2.46
0.28
0.85
1.17
0.28
0.28
0.24
0.24
0.24
0.27
0.27
0.27
2.52
CorWatt	PkgWatt
46.75	242.55
0.50	122.94
0.32
0.31
2.14
0.31
0.30
2.46
0.63
0.27
0.27
1.59
0.74
0.25
0.25
1.22
0.26
0.29
0.30
0.64
1.59
0.29
0.99
0.27
0.27
0.30
5.21
0.31
0.30
0.27
0.27
0.27
1.86
1.03	119.68
0.28
0.28
1.02
0.27
1.09
1.51
0.30
1.12
0.28
0.26
1.02
0.25
0.27
0.25
1.55
0.29
0.29
0.27
2.91
0.28
1.95
0.28
0.78
0.29
0.24
0.24
0.31
0.25
0.79
0.25
1.34
CorWatt	PkgWatt
45.87	242.12
0.47	118.86
0.31
0.97
0.29
0.62
0.28
1.47
0.29
0.27
0.27
0.79
1.32
0.26
0.26
0.27
1.81
1.46
0.30
0.83
0.29
0.64
0.31
0.29
0.83
0.27
0.28
0.28
1.73
0.28
0.28
0.28
2.52
3.11	123.28
0.29
0.28
0.28
0.35
0.28
0.37
0.79
0.26
0.27
0.26
2.35
0.27
2.55
0.26
0.26
0.27
0.85
0.26
1.47
0.29
4.29
0.29
0.30
0.28
0.24
0.24
0.25
0.27
0.29
0.27
2.95
CorWatt	PkgWatt
46.98	243.15
0.49	117.84
0.32
1.22
0.80
0.30
0.29
2.41
0.29
0.26
0.26
0.81
0.81
0.24
0.25
0.72
0.60
3.03
0.31
0.31
0.31
1.09
0.28
0.28
0.68
0.26
0.26
0.26
1.24
0.83
0.25
0.24
0.26
1.35	125.26
0.79
0.27
0.26
0.29
0.29
2.16
1.01
0.27
0.27
0.27
3.05
0.28
3.23
0.27
0.27
0.28
2.02
0.82
0.28
0.28
3.52
0.28
0.28
1.00
0.25
0.25
0.52
0.26
0.26
0.26
2.10
CorWatt	PkgWatt
43.24	239.26
0.51	117.69
0.32
0.29
0.29
0.29
2.55
0.29
0.29
0.25
0.26
0.85
0.73
0.25
0.26
0.26
1.53
1.69
0.83
0.30
0.29
1.07
0.28
0.28
0.30
0.27
0.27
0.26
1.80
0.34
0.27
0.28
2.22
0.27	121.52
0.74
0.27
1.84
0.27
0.64
1.60
0.27
0.24
0.24
0.24
1.55
0.26
0.29
0.27
2.54
0.26
0.26
1.18
0.53
0.28
0.28
0.28
2.29
2.38
0.30
0.27
0.28
0.26
0.26
0.26
2.35
CorWatt	PkgWatt
46.77	242.59
0.48	120.74
0.30
1.31
0.30
0.28
0.79
0.85
0.27
0.98
0.33
0.26
0.26
0.24
0.24
0.23
0.95
0.29
0.30
0.29
1.58
0.31
0.29
0.29
2.61
0.30
0.30
0.30
6.03
1.29
0.26
0.25
0.25
1.55	121.89
0.29
0.28
1.80
1.23
0.28
0.29
1.02
0.28
0.29
0.27
2.44
0.27
0.77
0.27
2.50
0.26
0.27
0.64
2.03
0.28
0.29
0.28
2.22
0.92
0.29
0.24
0.25
0.80
0.24
0.24
0.66
CorWatt	PkgWatt
47.60	243.57
0.49	120.71
0.31
0.96
1.50
0.26
0.26
0.29
0.53
1.04
0.25
0.25
0.25
0.25
0.25
0.25
1.23
0.28
0.28
0.29
1.57
0.28
0.27
0.27
0.48
0.29
0.29
0.30
6.04
0.29
0.28
0.28
2.96
2.03	122.85
0.29
0.28
1.38
1.98
0.30
0.30
1.39
0.25
0.27
0.25
1.72
0.85
1.84
0.28
0.46
0.27
0.26
0.25
0.91
0.28
0.97
0.29
1.99
3.46
0.33
0.27
0.28
0.26
0.24
0.23
0.62
CorWatt	PkgWatt
46.67	242.68
0.44	121.74
0.29
0.30
0.29
0.29
0.29
0.30
2.65
0.87
0.26
0.91
0.25
0.25
0.26
0.25
2.42
0.26
0.26
0.27
0.77
0.30
0.89
0.28
1.75
0.29
0.29
0.30
6.02
0.54
0.26
0.25
0.78
0.80	120.92
0.29
0.28
2.02
0.75
0.93
0.27
0.26
0.23
0.24
0.23
0.53
2.71
0.27
0.26
0.28
0.27
0.28
0.27
2.52
0.30
3.87
0.29
0.32
2.56
0.31
0.26
0.26
0.26
0.23
0.23
0.25
CorWatt	PkgWatt
46.86	242.74
0.51	119.03
0.32
0.32
2.75
0.27
0.27
0.27
0.77
0.26
0.24
0.29
0.23
0.24
0.24
0.23
0.75
0.27
0.27
0.27
0.77
0.51
0.29
0.27
0.26
0.29
0.29
0.30
6.03
1.51
0.28
0.28
1.34
0.29	123.76
2.41
0.85
0.29
0.29
0.31
0.30
3.06
0.25
0.27
0.25
1.66
0.27
1.05
0.25
0.60
0.28
0.27
0.27
0.89
0.30
4.23
0.29
0.30
0.27
2.28
0.26
0.30
2.52
0.26
0.26
0.29
CorWatt	PkgWatt
47.59	243.51
0.45	117.66
0.28
0.28
0.62
0.29
2.77
0.29
0.29
0.23
0.23
0.23
0.25
0.25
2.47
0.25
0.26
0.25
0.25
0.25
0.25
0.27
0.25
0.25
0.25
0.30
0.29
0.29
6.02
0.28
0.82
0.24
0.24
0.27	125.77
0.85
0.30
1.89
0.31
0.95
1.44
0.80
0.26
0.29
0.92
2.11
0.27
1.44
0.53
1.00
0.28
0.28
0.28
2.59
0.29
4.24
0.34
0.29
1.38
0.28
0.26
1.08
0.82
0.25
0.25
1.10
CorWatt	PkgWatt
50.77	246.82
0.45	117.78
0.28
0.28
0.27
0.30
3.08
0.30
0.29
0.23
0.22
0.22
0.23
0.23
0.75
0.23
0.23
1.65
0.29
0.29
0.98
0.27
0.26
0.52
0.25
0.30
0.29
0.29
6.01
0.23
0.23
0.23
0.22
0.55	129.07
0.31
0.27
1.75
0.29
0.83
2.34
0.29
0.26
0.27
0.84
2.00
1.01
0.27
0.27
1.80
1.06
0.29
0.27
2.13
0.29
4.23
0.34
0.29
1.76
0.27
0.27
1.55
0.77
0.27
0.27
3.51
CorWatt	PkgWatt
51.24	247.14
0.45	117.17
0.28
0.29
0.27
0.26
0.54
0.26
0.28
0.27
0.26
1.41
0.26
0.24
0.24
0.23
0.97
0.27
0.25
0.26
0.27
0.29
0.28
1.41
0.27
0.30
0.29
0.29
6.01
0.34
0.28
0.26
1.85
0.30	130.01
0.29
0.29
3.12
0.29
0.31
0.79
2.65
0.26
0.27
1.90
1.05
0.29
2.12
1.27
0.26
0.29
0.83
0.27
2.82
0.29
4.23
0.34
0.29
0.27
0.27
0.28
3.41
0.26
0.26
0.26
2.00
CorWatt	PkgWatt
52.75	248.43
1.63	115.47
0.34
0.31
0.81
0.28
0.27
0.28
1.66
0.47
0.23
0.24
0.24
0.23
0.25
0.22
0.23
0.25
0.25
0.25
0.26
0.28
0.26
0.30
0.26
0.30
0.29
0.29
6.02
0.26
0.24
0.23
0.24
0.98	132.98
1.17
0.28
1.62
0.29
0.30
0.29
3.15
0.28
0.26
0.27
4.13
0.27
0.28
3.17
0.26
0.28
1.96
0.87
0.91
0.29
3.34
0.32
1.09
1.94
1.86
0.28
1.01
3.08
0.27
0.27
0.33
CorWatt	PkgWatt
54.24	250.16
0.93	115.18
0.39
0.96
0.29
0.28
0.28
0.28
1.55
0.25
0.23
0.23
0.23
0.22
0.23
0.21
0.22
0.25
0.25
0.25
0.24
0.29
0.26
0.26
0.25
0.29
0.29
0.29
6.03
1.07
0.25
0.24
0.24
0.33	134.94
2.35
1.16
1.25
3.13
1.23
0.30
0.35
0.34
0.26
0.26
3.75
0.27
2.34
0.87
0.78
0.50
0.29
0.30
3.35
0.34
0.30
0.29
3.76
2.78
0.30
0.82
0.30
0.80
1.65
1.65
0.32
CorWatt	PkgWatt
49.53	245.58
0.44	117.26
0.33
0.29
0.30
0.27
0.27
0.26
0.28
0.24
0.24
0.23
0.66
1.17
0.27
0.25
0.76
0.30
0.28
0.29
1.16
0.30
0.29
0.92
1.84
0.30
0.29
0.28
5.15
0.24
0.87
0.24
0.38
0.29	128.30
2.06
0.80
0.28
0.83
0.29
0.30
2.47
1.08
0.27
0.26
3.22
0.26
2.04
0.45
0.55
0.28
0.28
0.26
2.72
0.31
0.30
0.32
3.85
0.28
0.27
3.05
0.28
1.27
0.25
0.27
0.74
CorWatt	PkgWatt
42.42	234.76
0.41	118.18
0.29
1.13
0.77
2.26
0.30
0.58
0.28
0.25
0.32
0.91
0.42
0.69
0.80
0.24
0.99
0.86
0.29
0.47
1.60
0.29
1.13
0.79
0.27
0.27
1.07
0.26
0.27
0.27
1.11
0.28
2.14
0.27	116.70
0.27
0.29
2.43
0.28
0.28
0.29
2.31
0.25
0.24
0.22
0.24
0.22
0.74
0.23
0.22
0.26
0.27
0.26
1.76
0.35
0.30
0.30
4.18
0.27
0.27
2.24
0.27
0.24
0.22
0.22
0.25
CorWatt	PkgWatt
43.29	212.85
0.50	114.96
0.31
0.47
2.00
1.51
0.30
0.97
1.57
0.28
2.19
0.60
0.78
0.27
0.50
0.26
2.60
0.37
0.33
0.89
2.01
0.32
2.73
0.30
0.94
0.30
1.06
0.91
1.33
0.52
0.28
0.27
2.18
0.89	97.82
0.24
0.24
0.24
0.24
0.24
0.44
0.24
0.22
0.22
0.22
0.81
0.22
0.23
0.92
0.22
0.23
0.23
0.22
0.23
0.34
0.29
0.29
4.07
0.22
0.22
0.22
0.22
0.21
0.21
0.21
0.21
CorWatt	PkgWatt
44.83	213.35
0.48	109.13
0.31
1.06
1.21
0.28
0.28
0.32
2.16
0.26
0.63
1.62
0.26
0.28
0.30
0.62
2.20
0.29
0.80
0.31
1.91
1.32
0.28
0.28
0.83
0.29
2.13
0.66
1.09
2.99
0.27
0.27
0.29
0.24	104.22
0.24
0.24
1.18
0.24
0.24
0.24
0.23
0.26
0.26
0.26
3.53
0.21
0.22
0.24
0.21
0.25
0.25
0.24
0.92
0.34
0.29
0.29
3.68
0.24
0.24
0.24
1.38
0.23
0.23
0.24
1.47
CorWatt	PkgWatt
51.12	224.62
0.47	116.74
0.30
0.33
2.60
0.66
0.28
0.29
2.16
0.28
0.30
0.27
3.41
0.25
0.77
1.06
0.31
0.28
0.31
1.21
0.83
0.32
0.29
0.29
3.22
0.30
0.29
0.30
6.02
0.31
3.44
0.28
0.27
0.26	107.95
0.26
0.27
2.82
0.24
0.26
0.25
0.24
0.26
0.26
0.26
3.50
0.22
0.23
0.22
0.45
0.25
0.25
0.24
1.30
0.34
0.29
0.29
3.65
0.23
0.23
0.23
0.47
0.23
0.23
0.23
0.97
CorWatt	PkgWatt
53.81	248.81
0.46	122.79
0.34
0.29
0.77
2.09
0.28
0.29
0.29
1.04
0.27
1.51
0.31
0.26
0.31
2.74
0.30
0.29
0.29
0.33
0.98
0.30
0.27
0.26
0.78
0.30
0.30
0.29
6.04
2.69
0.30
0.27
0.27
0.26	125.90
0.26
0.27
2.47
0.28
0.29
0.30
3.49
0.26
0.26
0.26
3.32
0.23
0.26
1.63
0.23
0.27
0.29
0.27
4.13
0.35
0.29
0.29
3.49
0.25
0.25
0.25
1.64
0.24
0.24
0.25
1.75
CorWatt	PkgWatt
50.47	246.09
0.47	117.63
0.31
0.29
0.29
0.60
0.25
0.26
0.25
0.74
0.24
0.23
0.24
0.25
0.26
2.24
0.31
0.28
0.29
0.29
1.87
0.29
0.46
0.25
0.25
0.29
0.29
0.29
6.02
0.78
0.25
0.25
0.56
0.26	128.44
0.26
0.26
1.64
0.28
0.29
2.66
0.32
0.26
0.26
0.26
3.36
0.26
0.95
0.26
2.72
0.27
0.28
0.26
3.35
0.34
0.29
0.29
3.53
0.26
0.26
0.27
3.24
0.26
0.26
0.26
2.80
CorWatt	PkgWatt
45.27	240.50
0.44	111.86
0.28
0.28
0.27
0.28
0.25
0.26
0.88
0.22
0.23
0.22
0.23
0.21
0.23
0.21
0.22
0.24
0.25
0.27
0.24
0.27
0.25
0.24
0.24
0.29
0.29
0.29
5.99
0.23
0.23
0.23
0.23
2.74	128.73
0.27
0.27
0.84
0.27
1.01
0.32
1.61
0.26
0.26
0.26
3.55
0.26
0.27
0.26
3.46
0.27
0.28
0.27
3.48
0.34
0.29
0.29
3.70
0.26
0.26
0.26
2.72
0.24
0.24
0.25
1.70
CorWatt	PkgWatt
45.33	240.93
0.45	114.90
0.30
0.30
0.27
3.07
0.29
0.29
0.32
0.23
0.23
0.22
0.23
0.21
0.22
0.21
0.21
0.24
0.24
0.26
0.25
0.76
0.25
0.25
0.25
0.29
0.29
0.29
5.99
0.22
0.22
0.22
0.22
1.89	125.96
0.47
0.26
0.26
0.27
0.99
0.75
1.37
0.26
0.26
0.26
3.56
0.26
0.92
0.26
1.88
0.42
0.26
0.25
1.22
0.33
0.29
0.29
3.73
0.26
0.26
0.26
2.55
0.26
0.26
0.27
3.17
CorWatt	PkgWatt
48.04	242.36
0.46	118.91
0.30
0.29
1.02
0.30
0.27
0.28
1.94
0.24
0.73
0.23
0.24
0.24
0.83
0.23
0.24
0.31
0.84
0.32
1.68
0.68
0.76
0.27
0.26
0.29
0.29
0.29
5.92
0.26
0.26
0.26
1.91
0.29	123.43
0.29
0.28
4.12
0.28
0.31
0.30
2.99
0.26
0.26
0.26
3.52
0.26
0.28
0.43
2.68
0.27
0.24
0.24
0.65
0.33
0.29
0.29
3.69
0.23
0.23
0.23
0.70
0.73
0.22
0.23
0.25
CorWatt	PkgWatt
50.87	246.09
0.38	121.21
0.28
0.28
0.42
0.33
2.32
0.29
0.31
0.23
0.23
0.37
0.23
0.27
0.29
0.77
0.23
0.31
3.05
0.31
0.30
0.93
0.26
0.26
0.25
0.29
0.29
0.29
5.94
0.28
0.27
0.28
3.23
0.23	124.90
0.23
0.23
0.26
0.28
0.29
0.30
3.11
0.26
0.26
0.26
3.35
0.26
0.26
0.26
2.75
0.28
0.28
0.27
2.94
0.36
0.29
0.29
3.49
0.24
0.24
0.24
1.30
0.25
0.25
0.26
3.56
CorWatt	PkgWatt
53.20	248.05
0.41	123.25
0.27
0.28
0.49
0.31
0.27
0.27
1.76
0.26
1.18
0.25
0.77
0.26
0.26
3.64
0.30
0.29
2.50
0.32
0.29
0.32
0.28
0.28
2.10
0.29
0.29
0.29
5.92
0.61
0.24
0.24
0.74
0.27	124.80
0.27
0.28
4.29
0.28
0.28
0.30
3.11
0.26
0.26
0.26
3.35
0.22
0.23
0.22
0.23
0.28
0.28
0.27
2.97
0.33
0.29
0.29
3.51
0.26
0.27
0.27
3.18
0.22
0.22
0.22
0.27
CorWatt	PkgWatt
51.09	246.27
0.46	120.68
0.31
0.33
2.61
1.31
0.29
0.26
0.26
0.23
0.25
0.24
0.23
0.26
0.30
3.10
0.26
0.24
0.25
0.29
0.24
0.30
0.75
0.25
0.26
0.29
0.29
0.29
5.92
1.38
1.22
0.26
0.28
0.25	125.62
0.25
0.25
1.57
0.26
0.27
1.56
0.28
0.72
0.26
0.26
3.01
0.24
1.70
0.24
0.37
0.28
0.28
0.27
3.14
0.33
0.29
0.29
3.69
3.14
0.29
0.27
0.29
2.67
0.26
0.26
0.65
CorWatt	PkgWatt
46.34	234.33
0.44	112.22
0.28
0.57
0.51
0.28
1.46
0.56
0.48
0.26
0.26
2.46
0.26
0.24
0.24
0.25
0.21
0.24
0.24
0.24
0.24
0.28
0.28
0.26
0.76
0.30
0.28
0.28
4.96
0.29
0.25
0.25
1.24
0.26	122.09
0.26
0.26
2.35
0.26
1.13
1.04
0.26
3.23
0.26
0.26
0.27
0.26
0.27
3.42
0.26
0.28
0.28
0.27
3.11
0.33
0.29
0.29
3.66
1.62
0.26
0.26
0.92
0.25
0.23
0.23
0.86
CorWatt	PkgWatt
41.81	235.78
0.36	114.83
0.29
0.39
0.29
0.26
0.62
0.26
0.75
0.25
0.25
0.27
1.14
0.27
0.27
0.25
2.00
0.29
0.29
0.30
2.74
0.29
0.27
0.26
1.39
0.27
0.70
0.92
0.46
0.98
0.24
0.24
0.91
0.24	120.90
0.24
0.24
0.75
0.28
0.29
0.31
3.19
3.26
0.26
0.26
0.26
0.22
0.22
0.31
0.44
0.28
0.28
0.27
3.13
0.34
0.29
0.28
3.69
0.28
0.26
0.26
2.36
0.21
0.21
0.21
0.22
CorWatt	PkgWatt
42.63	236.93
0.48	116.81
0.30
0.30
2.68
0.25
0.32
0.25
0.24
0.25
0.25
0.25
2.18
0.23
1.45
0.52
0.23
0.26
0.77
0.27
1.07
2.79
0.29
0.28
0.30
0.25
0.76
0.26
0.36
0.26
0.23
0.23
0.70
2.63	120.14
0.27
0.27
0.77
0.26
1.12
0.26
0.59
3.26
0.26
0.26
0.26
0.23
0.39
0.47
0.22
0.28
0.28
0.27
3.15
0.33
0.29
0.28
3.68
0.23
0.24
0.23
0.82
0.24
0.24
0.23
1.08
CorWatt	PkgWatt
48.60	243.56
0.42	123.54
0.27
0.28
0.30
0.29
0.29
0.29
4.03
0.27
0.27
0.68
2.34
0.26
0.27
3.02
0.26
0.31
4.20
0.31
0.32
0.32
0.27
0.85
0.25
0.56
0.29
0.78
0.26
3.20
0.27
0.27
0.27
0.31	120.06
0.45
0.25
0.27
0.26
0.30
0.26
0.84
3.08
0.27
0.26
0.29
0.25
1.57
0.29
0.25
0.28
0.28
0.27
3.02
0.34
0.29
0.29
3.48
0.25
0.25
0.27
1.20
0.75
0.25
0.25
1.71
CorWatt	PkgWatt
53.90	223.69
2.19	122.63
1.33
0.73
0.94
2.62
0.69
0.29
0.96
0.26
0.27
2.66
0.27
0.28
0.26
2.88
0.28
0.30
3.72
0.50
0.29
0.31
0.31
6.07
0.28
0.89
0.28
0.31
2.97
1.98
0.27
0.27
2.04
0.26	101.09
0.22
0.26
0.22
0.24
0.23
0.24
0.23
2.92
0.30
0.29
0.30
0.21
0.21
0.22
0.20
0.28
0.27
0.26
2.84
0.33
0.29
0.28
3.29
0.22
0.22
0.24
0.22
0.22
0.22
0.22
0.27
CorWatt	PkgWatt
49.41	213.04
1.14	114.39
1.29
0.40
0.99
1.55
0.31
0.29
1.31
0.26
0.28
2.25
0.26
0.30
0.27
2.87
0.33
0.95
2.83
0.32
0.49
0.31
0.31
6.09
0.28
0.27
1.37
0.80
0.90
0.30
0.27
0.27
3.65
0.22	98.70
0.22
0.22
0.22
0.23
0.23
0.23
0.23
2.96
0.26
0.26
0.26
0.21
0.21
0.21
0.20
0.27
0.27
0.26
2.83
0.33
0.29
0.28
3.30
0.22
0.22
0.22
0.21
0.21
0.21
0.21
0.21
CorWatt	PkgWatt
44.94	210.98
0.34	112.13
0.27
0.32
0.40
0.31
0.28
0.43
3.23
0.26
2.76
0.25
0.26
0.32
0.26
3.03
0.33
1.06
0.27
0.26
0.27
0.30
0.30
6.06
0.28
0.26
1.19
0.27
1.70
0.25
0.25
0.26
2.44
0.25	98.78
0.22
0.26
0.22
0.24
0.23
0.23
0.23
3.08
0.26
0.26
0.28
0.21
0.21
0.24
0.21
0.27
0.27
0.26
2.95
0.33
0.28
0.28
3.45
0.21
0.22
0.22
0.21
0.22
0.21
0.21
0.24
CorWatt	PkgWatt
44.97	208.27
0.42	110.47
0.30
0.29
1.92
0.29
0.99
0.34
2.74
0.26
0.82
1.61
0.57
0.26
0.26
3.06
0.30
0.26
0.66
0.25
0.26
0.31
0.30
6.05
0.28
0.27
0.30
0.52
2.94
1.20
0.24
0.24
0.26
0.22	97.87
0.22
0.22
0.22
0.23
0.22
0.23
0.22
3.09
0.25
0.25
0.26
0.20
0.20
0.21
0.20
0.27
0.27
0.26
2.99
0.33
0.28
0.28
3.45
0.21
0.21
0.21
0.21
0.20
0.20
0.20
0.21
CorWatt	PkgWatt
48.16	240.15
0.43	121.07
0.28
0.28
0.59
0.29
0.28
0.29
2.70
0.24
0.34
0.65
0.81
0.26
0.26
3.04
0.26
0.30
3.34
0.30
0.30
0.31
0.30
6.03
0.28
0.24
0.24
0.43
0.35
0.86
0.24
0.24
0.50
0.30	119.01
0.26
0.28
2.91
0.24
0.24
0.26
0.24
3.13
0.28
0.29
0.27
0.25
0.25
2.89
0.25
0.29
0.28
0.27
3.02
0.32
0.29
0.30
3.50
0.23
0.23
0.23
0.48
0.23
0.22
0.22
0.45
CorWatt	PkgWatt
49.66	228.66
0.47	119.47
0.30
0.31
2.69
0.29
0.28
0.30
4.04
0.25
0.26
0.88
0.75
0.26
0.26
3.01
0.26
0.30
3.39
0.30
0.29
0.30
0.30
6.05
0.28
0.24
0.29
0.58
0.25
1.93
0.26
0.26
1.07
0.29	109.15
0.25
0.25
1.09
0.24
0.24
0.25
1.11
3.12
0.28
0.26
0.28
0.21
0.22
0.23
0.21
0.28
0.27
0.26
3.01
0.32
0.29
0.28
2.55
0.23
0.23
0.23
0.74
0.24
0.23
0.23
1.03
CorWatt	PkgWatt
50.29	235.17
0.47	124.00
0.34
1.17
1.39
0.32
0.28
1.66
0.97
0.27
0.28
0.26
3.78
0.31
0.26
2.96
0.29
0.30
3.36
0.30
0.29
0.32
0.30
6.03
0.28
0.27
0.96
0.49
2.16
0.29
0.26
0.26
2.61
0.24	111.15
0.27
0.24
0.99
0.56
0.26
0.69
0.90
3.07
0.28
0.26
0.29
0.21
0.57
0.21
0.22
0.28
0.27
0.26
2.98
0.27
0.24
0.24
0.24
0.22
0.22
0.22
0.24
0.24
0.23
0.23
1.13
CorWatt	PkgWatt
50.03	219.76
0.99	117.41
0.54
0.37
2.42
0.41
0.52
0.34
2.97
0.27
0.41
0.26
3.57
0.31
0.28
2.80
0.34
0.29
3.13
0.29
0.30
0.30
0.30
6.02
0.28
0.25
0.26
1.58
0.25
0.80
0.26
0.26
2.74
0.22	102.37
0.22
0.22
0.22
2.78
0.28
0.29
0.27
2.91
0.25
0.25
0.25
0.21
0.23
0.21
0.20
0.27
0.27
0.26
2.85
0.28
0.24
0.24
0.24
0.22
0.23
0.22
0.75
0.21
0.21
0.20
0.21
CorWatt	PkgWatt
45.46	219.05
0.42	117.09
0.89
0.33
3.27
0.30
0.28
0.30
2.11
0.23
0.46
0.24
0.24
0.30
0.29
2.82
0.30
0.30
3.18
0.30
0.29
0.31
0.30
6.05
0.28
0.27
1.90
0.30
1.19
0.26
0.26
0.25
2.05
0.28	102.03
0.28
0.22
0.24
2.46
0.27
0.27
0.26
2.93
0.29
0.25
0.26
0.20
0.20
0.20
0.20
0.33
0.27
0.26
2.85
0.27
0.25
0.24
0.24
0.22
0.21
0.21
0.22
0.21
0.21
0.21
0.23
CorWatt	PkgWatt
40.05	201.54
0.34	106.08
0.29
0.29
1.14
0.30
0.90
0.30
1.42
0.25
0.24
1.12
0.62
0.38
0.34
3.05
0.36
0.30
3.42
0.30
0.29
0.31
0.30
5.34
0.29
0.26
0.29
1.04
0.26
0.26
0.25
0.25
2.63
0.22	95.44
0.22
0.22
0.22
0.23
0.23
0.22
0.22
3.12
0.25
0.25
0.26
0.20
0.20
0.21
0.20
0.27
0.27
0.26
2.99
0.28
0.24
0.24
0.24
0.21
0.21
0.21
0.21
0.20
0.20
0.20
0.21
CorWatt	PkgWatt
33.51	208.42
0.31	105.90
0.26
0.25
0.25
0.25
0.25
0.25
0.86
0.24
0.83
0.33
0.23
0.31
0.30
2.87
0.30
0.29
3.29
0.29
0.29
0.30
0.28
0.29
2.83
0.23
0.34
0.24
0.23
0.27
0.23
0.23
0.25
0.22	102.54
0.22
0.26
0.23
0.23
0.23
0.22
0.22
3.03
0.28
0.25
0.27
0.20
0.20
0.20
0.19
0.27
0.27
0.26
2.93
0.30
0.26
1.48
0.25
0.23
0.23
0.23
1.54
0.21
0.21
0.21
0.23
CorWatt	PkgWatt
38.03	226.74
0.76	114.36
0.32
0.26
0.26
0.28
0.29
0.29
0.96
0.27
0.26
3.30
0.26
0.27
0.30
3.05
0.26
0.30
3.41
0.29
0.29
0.26
0.25
0.25
0.27
1.08
1.11
0.28
0.27
1.44
0.41
0.24
0.24
0.26	112.43
0.26
0.26
2.87
0.22
0.23
0.22
0.22
3.08
0.25
0.25
0.25
0.20
0.20
0.20
0.20
0.27
0.27
0.26
2.99
0.28
0.24
0.24
0.24
0.22
0.22
0.22
0.24
0.22
0.22
0.22
0.74
CorWatt	PkgWatt
41.26	212.59
2.40	110.38
0.45
0.29
0.27
0.26
0.62
0.26
0.95
0.26
0.26
3.27
0.26
0.26
0.26
2.99
0.26
0.29
3.38
0.29
0.29
0.98
0.26
0.48
0.25
0.29
0.28
2.00
0.30
1.47
0.42
0.24
0.24
0.23	102.09
0.23
0.23
0.54
0.41
1.13
0.25
0.24
3.06
0.25
0.25
0.25
0.24
0.24
2.31
0.23
0.26
0.27
0.26
2.97
0.27
0.24
0.24
0.23
0.20
0.21
0.20
0.20
0.21
0.21
0.21
0.23
CorWatt	PkgWatt
52.18	240.06
1.09	123.00
0.40
0.37
0.46
0.58
0.26
0.27
1.34
0.26
0.26
2.98
0.26
0.26
0.26
2.74
0.26
0.29
3.10
0.29
0.29
0.31
0.30
6.05
0.29
0.27
0.30
0.28
2.94
0.29
0.63
0.26
2.16
0.26	116.99
0.26
0.27
2.40
4.24
0.27
0.28
0.26
2.80
0.25
0.25
0.25
0.21
0.21
0.24
0.20
0.26
0.27
0.26
2.74
0.27
0.24
0.23
0.24
0.22
0.22
0.22
0.74
0.24
0.24
0.25
2.79
CorWatt	PkgWatt
52.52	240.12
0.40	124.44
0.30
0.27
1.46
2.25
0.28
0.29
0.30
0.26
0.34
2.74
0.26
0.26
0.26
2.54
0.26
0.29
2.86
0.30
0.29
0.31
0.30
6.04
0.28
0.26
1.89
0.26
0.76
0.24
0.28
0.24
1.23
0.27	119.71
0.33
0.34
2.03
3.98
0.27
0.27
0.27
2.60
0.28
0.31
0.25
0.23
0.91
0.24
1.33
0.32
0.27
0.26
2.57
0.62
0.25
0.26
0.27
0.25
0.29
0.25
2.87
0.23
0.23
0.24
1.62
CorWatt	PkgWatt
47.07	223.93
0.63	122.25
2.05
1.11
0.30
2.12
0.27
0.31
0.29
0.26
0.26
2.99
0.26
0.26
0.28
2.79
0.26
0.29
0.30
2.98
0.29
0.31
0.30
6.03
0.27
0.27
0.27
0.27
3.68
0.26
0.26
0.27
3.70
0.27	100.13
0.23
0.26
0.25
0.24
0.24
1.05
0.23
1.97
0.24
0.27
0.24
0.21
0.22
0.23
0.21
0.29
0.27
0.26
2.76
0.27
0.24
0.23
0.23
0.22
0.22
0.22
0.27
0.21
0.21
0.21
0.23
CorWatt	PkgWatt
43.87	225.27
0.38	121.04
0.28
0.30
2.21
0.27
0.26
2.21
0.26
0.26
0.26
3.27
0.27
0.26
0.26
3.02
0.25
0.29
0.30
3.24
0.29
0.31
0.30
6.04
0.28
0.24
0.24
0.29
0.75
0.28
0.25
0.26
2.80
0.27	104.28
0.23
0.29
0.84
0.91
0.24
0.26
0.23
0.23
0.23
0.30
1.31
0.20
0.21
0.24
0.20
0.31
0.27
0.26
3.02
0.28
0.24
0.24
0.23
0.23
0.23
0.23
1.11
0.22
0.21
0.21
0.28
CorWatt	PkgWatt
44.35	236.88
0.43	120.35
0.27
0.27
0.93
0.26
0.25
0.29
0.25
0.27
0.27
0.27
3.12
0.28
0.30
3.10
0.30
0.29
0.30
3.33
0.30
0.31
0.30
6.06
0.28
0.24
0.24
0.26
0.76
0.28
0.23
0.22
0.25
0.26	117.39
0.26
0.26
3.53
0.35
0.87
0.24
0.23
0.22
0.22
0.22
1.28
2.27
0.25
0.25
1.10
0.27
0.27
0.26
3.06
0.27
0.24
0.30
0.24
0.24
0.24
0.24
1.55
0.22
0.24
0.22
0.27
CorWatt	PkgWatt
47.65	233.32
0.39	126.01
0.27
0.28
1.74
0.28
0.27
0.28
3.31
0.27
0.27
0.26
2.99
0.26
0.26
2.96
0.26
0.29
0.29
3.19
0.29
0.31
0.30
6.05
0.28
0.27
0.27
0.27
3.75
0.26
2.68
0.25
0.92
0.25	108.19
0.72
0.23
0.26
3.20
0.26
0.27
0.26
0.20
0.24
0.21
0.23
0.23
0.21
0.22
0.21
0.30
0.28
0.26
2.98
0.26
0.24
0.28
0.23
0.22
0.22
0.21
0.26
0.21
0.21
0.20
0.25
CorWatt	PkgWatt
50.69	210.40
0.35	113.54
0.28
0.28
2.16
0.93
0.27
0.28
3.06
0.26
0.26
0.26
2.97
0.26
0.26
2.95
0.25
0.29
0.29
3.15
0.29
0.31
0.29
5.97
0.27
0.27
0.27
0.27
3.15
0.25
0.29
0.26
3.52
0.27	97.37
3.96
0.26
0.26
3.17
0.26
0.27
0.26
0.19
0.19
0.19
0.19
0.19
0.19
0.19
0.19
0.26
0.26
0.25
2.93
0.26
0.23
0.25
0.23
0.20
0.20
0.20
0.20
0.20
0.20
0.20
0.21
CorWatt	PkgWatt
53.62	218.65
0.96	119.47
0.30
0.30
3.18
3.80
0.28
0.29
0.31
0.28
0.26
0.28
2.93
0.26
0.26
2.91
0.25
0.29
0.29
3.13
0.29
0.31
0.30
5.95
0.28
3.71
0.30
0.28
0.32
0.26
0.26
0.27
4.27
0.29	98.27
3.30
0.30
0.31
3.14
0.26
0.27
0.26
0.20
0.20
0.24
0.20
0.19
0.19
0.22
0.19
0.31
0.27
0.26
2.90
0.29
0.23
0.23
0.23
0.20
0.20
0.20
0.24
0.20
0.20
0.20
0.22
CorWatt	PkgWatt
48.00	224.68
0.97	120.81
0.31
0.31
1.34
2.98
0.27
0.28
0.28
0.27
0.27
0.27
3.01
0.32
0.26
3.01
0.32
0.29
0.29
3.23
0.29
0.30
0.30
5.98
0.28
0.28
0.25
0.25
1.77
0.26
0.26
0.27
4.08
0.21	103.43
0.21
0.21
0.21
3.17
0.26
0.27
0.26
0.19
0.19
0.19
0.19
0.20
0.20
0.22
0.20
0.26
0.26
0.25
2.93
0.27
0.23
0.30
0.23
0.22
0.22
0.22
0.66
0.22
0.22
0.23
2.00
CorWatt	PkgWatt
41.79	208.59
0.49	112.30
0.33
0.29
0.99
1.18
0.26
0.27
1.43
0.26
0.26
0.26
2.95
0.33
0.28
2.97
0.35
0.29
0.29
3.13
0.29
1.33
0.30
4.53
0.29
0.27
0.26
0.26
3.55
0.24
0.23
0.25
0.95
0.24	95.68
0.21
0.25
0.24
3.10
0.26
0.27
0.26
0.19
0.19
0.25
0.19
0.19
0.19
0.20
0.19
0.31
0.25
0.26
1.78
0.27
0.23
0.22
0.23
0.21
0.22
0.21
0.89
0.20
0.20
0.20
0.26
CorWatt	PkgWatt
37.22	202.89
0.32	107.02
0.30
0.30
4.05
0.33
0.25
0.25
0.27
0.27
0.27
0.26
2.82
0.29
0.33
2.83
0.33
0.29
0.29
3.02
0.29
0.29
0.30
0.25
0.29
0.24
0.24
0.24
0.89
0.25
0.26
0.30
3.52
0.22	96.77
0.66
0.24
0.24
2.93
0.26
0.27
0.26
0.19
0.23
0.24
0.20
0.20
0.20
0.21
0.21
0.24
0.22
0.21
0.22
0.35
0.23
0.23
0.23
0.25
0.25
0.25
2.54
0.20
0.20
0.20
0.32
CorWatt	PkgWatt
39.77	229.10
0.31	118.89
0.32
1.26
0.93
0.84
0.25
0.28
0.27
0.27
0.27
0.26
2.81
0.30
0.32
2.84
0.26
0.29
0.29
3.03
0.29
0.27
0.29
0.25
0.25
0.26
0.26
0.77
2.01
0.26
0.26
0.28
4.01
0.30	110.20
3.04
0.29
0.28
2.96
0.26
0.27
0.26
0.20
0.31
0.22
0.23
0.20
0.20
0.21
0.20
0.24
0.25
0.21
0.22
0.28
0.23
0.31
0.23
0.24
0.24
0.24
1.74
0.20
0.21
0.20
0.38
CorWatt	PkgWatt
42.34	232.72
0.36	116.18
1.40
0.29
0.52
3.28
0.29
0.29
0.28
0.26
0.26
0.26
2.88
0.26
0.26
2.90
0.25
0.29
0.30
3.11
0.29
0.28
0.66
0.27
0.27
0.23
0.23
0.24
0.24
0.23
0.23
0.23
0.85
0.27	116.58
3.14
0.27
0.28
3.07
0.26
0.27
0.26
0.23
0.36
0.22
0.59
0.23
0.23
1.50
0.54
0.99
0.24
0.23
0.31
0.79
0.24
0.28
0.24
0.23
0.23
0.23
1.87
0.23
0.23
1.90
0.35
CorWatt	PkgWatt
46.58	226.96
0.39	113.82
5.91
0.32
0.29
3.26
0.28
0.33
0.28
0.26
0.26
0.25
2.83
0.31
0.26
2.86
0.28
0.28
0.29
3.10
0.29
0.25
0.24
0.24
0.24
0.22
0.22
0.22
0.23
0.21
0.21
0.21
0.21
0.27	113.21
3.10
0.26
0.29
3.07
0.26
0.27
0.26
0.23
0.26
0.26
3.01
0.25
0.25
0.25
4.15
0.26
0.26
0.22
0.27
0.51
0.24
0.23
0.24
0.21
0.21
0.21
0.26
1.29
0.22
0.25
0.24
CorWatt	PkgWatt
46.21	228.39
0.32	122.38
5.89
0.31
0.29
3.25
0.27
0.31
0.28
0.26
0.26
0.25
2.86
0.25
0.25
2.88
0.25
0.28
0.29
3.08
0.29
0.27
0.26
0.25
1.24
0.26
0.26
0.26
3.54
0.26
0.26
0.26
4.02
0.29	106.12
3.10
0.30
0.26
3.05
0.26
0.27
0.26
0.20
0.23
0.25
0.20
0.20
0.20
0.20
0.22
0.21
0.25
0.21
0.21
0.23
0.23
0.24
0.26
0.20
0.20
0.20
0.20
0.22
0.20
0.20
0.20
CorWatt	PkgWatt
46.42	208.01
0.40	113.20
4.83
1.31
0.29
3.06
0.28
0.34
0.28
0.26
0.26
0.25
2.70
1.40
0.30
1.50
0.29
0.29
0.29
2.95
0.29
0.29
0.27
0.27
2.76
0.26
0.26
0.26
2.58
0.27
0.25
0.26
3.53
0.26	94.80
2.90
0.26
0.26
2.85
0.26
0.27
0.26
0.20
0.20
0.23
0.20
0.19
0.19
0.19
0.19
0.21
0.21
0.21
0.21
0.23
0.23
0.23
0.33
0.22
0.21
0.22
1.41
0.20
0.20
0.20
0.26
CorWatt	PkgWatt
48.90	213.37
0.42	113.57
0.31
2.41
0.29
2.94
0.27
0.30
0.28
0.26
0.26
0.26
2.59
5.83
0.32
0.26
0.31
0.29
0.29
2.81
0.29
0.28
0.29
0.26
1.22
0.26
0.26
0.26
2.64
0.25
0.25
0.26
3.54
0.26	101.25
2.77
0.26
0.25
2.70
0.26
0.27
0.26
0.21
0.21
0.21
0.93
0.20
0.21
0.20
0.69
0.22
0.22
0.21
0.42
0.25
0.24
1.03
0.29
0.25
0.25
0.25
4.05
0.20
0.20
0.20
0.22
CorWatt	PkgWatt
48.40	234.64
0.39	115.41
0.28
1.24
0.28
2.95
0.27
0.32
0.28
0.26
0.26
0.26
2.62
5.81
0.29
0.31
0.29
0.29
0.29
2.82
0.29
0.27
0.25
0.25
0.91
0.24
0.24
0.24
0.92
0.24
0.22
0.22
0.25
0.29	117.92
2.85
0.30
0.26
2.80
0.26
0.27
0.26
1.23
0.31
0.23
2.10
0.22
1.19
0.65
0.22
0.54
0.25
0.22
0.55
0.30
0.26
2.39
0.30
0.23
0.23
0.24
2.66
0.23
0.22
0.23
1.95
CorWatt	PkgWatt
45.00	230.65
0.39	115.10
0.26
0.26
0.26
3.22
0.27
0.32
0.28
0.26
0.26
0.25
2.83
5.83
0.30
0.29
0.25
0.28
0.29
3.08
0.29
0.27
0.27
0.26
0.90
0.23
0.23
0.24
0.88
0.22
0.22
0.21
0.23
0.29	114.93
3.08
0.26
0.25
3.03
0.26
0.26
0.26
0.36
0.22
0.22
1.58
0.22
0.62
0.25
1.53
0.26
0.88
0.23
0.42
0.29
0.25
1.46
0.25
0.23
0.23
0.23
2.21
0.22
0.22
0.22
0.98
CorWatt	PkgWatt
44.05	221.84
0.30	115.34
0.25
0.26
0.39
3.41
0.28
0.32
0.28
0.26
0.26
0.25
2.98
5.81
0.28
0.29
0.29
0.29
0.29
3.22
0.29
0.27
0.99
0.25
0.24
0.25
0.25
0.25
2.55
0.25
0.25
0.25
3.49
0.29	106.30
3.24
0.29
0.25
3.19
0.26
0.27
0.26
0.31
0.21
0.21
0.88
0.21
0.22
0.28
0.88
0.25
0.25
0.21
0.22
0.26
0.23
0.22
0.23
0.21
0.21
0.20
0.24
0.20
0.20
0.20
0.22
CorWatt	PkgWatt
43.32	214.72
0.37	114.81
0.28
0.29
1.29
3.35
0.36
0.29
0.28
0.26
0.26
0.25
2.94
5.78
0.31
0.28
0.29
0.25
0.26
1.50
0.27
0.29
0.28
0.27
2.71
0.24
0.24
0.24
1.59
0.38
0.25
0.25
3.09
0.27	100.02
3.24
0.26
0.25
3.17
0.26
0.27
0.26
0.22
0.20
0.20
0.20
0.20
0.20
0.27
0.19
0.21
0.21
0.20
0.21
0.32
0.23
0.23
0.23
0.21
0.21
0.21
1.26
0.20
0.20
0.20
0.35
CorWatt	PkgWatt
41.78	212.00
0.28	108.47
0.27
2.04
0.28
3.31
0.28
0.32
0.28
0.25
0.26
0.25
2.90
5.75
0.28
0.29
0.25
0.23
0.23
0.24
0.23
0.27
0.26
1.56
0.26
0.24
0.24
0.24
1.69
0.24
0.22
0.22
0.77
0.26	104.03
3.18
0.29
0.28
3.13
0.26
0.26
0.26
0.22
0.21
0.23
0.66
0.20
0.20
0.26
0.66
0.21
0.23
0.22
0.21
0.25
0.23
0.23
0.29
0.24
0.24
0.25
3.26
0.20
0.20
0.20
0.36
CorWatt	PkgWatt
42.79	206.12
0.34	107.70
0.31
3.75
0.31
3.19
0.28
0.29
0.28
0.26
0.26
0.25
2.84
3.17
0.30
0.27
0.24
0.23
0.23
0.23
0.26
0.26
0.25
0.25
0.26
0.26
0.26
0.27
3.68
0.26
0.25
0.25
1.90
0.29	99.41
3.07
0.30
0.28
3.01
0.26
0.26
0.26
0.20
0.19
0.24
0.21
0.19
0.19
0.29
0.19
0.21
0.21
0.22
0.21
0.28
0.24
1.85
0.27
0.24
0.24
0.25
3.10
0.20
0.19
0.19
0.21
CorWatt	PkgWatt
40.08	208.02
0.35	105.21
0.27
1.77
0.27
3.07
0.27
0.35
0.28
0.26
0.26
0.25
2.69
0.29
0.27
0.28
0.32
0.29
0.29
0.28
3.43
0.27
0.89
0.25
0.24
0.23
0.26
0.23
0.28
0.25
0.26
0.26
2.39
0.26	102.33
2.86
0.26
0.25
2.84
0.26
0.26
0.25
0.19
0.19
0.18
0.18
0.19
0.19
0.20
0.18
0.21
0.21
0.20
0.21
0.28
0.26
3.82
0.30
0.24
0.24
0.24
2.89
0.20
0.19
0.19
0.30
CorWatt	PkgWatt
36.07	205.49
0.33	101.51
0.26
0.26
1.80
3.09
0.27
0.29
0.28
0.25
0.26
0.24
2.75
0.20
0.20
0.21
0.21
0.25
0.25
0.26
1.98
0.24
0.23
0.23
0.22
0.21
0.21
0.21
0.21
0.98
0.23
0.23
0.61
0.29	102.74
3.04
0.32
0.31
3.00
0.26
0.26
0.25
0.20
0.23
0.20
0.75
0.19
0.19
0.19
0.26
0.27
0.27
0.23
0.27
0.25
0.24
2.02
0.28
0.24
0.24
0.25
3.09
0.20
0.20
0.20
0.25
CorWatt	PkgWatt
35.16	217.76
0.29	106.86
0.24
0.25
0.24
3.32
0.28
0.32
0.28
0.25
0.26
0.24
2.87
0.27
0.25
0.23
0.22
0.23
0.25
0.25
0.25
0.27
0.91
0.25
0.24
0.23
0.24
0.23
1.58
0.21
0.20
0.20
0.20
0.26	111.34
3.19
0.26
0.25
3.13
0.26
0.26
0.26
0.22
0.22
0.22
1.92
0.21
0.21
1.93
0.21
0.21
0.21
0.20
0.21
0.22
0.22
0.22
0.26
0.24
0.24
0.25
3.26
0.20
0.20
0.20
0.29
CorWatt	PkgWatt
37.21	204.46
0.31	103.46
0.27
1.56
0.26
3.23
0.27
0.30
0.28
0.25
0.25
0.24
2.84
0.25
0.22
0.22
0.21
0.25
1.82
0.25
0.24
0.25
0.23
0.23
0.23
0.27
0.27
0.27
2.58
0.24
0.24
0.23
1.94
0.27	101.46
3.07
0.31
0.25
3.04
0.26
0.27
0.25
0.25
0.21
0.20
0.79
0.19
0.22
0.22
0.19
0.22
0.26
0.23
0.28
0.23
0.22
0.23
0.26
0.24
0.24
0.25
3.15
0.19
0.19
0.19
0.29
CorWatt	PkgWatt
38.52	232.23
0.38	114.35
0.30
2.09
1.52
3.15
0.28
0.31
0.28
1.07
0.26
0.23
1.03
0.26
0.21
0.25
0.21
0.24
0.27
0.24
0.26
0.25
0.23
0.23
0.23
0.27
0.27
0.27
2.39
0.21
0.21
0.21
0.21
0.28	117.42
3.03
0.29
0.25
2.93
0.26
0.26
0.26
0.22
0.20
0.20
0.42
0.21
0.22
0.21
1.53
0.27
0.23
0.24
0.22
0.24
0.24
1.32
0.28
0.24
0.25
0.25
3.03
0.24
0.23
0.23
2.48
CorWatt	PkgWatt
38.32	201.28
0.34	100.64
0.29
0.29
2.25
2.64
0.27
0.32
0.28
2.39
0.26
0.24
0.25
0.26
0.25
0.25
0.24
0.23
0.23
0.23
0.25
0.25
0.24
0.25
0.23
0.27
0.27
0.27
3.86
1.78
0.23
0.23
0.23
0.26	100.61
2.54
0.28
0.25
2.49
0.26
0.26
0.25
0.24
1.93
0.24
0.25
0.20
0.22
0.19
0.19
0.22
0.22
0.22
0.21
0.30
0.26
2.45
0.28
0.24
0.25
0.25
2.54
0.20
0.19
0.19
0.21
CorWatt	PkgWatt
40.12	202.79
1.95	103.21
0.32
0.28
0.59
1.14
0.79
0.26
0.25
2.54
0.25
0.24
0.25
0.25
0.24
0.24
0.20
0.23
0.22
0.22
0.22
0.25
0.23
0.23
0.22
0.27
0.27
0.27
4.26
3.71
0.26
0.25
0.25
0.26	101.25
2.67
0.30
0.28
2.63
0.25
0.26
0.25
0.27
2.35
0.24
0.25
0.19
0.22
0.19
0.19
0.23
0.21
0.23
0.25
0.27
0.25
2.58
0.27
0.24
0.24
0.25
2.71
0.21
0.20
0.20
0.21
CorWatt	PkgWatt
37.17	205.70
3.10	102.87
0.35
0.29
0.28
0.28
0.30
0.24
0.23
2.71
0.26
0.24
0.25
0.22
0.27
0.26
0.20
0.27
0.22
0.22
0.23
0.29
0.23
0.25
0.23
0.27
0.27
0.27
4.15
1.96
0.23
0.23
0.23
0.25	101.64
2.91
0.29
0.27
2.86
0.25
0.26
0.25
0.21
0.37
0.18
0.18
0.18
0.18
0.18
0.18
0.24
0.21
0.20
0.24
0.26
0.26
2.85
0.26
0.23
0.24
0.24
2.97
0.19
0.19
0.19
0.18
CorWatt	PkgWatt
33.60	197.58
3.17	97.42
0.33
0.29
0.28
0.26
0.24
0.24
0.23
2.88
0.26
0.24
0.25
0.20
0.23
0.22
0.22
0.25
0.22
0.22
0.22
0.24
0.23
0.23
0.22
0.27
0.27
0.27
2.19
0.21
0.21
0.21
0.21
0.28	100.15
3.03
0.28
0.28
2.96
0.26
0.26
0.25
0.21
0.20
0.18
0.19
0.19
0.19
0.18
0.19
0.21
0.23
0.23
0.22
0.27
0.26
2.93
0.27
0.24
0.24
0.24
3.10
0.20
0.20
0.19
0.20
CorWatt	PkgWatt
33.52	200.84
3.24	99.35
0.32
0.29
0.29
0.26
0.23
0.23
0.23
2.92
0.25
0.24
0.25
0.20
0.26
0.27
0.25
0.27
0.23
0.22
0.22
0.25
0.23
0.24
0.23
0.26
0.26
0.26
2.20
0.21
0.21
0.20
0.21
0.26	101.83
3.03
0.25
0.27
2.94
0.25
0.26
0.25
0.21
0.19
0.18
0.18
0.18
0.18
0.18
0.18
0.21
0.23
0.22
0.23
0.27
0.25
2.93
0.26
0.24
0.24
0.24
3.07
0.19
0.19
0.18
0.18
CorWatt	PkgWatt
35.72	195.21
3.03	98.54
0.29
0.29
0.29
0.26
2.52
0.26
0.25
2.74
0.25
0.24
0.25
0.20
0.20
0.20
0.19
0.22
0.22
0.22
0.22
0.24
0.23
0.23
0.22
0.26
0.26
0.26
2.20
1.38
0.23
0.23
0.23
0.28	97.38
2.89
0.27
0.25
2.80
0.25
0.26
0.25
0.18
0.18
0.18
0.18
0.18
0.18
0.18
0.18
0.23
0.23
0.23
0.21
0.26
0.25
2.77
0.27
0.24
0.24
0.24
2.89
0.19
0.19
0.19
0.19
CorWatt	PkgWatt
41.17	200.02
2.86	102.55
0.29
0.28
0.28
0.27
4.23
0.28
0.27
2.56
0.25
0.24
0.24
0.19
0.19
0.19
0.19
0.22
0.22
0.22
0.22
0.26
0.26
1.60
0.25
0.26
0.26
0.26
2.38
2.57
0.25
0.25
0.25
0.29	98.71
2.73
0.27
0.25
0.64
0.24
0.23
0.22
0.25
3.91
0.23
0.23
0.19
0.22
0.19
0.19
0.24
0.24
0.21
0.24
0.27
0.25
2.63
0.27
0.24
0.24
0.24
2.74
0.19
0.19
0.19
0.19
CorWatt	PkgWatt
41.15	207.59
2.58	103.21
0.34
0.29
0.29
0.28
1.67
0.25
0.25
2.36
0.25
0.24
0.24
0.24
0.23
0.24
0.23
0.22
0.22
0.22
0.22
0.31
0.28
2.07
0.27
0.26
0.26
0.26
3.51
2.39
0.26
0.25
0.25
0.30	102.15
2.46
0.30
0.25
0.21
0.21
0.22
0.21
0.27
2.24
0.24
0.92
2.89
0.25
0.23
0.22
0.25
0.25
0.24
0.24
0.28
0.26
2.41
0.28
0.24
0.24
0.24
2.46
0.20
0.21
0.20
0.21
CorWatt	PkgWatt
35.21	201.25
2.75	101.41
0.33
0.29
0.28
0.26
0.23
0.23
0.23
2.49
0.25
0.24
0.24
0.23
0.23
0.23
0.22
0.25
0.22
0.22
0.22
0.26
0.25
0.70
0.24
0.26
0.26
0.26
3.68
2.47
0.25
0.25
0.25
0.32	99.47
2.66
0.34
0.25
0.20
0.20
0.21
0.20
0.28
2.12
0.23
0.23
0.19
0.19
0.18
0.18
0.26
0.26
0.23
0.21
0.26
0.25
2.59
0.25
0.23
0.24
0.24
2.63
0.19
0.19
0.19
0.19
CorWatt	PkgWatt
30.90	197.58
3.13	97.27
0.35
0.28
0.28
0.28
0.23
0.23
0.24
2.82
0.24
0.24
0.24
0.25
0.26
0.23
0.23
0.26
0.22
0.22
0.22
0.23
0.22
0.22
0.22
0.22
0.22
0.21
0.26
2.81
0.25
0.24
0.24
0.28	99.78
2.96
0.28
0.24
0.20
0.20
0.21
0.21
0.19
0.18
0.18
0.20
0.18
0.19
0.19
0.18
0.22
0.23
0.22
0.20
0.26
0.25
2.89
0.27
0.23
0.24
0.24
2.99
0.18
0.18
0.18
0.19
CorWatt	PkgWatt
30.84	194.56
2.86	98.42
0.34
0.28
0.28
0.25
1.79
0.26
0.26
2.58
0.24
0.24
0.24
0.24
0.23
0.23
0.22
0.24
0.22
0.22
0.21
0.24
0.23
0.23
0.22
0.20
0.20
0.20
0.21
2.58
0.25
0.25
0.25
0.31	96.88
2.70
0.31
0.24
0.20
0.20
0.20
0.20
0.24
0.19
0.18
0.18
0.19
0.18
0.18
0.18
0.27
0.26
0.23
0.20
0.27
0.27
2.65
0.27
0.23
0.24
0.23
2.75
0.18
0.18
0.18
0.18
CorWatt	PkgWatt
33.02	199.54
2.64	98.03
0.33
0.28
0.28
0.27
2.70
0.27
0.26
0.20
0.19
0.19
0.19
0.19
0.19
0.19
0.19
0.22
0.21
0.22
0.21
0.23
0.22
0.22
0.22
0.20
0.20
0.20
0.21
2.39
0.24
0.25
0.24
0.30	102.29
2.65
0.28
0.28
1.62
0.24
0.24
0.23
0.19
0.19
0.19
0.20
2.23
0.24
0.22
0.22
0.24
0.23
0.23
0.21
0.27
1.21
2.51
0.26
0.24
0.24
0.24
2.60
0.19
0.19
0.19
0.20
CorWatt	PkgWatt
37.94	199.13
2.72	100.39
0.34
0.28
0.28
0.34
2.75
0.27
0.28
0.21
0.20
0.20
0.21
2.35
0.22
0.22
0.22
1.65
0.25
0.25
0.25
0.26
0.25
0.91
1.40
0.22
0.22
0.21
0.22
2.49
0.25
0.24
0.24
0.27	97.55
0.29
0.26
0.24
2.70
0.26
0.26
0.25
0.20
0.43
0.20
0.22
2.54
0.24
0.23
0.23
0.22
0.24
0.24
0.24
0.27
0.26
2.67
0.27
0.24
0.24
0.24
2.71
0.19
0.19
0.19
0.19
CorWatt	PkgWatt
41.62	203.48
0.27	100.41
0.24
0.23
0.23
0.26
2.87
0.26
0.26
0.20
0.20
0.19
0.21
4.16
0.26
0.27
0.24
2.32
0.27
0.27
0.27
0.26
0.26
0.25
0.22
0.20
0.20
0.20
0.21
2.63
0.24
0.24
0.24
1.28	104.59
0.22
0.25
0.25
2.76
0.25
0.26
0.25
0.23
4.22
0.24
0.79
2.60
0.24
0.23
0.23
0.24
0.24
0.24
0.24
0.26
0.26
2.74
0.27
0.24
0.24
0.24
2.86
0.20
0.19
0.19
0.22
CorWatt	PkgWatt
38.85	205.83
0.25	99.78
0.28
0.23
0.23
0.32
2.86
0.27
0.26
0.20
0.19
0.19
0.20
1.04
0.26
0.26
0.21
2.88
0.27
0.27
0.27
0.30
0.26
0.28
0.24
0.21
0.21
0.21
0.22
2.59
0.25
0.24
0.24
2.22	106.12
0.28
0.27
0.28
2.67
0.25
0.26
0.25
0.22
3.74
0.23
0.23
2.52
0.24
0.22
0.22
0.23
0.24
0.23
0.21
0.27
0.25
2.66
0.26
0.23
0.23
0.24
2.78
0.19
0.19
0.19
0.19
CorWatt	PkgWatt
35.34	199.48
0.24	98.34
0.22
0.23
0.22
0.26
3.12
0.27
0.26
0.19
0.19
0.19
0.19
0.19
0.19
0.19
0.19
4.17
0.27
0.27
0.27
0.23
0.23
0.22
0.22
0.20
0.20
0.20
0.21
2.82
0.24
0.24
0.24
0.58	100.32
0.25
0.30
0.28
2.94
0.25
0.26
0.25
0.19
0.19
0.19
0.21
2.78
0.25
0.23
0.23
0.24
0.25
0.27
0.21
0.26
0.26
2.94
0.27
0.24
0.24
0.24
3.10
0.19
0.19
0.19
0.21
CorWatt	PkgWatt
35.34	202.26
0.25	100.59
0.29
0.23
0.23
0.30
3.19
0.27
0.26
0.20
0.19
0.19
0.20
0.25
0.20
0.24
0.19
4.19
0.28
0.27
0.27
0.27
0.28
0.28
0.24
0.20
0.20
0.20
0.20
2.87
0.24
0.24
0.24
0.23	101.72
0.20
0.20
0.24
2.98
0.25
0.26
0.25
0.19
0.20
0.19
0.19
2.82
0.24
0.22
0.22
0.23
0.23
0.23
0.21
0.26
0.26
3.00
0.26
0.23
0.23
0.24
3.15
0.19
0.19
0.19
0.19
CorWatt	PkgWatt
34.49	197.34
0.24	98.84
0.22
0.22
0.22
0.26
2.90
0.26
0.26
0.19
0.19
0.19
0.19
2.21
0.22
0.22
0.22
2.98
0.27
0.27
0.27
0.23
0.22
0.22
0.22
0.20
0.20
0.20
0.20
2.59
0.24
0.24
0.24
0.27	99.31
0.21
0.29
0.27
2.74
0.25
0.26
0.25
0.19
0.43
0.19
0.20
2.55
0.24
0.22
0.22
0.21
0.25
0.23
0.21
0.26
0.26
2.73
0.27
0.23
0.24
0.24
2.86
0.19
0.19
0.19
0.20
CorWatt	PkgWatt
34.36	194.17
0.24	96.16
0.23
0.22
0.22
0.29
2.55
0.26
0.26
0.19
0.19
0.19
0.19
2.50
0.27
0.27
0.28
2.15
0.27
0.27
0.26
0.27
0.26
0.26
0.23
0.20
0.20
0.20
0.20
2.36
0.24
0.24
0.24
0.20	98.11
0.19
0.20
0.19
2.42
0.25
0.26
0.25
0.23
2.57
0.23
0.23
2.32
0.24
0.22
0.22
0.20
0.20
0.20
0.20
0.27
0.26
2.45
0.26
0.23
0.23
0.24
2.49
0.19
0.19
0.19
0.19
CorWatt	PkgWatt
38.12	192.67
0.27	93.70
0.23
0.23
0.23
0.26
2.43
0.26
0.26
0.19
0.19
0.19
0.19
2.39
0.24
0.23
0.24
2.15
0.27
0.27
0.26
0.23
0.22
0.22
0.22
0.20
0.20
0.20
0.20
2.27
0.24
0.24
0.24
3.20	100.63
0.24
0.24
0.24
2.33
0.25
0.25
0.25
0.21
1.17
0.21
0.87
2.25
0.24
0.23
0.23
1.25
0.23
0.22
0.22
0.26
0.26
2.34
0.27
0.23
0.24
0.24
2.39
1.50
0.22
0.21
0.22
CorWatt	PkgWatt
39.76	198.95
0.24	96.70
0.22
0.22
0.22
0.25
2.30
0.26
0.26
0.19
0.19
0.19
0.19
2.26
0.23
0.23
0.23
2.15
0.27
0.27
0.26
0.27
0.26
0.26
1.95
0.20
0.20
0.20
0.20
2.13
0.24
0.24
0.24
3.77	100.78
0.26
0.25
0.25
2.21
0.25
0.25
0.24
0.19
0.19
0.18
0.19
2.15
0.24
0.22
0.22
1.88
0.25
0.25
0.24
0.26
0.25
2.21
0.26
0.23
0.23
0.23
2.25
2.28
0.24
0.23
0.23
CorWatt	PkgWatt
36.92	204.83
0.25	101.69
0.23
0.22
0.22
0.34
2.39
0.26
0.26
0.19
0.19
0.19
0.19
2.41
0.25
0.26
0.24
2.92
0.27
0.27
0.26
0.28
0.29
0.26
2.02
0.20
0.20
0.20
0.20
2.24
0.24
0.24
0.24
0.55	101.58
0.34
0.31
0.35
2.32
0.25
0.26
0.25
0.25
0.19
0.19
0.21
2.21
0.24
0.23
0.23
0.26
0.29
0.26
0.21
0.27
0.26
2.35
0.28
0.24
0.24
0.23
1.91
2.36
0.24
0.23
0.25
CorWatt	PkgWatt
35.21	197.95
0.24	99.73
0.25
0.22
0.22
0.27
2.85
0.26
0.26
0.19
0.19
0.19
0.19
2.82
0.25
0.23
0.23
3.57
0.27
0.27
0.26
0.23
0.24
0.21
0.22
0.19
0.19
0.20
0.20
2.60
0.24
0.24
0.24
0.24	98.89
0.25
0.24
0.23
2.72
0.25
0.26
0.25
0.19
0.19
0.19
0.20
2.57
0.24
0.23
0.22
0.21
0.21
0.24
0.22
0.26
0.25
2.72
0.26
0.19
0.20
0.19
0.20
2.77
0.24
0.23
0.23
CorWatt	PkgWatt
34.13	203.64
0.24	100.07
0.25
0.22
0.22
0.31
2.82
0.26
0.26
0.19
0.19
0.19
0.19
2.79
0.28
0.28
0.24
1.85
0.26
0.25
0.24
0.24
0.28
0.28
0.23
0.20
0.20
0.21
0.23
2.58
0.24
0.24
0.24
0.25	100.81
0.29
0.29
0.27
2.68
0.25
0.26
0.24
0.19
0.19
0.19
0.19
2.51
0.24
0.23
0.22
0.21
0.27
0.27
0.21
0.27
0.26
2.68
0.27
0.19
0.20
0.19
0.20
2.74
0.24
0.23
0.24
CorWatt	PkgWatt
32.16	196.80
0.24	97.78
0.24
0.22
0.22
0.30
2.58
0.26
0.26
0.19
0.19
0.18
0.19
2.55
0.29
0.26
0.27
0.21
0.21
0.20
0.20
0.24
0.30
0.29
0.24
0.20
0.20
0.20
0.21
2.40
0.24
0.24
0.23
2.11	101.77
0.28
0.29
0.27
2.45
0.24
0.25
0.24
0.20
0.19
0.19
0.20
2.37
0.24
0.22
0.22
0.20
0.24
0.23
0.24
0.28
0.25
2.49
0.27
0.19
0.21
0.19
0.20
2.54
0.23
0.23
0.23
CorWatt	PkgWatt
35.80	190.71
0.23	91.80
0.21
0.21
0.21
0.26
2.62
0.26
0.26
0.19
0.19
0.18
0.19
2.59
0.23
0.23
0.23
0.20
0.20
0.20
0.20
0.22
0.21
0.21
0.23
0.19
0.19
0.19
0.19
2.43
0.24
0.24
0.23
2.48	99.96
0.24
0.25
0.24
2.52
0.25
0.25
0.24
0.18
0.18
0.18
0.18
2.41
0.24
0.22
0.22
3.71
0.24
0.24
0.24
0.26
0.25
2.48
0.26
0.19
0.20
0.19
0.20
2.59
0.23
0.23
0.24
CorWatt	PkgWatt
41.73	202.70
0.24	99.23
0.22
0.22
0.22
0.26
2.65
0.26
0.26
0.21
0.21
0.21
1.49
2.55
0.23
0.23
0.23
0.22
0.22
0.22
0.21
0.27
0.26
0.27
4.12
0.21
0.20
0.20
0.22
2.36
0.24
0.24
0.24
2.25	102.52
0.30
0.32
0.47
2.49
0.25
0.25
0.24
0.24
0.24
0.18
0.19
2.39
0.23
0.22
0.22
3.61
0.31
0.25
0.27
0.26
0.25
2.51
0.27
0.19
0.20
0.19
0.20
2.53
0.23
0.22
0.23
CorWatt	PkgWatt
38.50	202.48
0.24	102.17
0.24
0.21
0.22
0.28
2.68
0.26
0.25
0.24
0.24
0.23
2.47
2.68
0.26
0.23
0.26
0.21
0.21
0.20
0.20
0.27
0.28
0.28
3.81
0.19
0.19
0.19
0.19
2.46
0.24
0.23
0.23
0.25	100.09
0.29
0.31
2.52
1.61
0.25
0.26
0.23
0.22
0.22
0.19
0.21
2.47
0.23
0.22
0.22
0.22
0.27
0.21
0.25
0.26
0.25
2.52
0.27
0.19
0.19
0.19
0.19
2.67
0.23
0.23
0.24
CorWatt	PkgWatt
33.67	198.10
0.24	97.74
0.22
0.21
0.21
0.26
2.83
0.26
0.25
0.24
0.24
0.23
2.28
2.80
0.23
0.23
0.23
0.21
0.20
0.20
0.20
0.23
0.22
0.21
0.21
0.20
0.19
0.20
0.21
2.54
0.24
0.24
0.23
0.31	97.62
0.30
0.32
2.59
0.21
0.21
0.23
0.21
0.24
0.25
0.19
0.21
2.58
0.23
0.22
0.22
0.22
0.21
0.27
0.27
0.25
0.24
1.88
0.27
0.20
0.45
0.20
0.22
2.77
0.23
0.23
0.23
CorWatt	PkgWatt
33.82	195.23
0.23	99.56
0.24
0.21
0.21
0.28
2.68
0.29
0.25
0.23
0.24
0.23
3.71
2.71
0.25
0.23
0.25
0.20
0.20
0.20
0.20
0.23
0.26
0.21
0.22
0.19
0.19
0.19
0.19
2.45
0.24
0.23
0.23
0.29	98.39
0.28
0.26
2.47
0.21
0.21
0.22
0.20
0.23
0.23
0.18
0.18
2.50
0.23
0.22
0.22
0.26
0.21
0.24
0.21
0.23
0.21
0.21
0.22
0.23
2.22
0.24
0.25
2.65
0.23
0.23
0.24
CorWatt	PkgWatt
35.06	199.76
0.23	100.13
0.22
0.21
0.21
0.26
2.48
0.26
0.25
0.24
0.24
0.23
4.09
2.48
0.23
0.23
0.23
0.20
0.20
0.20
0.20
0.23
0.22
0.21
0.30
0.19
0.19
0.19
0.19
2.25
0.24
0.23
0.23
0.31	100.05
0.31
0.34
2.39
0.21
0.21
0.23
0.20
0.19
0.27
0.19
0.19
2.31
0.23
0.22
0.22
2.34
0.30
0.24
0.24
0.22
0.21
0.21
0.22
0.23
1.73
0.23
0.23
2.45
0.23
0.23
0.23
CorWatt	PkgWatt
36.64	196.12
0.25	100.00
0.22
0.21
0.22
0.33
2.62
0.26
0.25
0.24
0.24
0.23
3.94
2.57
0.23
0.23
0.23
0.20
0.20
0.20
0.20
0.27
0.26
0.25
2.61
0.19
0.19
0.19
0.20
2.41
0.24
0.24
0.23
0.28	96.08
0.28
0.30
2.42
0.20
0.20
0.21
0.20
0.24
0.23
0.19
0.19
2.41
0.23
0.23
0.23
2.42
0.25
0.27
0.24
0.23
0.23
0.22
0.24
0.20
0.20
0.20
0.21
2.59
0.23
0.23
0.25
CorWatt	PkgWatt
34.14	195.17
0.23	97.66
0.21
0.21
0.21
0.25
2.57
0.26
0.25
0.23
0.24
0.22
2.09
2.53
0.22
0.22
0.22
0.20
0.20
0.20
0.20
0.26
0.25
0.25
2.58
0.19
0.19
0.19
0.19
2.33
0.23
0.23
0.23
0.31	97.55
0.30
0.33
2.38
0.20
0.20
0.21
0.20
0.25
0.27
0.18
0.18
2.39
0.23
0.22
0.22
2.38
0.24
0.29
0.24
0.21
0.21
0.20
0.21
0.19
0.19
0.19
0.19
2.51
0.23
0.22
0.22
CorWatt	PkgWatt
34.28	193.71
0.23	97.88
0.21
0.21
0.21
0.25
2.60
0.26
0.25
0.23
0.24
0.22
2.09
2.54
0.23
0.22
0.23
0.20
0.20
0.20
0.20
0.27
0.26
0.25
2.59
0.19
0.19
0.19
0.19
2.38
0.24
0.23
0.23
0.27	95.76
0.28
0.29
2.42
0.20
0.20
0.21
0.20
0.18
0.22
0.19
0.18
2.43
0.23
0.22
0.22
2.41
0.24
0.27
0.24
0.22
0.21
0.21
0.21
0.19
0.19
0.19
0.19
2.61
0.23
0.23
0.24
CorWatt	PkgWatt
34.80	193.16
0.27	97.39
0.23
0.22
0.24
0.26
2.65
0.26
0.25
0.24
0.24
0.23
2.09
1.69
0.27
1.07
0.26
0.21
0.21
0.21
0.23
0.30
0.26
0.28
2.66
0.19
0.19
0.19
0.19
1.50
0.23
0.23
0.22
0.24	96.93
0.24
0.24
2.42
0.22
0.22
0.82
0.21
0.18
0.18
0.18
0.18
2.40
0.23
0.22
0.22
2.41
0.24
0.23
0.24
0.22
0.21
0.21
0.21
0.20
0.94
0.20
0.20
2.57
0.23
0.23
0.23
CorWatt	PkgWatt
37.90	196.65
0.27	95.81
0.22
0.22
0.24
0.29
2.56
0.29
0.25
0.23
0.24
0.23
2.29
0.26
0.23
2.27
0.26
0.21
0.21
0.21
0.23
0.29
0.31
0.26
2.57
0.19
0.19
0.19
0.20
0.19
0.19
0.19
0.19
0.24	101.56
0.24
0.24
2.35
0.24
0.25
2.04
0.24
0.19
0.19
0.76
0.19
2.31
0.23
0.22
0.22
2.34
0.24
0.24
0.24
0.21
0.21
0.21
0.23
0.23
3.90
0.23
0.24
2.50
0.23
0.22
0.23
CorWatt	PkgWatt
38.53	202.61
0.23	97.86
0.21
0.21
0.21
0.25
2.48
0.26
0.25
0.23
0.24
0.22
3.37
0.23
0.23
2.17
0.23
0.20
0.20
0.20
0.20
0.27
0.26
0.25
2.51
0.19
0.19
0.19
0.19
0.19
0.19
0.19
0.18
0.28	103.23
0.30
0.31
2.35
0.23
0.24
1.27
0.23
0.26
0.33
2.13
0.23
2.28
0.23
0.22
0.22
2.34
0.24
0.30
0.24
0.20
0.20
0.20
0.21
0.22
2.87
0.22
0.23
2.44
0.23
0.22
0.23
CorWatt	PkgWatt
35.41	197.84
0.28	97.26
0.22
0.22
0.23
0.29
2.65
0.29
0.26
0.24
0.24
0.23
3.45
0.27
0.27
2.33
0.23
0.20
0.20
0.20
0.21
0.31
0.30
0.29
2.68
0.20
0.20
0.22
0.20
0.19
0.19
0.19
0.19
0.25	97.28
0.25
0.26
2.46
0.20
0.21
0.20
0.20
0.21
0.23
1.47
0.21
2.43
0.23
0.22
0.22
2.44
0.24
0.24
0.24
0.21
0.21
0.21
0.22
0.19
0.19
0.19
0.19
2.63
0.23
0.22
0.24
CorWatt	PkgWatt
30.76	192.64
0.25	94.13
0.24
0.21
0.21
0.25
2.81
0.27
0.27
0.19
0.19
0.18
0.19
0.25
0.23
2.43
0.23
0.21
0.21
0.21
0.22
0.28
0.28
0.25
2.78
0.20
0.20
0.21
0.20
0.19
0.19
0.19
0.19
0.26	100.51
0.27
0.31
2.58
0.21
0.21
0.21
0.20
0.24
0.23
0.18
0.18
2.52
0.23
0.22
0.22
2.57
0.24
0.29
0.24
0.21
0.21
0.21
0.22
0.19
0.20
0.19
0.19
2.72
0.23
0.22
0.23
CorWatt	PkgWatt
31.27	198.28
0.32	97.14
0.29
0.22
0.22
0.24
1.45
0.25
0.31
0.19
0.19
0.19
0.28
0.30
0.32
2.60
0.23
0.22
0.22
0.22
0.25
0.35
0.26
0.26
2.89
0.20
0.20
0.21
0.22
0.19
0.19
0.19
0.21
0.24	101.62
0.26
0.26
2.67
0.20
0.21
0.20
0.20
0.20
0.19
0.18
0.18
2.65
0.23
0.22
0.22
2.66
0.24
0.24
0.24
0.21
0.21
0.21
0.24
0.20
0.78
0.20
0.20
2.85
0.23
0.23
0.24
CorWatt	PkgWatt
31.06	193.96
0.25	93.61
0.24
0.21
0.21
0.21
0.21
0.23
0.21
0.19
0.19
0.19
0.23
0.26
0.26
2.62
0.23
0.21
0.21
0.21
0.22
0.27
0.25
0.25
3.02
0.19
0.19
0.19
0.19
0.19
0.18
0.18
0.18
0.26	100.38
0.24
0.27
2.70
0.22
0.24
1.47
0.22
0.20
0.21
0.18
0.18
0.56
0.21
0.19
0.19
2.76
0.24
0.26
0.24
0.21
0.21
0.21
0.24
0.23
2.82
0.23
0.23
2.94
0.23
0.23
0.23
CorWatt	PkgWatt
37.67	197.22
0.28	95.46
2.87
0.27
0.26
0.29
0.21
0.22
0.21
0.20
0.20
0.20
0.20
0.23
0.22
2.66
0.22
0.21
0.21
0.21
0.22
0.27
0.26
0.25
3.05
0.23
0.22
0.91
0.23
0.19
0.19
0.19
0.19
0.26	103.24
0.26
0.27
2.69
0.24
0.26
3.66
0.24
0.20
0.20
1.49
0.21
0.18
0.19
0.18
0.17
2.69
0.27
0.26
0.24
0.20
0.21
0.20
0.23
0.23
2.78
0.23
0.23
2.92
0.22
0.22
0.24
CorWatt	PkgWatt
39.11	202.74
0.32	98.05
2.34
0.28
0.27
0.22
0.22
0.25
0.25
0.22
0.20
0.19
0.21
0.23
0.27
2.43
0.23
0.21
0.22
0.22
0.21
0.30
0.26
0.29
2.77
0.25
0.26
2.41
0.25
0.19
0.19
0.19
0.19
0.27	103.94
0.27
0.29
2.50
0.23
0.24
2.17
0.23
0.23
0.23
4.17
0.23
0.18
0.18
0.17
0.17
2.50
0.27
0.26
0.24
0.20
0.21
0.20
0.22
0.23
2.57
0.23
0.24
2.67
0.23
0.23
0.23
CorWatt	PkgWatt
36.23	203.44
0.30	97.67
2.96
0.27
0.26
0.21
0.21
0.23
0.21
0.20
0.19
0.19
0.19
0.23
0.24
2.58
0.22
0.20
0.20
0.20
0.20
0.28
0.26
0.25
2.91
0.23
0.23
1.55
0.23
0.19
0.19
0.19
0.19
0.30	100.72
0.31
0.33
2.63
0.20
0.20
0.21
0.21
0.24
0.21
2.63
0.21
0.18
0.19
0.20
0.18
2.57
0.29
0.25
0.24
0.20
0.21
0.20
0.23
0.23
2.70
0.23
0.23
2.75
0.22
0.22
0.24
CorWatt	PkgWatt
34.06	197.02
0.31	98.28
4.21
0.28
0.26
0.21
0.21
0.22
0.24
0.22
0.19
0.19
0.19
0.26
0.26
2.82
0.23
0.20
0.20
0.20
0.20
0.30
0.26
0.26
3.22
0.19
0.19
0.19
0.19
0.19
0.19
0.19
0.19
0.25	98.83
0.26
0.28
2.83
0.20
0.20
0.20
0.22
0.17
0.17
0.17
0.17
0.17
0.18
0.17
0.17
2.84
0.25
0.23
0.23
0.19
0.19
0.19
0.20
0.22
2.89
0.22
0.23
3.03
0.22
0.22
0.23
CorWatt	PkgWatt
34.34	197.35
0.31	97.76
4.20
0.27
0.26
0.21
0.21
0.21
0.23
0.20
0.19
0.19
0.19
0.24
0.23
2.66
0.23
0.21
0.21
0.21
0.20
0.29
0.25
0.25
3.05
0.19
0.19
0.20
0.19
0.19
0.19
0.19
0.19
0.26	99.50
0.26
0.31
2.66
0.21
0.22
1.08
0.25
0.23
0.18
0.19
0.18
0.18
0.18
0.18
0.17
2.76
0.27
0.30
0.23
0.20
0.20
0.20
0.21
0.23
2.76
0.23
0.23
2.91
0.22
0.22
0.24
CorWatt	PkgWatt
34.24	193.55
0.32	94.51
3.08
0.28
0.27
0.22
0.22
0.24
0.24
0.22
0.24
0.21
1.18
0.21
0.25
1.08
0.24
0.22
0.22
0.24
0.21
0.29
0.26
0.26
2.94
0.20
0.20
0.20
0.22
0.19
0.19
0.19
0.19
0.23	99.05
0.24
0.25
2.57
0.24
0.25
2.58
0.25
0.19
0.19
0.75
0.19
0.18
0.18
0.17
0.17
2.56
0.24
0.23
0.23
0.21
0.21
0.20
0.22
0.23
2.67
0.23
0.24
2.76
0.23
0.23
0.23
CorWatt	PkgWatt
34.68	197.93
0.29	96.21
2.17
0.27
0.26
0.22
0.21
0.24
0.24
0.26
0.24
0.23
2.21
0.21
0.22
0.18
0.22
0.21
0.21
0.22
0.21
0.30
0.25
0.28
2.66
0.21
0.21
1.13
0.22
0.19
0.19
0.19
0.19
0.27	101.68
0.27
0.30
2.41
0.24
0.25
2.40
0.28
0.23
0.23
2.57
0.23
0.22
0.24
1.61
0.21
2.42
0.26
0.23
0.24
0.22
0.21
0.21
0.26
0.23
2.47
0.23
0.23
0.36
0.20
0.20
0.20
CorWatt	PkgWatt
37.78	200.99
0.31	98.39
2.16
0.27
0.26
0.22
0.21
0.24
0.24
0.24
0.22
0.21
1.27
0.18
0.19
0.18
0.21
0.20
0.20
0.20
0.20
0.30
0.25
0.28
2.80
0.24
0.25
4.12
0.25
0.19
0.19
0.19
0.19
0.27	102.64
0.27
0.30
2.50
0.24
0.25
2.53
0.27
0.26
0.26
2.70
0.23
0.23
0.24
2.21
0.22
2.51
0.27
0.23
0.24
0.21
0.21
0.21
0.23
0.23
2.58
0.23
0.23
0.20
0.19
0.19
0.19
CorWatt	PkgWatt
36.13	202.93
0.34	98.54
2.16
0.27
0.26
0.22
0.24
0.27
0.27
0.24
0.19
0.19
0.19
0.19
0.19
0.18
0.23
0.21
0.21
0.22
0.22
0.30
0.25
0.29
3.13
0.24
0.24
3.16
0.24
0.19
0.19
0.19
0.19
0.25	104.37
0.26
0.29
2.81
0.24
0.25
2.80
0.27
0.25
0.26
3.10
0.23
0.19
0.20
0.73
0.19
2.84
0.24
0.23
0.24
0.21
0.21
0.20
0.21
0.23
2.92
0.23
0.23
0.18
0.18
0.18
0.19
CorWatt	PkgWatt
33.40	196.38
0.31	94.03
2.71
0.27
0.26
0.21
0.21
0.24
0.21
0.21
0.19
0.18
0.19
0.18
0.21
0.18
0.21
0.20
0.20
0.20
0.20
0.29
0.25
0.25
3.29
0.19
0.19
0.19
0.19
0.19
0.19
0.19
0.19
0.27	102.33
0.24
0.25
2.90
0.24
0.25
2.92
0.24
0.25
0.26
3.20
0.23
0.19
0.19
0.18
0.18
2.95
0.27
0.26
0.24
0.21
0.20
0.20
0.21
0.23
3.01
0.23
0.23
0.19
0.19
0.20
0.19
CorWatt	PkgWatt
34.28	200.84
0.34	96.76
3.58
0.28
0.26
0.30
0.22
0.26
0.21
0.24
0.18
0.18
0.18
0.18
0.23
0.18
0.18
0.20
0.20
0.20
0.20
0.32
0.25
0.31
3.24
0.19
0.19
0.20
0.19
0.19
0.19
0.19
0.18
0.24	104.12
0.26
0.28
2.86
0.24
0.25
2.89
0.24
0.25
0.25
3.18
0.23
0.18
0.18
0.18
0.17
2.93
0.27
0.25
0.24
0.21
0.20
0.20
0.21
0.23
3.01
0.22
0.23
0.18
0.18
0.18
0.19
CorWatt	PkgWatt
34.67	197.65
0.29	95.60
2.63
0.28
0.26
0.22
0.23
0.24
0.21
0.23
0.20
0.20
1.59
0.18
0.21
0.18
0.19
0.20
0.20
0.20
0.20
0.27
0.27
0.28
3.21
0.20
0.20
0.62
0.20
0.19
0.19
0.19
0.19
0.24	101.99
0.24
0.28
2.84
0.24
0.25
2.81
0.24
0.25
0.26
3.14
0.23
0.17
0.18
0.17
0.17
2.87
0.24
0.26
0.24
0.21
0.20
0.20
0.21
0.23
2.95
0.22
0.23
0.18
0.18
0.19
0.18
CorWatt	PkgWatt
37.80	200.73
0.25	98.97
0.22
0.22
0.21
0.23
1.17
0.26
0.26
0.26
0.24
0.23
4.14
0.18
0.18
0.18
0.18
0.22
0.21
0.21
0.22
0.29
0.28
0.28
2.88
0.24
0.25
2.85
0.24
0.19
0.19
0.19
0.20
0.25	101.82
0.23
0.28
1.39
0.24
0.25
2.56
0.24
0.25
0.26
2.81
0.23
0.21
0.22
2.50
0.21
2.59
0.28
0.23
0.23
0.24
0.21
0.21
0.23
0.23
2.66
0.22
0.23
0.19
0.19
0.19
0.22
CorWatt	PkgWatt
37.82	200.45
0.25	98.14
0.22
0.22
0.22
0.26
2.26
0.29
0.29
0.25
0.23
0.22
2.70
0.21
0.21
0.18
0.18
0.22
0.21
0.21
0.21
0.29
0.26
0.28
2.65
0.25
0.25
2.60
0.25
0.20
0.19
0.19
0.20
0.22	102.40
0.23
0.23
0.23
0.24
0.25
2.38
0.28
0.27
0.26
2.61
0.23
0.23
0.24
3.70
0.23
2.36
0.27
0.26
0.24
0.22
0.21
0.20
0.22
0.23
2.43
0.23
0.23
0.21
0.21
1.61
0.22
CorWatt	PkgWatt
32.97	196.62
0.26	95.69
0.22
0.22
0.23
0.26
1.33
0.24
0.26
0.22
0.19
0.19
0.20
0.19
0.21
0.18
0.18
0.68
0.21
0.21
0.21
0.29
0.25
0.28
2.70
0.24
0.25
2.64
0.24
0.19
0.19
0.19
0.19
0.20	100.80
0.23
0.26
0.20
0.24
0.25
2.40
0.24
0.23
0.26
2.62
0.23
0.19
0.20
1.35
0.19
2.46
0.27
0.26
0.26
0.20
0.20
0.19
0.20
0.22
2.48
0.22
0.23
0.22
0.22
2.26
0.24
CorWatt	PkgWatt
33.62	200.37
0.26	98.94
0.22
0.23
0.23
0.21
0.21
0.21
0.24
0.22
0.19
0.19
0.20
0.18
0.20
0.18
0.18
2.82
0.26
0.26
0.26
0.28
0.25
0.28
3.10
0.24
0.25
3.06
0.24
0.19
0.19
0.19
0.19
0.20	101.48
0.25
0.25
0.21
0.24
0.25
2.71
0.30
0.26
0.23
3.01
0.22
0.18
0.19
0.18
0.18
2.79
0.24
0.29
0.29
0.20
0.20
0.20
0.21
0.23
2.85
0.22
0.23
0.20
0.19
0.83
0.20
CorWatt	PkgWatt
32.96	195.76
0.25	97.05
0.22
0.22
0.21
0.22
0.22
0.21
0.23
0.22
0.20
0.19
0.88
0.18
0.20
0.18
0.18
2.33
0.26
0.26
0.26
0.29
0.25
0.27
3.11
0.24
0.25
3.01
0.24
0.19
0.19
0.19
0.19
0.19	98.77
0.20
0.20
0.22
0.24
0.25
2.77
0.25
0.25
0.26
3.03
0.23
0.18
0.18
0.19
0.18
2.78
0.24
0.26
0.26
0.20
0.20
0.19
0.20
0.23
2.89
0.23
0.23
0.18
0.18
0.18
0.19
CorWatt	PkgWatt
35.09	198.16
0.22	98.79
0.21
0.21
0.21
0.21
0.21
0.21
0.21
0.23
0.23
0.22
2.62
0.18
0.18
0.18
0.18
3.18
0.26
0.26
0.26
0.27
0.25
0.24
2.67
0.24
0.25
2.68
0.24
0.19
0.19
0.19
0.19
0.20	99.29
0.26
0.26
0.23
0.24
0.25
2.48
0.28
0.29
0.31
2.67
0.23
0.20
0.21
1.48
0.20
2.50
0.24
0.23
0.30
0.20
0.20
0.20
0.22
0.23
2.55
0.23
0.23
0.18
0.18
0.19
0.18
CorWatt	PkgWatt
37.30	196.38
0.22	99.24
0.21
0.21
0.21
0.22
1.53
0.22
0.22
0.23
0.23
0.22
2.67
0.17
0.18
0.17
0.17
4.17
0.26
0.25
0.25
0.26
0.25
0.24
2.77
0.24
0.25
2.68
0.24
0.19
0.19
0.19
0.19
0.19	97.12
0.22
0.19
0.19
0.24
0.25
2.49
0.27
0.26
0.27
2.66
0.23
0.23
0.23
2.52
0.22
1.32
0.22
0.26
0.26
0.21
0.21
0.20
0.23
0.23
2.54
0.23
0.23
0.19
0.19
0.19
0.22
CorWatt	PkgWatt
41.87	204.47
0.27	103.19
0.22
0.22
0.24
0.28
4.20
0.25
0.28
0.25
0.23
0.23
2.85
0.21
0.18
0.18
0.18
4.16
0.26
0.26
0.26
0.27
0.26
0.26
1.51
0.24
0.25
2.88
0.24
0.20
0.20
0.19
0.22
0.50	101.30
0.22
0.20
0.20
0.24
0.25
2.58
0.27
0.25
0.27
2.86
0.23
0.23
0.23
2.66
0.22
0.19
0.19
0.22
0.22
0.20
0.21
0.20
0.23
0.22
2.69
0.22
0.23
0.21
0.21
2.26
0.82
CorWatt	PkgWatt
40.29	203.01
0.31	99.47
0.23
0.23
0.25
0.38
2.86
0.24
0.30
0.23
0.23
0.23
2.78
0.21
0.23
0.18
0.18
2.82
0.26
0.26
0.26
0.29
0.28
0.26
0.21
0.24
0.25
2.83
0.24
0.19
0.19
0.19
0.20
3.75	103.53
0.24
0.23
0.23
0.24
0.25
2.52
0.24
0.22
0.23
2.75
0.23
0.22
0.23
2.54
0.25
0.19
0.19
0.19
0.19
0.20
0.20
0.19
0.21
0.22
2.59
0.22
0.23
0.23
0.22
0.23
2.36
CorWatt	PkgWatt
34.32	200.95
0.22	97.47
0.21
0.21
0.21
0.21
0.21
0.21
0.21
0.22
0.23
0.22
2.81
0.18
0.18
0.17
0.17
2.16
0.25
0.25
0.25
0.22
0.21
0.21
0.20
0.24
0.25
2.84
0.24
0.19
0.19
0.19
0.19
1.58	103.46
0.22
0.29
0.21
0.24
0.25
2.59
0.30
0.31
0.31
2.87
0.31
0.22
0.23
2.65
0.23
0.23
0.20
0.26
0.29
0.20
0.20
0.19
0.21
0.22
2.69
0.22
0.23
0.21
0.21
0.21
1.74
CorWatt	PkgWatt
32.80	195.71
0.23	96.60
0.22
0.21
0.21
0.27
0.22
0.22
0.27
0.23
0.23
0.23
3.16
0.24
0.21
0.18
0.20
2.15
0.26
0.26
0.26
0.27
0.29
0.28
0.22
0.24
0.25
3.18
0.24
0.19
0.19
0.19
0.20
0.19	99.18
0.19
0.19
0.19
0.24
0.25
2.82
0.24
0.23
0.23
3.16
0.23
0.22
0.23
2.83
0.24
0.19
0.19
0.19
0.19
0.19
0.20
0.19
0.20
0.22
2.96
0.22
0.23
0.18
0.18
0.18
0.19
CorWatt	PkgWatt
32.88	199.40
0.23	98.42
0.21
0.21
0.21
0.22
0.86
0.22
0.21
0.22
0.23
0.22
3.03
0.19
0.18
0.18
0.18
2.15
0.26
0.26
0.26
0.22
0.21
0.21
0.20
0.24
0.25
3.00
0.24
0.19
0.19
0.19
0.19
0.20	100.95
0.20
0.23
0.27
0.24
0.25
2.76
0.33
0.25
0.28
3.06
0.31
0.22
0.23
2.80
0.24
0.27
0.20
0.20
0.27
0.19
0.20
0.19
0.20
0.22
2.85
0.22
0.23
0.18
0.17
0.17
0.18
CorWatt	PkgWatt
34.34	193.69
0.22	96.81
0.21
0.21
0.21
0.28
2.73
0.24
0.25
0.26
0.26
0.22
2.67
0.18
0.21
0.21
0.18
2.86
0.25
0.25
0.25
0.25
0.25
0.25
0.21
0.24
0.25
2.68
0.24
0.19
0.18
0.18
0.19
1.33	96.83
0.21
0.21
0.21
0.24
0.25
2.46
0.24
0.22
0.22
2.65
0.23
0.22
0.23
2.49
0.24
0.19
0.19
0.19
0.19
0.19
0.20
0.19
0.20
0.22
2.51
0.22
0.22
0.18
0.18
0.18
0.19
CorWatt	PkgWatt
36.77	195.80
0.22	96.94
0.21
0.21
0.21
0.25
2.60
0.25
0.24
0.23
0.23
0.23
2.55
0.18
0.18
0.18
0.18
3.59
0.26
0.26
0.26
0.22
0.21
0.21
0.21
0.25
0.25
2.57
0.25
0.19
0.19
0.19
0.19
2.40	98.89
0.24
0.24
0.23
0.24
0.25
2.39
0.25
0.23
0.24
2.55
0.23
0.23
0.24
2.39
0.24
0.20
0.21
0.20
0.69
0.20
0.21
0.20
0.20
0.23
2.44
0.23
0.23
0.19
0.19
0.19
0.92
CorWatt	PkgWatt
39.48	198.34
0.23	95.91
0.21
0.21
0.21
0.29
2.43
0.25
0.28
0.23
0.27
0.22
2.38
0.23
0.25
0.20
0.73
2.21
0.26
0.26
0.24
0.26
0.25
0.25
0.21
0.24
0.24
2.36
0.24
0.19
0.19
0.19
0.21
2.25	102.44
0.23
0.23
0.23
0.24
0.25
2.23
0.24
0.22
0.23
2.36
0.23
0.22
0.23
2.25
0.25
0.23
0.24
0.23
1.85
0.20
0.20
0.19
0.20
0.23
2.26
0.22
0.23
0.23
0.23
0.23
4.20
CorWatt	PkgWatt
36.85	201.27
0.22	96.79
0.21
0.21
0.21
0.31
2.33
0.25
0.27
0.22
0.24
0.22
2.27
0.26
0.28
0.26
1.97
0.21
0.21
0.21
0.24
0.23
0.26
0.25
0.21
0.24
0.24
2.29
0.24
0.20
0.19
0.18
0.19
2.13	104.54
0.23
0.28
0.27
0.24
0.25
2.15
0.29
0.24
0.30
2.27
0.28
0.22
0.23
2.10
0.23
0.27
0.27
0.25
1.32
0.19
0.20
0.19
0.20
0.22
2.19
0.22
0.23
0.22
0.22
0.22
3.44
CorWatt	PkgWatt
32.28	195.28
0.22	96.81
0.21
0.21
0.21
0.28
2.50
0.25
0.28
0.23
0.23
0.22
2.50
0.22
0.25
0.26
1.51
0.21
0.21
0.20
0.23
0.23
0.22
0.24
0.21
0.24
0.25
2.53
0.24
0.19
0.19
0.19
0.19
2.36	98.51
0.27
0.28
0.26
0.24
0.25
2.32
0.24
0.23
0.27
2.47
0.23
0.23
0.23
2.33
0.25
0.23
0.23
0.23
0.20
0.19
0.20
0.19
0.20
0.21
1.38
0.22
0.21
0.20
0.19
0.19
0.20
CorWatt	PkgWatt
32.06	198.60
0.23	98.29
0.21
0.21
0.21
0.32
2.73
0.25
0.24
0.23
0.23
0.23
2.77
0.19
0.19
0.77
0.19
0.21
0.21
0.21
0.21
0.22
0.22
0.21
0.20
0.24
0.25
2.72
0.24
0.19
0.19
0.19
0.19
2.57	100.21
0.33
0.36
0.31
0.24
0.25
2.54
0.33
0.23
0.29
2.77
0.23
0.23
0.23
2.58
0.24
0.20
0.26
0.27
0.22
0.20
0.20
0.19
0.20
0.18
0.19
0.18
0.19
0.19
0.18
0.18
0.19
CorWatt	PkgWatt
33.99	193.00
0.23	96.97
0.21
0.21
0.21
0.28
2.84
0.25
0.25
0.23
0.23
0.23
2.75
0.23
0.27
2.81
0.24
0.21
0.21
0.20
0.21
0.22
0.24
0.24
0.23
0.24
0.25
2.78
0.24
0.19
0.18
0.18
0.18
2.61	96.14
0.24
0.23
0.23
0.24
0.25
2.58
0.24
0.23
0.23
2.76
0.23
0.22
0.23
2.56
0.24
0.19
0.19
0.19
0.19
0.19
0.20
0.19
0.20
0.18
0.18
0.18
0.18
0.19
0.18
0.18
0.38
CorWatt	PkgWatt
35.24	194.41
0.22	95.65
0.21
0.21
0.21
0.24
2.62
0.25
0.24
0.22
0.22
0.22
2.57
0.22
0.23
2.31
0.23
0.20
0.20
0.20
0.20
0.22
0.21
0.20
0.20
0.24
0.24
2.57
0.24
0.19
0.18
0.18
0.18
2.48	98.62
0.24
0.26
0.26
0.24
0.25
2.44
0.27
0.25
0.23
2.58
0.23
0.22
0.23
2.43
0.23
0.23
0.24
0.23
0.75
0.19
0.20
0.19
0.20
0.19
0.20
0.19
0.19
0.23
0.22
0.22
2.62
CorWatt	PkgWatt
39.56	194.67
0.50	95.60
0.21
0.22
0.21
0.24
2.64
0.25
0.24
0.22
0.23
0.22
2.59
0.23
0.23
2.98
1.01
0.20
0.20
0.20
0.20
0.22
0.21
0.20
0.20
0.24
0.24
2.59
0.24
0.19
0.18
0.18
0.22
2.46	99.06
0.23
0.23
0.23
0.24
0.25
2.43
0.24
0.22
0.23
2.59
0.23
0.22
0.23
2.44
0.23
0.23
0.24
0.23
3.39
0.19
0.20
0.19
0.19
0.18
0.18
0.18
0.18
0.22
0.22
0.22
2.63
CorWatt	PkgWatt
43.70	204.55
4.18	101.76
0.27
0.26
0.26
0.24
2.61
0.25
0.24
0.23
0.23
0.23
2.54
0.23
0.23
0.23
4.16
0.24
0.22
0.21
0.26
0.22
0.21
0.21
0.20
0.24
0.24
2.57
0.25
0.22
0.20
0.19
0.20
2.44	102.95
0.30
0.31
0.29
0.24
0.25
2.42
0.25
0.23
0.28
2.60
0.23
0.22
0.23
2.45
0.25
0.26
0.27
0.28
2.82
0.19
0.20
0.19
0.20
0.19
0.19
0.19
0.19
0.23
0.22
0.23
2.62
CorWatt	PkgWatt
39.32	202.60
4.18	102.91
0.27
0.26
0.26
0.27
2.69
0.25
0.24
0.22
0.23
0.22
2.64
0.22
0.26
0.22
3.33
0.21
0.20
0.21
0.23
0.22
0.23
0.23
0.23
0.24
0.24
2.67
0.24
0.19
0.18
0.18
0.18
2.52	99.56
0.26
0.28
0.24
0.23
0.23
1.38
0.26
0.23
0.26
2.63
0.23
0.22
0.23
2.47
0.24
0.20
0.23
0.20
0.21
0.20
0.20
0.20
0.22
0.18
0.19
0.18
0.19
0.22
0.22
0.22
2.69
CorWatt	PkgWatt
33.84	200.09
2.73	100.26
0.29
0.26
0.26
0.25
2.84
0.25
0.24
0.22
0.23
0.22
2.76
0.18
0.18
0.18
0.18
0.20
0.20
0.20
0.20
0.22
0.21
0.20
0.20
0.24
0.24
2.80
0.24
0.19
0.18
0.18
0.18
2.60	99.85
0.33
0.32
0.31
0.20
0.20
0.20
0.28
0.22
0.31
1.88
0.23
0.22
0.23
2.61
0.24
0.20
0.23
0.20
0.21
0.21
0.20
0.20
0.21
0.19
0.49
0.19
0.22
0.22
0.22
0.22
2.86
CorWatt	PkgWatt
32.80	195.40
2.15	97.96
0.30
0.26
0.26
0.28
2.78
0.25
0.24
0.23
0.23
0.22
2.70
0.18
0.21
0.21
0.19
0.21
0.20
0.20
0.21
0.22
0.24
0.24
0.22
0.24
0.24
2.73
0.24
0.19
0.18
0.18
0.18
2.53	97.52
0.27
0.27
0.26
0.20
0.22
0.20
0.20
0.18
0.18
0.20
0.18
0.22
0.23
2.50
0.24
0.20
0.25
0.20
0.39
0.20
0.20
0.19
0.21
0.22
2.18
0.23
0.24
0.23
0.22
0.22
2.72
CorWatt	PkgWatt
33.72	196.84
2.15	97.54
0.27
0.26
0.26
0.24
2.58
0.24
0.24
0.22
0.22
0.22
2.53
0.18
0.19
0.19
0.46
0.20
0.20
0.20
0.20
0.22
0.21
0.21
0.20
0.24
0.24
2.55
0.24
0.19
0.18
0.18
0.18
2.41	99.25
0.27
0.32
0.29
0.20
0.21
0.22
0.27
0.20
0.24
0.19
0.20
0.22
0.23
2.39
0.24
0.23
0.32
0.23
2.21
0.20
0.20
0.19
0.20
0.22
1.80
0.22
0.22
0.22
0.23
0.23
2.57
CorWatt	PkgWatt
33.95	192.90
2.15	97.68
0.28
0.26
0.26
0.24
2.57
0.24
0.24
0.22
0.22
0.22
2.53
0.22
0.22
0.22
2.56
0.20
0.20
0.20
0.20
0.22
0.21
0.21
0.20
0.24
0.24
2.54
0.24
0.19
0.19
0.18
0.18
2.42	95.20
0.28
0.27
0.26
0.20
0.20
0.20
0.23
0.19
0.20
0.21
0.18
0.22
0.23
2.38
0.24
0.23
0.27
0.22
2.21
0.20
0.20
0.19
0.21
0.19
0.19
0.18
0.19
0.22
0.22
0.22
2.58
CorWatt	PkgWatt
34.85	194.33
2.94	97.70
0.28
0.26
0.26
0.32
2.57
0.24
0.24
0.22
0.22
0.22
2.51
0.22
0.23
0.22
2.50
0.20
0.20
0.20
0.20
0.22
0.21
0.21
0.20
0.24
0.24
2.56
0.24
0.19
0.18
0.18
0.18
2.41	96.71
0.33
0.31
0.30
0.20
0.20
0.21
0.23
0.19
0.21
0.24
0.18
0.22
0.23
2.34
0.22
0.23
0.27
0.23
2.26
0.20
0.20
0.19
0.19
0.18
0.19
0.18
0.18
0.22
0.22
0.22
2.57
CorWatt	PkgWatt
35.75	201.62
3.63	103.40
0.28
0.26
0.27
0.25
2.62
0.24
0.24
0.22
0.22
0.23
2.56
0.22
0.22
0.23
2.54
0.20
0.20
0.20
0.20
0.21
0.21
0.21
0.20
0.24
0.24
2.58
0.24
0.19
0.18
0.19
0.18
2.44	98.17
0.27
0.27
0.24
0.20
0.20
0.20
0.23
0.22
0.21
0.21
0.18
0.22
0.23
2.41
0.23
0.23
0.27
0.23
2.28
0.19
0.20
0.20
0.20
0.19
0.19
0.19
0.19
0.22
0.22
0.22
2.62
CorWatt	PkgWatt
34.22	196.09
2.11	98.12
0.26
0.25
0.26
0.25
2.55
0.24
0.30
0.22
0.27
0.23
2.51
0.22
0.31
0.26
2.54
0.21
0.21
0.21
0.28
0.24
0.30
0.25
0.29
0.25
0.23
1.93
0.24
0.18
0.18
0.18
0.18
2.42	97.93
0.23
0.23
0.23
0.21
0.21
0.68
0.21
0.18
0.18
0.18
0.18
0.22
0.23
2.34
0.24
0.23
0.23
0.23
2.27
0.20
0.20
0.19
0.20
0.18
0.33
0.18
0.19
0.22
0.22
0.22
2.59
CorWatt	PkgWatt
34.95	197.77
0.22	95.28
0.21
0.21
0.23
0.30
2.49
0.25
0.29
0.23
0.29
0.22
2.44
0.22
0.29
0.28
2.44
0.20
0.20
0.20
0.25
0.23
0.30
0.25
0.26
0.19
0.19
0.20
0.19
0.18
0.18
0.18
0.19
2.35	102.55
0.23
0.23
0.23
0.24
0.25
1.97
0.24
0.18
0.17
0.17
0.18
0.22
0.23
2.26
0.25
0.23
0.23
0.23
2.21
0.20
0.20
0.20
0.44
0.23
3.77
0.22
0.22
0.22
0.22
0.22
2.48
CorWatt	PkgWatt
35.58	195.39
0.21	93.00
0.20
0.20
0.21
0.24
2.37
0.24
0.24
0.22
0.23
0.22
2.38
0.21
0.22
0.21
2.39
0.19
0.19
0.19
0.20
0.23
0.21
0.21
0.20
0.18
0.18
0.19
0.18
0.18
0.17
0.17
0.17
2.40	102.33
0.27
0.29
0.27
0.26
0.24
1.51
0.23
0.23
0.18
0.22
0.23
0.22
0.23
2.31
0.23
0.22
0.24
0.28
2.19
0.24
0.24
0.24
2.13
0.22
3.61
0.22
0.22
0.22
0.22
0.22
2.48
CorWatt	PkgWatt
32.60	193.96
0.25	95.62
0.22
0.22
0.22
0.28
2.61
0.24
0.25
0.23
0.26
0.22
2.56
0.22
0.26
0.25
2.57
0.22
0.20
0.20
0.22
0.25
0.22
0.23
0.21
0.21
0.20
0.20
1.05
0.19
0.18
0.18
0.19
2.53	98.38
0.24
0.24
0.23
0.20
0.20
0.19
0.19
0.19
0.18
0.19
0.19
0.22
0.23
2.42
0.24
0.25
0.24
0.25
2.30
0.24
0.24
0.24
1.95
0.18
0.19
0.18
0.18
0.22
0.22
0.22
2.63
CorWatt	PkgWatt
33.78	192.81
0.23	96.88
0.22
0.22
0.22
0.25
2.83
0.25
0.25
0.23
0.23
0.23
2.74
0.22
0.23
0.23
2.80
0.21
0.20
0.20
0.21
0.22
0.21
0.21
0.20
0.25
0.24
0.25
2.81
0.19
0.19
0.19
0.19
2.63	95.94
0.26
0.26
0.26
0.20
0.20
0.20
0.20
0.21
0.18
0.21
0.18
0.23
0.23
2.59
0.23
0.24
0.27
0.24
2.43
0.19
0.20
0.19
0.19
0.18
0.19
0.18
0.18
0.22
0.22
0.23
2.82
CorWatt	PkgWatt
33.21	196.02
0.27	96.58
0.22
0.22
0.22
0.25
2.94
0.24
0.28
0.23
0.23
0.21
1.83
0.22
0.27
0.27
2.88
0.22
0.22
0.21
0.21
0.25
0.26
0.27
0.24
0.24
0.24
0.24
2.37
0.19
0.19
0.18
0.19
2.69	99.38
0.25
0.27
0.23
0.19
0.20
0.19
0.19
0.18
0.20
0.22
0.18
0.22
0.23
2.63
0.24
0.23
0.26
0.27
2.53
0.19
0.19
0.19
0.20
0.18
0.19
0.18
0.18
0.22
0.22
0.22
2.90
CorWatt	PkgWatt
34.62	197.83
0.22	96.83
0.21
0.21
0.21
0.24
3.13
0.24
0.27
0.18
0.18
0.18
0.20
0.22
0.24
0.25
3.10
0.21
0.22
0.20
0.20
0.23
0.21
0.24
0.24
0.24
0.24
0.24
3.50
0.19
0.19
0.18
0.18
2.85	101.00
0.25
0.23
0.25
0.20
0.23
0.72
0.20
0.18
0.17
0.19
0.20
0.19
0.20
1.04
0.22
0.25
0.25
0.23
2.65
0.19
0.20
0.21
0.19
0.22
2.72
0.22
0.22
0.22
0.22
0.22
3.07
CorWatt	PkgWatt
37.75	196.36
0.22	96.13
0.21
0.21
0.21
0.25
3.20
0.24
0.24
0.18
0.18
0.18
0.18
0.22
0.23
0.22
3.15
0.23
0.21
0.20
0.20
0.22
0.20
0.21
0.20
0.24
0.24
0.24
4.21
0.19
0.18
0.18
0.18
2.88	100.17
0.27
0.26
0.23
0.24
0.25
3.65
0.24
0.18
0.18
0.19
0.20
0.18
0.18
0.18
0.20
0.23
0.23
0.25
2.69
0.20
0.20
0.21
0.25
0.22
2.90
0.22
0.22
0.22
0.22
0.23
3.11
CorWatt	PkgWatt
41.14	201.55
0.24	97.61
0.21
0.21
0.21
0.33
2.78
0.24
0.26
0.19
0.23
0.19
0.22
0.22
0.23
0.23
2.75
2.15
0.27
0.25
0.25
0.22
0.24
0.25
0.22
0.24
0.24
0.24
4.22
0.20
0.19
0.19
0.20
2.53	104.08
0.26
0.24
0.26
0.23
0.24
3.10
0.24
0.17
0.17
0.17
0.20
0.17
0.18
0.17
0.18
0.23
0.26
0.24
2.39
0.24
0.24
0.24
3.94
0.22
2.52
0.22
0.22
0.22
0.22
0.22
2.72
CorWatt	PkgWatt
36.16	194.84
0.23	95.74
0.21
0.21
0.21
0.25
2.80
0.24
0.24
0.18
0.18
0.18
0.18
0.22
0.22
0.22
2.74
2.11
0.26
0.25
0.24
0.22
0.21
0.21
0.20
0.24
0.24
0.24
2.54
0.19
0.18
0.18
0.18
2.52	99.06
0.26
0.27
0.23
0.20
0.22
0.20
0.21
0.18
0.17
0.20
0.20
0.18
0.18
0.19
0.21
0.27
0.25
0.25
2.38
0.24
0.24
0.25
3.87
0.22
2.54
0.22
0.22
0.22
0.22
0.22
2.73
CorWatt	PkgWatt
32.29	196.56
0.22	96.25
0.21
0.21
0.21
0.27
3.27
0.25
0.27
0.18
0.19
0.18
0.18
0.22
0.22
0.22
3.20
0.21
0.20
0.20
0.20
0.22
0.23
0.21
0.23
0.24
0.24
0.24
2.18
0.19
0.18
0.18
0.18
2.91	100.27
0.25
0.27
0.27
0.19
0.19
0.20
0.19
0.17
0.16
0.16
0.17
0.16
0.17
0.16
0.16
0.25
0.28
0.25
2.74
0.19
0.19
0.19
0.20
0.22
2.94
0.22
0.22
0.22
0.21
0.22
3.12
CorWatt	PkgWatt
32.14	191.21
0.22	94.24
0.21
0.21
0.21
0.25
3.21
0.25
0.25
0.18
0.18
0.18
0.18
0.22
0.22
0.22
3.17
0.20
0.20
0.20
0.20
0.22
0.20
0.20
0.20
0.24
0.24
0.24
2.18
0.19
0.18
0.18
0.18
2.86	97.00
0.25
0.26
0.25
0.20
0.20
0.44
0.19
0.17
0.17
0.17
0.17
0.17
0.17
0.18
0.18
0.24
0.24
0.25
2.69
0.19
0.19
0.19
0.19
0.22
2.88
0.22
0.22
0.22
0.22
0.23
3.09
CorWatt	PkgWatt
33.03	195.46
0.24	95.24
0.22
0.21
0.21
0.25
1.97
0.25
0.26
0.21
0.62
0.19
0.19
0.22
0.22
0.26
2.93
0.21
0.21
0.21
0.23
0.22
0.22
0.24
0.23
0.24
0.24
0.24
2.21
0.19
0.18
0.18
0.18
2.69	100.19
0.29
0.24
0.26
0.24
0.24
2.60
0.24
0.17
0.17
0.21
0.17
0.17
0.18
0.18
0.17
0.23
0.26
0.24
2.50
0.19
0.19
0.19
0.20
0.22
2.69
0.22
0.22
0.22
0.22
0.22
2.88
CorWatt	PkgWatt
34.46	200.62
0.28	97.50
0.22
0.22
0.22
0.21
0.21
0.21
0.23
0.25
2.04
0.23
0.26
0.23
0.22
0.24
2.64
0.21
0.21
0.20
0.22
0.22
0.24
0.22
0.23
0.24
0.24
0.24
3.10
0.19
0.19
0.19
0.20
1.07	103.15
0.22
0.26
0.22
0.24
0.24
2.44
0.25
0.18
0.18
0.21
0.20
0.20
0.21
0.24
1.25
0.26
0.24
0.25
2.34
0.23
0.24
0.23
2.34
0.23
2.46
0.23
0.23
0.23
0.23
0.23
2.64
CorWatt	PkgWatt
38.01	200.34
0.22	98.40
0.21
0.21
0.21
0.21
0.20
0.21
0.21
0.22
1.60
0.22
0.23
0.25
0.22
0.23
2.68
3.13
0.25
0.25
0.24
0.22
0.21
0.24
0.23
0.24
0.24
0.24
3.67
0.19
0.18
0.18
0.18
0.20	101.97
0.22
0.21
0.22
0.24
0.25
2.45
0.24
0.19
0.18
0.21
0.20
0.22
0.23
0.22
2.31
0.26
0.27
0.26
2.36
0.24
0.24
0.24
2.61
0.22
2.52
0.22
0.22
0.23
0.22
0.23
2.66
CorWatt	PkgWatt
35.62	198.08
0.24	95.97
0.22
0.22
0.23
0.24
0.21
0.21
0.25
0.20
0.20
0.18
0.22
0.23
0.22
0.29
3.04
3.45
0.26
0.25
0.25
0.25
0.25
0.21
0.21
0.23
0.24
0.22
1.72
0.19
0.19
0.19
0.21
0.18	102.05
0.19
0.18
0.18
0.24
0.24
2.73
0.24
0.17
0.17
0.19
0.17
0.19
0.20
0.19
1.28
0.24
0.26
0.24
2.63
0.24
0.24
0.24
2.95
0.22
2.80
0.22
0.22
0.22
0.22
0.22
2.99
CorWatt	PkgWatt
30.40	196.29
0.21	92.86
0.21
0.20
0.22
0.25
0.20
0.20
0.24
0.18
0.18
0.18
0.21
0.22
0.22
0.29
3.17
0.51
0.20
0.20
0.20
0.24
0.25
0.20
0.20
0.18
0.19
0.18
0.18
0.19
0.18
0.18
0.20
0.21	103.45
0.22
0.21
0.20
0.24
0.24
2.84
0.24
0.17
0.18
0.21
0.19
0.17
0.17
0.16
0.17
0.23
0.26
0.23
2.74
0.24
0.24
0.24
3.10
0.22
2.95
0.22
0.22
0.22
0.22
0.22
3.15
CorWatt	PkgWatt
29.39	191.39
0.20	90.14
0.20
0.19
0.19
0.21
0.19
0.19
0.22
0.17
0.17
0.17
0.17
0.21
0.22
0.24
3.14
0.19
0.19
0.19
0.19
0.23
0.21
0.19
0.19
0.18
0.18
0.18
0.18
0.18
0.17
0.18
0.18
0.21	101.25
0.20
0.18
0.19
0.23
0.24
2.86
0.24
0.16
0.16
0.17
0.17
0.16
0.17
0.16
0.17
0.24
0.26
0.25
2.72
0.24
0.24
0.23
3.08
0.22
2.91
0.22
0.22
0.22
0.22
0.22
3.14
CorWatt	PkgWatt
31.69	193.89
0.22	92.48
0.20
0.20
0.20
0.32
0.21
1.56
0.22
0.19
0.67
0.18
0.21
0.21
0.22
0.25
3.18
0.20
0.19
0.19
0.19
0.22
0.20
0.19
0.19
0.19
0.20
0.19
0.19
0.20
0.18
0.18
0.20
0.19	101.41
0.21
0.19
0.20
0.23
0.24
2.87
0.24
0.16
0.16
0.19
0.17
0.16
0.17
0.16
0.16
0.23
0.25
0.23
2.73
0.23
0.24
0.23
3.10
0.22
2.94
0.22
0.22
0.22
0.22
0.22
3.15
CorWatt	PkgWatt
38.15	200.67
0.21	98.18
0.20
0.20
0.20
0.25
0.24
2.52
0.24
0.23
3.39
0.22
0.23
0.22
0.22
0.21
2.93
2.18
0.24
0.24
0.24
0.21
0.20
0.20
0.19
0.20
0.61
0.20
0.19
0.18
0.18
0.17
0.18
0.22	102.49
0.20
0.20
0.20
0.23
0.25
2.66
0.24
0.18
0.17
0.19
0.19
0.19
0.19
0.19
2.01
0.23
0.28
0.23
2.53
0.24
0.24
0.24
2.85
0.22
2.71
0.22
0.22
0.23
0.23
0.22
2.46
CorWatt	PkgWatt
39.76	205.74
0.22	101.93
0.21
0.21
0.21
0.30
0.25
2.35
0.26
0.23
2.92
0.22
0.23
0.28
0.24
0.23
2.71
2.41
0.26
0.25
0.29
0.23
0.22
0.22
0.20
0.25
2.10
0.25
0.25
0.19
0.19
0.18
0.18
0.24	103.86
0.23
1.19
0.22
0.25
0.25
2.47
0.25
0.18
0.18
0.20
0.20
0.23
0.23
0.23
4.09
0.23
0.26
0.23
2.35
0.24
0.24
0.24
2.63
0.23
2.52
0.23
0.23
0.19
0.18
0.18
0.19
CorWatt	PkgWatt
36.23	198.47
0.22	97.64
0.21
0.21
0.21
0.27
0.25
3.73
0.26
0.18
0.18
0.18
0.18
0.23
0.25
0.22
2.65
2.35
0.25
0.25
0.28
0.22
0.20
0.21
0.20
0.23
1.62
0.23
0.23
0.18
0.18
0.18
0.18
0.25	100.83
0.23
2.24
0.23
0.24
0.24
2.39
0.24
0.17
0.20
0.20
0.18
0.20
0.20
0.20
2.23
0.25
0.26
0.23
2.31
0.24
0.24
0.24
2.56
0.22
2.45
0.22
0.22
0.18
0.18
0.18
0.19
CorWatt	PkgWatt
33.56	195.35
0.21	96.66
0.20
0.20
0.20
0.26
0.25
4.18
0.28
0.18
0.18
0.17
0.18
0.25
0.24
0.21
2.99
2.61
0.25
0.24
0.25
0.24
0.20
0.20
0.20
0.18
0.18
0.18
0.18
0.18
0.18
0.17
0.18
0.23	98.71
0.21
1.30
0.21
0.23
0.24
2.68
0.24
0.17
0.19
0.19
0.17
0.17
0.18
0.17
0.17
0.25
0.24
0.22
2.57
0.24
0.24
0.23
2.91
0.22
2.77
0.22
0.22
0.17
0.17
0.17
0.17
CorWatt	PkgWatt
33.11	192.02
0.21	93.68
0.20
0.20
0.20
0.25
0.25
4.19
0.25
0.18
0.32
0.18
0.18
0.22
0.22
0.21
3.11
2.72
0.25
0.24
0.27
0.23
0.19
0.20
0.19
0.18
0.18
0.18
0.18
0.17
0.18
0.17
0.17
0.19	98.26
0.19
0.18
0.18
0.23
0.24
2.82
0.24
0.16
0.17
0.19
0.16
0.17
0.18
0.17
0.17
0.25
0.25
0.22
2.68
0.24
0.24
0.23
3.04
0.22
2.89
0.22
0.22
0.17
0.17
0.17
0.18
CorWatt	PkgWatt
32.47	192.59
0.21	95.32
0.20
0.20
0.20
0.24
0.24
2.22
0.24
0.22
2.36
0.21
0.22
0.21
0.21
0.21
2.67
2.41
0.25
0.24
0.24
0.21
0.19
0.20
0.19
0.18
0.18
0.18
0.18
0.18
0.18
0.18
0.17
0.21	97.28
0.21
0.24
0.20
0.24
0.24
2.49
0.24
0.17
0.19
0.23
0.17
0.19
0.20
0.19
1.19
0.25
0.27
0.22
2.39
0.24
0.24
0.24
2.68
0.22
2.56
0.22
0.22
0.17
0.17
0.17
0.17
CorWatt	PkgWatt
33.80	194.40
0.21	96.25
0.20
0.20
0.20
0.24
0.24
2.14
0.24
0.22
2.33
0.22
0.22
0.22
0.22
0.21
2.66
2.36
0.25
0.24
0.24
0.23
0.20
0.20
0.19
0.19
0.72
0.19
0.19
0.18
0.19
0.18
0.18
0.21	98.39
0.20
0.19
0.20
0.24
0.25
2.46
0.24
0.17
0.20
0.18
0.18
0.22
0.22
0.22
2.60
0.27
0.27
0.22
1.91
0.24
0.24
0.24
2.62
0.22
2.51
0.22
0.22
0.18
0.18
0.18
0.20
CorWatt	PkgWatt
37.62	196.40
0.23	98.26
0.21
0.22
0.21
0.24
0.25
2.16
0.24
0.23
2.51
0.22
0.23
0.25
0.24
0.21
2.25
2.56
0.25
0.25
0.24
0.22
0.21
0.23
0.20
0.24
3.44
0.24
0.24
0.18
0.20
0.19
0.18
0.23	97.90
0.21
1.93
0.21
0.24
0.25
2.62
0.24
0.17
0.19
0.20
0.18
0.21
0.30
0.22
2.80
0.21
0.21
0.20
0.20
0.24
0.24
0.24
2.81
0.22
2.69
0.22
0.22
0.18
0.18
0.18
0.20
CorWatt	PkgWatt
39.29	197.92
0.24	95.69
0.21
0.21
0.23
0.25
0.26
2.25
0.24
0.23
2.49
0.22
0.27
0.20
0.20
0.18
0.18
2.52
0.25
0.25
0.29
0.24
0.21
0.21
0.22
0.23
2.87
0.23
0.23
0.18
0.19
0.19
0.18
0.23	102.21
0.23
4.13
0.23
0.24
0.24
2.62
0.24
1.89
0.21
0.21
0.21
0.22
0.70
0.23
2.81
0.19
0.20
0.19
0.19
0.24
0.24
0.23
2.79
0.22
2.65
0.22
0.22
0.18
0.18
0.18
0.19
CorWatt	PkgWatt
35.65	198.45
0.23	95.65
0.21
0.21
0.22
0.33
0.24
3.20
0.25
0.23
2.46
0.21
0.23
0.18
0.18
0.17
0.17
2.48
0.25
0.25
0.25
0.22
0.20
0.20
0.20
0.18
0.18
0.18
0.19
0.18
0.19
0.18
0.18
0.24	102.91
0.27
2.40
0.25
0.24
0.25
2.60
0.25
2.32
0.22
0.28
0.22
0.22
0.22
0.23
2.79
0.20
0.24
0.22
0.21
0.24
0.24
0.24
2.79
0.22
2.66
0.22
0.23
0.19
0.18
0.18
0.19
CorWatt	PkgWatt
32.88	194.50
0.21	95.85
0.20
0.20
0.20
0.25
0.24
3.58
0.24
0.22
2.74
0.21
0.23
0.21
0.20
0.17
0.20
2.75
0.24
0.25
0.24
0.22
0.21
0.21
0.21
0.18
0.19
0.18
0.18
0.18
0.19
0.18
0.18
0.18	98.57
0.18
0.18
0.18
0.24
0.25
2.89
0.24
0.17
0.17
0.17
0.17
0.21
0.21
0.23
3.13
0.19
0.20
0.19
0.20
0.24
0.24
0.24
3.13
0.22
2.97
0.22
0.22
0.18
0.18
0.18
0.19
CorWatt	PkgWatt
30.97	196.79
0.21	95.94
0.20
0.20
0.20
0.23
0.24
1.24
0.23
0.22
2.72
0.21
0.23
0.19
0.19
0.18
0.21
2.75
0.25
0.25
0.25
0.24
0.20
0.21
0.22
0.19
0.45
0.19
0.19
0.18
0.19
0.18
0.18
0.22	100.83
0.21
0.22
0.22
0.24
0.25
2.87
0.25
0.18
0.18
0.24
0.18
0.21
0.22
0.23
3.11
0.20
0.21
0.21
0.20
0.24
0.24
0.24
3.09
0.22
2.94
0.22
0.22
0.17
0.17
0.17
0.18
CorWatt	PkgWatt
30.89	196.97
0.22	96.78
0.21
0.21
0.21
0.21
0.21
0.20
0.20
0.23
2.42
0.22
0.26
0.20
0.23
0.20
0.23
2.42
0.25
0.25
0.27
0.26
0.21
0.23
0.21
0.24
2.42
0.24
0.25
0.18
0.19
0.18
0.18
0.21	100.25
0.20
1.18
0.20
0.24
0.25
2.53
0.24
0.18
0.17
0.18
0.17
0.21
0.21
0.23
2.70
0.19
0.21
0.19
0.19
0.24
0.24
0.24
2.69
0.22
2.57
0.22
0.22
0.18
0.18
0.18
0.19
CorWatt	PkgWatt
31.40	187.92
0.21	92.28
0.21
0.21
0.21
0.21
0.20
0.21
0.20
0.23
2.31
0.22
0.23
0.18
0.18
0.18
0.18
2.35
0.25
0.25
0.25
0.22
0.20
0.20
0.20
0.24
2.33
0.24
0.24
0.19
0.18
0.19
0.18
0.23	95.80
0.23
2.61
0.23
0.24
0.25
2.41
0.24
0.17
0.17
0.17
0.17
0.21
0.22
0.23
2.56
0.19
0.20
0.19
0.35
0.24
0.24
0.24
2.54
0.22
2.44
0.22
0.23
0.18
0.17
0.17
0.18
CorWatt	PkgWatt
37.92	196.24
2.04	95.61
0.24
0.24
0.24
0.22
0.21
0.22
0.21
0.22
2.19
0.21
0.22
0.19
0.18
0.18
0.19
2.19
0.25
0.24
0.24
0.23
0.22
0.21
0.20
0.24
2.20
0.24
0.24
0.18
0.33
0.18
0.18
0.23	100.45
0.23
2.44
0.23
0.24
0.24
2.28
0.24
4.01
0.21
0.21
0.21
0.21
0.21
0.22
2.39
0.22
0.24
0.22
1.88
0.24
0.24
0.23
2.39
0.22
2.30
0.22
0.22
0.18
0.18
0.18
0.19
CorWatt	PkgWatt
39.14	197.35
2.50	95.97
0.27
0.26
0.25
0.21
0.20
0.20
0.20
0.22
2.10
0.21
0.22
0.18
0.17
0.17
0.17
2.13
0.25
0.24
0.24
0.22
0.20
0.20
0.20
0.24
2.12
0.24
0.24
0.22
1.87
0.23
0.22
0.25	101.42
0.26
2.32
0.23
0.24
0.25
2.18
0.24
4.00
0.25
0.23
0.22
0.21
0.22
0.22
2.26
0.23
0.26
0.26
1.67
0.24
0.24
0.23
2.27
0.22
2.20
0.22
0.22
0.17
0.17
0.17
0.18
CorWatt	PkgWatt
34.53	198.59
2.35	98.06
0.27
0.26
0.25
0.21
0.23
0.21
0.24
0.22
2.21
0.22
0.23
0.21
0.19
0.18
0.19
2.23
0.25
0.25
0.26
0.22
0.20
0.20
0.20
0.24
2.21
0.24
0.24
0.22
1.79
0.22
0.22
0.24	100.60
0.27
2.50
0.25
0.24
0.25
2.29
0.24
0.18
0.19
0.20
0.19
0.21
0.21
0.23
2.41
0.20
0.23
0.23
0.19
0.24
0.24
0.24
2.43
0.22
2.18
0.23
0.22
0.19
0.18
0.18
0.19
CorWatt	PkgWatt
34.25	191.35
4.07	96.05
0.27
0.26
0.25
0.21
0.20
0.20
0.21
0.22
2.47
0.21
0.23
0.18
0.17
0.17
0.17
2.49
0.25
0.25
0.24
0.21
0.20
0.20
0.20
0.24
2.48
0.24
0.24
0.18
0.18
0.18
0.18
0.27	95.26
0.24
2.77
0.25
0.24
0.25
2.57
0.24
0.18
0.19
0.23
0.19
0.21
0.22
0.23
2.75
0.24
0.19
0.19
0.20
0.24
0.24
0.24
2.74
0.18
0.20
0.18
0.18
0.19
0.18
0.18
0.18
CorWatt	PkgWatt
34.48	195.82
4.22	98.39
0.27
0.26
0.25
0.21
0.21
0.20
0.23
0.22
2.49
0.21
0.24
0.18
0.20
0.18
0.18
2.50
0.25
0.25
0.25
0.21
0.20
0.20
0.20
0.24
2.53
0.24
0.24
0.18
0.18
0.18
0.18
0.23	97.40
0.24
2.82
0.23
0.24
0.25
2.57
0.24
0.18
0.20
0.20
0.17
0.21
0.22
0.23
2.76
0.21
0.19
0.21
0.19
0.23
0.24
0.24
2.77
0.18
0.19
0.18
0.18
0.19
0.18
0.18
0.19
CorWatt	PkgWatt
35.46	192.96
3.92	96.02
0.27
0.26
0.25
0.29
0.21
0.21
0.21
0.22
2.37
0.21
0.23
0.18
0.18
0.18
0.17
2.39
0.25
0.25
0.24
0.21
0.20
0.20
0.20
0.24
2.37
0.24
0.24
0.18
0.18
0.18
0.18
0.23	97.25
0.23
2.65
0.23
0.24
0.25
2.47
0.24
2.45
0.21
0.21
0.21
0.21
0.22
0.23
2.61
0.20
0.19
0.18
0.21
0.24
0.24
0.24
2.59
0.17
0.19
0.18
0.18
0.18
0.17
0.18
0.18
CorWatt	PkgWatt
36.95	195.93
2.16	94.53
0.26
0.25
0.25
0.21
0.20
0.20
0.20
0.22
2.32
0.21
0.22
0.17
0.17
0.18
0.17
2.34
0.25
0.24
0.24
0.23
0.20
0.20
0.20
0.24
2.34
0.24
0.24
0.18
0.19
0.17
0.17
0.24	101.08
0.24
2.59
0.26
0.23
0.25
2.40
0.24
2.57
0.22
0.23
0.24
0.21
0.21
0.22
2.56
0.25
0.26
0.23
3.38
0.24
0.24
0.23
2.56
0.18
0.19
0.18
0.18
0.19
0.18
0.19
0.21
CorWatt	PkgWatt
40.00	195.04
2.16	95.93
0.27
0.25
0.25
0.21
0.20
0.20
0.20
0.22
2.31
0.21
0.22
0.17
0.17
0.18
0.17
2.33
0.25
0.24
0.24
0.21
0.20
0.20
0.20
0.24
2.34
0.24
0.24
0.23
3.46
0.22
0.22
0.23	99.06
0.24
2.59
0.23
0.24
0.24
2.40
0.24
2.57
0.22
0.22
0.22
0.21
0.22
0.22
2.53
0.23
0.24
0.23
3.33
0.24
0.24
0.24
2.55
0.17
0.18
0.17
0.18
0.17
0.17
0.17
0.17
CorWatt	PkgWatt
37.32	200.21
2.16	99.65
0.27
0.25
0.26
0.21
0.21
0.20
0.21
0.22
2.40
0.21
0.23
0.19
0.18
0.18
0.18
2.39
0.25
0.24
0.25
0.21
0.20
0.20
0.19
0.24
2.40
0.24
0.24
0.23
3.42
0.23
0.22
0.26	100.69
0.27
2.67
0.27
0.23
0.24
1.98
0.29
2.65
0.25
0.24
0.26
0.21
0.22
0.23
2.64
0.23
0.23
0.21
0.21
0.24
0.24
0.24
2.64
0.18
0.18
0.18
0.19
0.18
0.18
0.18
0.21
CorWatt	PkgWatt
32.87	195.32
2.34	97.02
0.27
0.25
0.26
0.21
0.21
0.20
0.21
0.22
2.48
0.21
0.23
0.19
0.18
0.18
0.18
2.51
0.25
0.24
0.26
0.23
0.20
0.20
0.20
0.24
2.50
0.24
0.24
0.18
0.19
0.18
0.18
0.25	98.24
0.23
2.81
0.25
0.20
0.20
0.20
0.22
2.77
0.23
0.21
0.25
0.22
0.22
0.23
2.78
0.21
0.20
0.18
0.19
0.24
0.25
0.24
2.76
0.18
0.19
0.18
0.20
0.18
0.18
0.18
0.20
CorWatt	PkgWatt
32.88	191.59
3.39	95.93
0.28
0.25
0.25
0.21
0.20
0.20
0.20
0.22
2.45
0.21
0.22
0.17
0.17
0.17
0.17
2.44
0.25
0.24
0.24
0.21
0.20
0.19
0.19
0.24
2.46
0.24
0.24
0.18
0.17
0.17
0.17
0.25	95.61
0.23
2.77
0.25
0.19
0.20
0.19
0.21
2.73
0.23
0.21
0.23
0.21
0.21
0.22
2.74
0.21
0.22
0.18
0.20
0.19
0.20
0.19
0.20
0.18
0.20
0.18
0.18
0.21
0.21
0.22
2.20
CorWatt	PkgWatt
34.63	196.85
3.61	97.97
0.27
0.26
0.26
0.21
0.21
0.20
0.21
0.22
2.33
0.21
0.26
0.19
0.22
0.19
0.19
2.33
0.25
0.25
0.27
0.21
0.20
0.20
0.20
0.24
2.34
0.24
0.24
0.18
0.19
0.18
0.18
0.26	99.02
0.24
2.58
0.24
0.20
0.22
0.22
0.21
2.55
0.23
0.22
0.23
0.22
0.22
0.23
2.53
0.27
0.24
0.25
2.09
0.20
0.21
0.22
0.20
0.18
0.19
0.18
0.20
0.22
0.22
0.22
2.20
CorWatt	PkgWatt
31.45	189.70
0.64	95.15
0.24
0.23
0.22
0.23
0.23
0.21
0.22
0.22
2.29
0.21
0.24
0.21
0.19
0.19
0.21
2.33
0.25
0.24
0.25
0.21
0.20
0.20
0.19
0.24
2.31
0.24
0.24
0.22
2.20
0.22
0.22
0.23	95.13
0.23
2.58
0.23
0.19
0.20
0.20
0.21
2.52
0.22
0.21
0.22
0.21
0.21
0.22
2.53
0.25
0.25
0.24
2.26
0.19
0.19
0.19
0.19
0.18
0.18
0.18
0.18
0.18
0.18
0.18
0.31
CorWatt	PkgWatt
31.37	198.07
0.21	98.54
0.20
0.20
0.20
0.23
0.21
0.20
0.21
0.22
2.30
0.21
0.23
0.18
0.22
0.19
0.21
2.32
0.25
0.24
0.25
0.23
0.20
0.20
0.20
0.24
2.33
0.24
0.24
0.23
2.32
0.23
0.22
0.25	98.88
0.25
2.58
0.27
0.20
0.20
0.21
0.21
2.54
0.25
0.21
0.24
0.21
0.21
0.23
2.53
0.28
0.26
0.27
2.27
0.19
0.20
0.19
0.19
0.18
0.18
0.18
0.19
0.18
0.18
0.17
0.19
CorWatt	PkgWatt
31.11	189.74
0.21	94.62
0.21
0.21
0.20
0.21
0.20
0.20
0.20
0.23
2.30
0.21
0.23
0.17
0.18
0.17
0.17
2.36
0.25
0.24
0.24
0.21
0.20
0.20
0.20
0.24
2.32
0.24
0.24
0.23
2.31
0.23
0.23
0.23	95.18
0.25
2.65
0.25
0.19
0.20
0.19
0.19
2.60
0.22
0.21
0.23
0.21
0.21
0.23
2.58
0.24
0.24
0.23
2.31
0.19
0.19
0.19
0.19
0.17
0.18
0.17
0.18
0.18
0.18
0.18
0.19
CorWatt	PkgWatt
33.40	192.09
0.24	96.99
0.22
0.23
0.22
2.41
0.31
0.23
0.23
0.22
2.28
0.21
0.23
0.18
0.20
0.20
0.18
2.31
0.25
0.24
0.24
0.22
0.20
0.20
0.20
0.24
2.30
0.24
0.24
0.23
2.28
0.23
0.23
0.26	95.02
0.23
2.57
0.23
0.20
0.20
0.36
0.20
2.51
0.22
0.24
0.22
0.21
0.21
0.22
2.53
0.25
0.23
0.23
2.24
0.19
0.19
0.19
0.19
0.17
0.18
0.17
0.18
0.17
0.17
0.17
0.18
CorWatt	PkgWatt
36.37	192.82
0.22	95.05
0.22
0.23
0.21
2.48
0.26
0.24
0.26
0.23
2.29
0.21
0.23
0.21
0.21
0.18
0.18
0.27
0.22
0.22
0.23
0.25
0.21
0.20
0.22
0.24
2.31
0.24
0.24
0.23
2.29
0.23
0.22
0.23	100.09
0.23
2.55
0.23
0.23
0.25
2.02
0.23
2.51
0.21
0.21
0.21
0.21
0.21
0.22
2.50
0.24
0.23
0.22
2.25
0.19
0.19
0.19
0.19
0.17
0.18
0.17
0.18
0.21
0.21
0.22
3.73
CorWatt	PkgWatt
37.60	196.50
0.26	96.40
0.22
0.24
0.21
2.56
0.27
0.24
0.25
0.22
2.21
0.21
0.22
0.20
0.18
0.18
0.19
0.20
0.20
0.19
0.21
0.24
0.20
0.20
0.23
0.24
2.23
0.24
0.24
0.23
2.21
0.22
0.22
0.23	103.35
0.23
2.47
0.23
0.23
0.24
1.73
0.24
2.43
0.22
0.22
0.22
0.21
0.21
0.22
2.44
0.26
0.24
0.23
2.19
2.17
0.21
0.21
0.21
0.17
0.17
0.17
0.17
0.21
0.22
1.64
2.33
CorWatt	PkgWatt
34.96	194.22
0.23	96.25
0.21
0.21
0.21
4.16
0.25
0.24
0.24
0.22
2.27
0.21
0.22
0.17
0.17
0.17
0.17
0.19
0.19
0.19
0.19
0.21
0.20
0.20
0.20
0.24
2.32
0.24
0.24
0.23
2.29
0.23
0.22
0.23	97.14
0.23
2.57
0.25
0.19
0.19
0.19
0.20
2.54
0.23
0.24
0.22
0.21
0.21
0.22
2.54
0.24
0.24
0.23
2.26
0.31
0.19
0.19
0.19
0.17
0.18
0.17
0.18
0.22
0.21
0.22
2.20
CorWatt	PkgWatt
34.46	196.92
0.23	98.67
0.21
0.21
0.21
4.17
0.24
0.24
0.24
0.22
2.49
0.21
0.22
0.18
0.18
0.18
0.20
0.20
0.20
0.21
0.20
0.23
0.22
0.20
0.20
0.24
2.52
0.24
0.24
0.22
2.49
0.22
0.22
0.26	97.68
0.25
2.80
0.26
0.20
0.20
0.20
0.22
2.78
0.22
0.22
0.25
0.21
0.21
0.22
2.76
0.26
0.26
0.27
2.46
0.19
0.19
0.19
0.19
0.17
0.18
0.17
0.18
0.18
0.17
0.17
0.20
CorWatt	PkgWatt
33.20	194.68
0.22	97.41
0.21
0.21
0.21
3.34
0.25
0.24
0.25
0.21
1.82
0.22
0.21
0.20
0.18
0.18
0.20
0.20
0.20
0.20
0.23
0.22
0.20
0.20
0.20
0.24
2.61
0.24
0.24
0.22
2.64
0.23
0.22
0.25	97.84
0.24
2.90
0.23
0.19
0.19
0.19
0.20
0.22
2.92
0.21
0.22
0.21
0.21
0.22
2.88
0.24
0.23
0.22
2.54
0.24
0.19
0.19
0.19
0.17
0.18
0.17
0.18
0.18
0.17
0.17
0.18
CorWatt	PkgWatt
33.69	199.36
0.23	97.20
0.21
0.22
0.21
2.15
0.24
0.25
0.28
0.17
0.18
0.17
0.17
0.20
0.18
0.18
0.22
0.20
0.20
0.20
0.22
0.27
0.21
0.20
0.23
0.24
2.79
0.24
0.24
0.23
3.13
0.23
0.22
0.23	101.89
0.24
3.11
0.24
0.20
0.23
0.88
0.21
0.21
3.12
0.24
0.22
0.19
0.18
0.20
1.00
0.25
0.24
0.23
2.67
3.08
0.24
0.24
0.23
0.18
0.18
0.18
0.20
0.18
0.17
0.17
0.18
CorWatt	PkgWatt
35.42	192.82
0.22	93.45
0.21
0.21
0.20
2.15
0.24
0.24
0.24
0.17
0.17
0.17
0.17
0.17
0.17
0.17
0.18
0.19
0.19
0.19
0.19
0.22
0.20
0.20
0.20
0.24
2.82
0.24
0.24
0.23
3.21
0.22
0.22
0.23	100.30
0.23
3.18
0.23
0.23
0.25
3.50
0.26
0.21
3.17
0.22
0.22
0.17
0.17
0.17
0.18
0.25
0.24
0.22
2.71
3.11
0.24
0.24
0.23
0.18
0.18
0.18
0.19
0.19
0.17
0.17
0.33
CorWatt	PkgWatt
38.29	197.07
0.23	94.97
0.22
0.23
0.21
2.15
0.24
0.25
0.24
0.18
0.19
0.18
0.18
0.23
0.21
0.23
2.38
0.20
0.21
0.21
0.20
0.22
0.20
0.20
0.20
0.24
2.45
0.24
0.24
0.22
2.73
0.22
0.22
0.23	101.46
0.24
2.69
0.24
0.22
0.23
2.59
0.23
0.21
2.70
0.24
0.22
0.16
0.16
0.17
0.16
0.24
0.23
0.23
2.37
2.67
0.23
0.24
0.23
0.17
0.17
0.17
0.17
0.21
0.21
0.22
4.05
CorWatt	PkgWatt
36.09	197.91
0.23	96.60
0.22
0.23
0.21
2.70
0.24
0.25
0.24
0.18
0.18
0.17
0.17
0.25
0.21
0.22
2.18
0.21
0.20
0.20
0.20
0.22
0.21
0.20
0.22
0.24
2.45
0.24
0.24
0.23
2.72
0.23
0.22
0.23	100.23
0.24
2.74
0.23
0.19
0.20
0.19
0.19
0.21
2.75
0.23
0.22
0.17
0.16
0.17
0.17
0.25
0.25
0.23
2.40
2.71
0.23
0.24
0.23
0.18
0.18
0.18
0.19
0.21
0.21
0.22
3.67
CorWatt	PkgWatt
33.52	194.57
0.24	97.33
0.21
0.21
0.21
3.60
0.32
0.25
0.24
0.17
0.17
0.17
0.17
0.19
0.17
0.18
0.17
0.19
0.19
0.19
0.19
0.22
0.22
0.20
0.20
0.24
2.85
0.24
0.23
0.22
3.23
0.22
0.22
0.23	97.23
0.24
3.19
0.24
0.19
0.20
0.19
0.19
0.21
3.19
0.22
0.21
0.16
0.16
0.17
0.16
0.24
0.23
0.23
2.73
3.15
0.23
0.24
0.23
0.17
0.17
0.17
0.17
0.17
0.17
0.16
0.17
CorWatt	PkgWatt
33.03	198.20
0.22	97.49
0.21
0.22
0.21
2.42
0.25
0.26
0.24
0.20
0.18
0.18
0.18
0.21
0.18
0.20
0.20
0.21
0.19
0.19
0.19
0.23
0.22
0.20
0.22
0.24
2.79
0.24
0.24
0.23
3.15
0.23
0.22
0.23	101.06
0.24
3.10
0.23
0.20
0.22
0.99
0.21
0.21
3.12
0.23
0.24
0.17
0.16
0.17
0.16
0.26
0.25
0.24
2.68
3.07
0.24
0.24
0.24
0.17
0.17
0.17
0.17
0.17
0.17
0.17
0.19
CorWatt	PkgWatt
30.32	191.64
0.24	92.37
0.23
1.06
0.24
0.22
0.20
0.21
0.22
0.20
0.18
0.18
0.18
0.17
0.19
0.20
0.19
0.20
0.19
0.19
0.19
0.23
0.21
0.20
0.24
0.21
1.30
0.22
0.22
0.22
2.86
0.22
0.22
0.22	99.94
0.22
2.84
0.23
0.23
0.24
2.55
0.23
0.21
2.86
0.21
0.21
0.16
0.16
0.16
0.16
0.24
0.23
0.22
2.47
2.82
0.23
0.24
0.23
0.17
0.17
0.17
0.17
0.17
0.17
0.17
0.46
CorWatt	PkgWatt
30.85	192.67
0.32	93.65
0.27
1.08
1.57
1.31
0.22
0.23
0.23
0.20
0.18
0.18
0.18
0.19
0.19
0.20
0.68
0.19
0.19
0.19
0.19
0.22
0.20
0.19
0.20
0.18
0.18
0.18
0.18
0.22
2.51
0.22
0.22
0.20	99.01
0.21
0.56
0.20
0.23
0.24
2.31
0.24
0.21
2.54
0.22
0.22
0.17
0.17
0.19
0.17
0.26
0.23
0.23
2.25
2.52
0.23
0.23
0.23
0.18
0.18
0.18
0.20
0.21
0.21
0.21
2.57
CorWatt	PkgWatt
35.88	196.35
0.25	96.86
0.23
0.23
1.11
2.31
0.24
0.27
0.25
0.20
0.19
0.17
0.18
0.22
0.22
0.22
4.03
0.19
0.19
0.19
0.19
0.22
0.20
0.19
0.20
0.20
0.20
0.20
1.84
0.22
2.62
0.22
0.22
0.19	99.16
0.25
0.19
0.19
0.23
0.24
2.40
0.23
0.21
2.63
0.22
0.22
0.17
0.17
0.21
0.17
0.26
0.24
0.23
2.32
2.62
0.23
0.24
0.23
0.18
0.18
0.18
0.19
0.21
0.21
0.21
2.64
CorWatt	PkgWatt
37.71	203.46
0.26	99.99
0.24
0.24
3.12
0.51
0.21
0.23
0.23
0.20
0.20
0.18
0.22
0.22
0.23
0.22
3.31
0.21
0.20
0.20
0.67
0.25
0.24
0.20
0.21
0.20
0.19
0.20
0.71
0.23
3.16
0.22
0.22
0.19	103.00
0.20
0.18
0.18
0.23
0.25
2.80
0.23
0.21
3.15
0.22
0.21
0.17
0.17
0.22
0.17
0.27
0.23
0.22
2.71
3.12
0.24
0.24
0.23
0.17
0.17
0.17
0.20
0.21
0.21
0.21
3.16
CorWatt	PkgWatt
34.08	196.15
0.23	93.29
0.20
0.20
0.22
0.22
0.20
0.20
0.32
0.19
0.19
0.19
1.53
0.17
0.17
0.17
0.17
0.19
0.19
0.19
0.19
0.72
0.21
0.20
0.20
0.19
0.19
0.19
1.23
0.22
3.18
0.22
0.21
0.20	102.57
0.20
0.20
0.49
0.23
0.24
2.83
0.24
0.21
3.20
0.22
0.22
0.17
0.18
0.46
0.19
0.27
0.23
0.23
2.73
3.14
0.23
0.24
0.23
0.57
0.19
0.19
0.20
0.21
0.21
0.22
3.18
CorWatt	PkgWatt
34.02	199.15
0.27	96.45
0.25
0.25
4.15
0.22
0.20
0.22
0.20
0.18
0.18
0.17
0.19
0.17
0.19
0.18
0.19
0.21
0.19
0.19
0.19
0.23
0.22
0.20
0.20
0.19
0.19
0.19
0.23
0.23
3.20
0.22
0.22
0.18	103.04
0.18
0.18
0.18
0.23
0.24
2.84
0.23
0.21
3.21
0.21
0.21
0.16
0.17
0.16
0.16
0.27
0.23
0.22
2.73
3.14
0.24
0.24
0.23
0.17
0.17
0.17
0.17
0.21
0.21
0.22
3.18
CorWatt	PkgWatt
36.23	193.98
0.33	95.33
0.24
0.24
2.78
0.72
1.11
0.22
0.22
0.20
0.20
0.20
2.15
0.19
0.22
0.19
0.82
0.21
0.20
0.19
0.22
0.21
0.22
0.21
0.19
0.19
0.19
0.20
0.20
0.22
3.09
0.22
0.22
0.18	99.07
0.18
0.18
0.18
0.23
0.24
2.75
0.23
0.21
3.10
0.22
0.22
0.16
0.17
0.16
0.16
0.27
0.24
0.23
2.65
3.04
0.23
0.24
0.23
0.17
0.17
0.17
0.17
0.21
0.21
0.21
3.07
CorWatt	PkgWatt
41.09	198.43
0.38	99.82
0.25
0.25
3.42
3.74
0.24
0.24
0.33
0.18
0.18
0.17
0.20
0.21
0.22
0.21
2.74
0.21
0.21
0.21
1.04
0.24
1.51
0.23
0.22
0.18
0.18
0.20
0.18
0.22
2.70
0.22
0.21
0.22	99.32
0.22
0.22
2.61
0.24
0.24
2.45
0.24
0.20
1.45
0.21
0.21
0.17
0.21
0.17
0.17
0.27
0.23
0.22
2.37
2.68
0.23
0.23
0.23
0.20
0.19
0.19
0.66
0.22
0.21
0.22
2.71
CorWatt	PkgWatt
39.33	197.98
0.32	99.83
0.22
0.22
1.39
3.88
0.32
0.26
0.24
0.20
0.21
0.20
3.08
0.23
0.23
0.23
2.51
0.20
0.19
0.19
0.19
0.26
2.00
0.24
0.23
0.18
0.17
0.20
0.18
0.22
2.48
0.22
0.21
0.21	97.42
0.22
0.21
1.21
0.24
0.25
2.27
0.24
0.18
0.20
0.19
0.20
0.18
0.21
0.18
0.17
0.27
0.23
0.23
2.21
2.47
0.23
0.23
0.23
1.99
0.22
0.22
0.24
0.22
0.21
0.21
2.50
CorWatt	PkgWatt
33.70	197.53
0.25	97.37
0.20
0.20
0.29
0.20
0.19
0.20
0.19
0.21
0.22
0.21
3.97
2.69
0.23
0.22
0.22
0.23
0.19
0.19
0.19
0.23
0.69
0.20
0.20
0.18
0.18
0.20
0.21
0.22
2.69
0.21
0.21
0.18	98.94
0.18
0.18
0.19
0.23
0.23
2.44
0.24
0.16
0.16
0.16
0.17
0.16
0.18
0.16
0.16
0.26
0.22
0.22
2.37
2.69
0.23
0.23
0.23
1.99
0.21
0.21
0.21
0.21
0.21
0.21
2.73
CorWatt	PkgWatt
33.75	195.91
0.24	97.49
0.21
0.21
1.15
0.20
0.19
0.20
0.38
0.21
0.21
0.20
2.99
3.14
0.24
0.23
0.21
0.22
0.19
0.19
0.21
0.24
0.21
0.20
0.19
0.18
0.18
0.18
0.19
0.22
3.15
0.22
0.21
0.19	98.51
0.20
0.19
0.19
0.23
0.24
2.79
0.24
0.17
0.17
0.17
0.20
0.17
0.20
0.19
0.17
0.26
0.23
0.22
2.69
3.10
0.23
0.24
0.23
0.17
0.17
0.17
0.18
0.22
0.21
0.21
3.13
CorWatt	PkgWatt
34.66	196.65
0.34	96.18
0.24
0.23
1.97
0.37
0.20
0.20
0.19
0.18
0.18
0.17
0.20
2.90
0.23
0.22
0.21
0.22
0.21
0.21
1.09
0.21
0.20
0.19
0.19
0.18
0.18
0.18
0.19
0.22
2.90
0.22
0.22
0.20	101.18
0.22
0.19
0.20
0.25
0.24
2.59
0.24
0.21
2.97
0.22
0.22
0.17
0.17
0.53
0.17
0.26
0.23
0.23
2.51
2.86
0.23
0.23
0.23
0.20
0.18
0.17
0.17
0.22
0.21
0.21
2.90
CorWatt	PkgWatt
35.19	197.92
0.30	100.35
0.25
0.24
2.53
2.53
0.23
0.24
0.24
0.19
0.20
0.19
1.86
2.53
0.21
0.21
0.21
0.20
0.20
0.21
1.51
0.21
0.19
0.19
0.18
0.17
0.17
0.18
0.18
0.22
2.53
0.22
0.21
0.19	97.60
0.18
0.19
0.19
0.24
0.24
2.31
0.24
0.17
0.18
0.18
0.17
0.18
0.19
0.21
1.12
0.27
0.23
0.22
2.24
2.51
0.23
0.23
0.23
0.19
0.18
0.18
0.18
0.22
0.21
0.21
2.53
CorWatt	PkgWatt
38.80	196.48
0.28	102.79
0.25
0.25
2.74
2.73
0.24
0.24
0.24
0.28
0.20
0.19
1.19
2.75
0.21
0.21
0.21
0.21
0.21
0.21
0.86
0.25
2.94
0.24
0.23
0.21
0.21
0.22
2.43
0.22
2.74
0.22
0.22
0.19	93.99
0.24
0.20
0.21
0.23
0.24
2.49
0.23
0.18
0.18
0.17
0.21
0.17
0.19
0.17
0.17
0.29
0.20
0.21
0.80
2.74
0.23
0.23
0.23
0.62
0.18
0.18
0.21
0.21
0.21
0.21
2.79
CorWatt	PkgWatt
41.56	199.17
0.37	97.44
0.25
0.25
2.74
2.72
0.23
0.25
0.24
0.19
0.18
0.18
0.19
2.75
0.23
0.22
0.22
0.21
0.20
0.20
0.23
0.26
3.49
0.24
0.23
0.18
0.18
0.18
0.20
0.19
0.85
0.20
0.20
0.24	102.17
1.68
0.24
1.23
0.23
0.24
2.50
0.23
0.19
0.21
0.21
1.31
0.19
0.52
1.44
0.20
0.22
0.21
0.66
0.20
2.73
0.23
0.23
0.23
3.50
0.22
0.22
0.24
0.21
0.21
0.21
2.77
CorWatt	PkgWatt
37.87	222.94
0.28	109.38
0.26
0.25
2.81
2.80
0.24
0.25
0.24
0.18
0.18
0.18
0.20
2.80
0.23
0.22
0.22
0.20
0.19
0.19
0.19
0.22
0.55
0.20
0.19
0.18
0.18
0.18
0.19
0.21
0.21
0.21
3.08
0.25	112.16
2.34
0.25
0.25
0.23
0.24
2.54
0.24
0.20
0.20
0.20
1.08
0.17
0.21
0.20
0.17
0.28
0.19
0.19
0.19
2.77
0.23
0.23
0.23
2.83
0.21
0.21
0.21
2.15
0.22
0.21
0.82
CorWatt	PkgWatt
33.59	204.53
0.27	100.81
0.25
0.25
2.95
2.93
0.24
0.24
0.24
0.19
0.93
0.18
0.19
2.95
0.21
0.21
0.21
1.35
0.20
0.20
0.20
0.20
0.19
0.19
0.19
0.18
0.18
0.18
0.18
0.20
0.20
0.21
2.01
0.21	102.97
0.68
0.21
0.20
0.23
0.25
2.69
0.23
0.19
0.18
0.20
0.21
0.16
0.16
0.22
0.16
0.23
0.24
0.19
0.22
2.94
0.23
0.23
0.23
0.19
0.18
0.18
0.20
2.93
0.21
0.21
0.21
CorWatt	PkgWatt
34.67	192.88
0.31	94.65
0.27
0.25
3.18
3.15
0.31
0.24
0.24
0.19
0.19
0.18
0.19
3.17
0.23
0.23
0.23
0.22
0.19
0.19
0.19
0.22
0.20
0.19
0.19
0.18
0.18
0.18
0.19
0.18
0.18
0.17
0.19
0.21	98.20
0.21
0.22
2.40
0.23
0.25
2.83
0.23
0.19
0.19
0.19
0.97
0.18
1.25
0.20
0.18
0.22
0.19
0.19
0.19
3.14
0.23
0.23
0.23
0.20
0.18
0.18
0.22
3.08
0.21
0.21
0.23
CorWatt	PkgWatt
34.98	207.53
0.36	102.11
0.25
0.25
2.78
0.82
2.24
0.23
0.24
0.17
0.17
0.17
0.17
2.77
0.21
0.21
0.21
0.19
0.19
0.19
0.19
0.25
2.38
0.23
0.23
0.17
0.17
0.17
0.17
0.17
0.17
0.17
0.17
0.21	106.73
0.21
0.22
1.00
0.23
0.24
2.52
0.23
0.18
0.18
0.17
0.18
0.21
0.24
0.37
3.36
0.22
0.19
0.19
0.19
2.75
0.23
0.24
0.23
0.76
0.20
0.19
0.23
2.68
0.21
0.21
0.21
CorWatt	PkgWatt
34.93	192.11
0.28	96.37
0.26
0.25
2.52
0.24
2.55
0.24
0.24
0.17
0.17
0.17
0.17
2.51
0.22
0.22
0.22
0.19
0.19
0.19
0.19
0.25
2.35
0.24
0.23
0.18
0.17
0.18
0.18
0.20
0.20
0.21
3.04
0.19	95.63
0.19
0.20
0.88
0.23
0.24
2.34
0.23
0.17
0.17
0.17
0.45
0.17
0.17
0.18
0.21
0.26
0.19
0.19
0.19
2.51
0.23
0.23
0.23
2.33
0.22
0.22
0.22
2.46
0.21
0.21
0.23
CorWatt	PkgWatt
38.21	191.01
0.32	96.11
0.25
0.25
2.35
0.23
2.38
0.24
0.24
0.20
1.42
0.20
1.09
2.35
0.21
0.22
0.21
0.19
0.19
0.19
0.22
0.25
2.19
0.24
0.23
0.18
0.18
0.18
0.19
0.20
0.20
0.20
1.84
0.22	96.45
3.26
0.23
0.26
0.23
0.24
2.20
0.23
0.17
0.17
0.17
0.23
0.16
0.16
0.17
0.16
0.24
0.26
0.21
1.60
2.36
0.23
0.23
0.23
2.20
0.22
0.22
0.22
2.31
0.21
0.21
0.21
