CorWatt	PkgWatt
175.64	345.64
3.08	171.75
3.09
2.89
2.90
2.85
2.97
3.03
3.05
2.92
2.92
2.73
2.89
2.95
2.76
2.88
2.92
2.90
2.96
3.00
2.88
2.68
2.74
3.01
2.86
2.83
2.43
2.59
2.26
2.69
2.69
2.91
2.89
2.70	159.58
2.57
2.59
2.67
2.46
2.63
2.53
2.38
2.62
2.67
2.44
2.45
2.37
2.52
2.39
2.54
2.22
2.35
2.30
2.28
2.42
2.59
2.55
2.59
2.28
2.26
2.28
2.33
2.51
2.31
2.38
2.31
CorWatt	PkgWatt
167.83	330.55
3.06	171.00
2.91
2.85
2.81
2.84
2.90
2.98
2.98
2.46
2.57
2.75
2.75
2.91
2.86
2.91
2.89
3.02
2.85
3.00
3.02
2.84
2.76
2.92
2.46
2.61
2.84
2.72
2.65
2.65
2.80
2.63
2.83
2.48	159.44
2.58
2.50
2.49
2.44
2.60
2.51
2.37
2.61
2.64
2.42
2.40
2.36
2.51
2.39
2.54
2.26
2.34
2.23
2.28
2.38
2.65
2.56
2.56
2.28
2.26
2.28
2.33
2.51
2.31
2.38
2.31
CorWatt	PkgWatt
170.20	342.46
2.18	178.85
2.61
2.64
2.48
3.01
2.94
3.03
3.00
2.99
2.88
2.86
2.87
3.00
2.89
2.97
2.83
2.97
2.80
2.95
2.93
3.02
2.95
2.93
2.98
3.02
2.97
2.99
2.97
3.05
3.10
3.07
2.99
2.51	163.75
2.55
2.50
2.47
2.44
2.50
2.46
2.37
2.54
2.64
2.41
2.39
2.35
2.46
2.38
2.53
2.26
2.29
2.20
2.27
2.39
2.65
2.61
2.53
2.28
2.26
2.28
2.34
2.51
2.32
2.36
2.32
CorWatt	PkgWatt
29.78	193.21
0.43	97.32
0.50
0.34
0.49
0.37
0.44
0.37
0.40
0.66
0.49
0.62
0.49
0.54
0.43
0.61
0.53
0.52
0.41
0.52
0.51
0.36
0.34
0.46
0.46
0.58
0.42
0.64
0.52
0.45
0.51
0.46
0.47
0.51	96.22
0.44
0.48
0.41
0.41
0.43
0.42
0.41
0.44
0.45
0.44
0.42
0.44
0.55
0.48
0.52
0.43
0.42
0.41
0.42
0.47
0.49
0.46
0.50
0.42
0.44
0.42
0.42
0.52
0.47
0.46
0.49
CorWatt	PkgWatt
9.15	162.59
0.17	81.60
0.17
0.17
0.17
0.16
0.16
0.16
0.16
0.14
0.14
0.14
0.14
0.14
0.14
0.14
0.14
0.16
0.17
0.16
0.16
0.17
0.16
0.16
0.16
0.15
0.15
0.15
0.16
0.14
0.14
0.14
0.14
0.14	80.87
0.14
0.13
0.14
0.14
0.14
0.14
0.14
0.12
0.12
0.12
0.13
0.12
0.12
0.12
0.12
0.14
0.14
0.13
0.14
0.14
0.14
0.14
0.14
0.13
0.13
0.13
0.13
0.12
0.12
0.12
0.13
CorWatt	PkgWatt
14.97	170.18
0.26	90.07
0.25
0.26
0.25
0.24
0.24
0.24
0.24
0.21
0.21
0.21
0.21
0.25
0.25
0.24
3.94
0.24
0.24
0.24
0.24
0.25
0.24
0.24
0.23
0.22
0.22
0.22
0.22
0.22
0.22
0.22
0.21
0.12	80.00
0.12
0.12
0.12
0.13
0.13
0.13
0.13
0.11
0.11
0.11
0.11
0.11
0.11
0.11
0.11
0.12
0.12
0.12
0.12
0.13
0.13
0.13
0.13
0.11
0.12
0.11
0.11
0.11
0.11
0.11
0.11
CorWatt	PkgWatt
146.64	309.10
2.42	160.53
2.35
2.34
2.49
2.33
2.67
2.64
2.32
2.28
2.38
2.55
2.23
2.49
2.53
2.32
5.28
2.31
2.36
2.43
2.40
2.40
2.59
2.43
2.38
2.57
2.58
2.23
2.26
2.41
2.28
2.58
2.62
2.11	148.42
2.08
2.01
2.11
2.01
2.21
2.25
2.04
2.08
2.06
2.10
2.14
1.99
2.09
2.09
2.08
2.00
1.89
2.07
2.07
2.02
2.16
2.13
2.16
2.06
1.91
2.02
2.10
2.02
2.09
1.95
2.05
CorWatt	PkgWatt
170.05	326.69
2.87	170.75
2.72
2.72
2.90
2.72
3.14
2.71
2.71
2.78
2.83
3.04
2.63
3.02
3.05
2.79
5.17
2.79
2.80
2.83
2.79
2.69
2.90
2.89
2.88
2.91
3.04
2.64
2.66
2.85
2.68
3.06
2.87
2.49	155.93
2.38
2.37
2.49
2.33
2.54
2.57
2.36
2.45
2.35
2.44
2.39
2.35
2.49
2.36
2.36
2.39
2.25
2.47
2.50
2.38
2.57
2.53
2.42
2.29
2.24
2.38
2.49
2.38
2.31
2.27
2.39
CorWatt	PkgWatt
168.67	325.24
2.87	169.91
2.72
2.72
2.89
2.71
2.92
2.71
2.70
2.79
2.83
3.05
2.63
2.82
3.01
2.68
5.15
2.79
2.80
2.83
2.79
2.69
2.90
2.89
2.88
2.78
3.03
2.65
2.67
2.84
2.68
3.05
2.87
2.47	155.25
2.37
2.36
2.48
2.31
2.48
2.38
2.34
2.45
2.36
2.38
2.35
2.35
2.49
2.36
2.37
2.38
2.24
2.47
2.47
2.38
2.57
2.39
2.42
2.27
2.23
2.37
2.49
2.37
2.28
2.27
2.39
CorWatt	PkgWatt
168.01	324.46
2.87	169.82
2.72
2.72
2.89
2.71
2.89
2.71
2.70
2.78
2.83
3.05
2.63
3.16
2.99
2.27
5.14
2.79
2.80
2.83
2.78
2.69
2.91
2.89
2.88
2.79
3.03
2.66
2.67
2.84
2.69
3.06
2.70
2.46	154.61
2.36
2.35
2.46
2.31
2.47
2.37
2.34
2.45
2.36
2.38
2.36
2.35
2.49
2.37
2.38
2.30
2.23
2.36
2.35
2.36
2.55
2.38
2.40
2.28
2.23
2.36
2.49
2.39
2.28
2.27
2.38
CorWatt	PkgWatt
167.77	324.43
2.87	169.93
2.72
2.72
2.89
2.72
2.89
2.72
2.71
2.79
2.84
3.04
2.64
3.15
2.98
2.30
5.13
2.79
2.80
2.83
2.78
2.70
2.92
2.90
2.89
2.79
3.03
2.65
2.67
2.85
2.69
3.06
2.67
2.41	154.64
2.36
2.35
2.46
2.32
2.48
2.38
2.35
2.44
2.36
2.38
2.36
2.35
2.49
2.37
2.37
2.23
2.22
2.31
2.34
2.36
2.55
2.38
2.41
2.28
2.23
2.36
2.49
2.39
2.28
2.28
2.39
CorWatt	PkgWatt
167.33	323.73
2.86	169.75
2.72
2.72
2.89
2.72
2.89
2.72
2.71
2.79
2.84
3.05
2.64
3.15
2.98
2.30
5.13
2.79
2.80
2.83
2.78
2.70
2.91
2.89
2.88
2.79
3.03
2.65
2.67
2.85
2.70
3.06
2.67
2.34	153.86
2.35
2.34
2.45
2.31
2.47
2.38
2.34
2.39
2.36
2.37
2.35
2.35
2.40
2.36
2.37
2.23
2.22
2.31
2.34
2.34
2.41
2.36
2.39
2.27
2.23
2.36
2.48
2.39
2.28
2.27
2.38
CorWatt	PkgWatt
166.83	323.54
2.87	169.85
2.72
2.73
2.89
2.72
2.89
2.72
2.71
2.78
2.83
3.05
2.64
3.16
2.99
2.27
5.14
2.79
2.80
2.83
2.79
2.69
2.90
2.89
2.88
2.77
3.01
2.64
2.66
2.86
2.70
3.07
2.68
2.34	153.69
2.35
2.34
2.45
2.31
2.47
2.37
2.34
2.38
2.35
2.37
2.35
2.34
2.34
2.35
2.36
2.23
2.22
2.25
2.33
2.34
2.41
2.36
2.39
2.26
2.22
2.25
2.47
2.38
2.27
2.27
2.28
CorWatt	PkgWatt
166.60	322.88
2.87	169.66
2.72
2.72
2.89
2.71
2.89
2.72
2.71
2.78
2.84
3.05
2.64
3.16
2.99
2.26
5.14
2.78
2.80
2.83
2.78
2.70
2.92
2.90
2.89
2.79
3.03
2.65
2.67
2.85
2.69
3.07
2.67
2.34	153.33
2.35
2.34
2.45
2.31
2.47
2.37
2.34
2.37
2.35
2.36
2.34
2.34
2.34
2.35
2.36
2.22
2.21
2.19
2.33
2.34
2.41
2.35
2.39
2.26
2.22
2.24
2.43
2.38
2.26
2.27
2.27
CorWatt	PkgWatt
166.72	323.22
2.87	169.87
2.72
2.72
2.90
2.72
2.83
2.72
2.71
2.77
2.83
3.04
2.63
2.93
2.96
2.59
5.14
2.78
2.79
2.82
2.78
2.70
2.91
2.89
2.88
2.79
3.04
2.65
2.68
2.85
2.69
3.07
2.67
2.34	153.28
2.36
2.34
2.45
2.31
2.48
2.38
2.35
2.32
2.36
2.37
2.35
2.34
2.35
2.36
2.36
2.22
2.22
2.20
2.33
2.35
2.41
2.36
2.39
2.26
2.23
2.24
2.34
2.38
2.27
2.27
2.28
CorWatt	PkgWatt
164.70	321.52
2.86	168.27
2.71
2.72
2.89
2.73
2.70
2.73
2.71
2.78
2.84
3.05
2.63
3.01
2.99
2.98
3.10
2.78
2.80
2.83
2.78
2.70
2.91
2.90
2.89
2.82
2.74
2.69
2.70
2.84
2.69
3.07
2.67
2.34	153.27
2.36
2.34
2.45
2.31
2.48
2.37
2.34
2.31
2.36
2.37
2.34
2.34
2.35
2.36
2.36
2.22
2.21
2.19
2.33
2.34
2.41
2.36
2.39
2.26
2.23
2.24
2.34
2.38
2.26
2.27
2.27
CorWatt	PkgWatt
43.42	201.68
0.78	102.84
0.75
0.73
0.75
0.75
0.73
0.69
0.70
0.72
0.77
0.75
0.69
0.80
0.78
0.74
0.65
0.83
0.70
0.76
0.75
0.77
0.96
0.83
0.83
0.68
0.63
0.64
0.64
0.69
0.68
0.70
0.66
0.62	99.23
0.66
0.59
0.64
0.62
0.60
0.60
0.62
0.66
0.61
0.62
0.68
0.60
0.61
0.61
0.60
0.56
0.58
0.62
0.61
0.64
0.71
0.65
0.67
0.59
0.64
0.59
0.60
0.64
0.62
0.62
0.63
CorWatt	PkgWatt
8.28	160.92
0.18	81.21
0.17
0.17
0.17
0.15
0.15
0.15
0.15
0.14
0.14
0.13
0.14
0.21
0.14
0.13
0.13
0.16
0.16
0.16
0.15
0.16
0.16
0.16
0.15
0.14
0.15
0.15
0.14
0.14
0.14
0.14
0.14
0.11	79.53
0.11
0.11
0.11
0.11
0.11
0.11
0.11
0.10
0.10
0.10
0.10
0.10
0.10
0.10
0.10
0.11
0.11
0.11
0.11
0.12
0.12
0.12
0.12
0.11
0.11
0.11
0.11
0.10
0.10
0.10
0.10
CorWatt	PkgWatt
14.89	169.64
0.27	90.34
0.25
0.26
0.25
0.24
0.23
0.24
0.23
0.21
0.21
0.21
0.21
0.21
0.22
0.21
0.21
0.24
0.24
0.24
0.24
0.26
0.25
0.25
0.24
0.23
0.23
0.23
0.23
0.26
0.26
0.27
4.17
0.11	79.34
0.11
0.11
0.11
0.11
0.11
0.11
0.11
0.10
0.10
0.10
0.10
0.10
0.10
0.10
0.10
0.11
0.11
0.11
0.11
0.11
0.11
0.11
0.11
0.11
0.11
0.11
0.11
0.10
0.10
0.10
0.10
CorWatt	PkgWatt
131.33	296.75
2.03	156.04
2.08
2.14
2.31
2.21
2.10
2.16
2.32
2.10
2.28
2.08
2.07
2.10
2.13
2.00
2.13
2.15
2.03
2.20
2.15
2.14
2.24
2.15
2.28
2.40
2.26
2.12
2.22
2.08
2.11
2.28
5.25
1.76	140.47
1.76
1.77
1.94
1.95
1.91
1.98
1.80
1.87
1.93
1.95
1.86
1.86
1.95
1.89
1.89
1.80
1.79
1.80
1.76
1.93
1.79
1.86
1.79
1.73
1.72
1.86
1.72
1.88
1.77
1.88
1.82
CorWatt	PkgWatt
172.89	328.82
2.66	170.93
2.73
2.90
3.04
3.02
2.92
2.82
2.90
2.79
3.07
2.79
2.61
2.83
2.83
2.63
2.84
2.84
2.65
3.01
2.66
2.70
3.10
2.78
3.04
3.22
3.01
2.82
2.82
2.81
2.83
2.96
5.04
2.39	157.72
2.40
2.39
2.65
2.67
2.58
2.67
2.43
2.50
2.55
2.60
2.44
2.52
2.58
2.56
2.56
2.45
2.46
2.38
2.42
2.64
2.43
2.41
2.41
2.32
2.29
2.54
2.30
2.41
2.30
2.49
2.43
CorWatt	PkgWatt
170.16	325.99
2.65	170.07
2.71
2.91
3.01
2.88
2.66
2.92
2.88
2.60
3.07
2.79
2.61
2.81
2.81
2.61
2.83
2.83
2.65
3.05
2.64
2.71
3.11
2.71
2.89
3.23
3.02
2.82
2.65
2.80
2.70
2.84
5.17
2.35	155.99
2.36
2.36
2.47
2.51
2.48
2.53
2.38
2.49
2.51
2.53
2.39
2.50
2.51
2.55
2.54
2.37
2.41
2.31
2.34
2.63
2.42
2.37
2.40
2.30
2.28
2.52
2.28
2.38
2.29
2.41
2.41
CorWatt	PkgWatt
169.11	326.61
2.63	171.68
2.70
2.88
2.99
2.86
2.66
2.88
2.88
2.60
3.08
2.80
2.63
2.81
2.82
2.63
2.83
2.82
2.65
3.04
2.65
2.71
3.11
2.71
2.89
3.24
3.02
2.82
2.65
2.80
2.71
2.84
5.17
2.35	154.97
2.36
2.36
2.47
2.44
2.38
2.51
2.37
2.35
2.38
2.51
2.37
2.49
2.51
2.53
2.54
2.32
2.35
2.21
2.31
2.51
2.41
2.36
2.40
2.29
2.27
2.52
2.28
2.38
2.28
2.39
2.40
CorWatt	PkgWatt
168.52	324.40
2.63	169.65
2.69
2.89
2.99
2.86
2.66
2.88
2.87
2.60
3.08
2.79
2.63
2.81
2.82
2.62
2.83
2.80
2.63
3.03
2.64
2.72
3.11
2.73
2.75
3.20
3.02
2.82
2.65
2.79
2.71
2.83
5.17
2.35	154.68
2.35
2.35
2.46
2.44
2.37
2.51
2.36
2.34
2.37
2.51
2.37
2.49
2.51
2.53
2.53
2.32
2.38
2.20
2.32
2.45
2.40
2.36
2.39
2.28
2.27
2.51
2.28
2.33
2.27
2.28
2.39
CorWatt	PkgWatt
168.36	324.21
2.63	169.71
2.70
2.89
3.00
2.87
2.67
2.88
2.88
2.60
3.08
2.80
2.63
2.82
2.83
2.63
2.84
2.81
2.64
3.03
2.64
2.71
3.10
2.72
2.70
3.15
3.02
2.84
2.67
2.87
2.69
2.84
5.15
2.36	154.59
2.36
2.36
2.47
2.45
2.38
2.51
2.37
2.34
2.38
2.51
2.37
2.49
2.51
2.53
2.54
2.21
2.35
2.20
2.22
2.45
2.40
2.36
2.39
2.28
2.26
2.39
2.27
2.39
2.28
2.28
2.39
CorWatt	PkgWatt
168.84	324.64
2.64	170.05
2.71
2.90
2.96
2.87
2.67
2.89
2.88
2.61
3.09
2.80
2.64
2.82
2.84
2.64
2.84
2.83
2.66
3.06
2.66
2.84
3.11
2.72
2.71
3.16
3.03
2.85
2.67
2.87
2.62
2.92
5.13
2.36	154.58
2.37
2.36
2.43
2.45
2.38
2.52
2.37
2.35
2.38
2.52
2.38
2.50
2.52
2.54
2.54
2.22
2.40
2.20
2.21
2.45
2.41
2.36
2.40
2.29
2.27
2.38
2.28
2.40
2.28
2.29
2.40
CorWatt	PkgWatt
167.65	323.50
2.65	169.49
2.71
2.90
2.88
2.87
2.67
2.89
2.88
2.62
2.85
2.81
2.64
2.82
2.84
2.63
2.84
2.83
2.65
3.06
2.66
2.86
2.93
2.72
2.71
3.13
2.82
2.85
2.68
2.87
2.64
2.91
5.10
2.35	154.04
2.36
2.35
2.33
2.45
2.38
2.39
2.36
2.35
2.38
2.52
2.38
2.50
2.52
2.54
2.55
2.22
2.35
2.20
2.21
2.34
2.40
2.36
2.39
2.28
2.26
2.38
2.28
2.38
2.28
2.29
2.40
CorWatt	PkgWatt
167.59	323.47
2.65	169.42
2.70
2.90
2.87
2.88
2.68
2.89
2.88
2.62
2.84
2.82
2.64
2.98
2.82
2.75
2.83
2.83
2.65
3.06
2.65
2.86
2.88
2.72
2.71
3.02
2.80
2.84
2.68
2.87
2.64
2.91
5.10
2.35	153.98
2.36
2.35
2.34
2.45
2.37
2.38
2.36
2.35
2.38
2.52
2.38
2.50
2.52
2.54
2.55
2.22
2.26
2.20
2.21
2.34
2.40
2.36
2.39
2.28
2.27
2.38
2.27
2.35
2.28
2.28
2.40
CorWatt	PkgWatt
165.22	321.18
2.64	167.48
2.70
2.89
2.87
2.87
2.67
2.88
2.88
2.61
2.83
2.81
2.64
2.95
2.76
2.78
2.78
2.81
2.64
3.04
2.64
2.85
2.86
2.71
2.69
3.02
2.80
2.84
2.80
3.00
2.62
3.04
3.11
2.34	153.72
2.35
2.34
2.33
2.44
2.37
2.37
2.35
2.34
2.37
2.50
2.37
2.49
2.51
2.53
2.53
2.21
2.20
2.19
2.20
2.33
2.39
2.35
2.38
2.27
2.26
2.37
2.27
2.36
2.27
2.28
2.33
CorWatt	PkgWatt
59.00	216.80
1.01	111.26
1.02
1.04
1.03
1.05
1.12
1.14
1.01
0.92
0.98
0.96
0.96
1.04
0.98
0.93
0.93
0.98
0.97
1.12
0.95
1.01
1.04
0.98
0.98
1.04
0.99
1.11
0.99
1.02
0.92
1.04
0.87
0.84	106.00
0.85
0.84
0.85
0.86
0.84
0.83
0.85
0.86
0.82
0.84
0.82
0.84
0.86
0.86
0.84
0.79
0.80
0.79
0.79
0.89
0.99
0.91
0.91
0.85
0.85
0.84
0.80
0.83
0.81
0.79
0.81
CorWatt	PkgWatt
7.62	159.58
0.15	80.20
0.15
0.16
0.14
0.14
0.14
0.14
0.13
0.13
0.13
0.12
0.12
0.12
0.12
0.12
0.12
0.14
0.14
0.14
0.14
0.15
0.14
0.14
0.14
0.13
0.13
0.13
0.13
0.13
0.13
0.13
0.12
0.11	79.13
0.11
0.11
0.11
0.11
0.11
0.11
0.11
0.10
0.10
0.10
0.10
0.10
0.10
0.10
0.10
0.11
0.11
0.11
0.11
0.11
0.11
0.11
0.11
0.10
0.11
0.10
0.10
0.10
0.10
0.10
0.10
CorWatt	PkgWatt
14.66	169.18
0.25	90.13
0.24
0.25
0.24
0.24
0.23
0.23
0.24
0.21
0.20
0.20
0.21
4.28
0.24
0.24
0.24
0.23
0.23
0.23
0.23
0.25
0.24
0.23
0.23
0.22
0.22
0.22
0.22
0.22
0.22
0.22
0.21
0.11	79.06
0.11
0.11
0.11
0.11
0.11
0.11
0.11
0.10
0.09
0.09
0.09
0.10
0.09
0.09
0.10
0.11
0.11
0.11
0.11
0.11
0.11
0.11
0.11
0.10
0.10
0.10
0.10
0.10
0.09
0.09
0.09
CorWatt	PkgWatt
83.27	268.94
1.30	140.80
1.30
1.31
1.30
1.29
1.29
1.31
1.31
1.33
1.25
1.24
1.28
5.30
1.27
1.27
1.27
1.30
1.31
1.31
1.29
1.34
1.33
1.32
1.31
1.28
1.29
1.29
1.31
1.25
1.30
1.28
1.27
1.22	133.28
1.24
1.22
1.23
1.22
1.23
1.24
1.23
1.21
1.22
1.20
1.21
1.22
1.23
1.22
1.22
1.22
1.21
1.20
1.21
1.23
1.24
1.24
1.25
1.21
1.22
1.21
1.21
1.22
1.23
1.22
1.22
CorWatt	PkgWatt
123.33	330.95
1.93	169.27
1.94
1.94
1.91
1.93
1.91
1.94
1.96
1.85
1.88
1.85
1.88
4.92
1.87
1.86
1.87
1.92
1.93
1.95
1.92
2.00
1.96
1.95
1.95
1.91
1.93
1.92
1.92
1.87
1.94
1.89
1.89
1.90	166.32
1.92
1.90
1.90
1.91
1.90
1.92
1.89
1.86
1.87
1.88
1.87
1.89
1.89
1.88
1.86
1.87
1.87
1.87
1.87
1.92
1.92
1.92
1.91
1.86
1.86
1.86
1.87
1.89
1.88
1.88
1.88
CorWatt	PkgWatt
124.06	331.21
1.95	169.52
1.95
1.95
1.92
1.93
1.91
1.93
1.95
1.87
1.89
1.85
1.88
4.91
1.88
1.87
1.88
1.93
1.94
1.95
1.93
2.00
1.96
1.97
1.96
1.91
1.92
1.91
1.94
1.88
1.94
1.90
1.89
1.90	166.23
1.93
1.90
1.89
1.90
1.90
1.91
1.89
1.88
1.88
1.88
1.88
1.89
1.89
1.87
1.87
1.86
1.87
1.86
1.87
1.92
1.92
1.92
1.92
1.87
1.87
1.87
1.87
1.88
1.89
1.88
1.88
CorWatt	PkgWatt
124.77	335.96
1.94	169.65
1.94
1.94
1.92
1.95
1.92
1.94
1.96
1.85
1.88
1.85
1.89
4.92
1.89
1.86
1.88
1.93
1.93
1.96
1.92
1.98
1.97
1.96
1.95
1.93
1.93
1.92
1.93
1.89
1.94
1.90
1.89
1.90	166.35
1.91
1.91
1.91
1.90
1.92
1.93
1.90
1.87
1.87
1.87
1.87
1.89
1.90
1.88
1.87
1.86
1.88
1.86
1.87
1.92
1.92
1.92
1.92
1.86
1.87
1.87
1.86
1.88
1.89
1.88
1.87
CorWatt	PkgWatt
125.93	339.07
1.94	169.72
1.95
1.95
1.92
1.93
1.91
1.93
1.95
2.38
1.88
1.85
1.88
4.44
1.87
1.87
1.88
1.92
1.93
1.94
1.92
1.99
1.96
1.96
1.95
1.93
1.92
1.91
1.93
1.88
1.94
1.90
1.90
1.90	166.46
1.92
1.92
1.89
1.90
1.90
1.91
1.89
1.88
1.90
1.89
1.88
1.88
1.89
1.88
1.87
1.87
1.87
1.86
1.87
1.92
1.92
1.92
1.91
1.86
1.87
1.87
1.87
1.88
1.90
1.88
1.88
CorWatt	PkgWatt
124.27	334.10
1.95	169.67
1.95
1.95
1.92
1.93
1.92
1.94
1.97
4.91
1.88
1.85
1.87
1.92
1.87
1.88
1.88
1.93
1.94
1.95
1.94
2.00
1.98
1.96
1.94
1.92
1.94
1.92
1.93
1.88
1.94
1.89
1.89
1.90	166.30
1.91
1.91
1.90
1.90
1.90
1.90
1.91
1.86
1.87
1.87
1.87
1.89
1.89
1.87
1.87
1.87
1.87
1.86
1.87
1.91
1.91
1.91
1.91
1.87
1.88
1.87
1.86
1.88
1.91
1.87
1.88
CorWatt	PkgWatt
124.88	336.04
1.95	169.79
1.95
1.95
1.93
1.94
1.92
1.93
1.95
4.88
1.88
1.84
1.87
1.91
1.88
1.88
1.89
1.93
1.94
1.94
1.92
1.99
1.98
1.96
1.95
1.92
1.93
1.92
1.93
1.89
1.94
1.90
1.90
1.91	166.33
1.92
1.90
1.90
1.91
1.91
1.91
1.90
1.87
1.88
1.88
1.88
1.88
1.89
1.87
1.87
1.86
1.88
1.87
1.87
1.91
1.92
1.92
1.91
1.86
1.88
1.86
1.87
1.88
1.89
1.88
1.88
CorWatt	PkgWatt
124.46	335.65
1.94	169.67
1.94
1.96
1.92
1.94
1.92
1.93
1.96
4.85
1.88
1.84
1.88
1.92
1.89
1.87
1.89
1.93
1.93
1.95
1.92
1.97
1.97
1.95
1.94
1.91
1.93
1.92
1.93
1.88
1.94
1.90
1.91
1.90	166.42
1.91
1.90
1.89
1.89
1.91
1.90
1.91
1.87
1.87
1.88
1.89
1.88
1.90
1.88
1.87
1.87
1.89
1.86
1.87
1.92
1.91
1.92
1.91
1.86
1.86
1.87
1.87
1.88
1.90
1.89
1.89
CorWatt	PkgWatt
121.91	325.26
1.93	167.63
1.94
1.95
1.92
1.92
1.92
1.94
1.96
4.22
1.88
1.85
1.87
1.91
1.88
1.87
1.88
1.92
1.93
1.95
1.92
1.98
1.96
1.96
1.95
1.91
1.93
1.91
1.93
1.87
1.93
1.89
1.90
1.90	164.73
1.91
1.91
1.91
1.90
1.89
1.91
1.89
1.87
1.87
1.87
1.88
1.88
1.88
1.86
1.87
1.86
1.87
1.85
1.87
1.90
1.91
1.91
1.91
1.86
1.86
1.86
1.86
1.88
1.88
1.87
1.86
CorWatt	PkgWatt
123.11	328.59
1.93	161.38
1.94
1.93
1.91
1.92
1.91
1.93
1.94
1.86
1.88
1.84
1.87
1.90
1.87
1.87
1.88
1.92
1.92
1.94
1.92
1.98
1.96
1.95
1.94
1.91
1.92
1.92
1.94
1.88
1.93
1.89
1.89
1.89	160.98
1.91
1.89
1.89
1.89
1.90
1.90
1.88
1.86
1.87
1.87
1.86
1.88
1.88
1.87
1.86
1.85
1.86
1.85
1.86
1.91
1.91
1.91
1.91
1.86
1.86
1.87
1.86
1.88
1.88
1.87
1.88
CorWatt	PkgWatt
122.22	334.92
1.93	167.07
1.96
1.96
1.92
1.94
1.92
1.93
1.97
1.87
1.88
1.85
1.89
1.92
1.87
1.88
1.88
1.93
1.93
1.96
1.91
2.00
1.95
1.96
1.95
1.92
1.92
1.94
1.93
1.89
1.93
1.90
1.90
1.90	166.31
1.92
1.90
1.89
1.90
1.90
1.91
1.89
1.87
1.87
1.87
1.88
1.89
1.89
1.88
1.87
1.87
1.86
1.86
1.87
1.91
1.91
1.92
1.91
1.89
1.87
1.87
1.86
1.87
1.88
1.87
1.87
CorWatt	PkgWatt
121.68	320.74
1.94	163.05
1.95
1.95
1.92
1.93
1.92
1.94
1.96
1.86
1.89
1.85
1.88
1.91
1.88
1.88
1.88
1.94
1.93
1.95
1.92
1.99
1.96
1.95
1.95
1.92
1.93
1.92
1.93
1.88
1.93
1.89
1.90
1.90	163.44
1.91
1.90
1.90
1.90
1.91
1.91
1.91
1.88
3.16
1.88
1.87
1.89
1.88
1.87
1.87
1.86
1.86
1.85
1.87
1.92
1.92
1.92
1.91
1.86
1.87
1.87
1.87
1.88
1.89
1.88
1.88
CorWatt	PkgWatt
124.55	324.27
1.93	160.20
1.93
1.93
1.91
1.92
1.90
1.92
1.94
1.85
1.87
1.84
1.87
1.89
1.87
1.87
1.87
1.91
1.92
1.95
1.91
1.97
1.95
1.95
1.93
1.91
1.91
1.90
1.93
1.87
1.91
1.89
1.89
1.88	162.46
1.89
1.89
1.88
1.88
1.89
1.90
1.90
1.85
4.87
1.87
1.86
1.87
1.87
1.86
1.85
1.85
1.85
1.85
1.85
1.90
1.90
1.91
1.90
1.84
1.85
1.85
1.85
1.87
1.87
1.86
1.86
CorWatt	PkgWatt
123.22	318.46
1.94	160.68
1.95
1.95
1.92
1.93
1.92
1.93
1.95
1.86
1.88
1.85
1.88
1.91
1.89
1.88
1.88
1.93
1.94
1.95
1.92
1.98
1.96
1.96
1.94
1.92
1.93
1.92
1.93
1.88
1.92
1.89
1.89
1.90	162.92
1.91
1.90
1.90
1.90
1.90
1.91
1.93
1.87
4.89
1.87
1.86
1.89
1.89
1.87
1.87
1.86
1.87
1.86
1.87
1.91
1.91
1.92
1.91
1.86
1.86
1.86
1.86
1.88
1.89
1.88
1.87
CorWatt	PkgWatt
125.94	327.03
1.94	160.78
1.95
1.96
1.93
1.94
1.92
1.94
1.96
1.86
1.89
1.86
1.88
1.95
1.89
1.88
1.89
1.93
1.94
1.96
1.93
1.98
1.98
1.96
1.96
1.92
1.93
1.93
1.94
1.89
1.93
1.90
1.90
1.91	163.24
1.92
1.91
1.90
1.90
1.91
1.92
1.94
1.87
4.83
1.88
1.88
1.89
1.90
1.89
1.88
1.87
1.88
1.87
1.88
1.93
1.92
1.93
1.92
1.87
1.87
1.88
1.87
1.89
1.90
1.89
1.89
CorWatt	PkgWatt
125.67	326.81
1.94	160.54
1.94
1.95
1.92
1.93
1.92
1.93
1.95
1.86
1.88
1.84
1.88
1.90
1.88
1.88
1.88
1.92
1.93
1.95
1.93
1.97
1.96
1.96
1.95
1.92
1.93
1.92
1.93
1.89
1.92
1.89
1.89
1.89	162.85
1.91
1.90
1.90
1.89
1.91
1.91
1.92
1.86
4.83
1.88
1.87
1.89
1.88
1.87
1.87
1.86
1.87
1.85
1.87
1.92
1.91
1.91
1.91
1.87
1.87
1.87
1.87
1.88
1.90
1.88
1.88
CorWatt	PkgWatt
124.89	332.89
1.93	165.01
1.95
1.95
1.92
1.93
1.91
1.94
1.96
1.87
1.88
1.84
1.90
1.91
1.89
1.88
1.88
1.92
1.93
1.96
1.93
2.00
1.96
1.96
1.94
1.91
1.93
1.93
1.94
1.89
1.93
1.91
1.90
1.90	167.53
1.91
1.90
1.90
1.91
1.91
1.92
1.96
1.86
4.90
1.87
1.87
1.90
1.90
1.88
1.88
1.87
1.87
1.86
1.87
1.92
1.92
1.92
1.92
1.87
1.86
1.87
1.87
1.88
1.89
1.88
1.87
CorWatt	PkgWatt
126.05	339.88
1.95	167.07
1.95
1.95
1.92
1.94
1.91
1.94
1.96
1.87
1.88
1.85
1.89
1.93
1.90
1.90
1.89
1.94
1.94
1.95
1.93
2.00
1.96
1.97
1.96
1.92
1.94
1.92
1.93
1.89
1.94
1.90
1.91
1.91	169.55
1.93
1.91
1.90
1.90
1.91
1.92
1.94
1.86
4.91
1.88
1.88
1.89
1.88
1.88
1.87
1.87
1.86
1.86
1.87
1.93
1.91
1.92
1.92
1.87
1.88
1.86
1.86
1.88
1.89
1.88
1.88
CorWatt	PkgWatt
125.26	337.74
1.95	167.18
1.96
1.95
1.92
1.93
1.92
1.93
1.96
1.86
1.88
1.85
1.89
1.92
1.89
1.88
1.89
1.93
1.94
1.96
1.93
2.01
1.97
1.95
1.95
1.92
1.94
1.92
1.93
1.89
1.93
1.90
1.91
1.90	169.37
1.92
1.92
1.91
1.90
1.91
1.91
1.93
1.86
4.89
1.88
1.86
1.89
1.89
1.90
1.87
1.87
1.87
1.86
1.87
1.93
1.92
1.92
1.92
1.88
1.87
1.86
1.86
1.88
1.89
1.88
1.88
CorWatt	PkgWatt
124.50	334.88
1.94	167.10
1.95
1.95
1.93
1.94
1.92
1.93
1.96
1.87
1.90
1.86
1.88
1.92
1.89
1.89
1.88
1.93
1.93
1.95
1.92
1.99
1.96
1.98
1.95
1.92
1.93
1.93
1.94
1.89
1.94
1.90
1.90
1.89	169.50
1.92
1.91
1.89
1.92
1.91
1.91
1.94
1.86
4.89
1.88
1.87
1.90
1.90
1.88
1.87
1.87
1.87
1.86
1.87
1.92
1.91
1.92
1.92
1.88
1.87
1.87
1.87
1.89
1.89
1.88
1.88
CorWatt	PkgWatt
124.53	335.93
1.94	167.16
1.95
1.95
1.93
1.93
1.92
1.94
1.96
1.87
1.89
1.86
1.88
1.93
1.88
1.88
1.89
1.93
1.93
1.96
1.94
1.99
1.96
1.97
1.95
1.92
1.95
1.93
1.93
1.89
1.95
1.90
1.91
1.90	168.91
1.91
1.90
1.88
1.90
1.91
1.91
1.94
1.87
4.39
1.88
1.86
1.89
1.90
1.88
1.87
1.87
1.88
1.86
1.87
1.91
1.92
1.93
1.91
1.87
1.88
1.86
1.87
1.88
1.89
1.87
1.88
CorWatt	PkgWatt
122.09	334.03
1.95	167.05
1.95
1.96
1.92
1.93
1.92
1.95
1.97
1.87
1.88
1.85
1.88
1.93
1.89
1.88
1.88
1.94
1.93
1.95
1.92
1.99
1.96
1.97
1.95
1.92
1.93
1.93
1.93
1.88
1.95
1.89
1.90
1.89	166.40
1.92
1.89
1.90
1.90
1.91
1.91
1.94
1.86
1.87
1.88
1.87
1.89
1.88
1.87
1.87
1.86
1.87
1.87
1.87
1.91
1.91
1.91
1.90
1.86
1.86
1.87
1.86
1.89
1.89
1.88
1.87
CorWatt	PkgWatt
121.02	331.27
1.93	166.87
1.95
1.94
1.92
1.93
1.90
1.94
1.96
1.86
1.88
1.85
1.88
1.92
1.87
1.87
1.88
1.94
1.92
1.96
1.93
1.99
1.96
1.95
1.95
1.92
1.92
1.93
1.94
1.89
1.93
1.89
1.89
1.89	166.44
1.91
1.89
1.90
1.90
1.90
1.92
1.95
1.86
1.87
1.87
1.86
1.88
1.88
1.87
1.86
1.87
1.87
1.85
1.87
1.91
1.91
1.92
1.91
1.87
1.87
1.86
1.86
1.88
1.88
1.88
1.87
CorWatt	PkgWatt
122.73	334.08
1.93	167.98
1.96
1.95
1.92
1.93
1.91
1.94
1.96
1.86
1.88
1.85
2.76
1.98
1.90
1.88
1.87
1.93
1.94
1.95
1.92
1.99
1.96
1.96
1.95
1.92
1.93
1.93
1.95
1.89
1.94
1.89
1.89
1.90	166.33
1.91
1.90
1.89
1.89
1.90
1.92
1.93
1.87
1.87
1.87
1.87
1.88
1.89
1.89
1.87
1.87
1.87
1.87
1.87
1.92
1.91
1.92
1.91
1.86
1.87
1.87
1.85
1.88
1.88
1.87
1.88
CorWatt	PkgWatt
125.57	337.71
1.94	169.88
1.95
1.95
1.91
1.93
1.92
1.93
1.96
1.87
1.89
1.84
4.93
1.93
1.90
1.88
1.88
1.94
1.94
1.96
1.93
2.00
1.96
1.96
1.95
1.92
1.93
1.92
1.93
1.88
1.94
1.89
1.89
1.89	166.47
1.91
1.90
1.90
1.91
1.91
1.94
1.93
1.88
1.88
1.88
1.89
1.89
1.90
1.88
1.87
1.87
1.87
1.86
1.88
1.91
1.91
1.92
1.91
1.87
1.87
1.86
1.86
1.88
1.88
1.87
1.87
CorWatt	PkgWatt
125.04	336.29
1.94	170.05
1.95
1.95
1.93
1.94
1.94
1.94
1.96
1.87
1.90
1.84
4.90
1.93
1.89
1.88
1.89
1.93
1.94
1.95
1.92
1.99
1.96
1.97
1.95
1.92
1.93
1.93
1.94
1.88
1.94
1.90
1.89
1.90	166.41
1.91
1.90
1.92
1.90
1.91
1.91
1.93
1.88
1.87
1.87
1.87
1.89
1.89
1.89
1.86
1.87
1.87
1.86
1.87
1.91
1.92
1.92
1.92
1.87
1.87
1.86
1.86
1.88
1.89
1.87
1.88
CorWatt	PkgWatt
124.85	336.56
1.94	169.93
1.95
1.95
1.92
1.93
1.91
1.93
1.97
1.87
1.90
1.85
4.88
1.92
1.89
1.88
1.88
1.93
1.94
1.96
1.93
2.00
1.97
1.97
1.94
1.93
1.94
1.94
1.93
1.89
1.93
1.89
1.90
1.90	166.40
1.91
1.90
1.89
1.90
1.90
1.91
1.94
1.88
1.87
1.88
1.88
1.90
1.89
1.89
1.88
1.87
1.88
1.85
1.87
1.91
1.92
1.92
1.92
1.86
1.86
1.87
1.87
1.87
1.89
1.88
1.88
CorWatt	PkgWatt
125.08	335.62
1.93	169.85
1.94
1.95
1.92
1.94
1.91
1.94
1.96
1.86
1.89
1.84
4.88
1.93
1.89
1.89
1.88
1.94
1.94
1.95
1.94
1.99
1.95
1.97
1.94
1.91
1.94
1.94
1.94
1.89
1.94
1.89
1.90
1.90	166.44
1.91
1.90
1.90
1.91
1.92
1.91
1.93
1.87
1.87
1.88
1.88
1.88
1.89
1.88
1.87
1.86
1.87
1.86
1.87
1.91
1.92
1.93
1.91
1.87
1.88
1.89
1.86
1.89
1.89
1.90
1.88
CorWatt	PkgWatt
72.37	270.91
1.13	134.71
1.13
1.13
1.11
1.12
1.11
1.11
1.13
1.10
1.09
1.05
5.30
1.08
1.05
1.06
1.06
1.09
1.10
1.10
1.08
1.14
1.11
1.09
1.09
1.06
1.08
1.08
1.08
1.04
1.09
1.05
1.04
1.00	124.51
1.00
0.99
0.98
0.97
0.97
1.00
1.00
0.97
0.96
0.99
0.97
0.97
0.97
1.03
0.96
0.97
0.98
0.96
0.98
0.98
0.99
0.97
0.98
0.95
0.96
0.96
0.94
0.95
0.94
0.95
0.95
CorWatt	PkgWatt
17.34	173.32
0.29	93.76
0.28
0.28
0.27
0.27
0.27
0.27
0.27
0.30
0.31
0.29
5.61
0.24
0.24
0.23
0.23
0.27
0.27
0.27
0.27
0.28
0.27
0.27
0.26
0.25
0.25
0.25
0.26
0.25
0.25
0.25
0.25
0.11	79.30
0.11
0.11
0.11
0.12
0.12
0.12
0.12
0.10
0.10
0.10
0.10
0.10
0.10
0.10
0.10
0.12
0.12
0.11
0.12
0.12
0.12
0.12
0.12
0.11
0.11
0.11
0.11
0.10
0.10
0.10
0.11
CorWatt	PkgWatt
17.49	173.19
0.29	93.64
0.28
0.28
0.27
0.27
0.27
0.27
0.27
0.30
0.32
0.29
5.65
0.23
0.24
0.23
0.23
0.27
0.27
0.27
0.26
0.29
0.27
0.27
0.26
0.25
0.25
0.25
0.25
0.25
0.25
0.25
0.24
0.12	79.58
0.12
0.12
0.12
0.12
0.12
0.12
0.12
0.11
0.11
0.11
0.11
0.11
0.11
0.11
0.11
0.12
0.12
0.11
0.12
0.13
0.13
0.13
0.12
0.11
0.11
0.11
0.11
0.11
0.11
0.11
0.11
CorWatt	PkgWatt
71.63	249.26
1.13	132.78
1.11
1.12
1.11
1.10
1.10
1.10
1.11
1.08
1.10
1.07
5.29
1.08
1.08
1.07
1.08
1.11
1.12
1.12
1.11
1.16
1.13
1.13
1.13
1.12
1.11
1.10
1.11
1.09
1.11
1.08
1.09
1.06	125.95
1.05
1.05
1.06
1.06
1.08
1.07
1.07
1.04
1.05
1.04
1.04
1.08
1.05
1.05
1.05
1.15
1.05
1.06
1.07
1.07
1.09
1.09
1.08
1.05
1.07
1.04
1.06
1.07
1.06
1.08
1.07
CorWatt	PkgWatt
124.07	331.12
1.94	169.72
1.94
1.96
1.93
1.93
1.92
1.93
1.96
1.86
1.89
1.84
4.86
1.92
1.89
1.88
1.87
1.93
1.93
1.95
1.93
2.00
1.96
1.96
1.95
1.93
1.92
1.91
1.94
1.89
1.94
1.90
1.90
1.91	166.60
1.91
1.90
1.91
1.91
1.92
1.91
1.91
1.87
1.89
1.88
1.88
1.93
1.90
1.88
1.88
1.88
1.88
1.86
1.88
1.92
1.92
1.94
1.92
1.87
1.87
1.87
1.88
1.89
1.90
1.90
1.88
CorWatt	PkgWatt
123.38	342.07
1.94	169.54
1.94
1.94
1.94
1.92
1.91
1.92
1.95
1.86
1.88
1.85
2.59
1.92
1.88
1.89
1.88
1.92
1.94
1.94
1.93
1.99
1.95
1.95
1.95
1.91
1.92
1.91
1.93
1.88
1.93
1.88
1.89
1.92	168.22
1.91
1.90
1.90
1.90
1.91
1.92
1.91
1.87
1.88
1.88
1.86
1.92
1.88
1.87
1.87
1.87
1.87
1.86
1.87
1.92
1.91
1.91
1.93
1.86
1.87
1.87
1.87
1.88
1.89
1.88
1.88
CorWatt	PkgWatt
121.23	318.35
1.96	162.33
1.96
1.96
1.93
1.94
1.93
1.94
1.96
1.88
1.89
1.86
1.89
1.92
1.90
1.89
1.89
1.94
1.94
1.96
1.93
1.99
1.97
1.97
1.96
1.95
1.93
1.93
1.93
1.89
1.94
1.90
1.90
1.91	161.46
1.91
1.91
1.91
1.91
1.92
1.92
1.91
1.88
1.88
1.89
1.88
1.91
1.89
1.89
1.88
1.87
1.88
1.86
1.87
1.92
1.92
1.93
1.92
1.87
1.87
1.88
1.88
1.90
1.90
1.90
1.88
CorWatt	PkgWatt
122.09	332.51
1.94	165.66
1.95
1.95
1.91
1.93
1.92
1.92
1.95
1.87
1.88
1.85
1.89
1.92
1.88
1.88
1.88
1.93
1.93
1.95
1.93
2.00
1.96
1.95
1.95
1.96
1.93
1.93
1.93
1.89
1.93
1.89
1.90
1.90	165.23
1.91
1.91
1.91
1.90
1.92
1.91
1.90
1.86
1.89
1.88
1.88
1.92
1.89
1.88
1.88
1.86
1.86
1.86
1.88
1.92
1.92
1.93
1.92
1.87
1.87
1.87
1.86
1.89
1.89
1.89
1.88
CorWatt	PkgWatt
126.09	339.45
1.93	166.86
1.94
1.98
1.92
1.93
1.92
1.94
1.96
1.87
1.89
1.84
1.88
1.92
1.89
1.87
1.88
1.93
1.93
1.96
1.93
2.00
1.96
1.96
1.95
1.97
1.93
1.95
1.93
1.89
1.94
1.90
1.91
1.90	169.19
1.91
1.90
1.90
4.89
1.92
1.91
1.90
1.88
1.90
1.89
1.88
1.93
1.89
1.88
1.88
1.87
1.87
1.85
1.87
1.93
1.92
1.94
1.92
1.87
1.87
1.88
1.86
1.89
1.90
1.89
1.88
CorWatt	PkgWatt
125.48	336.13
1.94	167.09
1.95
2.00
1.93
1.94
1.92
1.93
1.97
1.87
1.89
1.85
1.89
1.92
1.89
1.88
1.89
1.93
1.94
1.95
1.92
2.00
1.97
1.97
1.95
1.96
1.93
1.94
1.94
1.89
1.93
1.90
1.91
1.90	169.32
1.92
1.90
1.90
4.99
1.91
1.91
1.91
1.88
1.89
1.89
1.88
1.93
1.91
1.88
1.88
1.88
1.88
1.87
1.88
1.93
1.93
1.93
1.92
1.88
1.88
1.87
1.87
1.90
1.91
1.90
1.88
CorWatt	PkgWatt
125.23	337.21
1.94	167.03
1.95
1.98
1.92
1.94
1.91
1.93
1.96
1.86
1.89
1.85
1.89
1.92
1.90
1.88
1.88
1.93
1.93
1.95
1.92
2.00
1.98
1.96
1.95
1.96
1.93
1.93
1.93
1.88
1.94
1.90
1.89
1.90	169.30
1.91
1.92
1.91
4.97
1.91
1.91
1.90
1.87
1.88
1.87
1.88
1.92
1.90
1.88
1.87
1.87
1.87
1.85
1.89
1.92
1.92
1.95
1.93
1.88
1.87
1.87
1.87
1.89
1.89
1.89
1.87
CorWatt	PkgWatt
125.05	335.40
1.94	166.96
1.94
2.00
1.93
1.94
1.92
1.93
1.96
1.87
1.88
1.85
1.88
1.91
1.89
1.88
1.89
1.93
1.92
1.96
1.93
1.98
1.95
1.95
1.95
1.96
1.95
1.93
1.93
1.88
1.93
1.89
1.90
1.91	169.23
1.90
1.91
1.90
4.98
1.92
1.90
1.89
1.87
1.88
1.89
1.87
1.92
1.89
1.89
1.87
1.87
1.88
1.85
1.89
1.93
1.92
1.92
1.91
1.86
1.87
1.87
1.86
1.90
1.89
1.89
1.88
CorWatt	PkgWatt
126.16	332.67
1.95	165.59
1.97
2.01
1.95
1.95
1.93
1.95
1.97
1.88
1.90
1.87
1.90
1.94
1.91
1.90
1.90
1.97
1.94
1.97
1.94
2.01
1.98
1.98
1.97
1.97
1.97
1.95
1.94
1.92
1.95
1.92
1.95
1.92	167.25
1.93
1.92
1.92
4.96
1.92
1.92
1.91
1.89
1.90
1.89
1.89
1.93
1.92
1.89
1.90
1.89
1.89
1.88
1.88
1.93
1.94
1.93
1.93
1.87
1.88
1.88
1.89
1.90
1.91
1.91
1.89
CorWatt	PkgWatt
124.38	318.01
1.95	160.98
1.96
1.98
1.93
1.94
1.93
1.95
1.96
1.88
1.90
1.86
1.89
1.92
1.92
1.89
1.89
1.96
1.95
1.97
1.94
2.00
1.98
1.97
1.99
1.96
1.96
1.93
1.95
1.90
1.94
1.91
1.93
1.91	163.08
1.92
1.91
1.91
4.92
1.92
1.92
1.91
1.88
1.89
1.88
1.89
1.92
1.90
1.89
1.88
1.88
1.88
1.87
1.88
1.93
1.95
1.93
1.93
1.87
1.88
1.88
1.88
1.89
1.90
1.90
1.88
CorWatt	PkgWatt
124.85	325.61
1.93	160.49
1.93
1.96
1.96
1.91
1.90
1.91
1.94
1.86
1.87
1.83
1.87
1.89
1.90
1.87
1.87
1.94
1.92
1.95
1.92
1.97
1.95
1.94
1.96
1.93
1.94
1.91
1.92
1.86
1.91
1.89
1.91
1.89	162.41
1.89
1.89
1.88
4.91
1.90
1.89
1.88
1.85
1.86
1.86
1.86
1.90
1.88
1.86
1.86
1.86
1.86
1.84
1.86
1.90
1.93
1.91
1.90
1.85
1.85
1.85
1.85
1.87
1.87
1.87
1.86
CorWatt	PkgWatt
125.33	325.13
1.95	160.44
1.94
1.97
1.94
1.93
1.91
1.92
1.95
1.86
1.88
1.84
1.88
1.90
1.91
1.87
1.88
1.95
1.93
1.95
1.92
1.97
1.96
1.95
1.97
1.94
1.95
1.92
1.93
1.87
1.93
1.89
1.92
1.89	162.52
1.90
1.90
1.89
4.92
1.90
1.90
1.89
1.86
1.87
1.86
1.87
1.90
1.89
1.87
1.87
1.86
1.86
1.86
1.86
1.91
1.94
1.91
1.91
1.86
1.86
1.86
1.86
1.88
1.88
1.88
1.87
CorWatt	PkgWatt
125.04	322.52
1.95	161.05
1.95
1.99
1.96
1.94
1.92
1.94
1.96
1.88
1.89
1.86
1.89
1.92
1.92
1.89
1.89
1.97
1.94
1.97
1.93
1.99
1.97
1.97
1.99
1.95
1.97
1.93
1.94
1.90
1.94
1.91
1.93
1.91	163.03
1.92
1.91
1.91
4.92
1.92
1.92
1.90
1.88
1.89
1.89
1.88
1.93
1.90
1.89
1.88
1.87
1.88
1.87
1.88
1.92
1.95
1.93
1.92
1.87
1.88
1.88
1.88
1.90
1.90
1.90
1.89
CorWatt	PkgWatt
124.27	332.87
1.94	164.76
1.95
1.97
1.96
1.93
1.91
1.94
1.96
1.86
1.89
1.85
1.88
1.92
1.92
1.88
1.88
1.97
1.94
1.96
1.92
1.99
1.97
1.96
1.98
1.96
1.95
1.92
1.93
1.88
1.93
1.89
1.93
1.91	165.20
1.91
1.91
1.90
2.93
1.91
1.91
1.90
1.87
1.88
1.87
1.87
1.93
1.90
1.90
1.88
1.87
1.87
1.86
1.87
1.91
1.97
1.92
1.92
1.87
1.87
1.86
1.87
1.89
1.90
1.88
1.88
CorWatt	PkgWatt
122.09	333.84
1.94	167.01
1.95
1.99
1.96
1.93
1.92
1.93
1.96
1.87
1.87
1.85
1.88
1.92
1.91
1.87
1.88
1.96
1.93
1.95
1.92
2.00
1.95
1.96
1.99
1.96
1.95
1.92
1.92
1.88
1.93
1.89
1.93
1.90	166.04
1.90
1.90
1.89
1.90
1.91
1.90
1.90
1.86
1.86
1.88
1.87
1.91
1.89
1.91
1.87
1.86
1.87
1.85
1.86
1.91
1.95
1.91
1.91
1.86
1.85
1.87
1.85
1.88
1.88
1.89
1.86
CorWatt	PkgWatt
122.31	333.81
1.93	167.20
1.94
1.99
1.96
1.93
1.90
1.94
1.96
1.87
1.89
1.85
1.88
1.92
1.93
1.88
1.89
1.96
1.93
1.95
1.92
1.99
1.96
1.96
1.99
1.95
1.98
1.92
1.93
1.88
1.92
1.88
1.93
1.89	166.30
1.92
1.90
1.89
1.89
1.92
1.90
1.90
1.87
1.89
1.87
1.87
1.91
1.89
1.92
1.87
1.87
1.86
1.85
1.86
1.92
1.95
1.92
1.92
1.86
1.86
1.86
1.86
1.90
1.89
1.89
1.87
CorWatt	PkgWatt
123.80	332.28
1.94	167.13
1.96
1.98
1.96
1.94
1.92
1.92
1.96
1.86
1.87
1.86
1.88
1.91
1.92
1.87
1.89
1.97
1.94
1.94
1.94
1.99
1.97
1.95
1.99
1.96
1.94
1.92
1.94
1.88
1.92
1.89
1.93
1.90	168.74
1.91
1.90
1.89
1.90
1.92
1.91
1.91
1.87
1.88
1.88
1.86
1.92
1.89
1.92
1.87
1.87
1.87
1.85
1.87
1.92
1.95
1.92
1.92
1.85
4.44
1.86
1.86
1.89
1.90
1.89
1.87
CorWatt	PkgWatt
126.28	339.85
1.94	167.29
1.95
1.99
1.96
1.93
1.94
1.93
1.96
1.86
1.89
1.85
1.89
1.92
1.93
1.88
1.88
1.96
1.93
1.95
1.93
2.00
1.97
1.97
1.99
1.96
1.97
1.92
1.94
1.88
1.93
1.88
1.94
1.91	169.27
1.92
1.91
1.90
1.90
1.92
1.91
1.90
1.87
1.88
1.87
1.88
1.92
1.90
1.92
1.88
1.86
1.88
1.86
1.86
1.91
1.95
1.91
1.91
1.86
4.93
1.86
1.86
1.89
1.89
1.89
1.87
CorWatt	PkgWatt
124.80	334.66
1.95	167.39
1.95
2.00
1.96
1.93
1.92
1.93
1.97
1.87
1.88
1.85
1.88
1.93
1.94
1.87
1.89
1.98
1.95
1.96
1.92
1.98
1.96
1.96
2.00
1.96
1.96
1.92
1.93
1.90
1.96
1.90
1.93
1.90	169.27
1.91
1.90
1.89
1.90
1.92
1.92
1.90
1.88
1.88
1.88
1.88
1.92
1.89
1.92
1.89
1.87
1.87
1.86
1.87
1.92
1.95
1.92
1.93
1.86
4.92
1.86
1.86
1.90
1.91
1.89
1.88
CorWatt	PkgWatt
126.01	338.42
1.96	167.33
1.95
1.98
2.01
1.94
1.91
1.94
1.95
1.87
1.88
1.86
1.89
1.93
1.92
1.89
1.88
1.97
1.93
1.96
1.95
1.99
1.96
1.96
1.99
1.97
1.96
1.93
1.93
1.88
1.95
1.90
1.93
1.90	169.19
1.91
1.90
1.91
1.89
1.91
1.92
1.91
1.86
1.88
1.89
1.87
1.92
1.89
1.92
1.88
1.86
1.87
1.85
1.87
1.92
1.95
1.91
1.92
1.86
4.92
1.86
1.86
1.89
1.89
1.88
1.87
CorWatt	PkgWatt
125.31	336.04
1.94	167.18
1.95
1.99
1.96
1.93
1.92
1.93
1.97
1.88
1.88
1.84
1.89
1.92
1.92
1.88
1.89
1.97
1.93
1.96
1.93
1.99
1.96
1.96
1.99
1.95
1.96
1.92
1.93
1.90
1.94
1.89
1.93
1.90	169.34
1.90
1.90
1.90
1.90
1.91
1.92
1.92
1.87
1.88
1.88
1.87
1.91
1.90
1.91
1.87
1.88
1.87
1.86
1.87
1.92
1.94
1.92
1.91
1.86
4.95
1.86
1.86
1.89
1.89
1.88
1.88
CorWatt	PkgWatt
125.52	337.03
1.95	167.33
1.94
1.99
1.96
1.93
1.92
1.93
1.97
1.87
1.89
1.85
1.89
1.93
1.92
1.90
1.88
1.97
1.93
1.94
1.92
1.98
1.97
1.96
1.99
1.97
1.96
1.93
1.93
1.88
1.94
1.91
1.94
1.91	169.21
1.92
1.90
1.89
1.91
1.92
1.92
1.90
1.87
1.89
1.89
1.88
1.93
1.89
1.91
1.87
1.87
1.87
1.85
1.87
1.92
1.96
1.92
1.91
1.86
4.93
1.85
1.87
1.89
1.89
1.89
1.88
CorWatt	PkgWatt
125.42	336.54
1.97	167.34
1.95
2.00
1.96
1.94
1.91
1.93
1.96
1.86
1.89
1.85
1.89
1.92
1.93
1.88
1.88
1.97
1.94
1.96
1.92
2.00
1.98
1.97
1.99
1.96
1.97
1.92
1.93
1.90
1.94
1.90
1.94
1.91	169.33
1.91
1.90
1.90
1.91
1.92
1.91
1.89
1.88
1.88
1.88
1.87
1.93
1.89
1.92
1.88
1.86
1.87
1.86
1.87
1.91
1.98
1.93
1.92
1.85
4.94
1.86
1.86
1.89
1.89
1.88
1.88
CorWatt	PkgWatt
125.74	337.52
1.93	167.52
1.95
1.99
1.96
1.94
1.92
1.93
1.98
1.87
1.90
1.85
1.89
1.92
1.93
1.88
1.88
1.97
1.94
1.96
1.92
2.00
1.98
1.98
2.00
1.98
1.98
1.93
1.95
1.89
1.94
1.90
1.94
1.90	169.43
1.91
1.90
1.90
1.90
1.91
1.92
1.90
1.86
1.87
1.88
1.88
1.93
1.89
1.92
1.89
1.87
1.87
1.85
1.88
1.91
1.96
1.93
1.93
1.86
4.95
1.87
1.86
1.89
1.90
1.88
1.88
CorWatt	PkgWatt
125.11	335.30
1.93	167.30
1.95
1.99
1.96
1.94
1.91
1.92
1.96
1.87
1.89
1.86
1.88
1.92
1.93
1.90
1.89
1.96
1.93
1.96
1.92
2.00
1.97
1.98
1.99
1.96
1.97
1.92
1.93
1.89
1.93
1.90
1.93
1.90	169.24
1.91
1.90
1.89
1.90
1.91
1.90
1.91
1.86
1.88
1.87
1.87
1.93
1.89
1.91
1.86
1.86
1.87
1.86
1.88
1.92
1.96
1.91
1.93
1.86
4.95
1.86
1.85
1.89
1.88
1.88
1.88
CorWatt	PkgWatt
124.08	335.66
1.94	167.10
1.94
1.99
1.95
1.93
1.91
1.93
1.96
1.86
1.88
1.85
1.89
1.91
1.92
1.87
1.89
1.97
1.94
1.96
1.92
1.99
1.96
1.97
1.98
1.95
1.96
1.92
1.93
1.88
1.93
1.90
1.93
1.90	168.00
1.90
1.90
1.90
1.90
1.91
1.91
1.90
1.88
1.89
1.88
1.86
1.92
1.89
1.91
1.87
1.87
1.88
1.87
1.87
1.91
1.95
1.92
1.91
1.87
3.55
1.87
1.87
1.88
1.89
1.89
1.89
CorWatt	PkgWatt
122.25	334.59
1.94	167.30
1.94
1.99
1.96
1.94
1.91
1.93
1.97
1.86
1.88
1.85
1.88
1.93
1.92
1.88
1.89
1.97
1.93
1.96
1.92
1.99
1.95
1.96
1.98
1.95
1.97
1.92
1.93
1.88
1.94
1.91
1.93
1.89	166.24
1.91
1.88
1.89
1.90
1.90
1.90
1.89
1.86
1.87
1.87
1.87
1.91
1.89
1.91
1.87
1.88
1.86
1.86
1.87
1.91
1.95
1.92
1.93
1.86
1.85
1.86
1.86
1.89
1.88
1.89
1.88
CorWatt	PkgWatt
80.11	282.26
1.27	136.68
1.27
1.30
1.33
1.27
1.26
1.26
1.28
1.20
1.23
1.19
1.21
1.24
1.24
1.21
1.21
1.25
1.25
1.27
1.24
1.30
1.28
1.26
1.28
1.27
1.25
1.23
1.24
1.20
1.23
1.22
1.24
1.20	134.62
1.20
1.20
1.18
1.19
1.21
1.21
1.19
1.16
1.19
1.17
1.20
1.20
1.19
1.19
1.16
1.18
1.19
1.16
1.16
1.20
1.23
1.20
1.19
1.18
1.15
1.16
1.19
1.16
1.16
1.15
1.17
CorWatt	PkgWatt
13.46	168.04
0.16	80.81
0.15
0.15
0.15
0.15
0.15
0.15
0.14
0.14
0.13
0.13
0.13
0.13
0.13
0.13
0.13
0.15
0.15
0.15
0.15
0.16
0.15
0.15
0.15
0.15
0.14
0.14
0.15
0.13
0.13
0.13
0.13
0.19	86.98
0.18
0.18
0.18
0.20
0.19
0.20
0.19
0.17
0.17
0.17
0.17
0.17
0.17
0.17
0.17
0.19
0.19
0.19
0.20
0.19
0.20
0.19
0.19
3.16
0.21
0.21
0.21
0.17
0.17
0.17
0.17
CorWatt	PkgWatt
17.42	172.96
0.15	80.10
0.14
0.14
0.21
0.14
0.13
0.13
0.13
0.12
0.12
0.12
0.12
0.12
0.12
0.12
0.12
0.14
0.13
0.14
0.13
0.15
0.14
0.14
0.14
0.13
0.14
0.13
0.13
0.12
0.12
0.12
0.12
0.24	92.95
0.24
0.24
0.24
0.25
0.25
0.25
0.25
0.22
0.22
0.22
0.22
0.22
0.22
0.22
0.22
0.25
0.25
0.24
0.25
0.25
0.25
0.25
0.25
5.75
0.29
0.29
0.29
0.22
0.22
0.22
0.22
CorWatt	PkgWatt
57.57	229.60
0.86	112.58
0.83
0.82
0.84
0.81
0.90
0.81
0.81
0.77
0.79
0.76
0.78
0.79
0.79
0.79
0.77
0.84
0.82
0.81
0.84
0.84
0.81
0.82
0.83
0.81
0.82
0.81
0.81
0.79
0.81
0.80
0.80
0.87	121.68
0.87
0.87
0.86
0.88
0.87
0.88
0.88
0.84
0.85
0.85
0.85
0.85
0.86
0.85
0.86
0.87
0.87
0.85
0.86
0.89
0.90
0.90
0.89
5.47
0.90
0.90
0.89
0.87
0.87
0.87
0.87
CorWatt	PkgWatt
123.52	328.86
1.93	166.14
1.97
1.94
1.95
1.92
1.92
1.92
1.93
1.86
1.86
1.84
1.87
1.87
1.88
1.87
1.86
1.96
1.95
1.94
1.97
1.95
1.94
1.94
1.95
1.92
1.92
1.91
1.93
1.87
1.92
1.89
1.89
1.91	169.24
1.90
1.91
1.90
1.91
1.92
1.92
1.91
1.88
1.89
1.89
1.88
1.88
1.89
1.88
1.88
1.87
1.91
1.86
1.86
1.92
1.92
1.92
1.93
4.94
1.88
1.87
1.87
1.89
1.89
1.89
1.87
CorWatt	PkgWatt
121.88	321.56
1.94	165.21
1.98
1.95
1.95
1.92
1.91
1.92
1.92
1.86
1.87
1.85
1.88
1.87
1.88
1.87
1.88
1.96
1.96
1.95
1.97
1.94
1.94
1.95
1.95
1.91
1.93
1.91
1.93
1.87
1.92
1.89
1.88
1.90	166.99
1.91
1.90
1.89
1.90
1.91
1.90
1.90
1.87
1.88
1.88
1.87
1.88
1.89
1.89
1.88
1.87
1.90
1.86
1.87
1.91
1.91
1.92
1.92
4.87
1.87
1.87
1.86
1.88
1.88
1.89
1.88
CorWatt	PkgWatt
128.89	338.75
1.93	161.43
1.98
1.94
1.95
1.93
1.92
1.93
1.92
1.87
1.88
1.85
1.88
1.88
1.88
1.88
1.89
1.95
1.97
1.95
1.96
1.96
1.97
1.96
1.95
1.92
1.94
1.92
1.93
1.89
1.93
1.90
1.90
1.91	164.23
1.92
1.92
1.90
1.91
1.93
1.92
1.92
1.88
1.90
1.90
1.88
1.90
1.90
1.89
1.89
1.88
1.91
1.87
1.88
1.93
1.93
1.94
1.94
4.89
1.88
1.88
1.88
1.90
1.90
1.90
1.88
CorWatt	PkgWatt
124.46	333.37
1.95	167.12
1.98
1.95
1.96
1.93
1.93
1.93
1.93
1.87
1.89
1.86
1.89
1.88
1.88
1.88
1.88
1.97
1.98
1.95
1.97
1.96
1.96
1.96
1.94
1.93
1.92
1.92
1.94
1.90
1.94
1.89
1.91
1.91	169.36
1.92
1.91
1.89
1.91
1.92
1.91
1.91
1.88
1.88
1.89
1.88
1.88
1.89
1.88
1.88
1.87
1.93
1.87
1.87
1.93
1.91
1.93
1.93
4.94
1.87
1.87
1.87
1.89
1.90
1.90
1.89
CorWatt	PkgWatt
124.84	335.53
1.94	166.83
1.99
1.94
1.96
1.93
1.92
1.93
1.92
1.87
1.88
1.86
1.89
1.89
1.88
1.88
1.88
1.96
1.97
1.95
1.96
1.95
1.97
1.95
1.94
1.91
1.94
1.91
1.93
1.87
1.93
1.89
1.89
1.90	169.06
1.89
1.89
1.89
1.92
1.91
1.91
1.90
1.87
1.89
1.88
1.88
1.88
1.89
1.88
1.88
1.87
1.91
1.86
1.87
1.91
1.92
1.92
1.91
4.93
1.86
1.86
1.87
1.90
1.89
1.89
1.88
CorWatt	PkgWatt
124.62	333.80
1.94	166.66
1.99
1.94
1.96
1.92
1.91
1.92
1.92
1.87
1.88
1.84
1.88
1.88
1.87
1.89
1.89
1.96
1.97
1.95
1.97
1.95
1.96
1.96
1.95
1.93
1.93
1.92
1.93
1.89
1.93
1.90
1.89
1.91	169.21
1.91
1.89
1.91
1.91
1.91
1.91
1.91
1.87
1.88
1.89
1.88
1.89
1.90
1.89
1.87
1.87
1.92
1.86
1.86
1.93
1.93
1.93
1.92
4.94
1.87
1.86
1.86
1.90
1.89
1.89
1.88
CorWatt	PkgWatt
125.41	337.92
1.93	166.76
1.98
1.93
1.95
1.92
1.92
1.92
1.92
1.86
1.87
1.84
1.88
1.87
1.88
1.87
1.87
1.96
1.97
1.95
1.95
1.96
1.96
1.96
1.96
1.92
1.93
1.91
1.93
1.89
1.93
1.89
1.89
1.90	169.02
1.90
1.89
1.90
1.91
1.91
1.91
1.90
1.87
1.88
1.87
1.87
1.88
1.90
1.87
1.88
1.86
1.91
1.85
1.86
1.93
1.91
1.91
1.92
4.77
1.87
1.88
1.85
1.89
1.90
1.89
1.88
CorWatt	PkgWatt
121.35	332.52
1.95	166.75
1.99
1.94
2.01
1.92
1.93
1.92
1.92
1.86
1.87
1.85
1.87
1.87
1.88
1.87
1.87
1.95
1.96
1.93
1.96
1.95
1.95
1.95
1.94
1.92
1.93
1.92
1.93
1.88
1.92
1.88
1.88
1.89	166.10
1.91
1.89
1.89
1.90
1.91
1.90
1.90
1.86
1.88
1.88
1.87
1.88
1.90
1.87
1.88
1.85
1.89
1.85
1.87
1.91
1.92
1.91
1.91
1.85
1.87
1.87
1.85
1.88
1.88
1.89
1.88
CorWatt	PkgWatt
121.93	334.62
1.95	166.57
1.96
1.92
1.95
1.92
1.90
1.93
1.92
1.86
1.86
1.84
1.87
1.88
1.87
1.87
1.87
1.96
1.98
1.95
1.96
1.94
1.95
1.94
1.94
1.91
1.92
1.91
1.93
1.87
1.93
1.89
1.89
1.90	166.06
1.90
1.89
1.88
1.89
1.90
1.90
1.90
1.86
1.87
1.86
1.86
1.88
1.89
1.86
1.87
1.87
1.91
1.86
1.87
1.90
1.91
1.92
1.90
1.86
1.87
1.86
1.87
1.88
1.90
1.88
1.86
CorWatt	PkgWatt
122.12	332.00
1.95	166.75
1.98
1.95
1.95
1.93
1.92
1.92
1.93
1.88
1.88
1.85
1.87
1.87
1.88
1.87
1.87
1.96
1.96
1.95
1.96
1.95
1.95
1.95
1.94
1.91
1.92
1.92
1.92
1.87
1.93
1.90
1.89
1.89	166.65
1.91
1.89
1.89
1.91
1.91
1.91
1.90
1.86
1.89
1.88
1.87
1.88
1.88
1.87
1.87
1.86
1.90
1.87
1.86
1.91
1.92
1.91
1.92
1.86
1.85
1.86
1.86
1.89
2.52
1.89
1.86
CorWatt	PkgWatt
124.72	334.83
1.95	166.97
1.98
1.95
1.96
1.93
1.92
1.93
1.93
1.86
1.90
1.86
1.89
1.89
1.88
1.88
1.88
1.97
1.99
1.96
1.98
1.96
1.95
1.96
1.95
1.92
1.94
1.93
1.93
1.89
1.93
1.90
1.89
1.91	169.15
1.92
1.90
1.90
1.90
1.92
1.91
1.91
1.88
1.88
1.88
1.88
1.88
1.91
1.89
1.88
1.87
1.90
1.86
1.86
1.92
1.92
1.92
1.92
1.87
1.87
1.88
1.86
1.89
4.93
1.89
1.87
CorWatt	PkgWatt
124.90	335.28
1.94	166.69
1.98
1.94
1.96
1.93
1.91
1.95
1.91
1.86
1.88
1.85
1.89
1.89
1.88
1.88
1.88
1.96
1.97
1.95
1.96
1.95
1.95
1.96
1.94
1.92
1.94
1.92
1.92
1.88
1.93
1.89
1.91
1.90	169.14
1.91
1.90
1.90
1.90
1.91
1.91
1.91
1.86
1.89
1.88
1.88
1.87
1.89
1.87
1.87
1.86
1.91
1.85
1.86
1.92
1.93
1.93
1.93
1.87
1.87
1.86
1.88
1.88
4.97
1.89
1.87
CorWatt	PkgWatt
125.15	337.01
1.94	166.82
1.97
1.94
1.96
1.92
1.90
1.92
1.93
1.87
1.88
1.84
1.89
1.88
1.88
1.88
1.88
1.96
1.99
1.94
1.96
1.95
1.96
1.96
1.93
1.92
1.93
1.94
1.92
1.89
1.93
1.90
1.89
1.91	169.10
1.91
1.89
1.89
1.90
1.92
1.92
1.91
1.86
1.88
1.88
1.88
1.89
1.89
1.87
1.87
1.87
1.91
1.85
1.86
1.91
1.91
1.93
1.92
1.86
1.87
1.87
1.87
1.89
4.96
1.89
1.87
CorWatt	PkgWatt
124.89	334.73
1.95	166.96
1.99
1.94
1.96
1.92
1.92
1.92
1.92
1.86
1.88
1.85
1.87
1.88
1.88
1.88
1.88
1.96
1.97
1.95
1.97
1.95
1.97
1.95
1.96
1.95
1.93
1.92
1.92
1.89
1.93
1.90
1.89
1.91	169.26
1.91
1.89
1.90
1.89
1.91
1.91
1.90
1.88
1.89
1.87
1.87
1.89
1.90
1.88
1.87
1.87
1.90
1.86
1.88
1.92
1.92
1.92
1.92
1.86
1.88
1.87
1.87
1.89
4.97
1.89
1.88
CorWatt	PkgWatt
125.69	338.54
1.95	166.91
1.98
1.94
1.95
1.93
1.91
1.93
1.92
1.86
1.88
1.85
1.89
1.87
1.88
1.87
1.88
1.96
1.99
1.95
1.96
1.96
1.96
1.96
1.96
1.92
1.93
1.92
1.94
1.90
1.95
1.88
1.89
1.90	169.07
1.91
1.90
1.89
1.90
1.92
1.91
1.90
1.87
1.89
1.87
1.87
1.87
1.89
1.88
1.87
1.87
1.92
1.86
1.86
1.92
1.92
1.92
1.92
1.86
1.87
1.88
1.88
1.88
4.98
1.89
1.88
CorWatt	PkgWatt
124.96	335.74
1.94	166.91
1.97
1.96
1.96
1.94
1.92
1.94
1.92
1.87
1.88
1.84
1.88
1.87
1.89
1.87
1.89
1.96
1.96
1.95
1.96
1.99
1.95
1.95
1.94
1.91
1.92
1.91
1.93
1.88
1.94
1.90
1.88
1.90	169.27
1.91
1.89
1.91
1.90
1.93
1.91
1.90
1.87
1.89
1.87
1.88
1.88
1.89
1.87
1.87
1.87
1.91
1.87
1.86
1.93
1.91
1.92
1.92
1.86
1.86
1.87
1.87
1.90
4.97
1.88
1.87
CorWatt	PkgWatt
125.65	338.65
1.95	167.01
1.99
1.96
2.00
1.93
1.92
1.93
1.91
1.87
1.87
1.85
1.88
1.89
1.89
1.88
1.90
1.97
1.97
1.95
1.96
2.00
1.96
1.95
1.95
1.91
1.93
1.93
1.93
1.89
1.94
1.91
1.91
1.91	169.28
1.91
1.90
1.89
1.89
1.90
1.92
1.91
1.87
1.88
1.88
1.88
1.88
1.89
1.87
1.87
1.86
1.91
1.85
1.87
1.91
1.92
1.91
1.91
1.87
1.87
1.87
1.87
1.88
4.96
1.90
1.88
CorWatt	PkgWatt
124.56	333.09
1.94	167.01
1.99
1.95
1.96
1.93
1.92
1.93
1.92
1.87
1.89
1.85
1.89
1.89
1.88
1.88
1.89
1.97
1.98
1.95
1.96
2.00
1.96
1.97
1.96
1.92
1.93
1.93
1.94
1.89
1.93
1.90
1.90
1.90	169.18
1.91
1.89
1.90
1.91
1.92
1.91
1.91
1.88
1.89
1.88
1.87
1.88
1.90
1.88
1.87
1.86
1.91
1.87
1.86
1.93
1.92
1.92
1.92
1.87
1.89
1.88
1.88
1.89
4.98
1.90
1.89
CorWatt	PkgWatt
124.70	334.93
1.96	166.90
1.99
1.94
1.96
1.94
1.92
1.93
1.92
1.87
1.87
1.84
1.88
1.88
1.88
1.91
1.88
1.96
1.97
1.95
1.97
2.01
1.95
1.96
1.94
1.92
1.92
1.92
1.94
1.89
1.93
1.89
1.89
1.90	169.33
1.92
1.91
1.89
1.90
1.92
1.93
1.90
1.87
1.88
1.88
1.88
1.87
1.89
1.88
1.87
1.88
1.92
1.86
1.86
1.92
1.91
1.93
1.92
1.88
1.87
1.87
1.88
1.89
4.98
1.89
1.87
CorWatt	PkgWatt
123.23	337.20
1.94	166.93
1.98
1.94
1.95
1.93
1.91
1.93
1.93
1.87
1.88
1.84
1.88
1.87
1.88
1.87
1.88
1.95
1.97
1.95
1.96
2.00
1.95
1.95
1.95
1.91
1.92
1.92
1.92
1.87
1.92
1.89
1.89
1.89	166.72
1.90
1.90
1.89
1.91
1.91
1.91
1.90
1.87
1.88
1.87
1.87
1.89
1.88
1.87
1.87
1.86
1.90
1.85
1.86
1.92
1.91
1.91
1.91
1.87
1.87
1.86
1.86
1.91
2.39
1.89
1.88
CorWatt	PkgWatt
121.49	331.64
1.94	166.86
1.99
1.93
1.95
1.93
1.92
1.94
1.92
1.87
1.88
1.84
1.88
1.87
1.86
1.86
1.87
1.96
1.96
1.95
1.95
2.00
1.96
1.95
1.95
1.91
1.93
1.92
1.91
1.89
1.92
1.89
1.92
1.90	166.12
1.90
1.90
1.90
1.89
1.91
1.90
1.91
1.87
1.88
1.88
1.87
1.88
1.89
1.87
1.87
1.86
1.90
1.85
1.86
1.91
1.91
1.92
1.91
1.87
1.87
1.85
1.87
1.89
1.88
1.89
1.87
CorWatt	PkgWatt
121.60	332.93
1.93	166.81
1.98
1.93
1.96
1.92
1.92
1.93
1.92
1.86
1.87
1.85
1.88
1.88
1.87
1.88
1.88
1.95
1.96
1.95
1.96
1.99
1.96
1.95
1.95
1.92
1.92
1.92
1.92
1.88
1.93
1.89
1.89
1.89	166.09
1.90
1.89
1.90
1.91
1.91
1.90
1.90
1.87
1.88
1.87
1.86
1.89
1.88
1.88
1.87
1.85
1.90
1.85
1.85
1.92
1.91
1.91
1.91
1.86
1.86
1.88
1.87
1.87
1.88
1.88
1.88
CorWatt	PkgWatt
125.33	337.32
1.93	166.92
1.98
1.97
1.96
1.93
1.91
1.93
1.92
1.87
1.88
1.86
1.88
1.89
1.89
1.88
1.89
1.96
1.98
1.95
1.97
1.99
1.96
1.95
1.94
1.92
1.93
1.93
1.94
1.88
1.93
1.90
1.89
1.90	169.07
4.90
1.90
1.88
1.90
1.92
1.92
1.90
1.88
1.89
1.88
1.88
1.89
1.89
1.88
1.88
1.87
1.91
1.86
1.86
1.91
1.91
1.92
1.91
1.87
1.87
1.87
1.87
1.89
1.88
1.88
1.88
CorWatt	PkgWatt
125.05	334.94
1.95	167.13
1.98
1.94
1.96
1.93
1.91
1.93
1.93
1.87
1.88
1.85
1.88
1.88
1.89
1.89
1.88
1.96
1.96
1.96
1.97
2.01
1.96
1.96
1.95
1.91
1.93
1.92
1.93
1.89
1.94
1.90
1.93
1.90	169.36
4.98
1.91
1.90
1.91
1.91
1.91
1.90
1.87
1.88
1.88
1.88
1.89
1.89
1.87
1.88
1.87
1.91
1.86
1.88
1.92
1.91
1.92
1.92
1.89
1.88
1.88
1.89
1.90
1.88
1.89
1.89
CorWatt	PkgWatt
125.38	337.27
1.94	167.16
1.99
1.95
1.96
1.93
1.92
1.93
1.92
1.87
1.88
1.85
1.89
1.90
1.88
1.89
1.88
1.97
1.98
1.96
1.96
2.01
1.96
1.96
1.95
1.92
1.93
1.93
1.93
1.89
1.94
1.90
1.89
1.90	169.27
4.96
1.91
1.88
1.90
1.92
1.91
1.91
1.88
1.88
1.89
1.88
1.89
1.91
1.88
1.88
1.86
1.91
1.86
1.87
1.92
1.91
1.92
1.91
1.87
1.88
1.87
1.91
1.90
1.90
1.89
1.88
CorWatt	PkgWatt
125.25	335.91
1.95	167.19
1.99
1.95
1.96
1.93
1.91
1.94
1.93
1.88
1.88
1.87
1.88
1.88
1.88
1.88
1.89
1.97
1.98
1.96
1.97
2.00
1.96
1.96
1.95
1.93
1.94
1.93
1.94
1.90
1.93
1.92
1.91
1.91	169.54
5.00
1.91
1.90
1.91
1.92
1.92
1.91
1.88
1.88
1.89
1.88
1.88
1.90
1.87
1.88
1.87
1.91
1.85
1.87
1.93
1.92
1.92
1.92
1.87
1.89
1.89
1.91
1.89
1.89
1.90
1.88
CorWatt	PkgWatt
125.89	337.83
1.95	167.20
1.99
1.95
2.02
1.94
1.92
1.94
1.93
1.86
1.89
1.86
1.88
1.89
1.90
1.88
1.88
1.97
1.98
1.96
1.97
1.99
1.96
1.96
1.94
1.92
1.92
1.92
1.92
1.88
1.93
1.89
1.90
1.90	169.30
4.99
1.91
1.91
1.90
1.93
1.91
1.90
1.88
1.88
1.88
1.88
1.88
1.89
1.87
1.87
1.87
1.91
1.87
1.86
1.92
1.91
1.92
1.92
1.87
1.87
1.85
1.91
1.88
1.90
1.90
1.88
CorWatt	PkgWatt
114.31	332.50
1.76	159.25
1.78
1.73
1.75
1.72
1.71
1.70
1.69
1.65
1.69
1.66
1.73
1.67
1.67
1.68
1.65
1.75
1.76
1.72
1.74
1.77
1.74
1.73
1.71
1.70
1.71
1.70
1.70
1.66
1.70
1.66
1.67
1.68	161.68
5.14
1.70
1.67
1.70
1.69
1.69
1.69
1.66
1.67
1.67
1.70
1.65
1.68
1.65
1.66
1.65
1.68
1.64
1.65
1.70
1.69
1.68
1.68
1.66
1.65
1.63
1.67
1.67
1.69
1.66
1.67
CorWatt	PkgWatt
17.75	174.07
0.16	80.38
0.15
0.15
0.14
0.14
0.14
0.14
0.14
0.13
0.13
0.12
0.13
0.12
0.12
0.12
0.12
0.14
0.14
0.14
0.14
0.15
0.14
0.15
0.14
0.14
0.14
0.13
0.14
0.13
0.13
0.13
0.12
0.32	93.38
5.82
0.31
0.30
0.25
0.25
0.25
0.25
0.22
0.23
0.23
0.22
0.22
0.22
0.22
0.22
0.25
0.25
0.24
0.25
0.25
0.26
0.25
0.25
0.24
0.24
0.24
0.24
0.23
0.23
0.23
0.22
CorWatt	PkgWatt
17.30	172.89
0.15	79.79
0.14
0.14
0.13
0.13
0.13
0.13
0.13
0.12
0.12
0.11
0.12
0.11
0.11
0.11
0.11
0.13
0.13
0.13
0.13
0.14
0.13
0.13
0.13
0.13
0.13
0.13
0.13
0.12
0.11
0.12
0.11
0.31	93.15
5.80
0.31
0.30
0.25
0.25
0.25
0.25
0.22
0.22
0.22
0.22
0.22
0.22
0.22
0.22
0.25
0.24
0.23
0.25
0.25
0.25
0.25
0.25
0.23
0.24
0.23
0.23
0.22
0.22
0.22
0.22
CorWatt	PkgWatt
81.55	177.62
0.59	96.60
0.60
0.72
0.70
0.74
0.75
0.77
0.84
0.80
0.87
0.85
0.95
0.97
0.94
0.97
1.05
1.00
1.10
1.15
1.15
1.30
1.18
1.20
1.28
1.27
1.25
1.29
1.35
1.30
1.31
1.34
1.43
1.54	131.59
5.79
1.57
1.60
1.58
1.58
1.59
1.67
1.59
1.63
1.68
1.71
1.70
1.72
1.76
1.77
1.75
1.90
1.77
1.84
1.84
1.84
1.92
1.91
1.87
1.88
1.88
1.91
1.89
1.93
1.98
2.01
CorWatt	PkgWatt
370.60	607.22
4.64	224.19
4.68
4.68
4.63
4.66
4.66
4.70
4.70
4.57
4.98
4.56
4.61
4.63
4.63
4.62
4.62
4.65
4.68
4.71
4.71
5.15
4.78
4.77
4.71
4.67
4.71
4.67
4.70
4.62
4.66
4.66
4.66
4.72	224.52
5.09
4.72
4.70
4.67
4.69
4.67
4.69
4.65
4.64
4.66
4.66
4.70
4.76
4.68
4.67
4.60
4.98
4.60
4.61
4.71
4.68
4.73
4.69
4.62
4.63
4.64
4.63
4.69
4.69
4.68
4.74
CorWatt	PkgWatt
301.11	450.08
4.66	225.17
4.70
4.71
4.67
4.68
4.67
4.71
4.71
4.58
5.01
4.57
4.62
4.63
4.64
4.63
4.63
4.67
4.69
4.73
4.83
5.17
4.80
4.78
4.72
4.67
4.72
4.69
4.71
4.64
4.68
4.68
4.67
4.73	225.04
4.78
4.74
4.72
4.68
4.70
4.68
4.71
4.66
4.65
4.67
4.67
4.71
4.78
4.71
4.69
4.62
5.00
4.62
4.63
4.71
4.70
4.75
4.71
4.63
4.65
4.66
4.65
4.71
4.72
4.68
4.77
CorWatt	PkgWatt
302.32	451.07
4.66	225.73
4.70
4.71
5.01
4.68
4.67
4.72
4.70
4.58
5.02
4.57
4.62
4.64
4.65
4.64
4.64
4.68
4.70
4.74
5.04
5.17
4.80
4.78
4.72
4.67
4.72
4.69
4.72
4.64
4.69
4.69
4.67
4.74	225.44
4.79
4.75
4.74
4.71
4.72
4.71
4.73
4.68
4.67
4.70
4.69
4.73
4.80
4.72
4.70
4.63
5.01
4.63
4.64
4.72
4.70
4.77
4.73
4.65
4.66
4.68
4.66
4.72
4.74
4.70
4.78
CorWatt	PkgWatt
302.92	452.22
4.66	225.98
4.71
4.72
5.01
4.69
4.68
4.72
4.70
4.58
5.03
4.56
4.62
4.64
4.66
4.65
4.64
4.68
4.70
4.74
5.05
5.18
4.81
4.79
4.73
4.67
4.73
4.70
4.72
4.65
4.70
4.70
4.68
4.75	225.99
4.80
4.76
4.74
4.71
4.73
4.71
4.73
4.68
4.68
4.80
4.69
4.74
4.81
4.73
4.71
4.65
5.03
4.64
4.66
4.73
4.72
4.77
4.73
4.65
4.66
4.68
4.67
4.71
4.74
4.71
4.79
CorWatt	PkgWatt
302.94	452.27
4.67	226.24
4.71
4.72
5.02
4.69
4.68
4.73
4.71
4.58
5.03
4.56
4.62
4.64
4.65
4.65
4.65
4.69
4.71
4.75
5.05
5.18
4.81
4.80
4.73
4.68
4.74
4.70
4.73
4.65
4.70
4.71
4.69
4.75	226.01
4.81
4.77
4.75
4.72
4.74
4.72
4.74
4.69
4.69
4.58
4.69
4.74
4.81
4.73
4.72
4.64
5.03
4.64
4.66
4.74
4.72
4.78
4.74
4.66
4.67
4.69
4.68
4.72
4.75
4.73
4.80
CorWatt	PkgWatt
303.08	452.38
4.67	226.31
4.72
4.72
5.02
4.70
4.69
4.73
4.71
4.58
5.04
4.57
4.63
4.65
4.66
4.65
4.65
4.69
4.71
4.76
5.05
5.18
4.81
4.80
4.73
4.68
4.74
4.71
4.73
4.65
4.70
4.71
4.69
4.76	226.27
4.81
4.77
4.76
4.72
4.74
4.72
4.74
4.70
4.71
4.59
4.70
4.75
4.82
4.73
4.72
4.63
5.03
4.63
4.66
4.74
4.73
4.78
4.75
4.66
4.67
4.69
4.68
4.72
4.76
4.75
4.80
CorWatt	PkgWatt
304.53	454.13
4.67	226.64
4.72
4.73
5.02
4.70
4.68
4.73
4.71
4.58
5.03
4.57
4.63
4.65
4.66
4.65
4.65
4.69
4.71
4.76
5.06
5.19
4.82
4.81
4.74
4.69
4.75
4.71
4.74
4.66
4.71
4.73
4.69
4.75	227.27
4.81
4.77
4.76
4.72
4.74
4.72
4.74
4.70
4.72
5.71
4.70
4.75
4.82
4.74
4.73
4.63
5.04
4.63
4.66
4.74
4.73
4.78
4.75
4.66
4.67
4.69
4.68
4.72
4.76
4.75
4.79
CorWatt	PkgWatt
304.68	454.06
4.68	226.64
4.72
4.73
5.02
4.70
4.69
4.73
4.71
4.58
5.04
4.57
4.64
4.66
4.67
4.66
4.66
4.70
4.72
4.77
5.07
5.20
4.82
4.81
4.74
4.69
4.75
4.71
4.74
4.66
4.71
4.73
4.70
4.75	227.44
4.81
4.77
4.76
4.73
4.75
4.72
4.75
4.70
4.72
5.72
4.71
4.76
4.83
4.75
4.73
4.64
5.04
4.64
4.67
4.75
4.73
4.79
4.75
4.66
4.67
4.69
4.68
4.73
4.76
4.76
4.79
CorWatt	PkgWatt
304.96	454.48
4.69	227.07
4.73
4.97
5.02
4.71
4.69
4.74
4.72
4.59
5.04
4.58
4.65
4.66
4.66
4.66
4.65
4.70
4.72
4.77
5.07
5.19
4.82
4.81
4.74
4.69
4.75
4.72
4.74
4.67
4.71
4.74
4.70
4.75	227.60
4.82
4.77
4.76
4.73
4.75
4.72
4.75
4.71
4.73
5.73
4.71
4.76
4.82
4.74
4.73
4.64
5.04
4.63
4.67
4.75
4.73
4.79
4.75
4.66
4.67
4.69
4.68
4.74
4.77
4.76
4.79
CorWatt	PkgWatt
133.79	295.93
2.04	145.68
2.05
2.25
2.12
2.07
2.00
2.01
2.03
1.95
2.25
1.98
1.97
1.97
2.01
2.02
2.07
2.07
2.04
2.02
2.13
2.27
2.10
2.07
1.98
2.08
2.05
2.02
1.99
2.01
2.03
2.06
1.97
2.16	150.72
2.17
2.09
2.03
2.18
2.13
2.10
2.04
2.14
2.11
3.08
2.14
2.13
2.12
2.06
2.02
1.99
2.20
2.08
2.17
2.15
2.15
2.09
2.06
2.10
2.08
2.07
2.03
2.13
2.03
2.08
2.13
CorWatt	PkgWatt
14.73	171.52
0.16	80.33
0.15
0.15
0.14
0.14
0.14
0.14
0.14
0.13
0.13
0.13
0.13
0.12
0.12
0.12
0.12
0.14
0.14
0.14
0.14
0.15
0.14
0.14
0.14
0.13
0.13
0.14
0.14
0.13
0.13
0.13
0.13
0.26	91.01
0.26
0.26
0.26
0.27
0.27
0.27
0.27
0.30
0.30
2.22
0.29
0.24
0.24
0.23
0.23
0.27
0.26
0.26
0.26
0.28
0.28
0.27
0.28
0.25
0.26
0.26
0.25
0.25
0.25
0.24
0.25
CorWatt	PkgWatt
14.81	171.55
0.17	80.92
0.16
0.16
0.18
0.15
0.15
0.15
0.15
0.14
0.14
0.13
0.13
0.13
0.13
0.13
0.13
0.15
0.15
0.15
0.15
0.17
0.15
0.15
0.15
0.14
0.14
0.15
0.15
0.14
0.13
0.13
0.13
0.26	90.71
0.26
0.26
0.26
0.27
0.27
0.27
0.26
0.29
0.30
2.22
0.29
0.23
0.23
0.23
0.23
0.26
0.26
0.25
0.26
0.27
0.27
0.27
0.27
0.25
0.25
0.25
0.25
0.24
0.24
0.24
0.24
CorWatt	PkgWatt
158.62	314.66
2.44	154.94
2.39
2.58
2.50
2.33
2.45
2.40
2.63
2.38
2.56
2.38
2.37
2.40
2.40
2.39
2.32
2.38
2.37
2.47
2.61
2.69
2.44
2.50
2.41
2.41
2.40
2.44
2.46
2.35
2.37
2.42
2.45
2.45	159.48
2.48
2.55
2.54
2.51
2.47
2.46
2.54
2.48
2.46
3.20
2.52
2.43
2.50
2.50
2.51
2.53
2.44
2.46
2.48
2.48
2.49
2.55
2.55
2.47
2.47
2.44
2.47
2.45
2.52
2.50
2.55
CorWatt	PkgWatt
303.83	452.86
4.65	226.21
4.72
5.08
4.84
4.68
4.67
4.69
5.08
4.65
5.00
4.57
4.62
4.63
4.63
4.63
4.62
4.67
4.69
4.73
5.04
5.16
4.79
4.77
4.74
4.73
4.77
4.68
4.71
4.64
4.68
4.68
4.67
4.73	226.34
4.80
4.75
4.74
4.70
4.73
4.70
4.71
4.74
4.70
5.27
4.68
4.71
4.80
4.72
4.71
4.67
4.64
4.63
5.03
4.73
4.72
4.76
4.72
4.65
4.66
4.68
4.66
4.72
4.79
4.70
4.78
CorWatt	PkgWatt
304.56	453.61
4.66	226.69
4.71
5.09
4.92
4.70
4.68
4.71
5.08
4.65
5.01
4.57
4.62
4.64
4.65
4.64
4.63
4.67
4.70
4.74
5.04
5.17
4.80
4.78
4.75
4.73
4.78
4.69
4.72
4.65
4.69
4.69
4.68
4.74	227.10
4.81
4.76
4.75
4.71
4.74
4.72
4.73
4.75
4.72
5.63
4.69
4.72
4.81
4.74
4.73
4.68
4.65
4.63
5.04
4.73
4.73
4.76
4.73
4.66
4.66
4.68
4.67
4.72
4.81
4.73
4.79
CorWatt	PkgWatt
304.25	457.39
4.67	228.83
4.72
5.09
5.01
4.70
4.68
4.71
5.08
4.65
5.02
4.56
4.62
4.65
4.65
4.64
4.64
4.68
4.71
4.75
5.06
5.18
4.81
4.78
4.75
4.73
4.78
4.69
4.72
4.65
4.70
4.70
4.68
4.75	228.41
4.82
4.77
4.76
4.72
4.75
4.72
4.74
4.76
4.72
4.74
4.70
4.73
4.82
4.74
4.73
4.69
4.66
4.63
5.05
4.74
4.73
4.77
4.73
4.66
4.67
4.69
4.67
4.72
4.82
4.76
4.80
CorWatt	PkgWatt
304.28	453.54
4.67	227.02
4.72
5.09
5.01
4.70
4.68
4.71
5.07
4.65
5.02
4.56
4.62
4.65
4.65
4.64
4.64
4.68
4.70
4.75
5.05
5.18
4.81
4.79
4.75
4.74
4.78
4.70
4.72
4.66
4.71
4.71
4.69
4.74	226.57
4.82
4.77
4.76
4.72
4.75
4.72
4.74
4.76
4.72
4.72
4.70
4.73
4.82
4.74
4.73
4.69
4.66
4.63
5.05
4.74
4.74
4.77
4.74
4.67
4.67
4.69
4.68
4.73
4.82
4.76
4.80
CorWatt	PkgWatt
304.44	453.55
4.67	227.07
4.72
5.09
5.01
4.70
4.68
4.71
5.07
4.65
5.02
4.56
4.62
4.65
4.66
4.65
4.64
4.69
4.71
4.76
5.06
5.19
4.82
4.80
4.76
4.74
4.79
4.71
4.73
4.66
4.71
4.71
4.69
4.74	226.55
4.82
4.77
4.75
4.72
4.75
4.72
4.75
4.77
4.73
4.72
4.70
4.74
4.83
4.74
4.74
4.69
4.67
4.63
5.06
4.75
4.74
4.78
4.74
4.66
4.67
4.69
4.67
4.73
4.82
4.76
4.80
CorWatt	PkgWatt
304.72	454.13
4.67	227.22
4.72
5.09
5.01
4.71
4.69
4.72
5.08
4.65
5.03
4.57
4.63
4.65
4.65
4.65
4.64
4.68
4.71
4.76
5.06
5.18
4.82
4.80
4.76
4.74
4.79
4.70
4.73
4.66
4.71
4.72
4.70
4.80	226.78
4.82
4.77
4.76
4.73
4.76
4.73
4.75
4.77
4.73
4.72
4.70
4.74
4.83
4.75
4.74
4.69
4.67
4.63
5.06
4.74
4.74
4.78
4.74
4.66
4.68
4.69
4.67
4.75
4.83
4.77
4.80
CorWatt	PkgWatt
304.69	454.52
4.68	227.56
4.73
5.10
5.01
4.71
4.69
4.72
5.08
4.65
5.03
4.57
4.63
4.65
4.66
4.65
4.65
4.69
4.71
4.76
5.06
5.19
4.82
4.80
4.76
4.74
4.79
4.71
4.73
4.67
4.72
4.73
4.70
4.67	226.94
4.82
4.77
4.77
4.73
4.76
4.72
4.75
4.77
4.73
4.72
4.71
4.74
4.83
4.75
4.74
4.69
4.67
4.63
5.05
4.75
4.75
4.78
4.75
4.66
4.68
4.69
4.68
4.76
4.83
4.77
4.80
CorWatt	PkgWatt
304.99	454.29
4.67	227.45
4.73
5.10
5.02
4.72
4.69
4.72
5.08
4.66
5.03
4.57
4.64
4.66
4.66
4.66
4.65
4.69
4.71
4.77
5.07
5.19
4.82
4.90
4.76
4.75
4.79
4.70
4.73
4.67
4.72
4.73
4.70
4.82	227.03
4.82
4.77
4.76
4.73
4.76
4.73
4.75
4.77
4.73
4.73
4.71
4.74
4.83
4.75
4.74
4.69
4.67
4.63
5.06
4.76
4.75
4.79
4.75
4.66
4.68
4.69
4.67
4.76
4.83
4.77
4.79
CorWatt	PkgWatt
306.74	456.32
4.68	228.30
4.72
5.09
5.01
4.71
4.69
4.72
5.09
4.66
5.03
4.57
4.64
4.66
4.66
4.66
4.66
4.70
4.72
4.77
5.07
5.19
4.82
5.20
4.77
4.75
4.80
4.71
4.74
4.67
4.71
4.73
4.98
5.78	227.83
4.82
4.77
4.76
4.73
4.76
4.73
4.75
4.76
4.73
4.73
4.71
4.75
4.83
4.75
4.75
4.69
4.68
4.64
5.06
4.75
4.75
4.78
4.75
4.66
4.67
4.69
4.67
4.76
4.83
4.77
4.79
CorWatt	PkgWatt
160.14	317.94
2.31	157.08
2.60
2.71
2.61
2.54
2.35
2.45
2.59
2.42
2.52
2.28
2.38
2.40
2.37
2.32
2.44
2.45
2.44
2.40
2.57
2.60
2.50
2.63
2.45
2.45
2.52
2.40
2.38
2.43
2.42
2.39
2.51
5.00	161.75
2.58
2.59
2.45
2.45
2.52
2.44
2.43
2.51
2.48
2.41
2.40
2.51
2.46
2.44
2.44
2.37
2.48
2.39
2.65
2.48
2.50
2.57
2.44
2.38
2.39
2.37
2.53
2.48
2.46
2.48
2.51
CorWatt	PkgWatt
16.50	173.86
0.17	81.28
0.16
0.16
0.16
0.15
0.15
0.16
0.15
0.15
0.14
0.14
0.15
0.13
0.13
0.13
0.13
0.16
0.16
0.16
0.15
0.17
0.15
0.16
0.15
0.15
0.15
0.15
0.15
0.14
0.14
0.14
0.14
3.70	92.25
0.32
0.32
0.31
0.27
0.27
0.27
0.27
0.24
0.24
0.24
0.23
0.23
0.23
0.23
0.23
0.26
0.26
0.26
0.26
0.27
0.27
0.27
0.27
0.25
0.26
0.25
0.25
0.24
0.24
0.24
0.24
CorWatt	PkgWatt
14.76	171.29
0.16	80.81
0.16
0.15
0.22
0.15
0.14
0.15
0.14
0.14
0.13
0.13
0.13
0.13
0.13
0.13
0.13
0.15
0.15
0.15
0.14
0.16
0.15
0.15
0.15
0.15
0.14
0.14
0.15
0.13
0.13
0.13
0.13
2.23	90.61
0.31
0.31
0.31
0.27
0.27
0.27
0.27
0.23
0.24
0.24
0.24
0.23
0.23
0.23
0.23
0.26
0.26
0.25
0.26
0.27
0.27
0.27
0.27
0.25
0.25
0.25
0.25
0.24
0.24
0.24
0.24
CorWatt	PkgWatt
132.55	289.45
2.07	141.74
2.12
2.00
1.99
2.03
2.04
1.99
2.05
1.92
2.01
1.96
2.02
2.03
1.97
1.97
2.05
2.03
1.98
2.00
2.07
2.02
2.09
2.04
2.06
2.01
2.06
2.00
2.04
2.00
2.02
1.98
2.04
2.91	147.40
2.12
2.12
2.14
2.09
2.10
2.07
2.15
2.04
2.09
2.09
2.06
2.08
2.09
2.05
2.10
2.07
2.05
2.03
2.25
2.11
2.09
2.10
2.14
2.11
2.09
2.07
2.03
2.09
2.08
2.05
2.15
CorWatt	PkgWatt
301.64	450.61
4.65	225.11
5.07
4.70
4.64
4.71
4.66
4.70
4.97
4.58
4.62
4.55
4.62
4.69
4.63
4.64
4.70
4.67
4.70
4.73
4.67
4.78
4.80
4.78
4.75
4.67
4.76
4.70
4.69
4.62
5.05
4.68
4.68
4.06	225.29
4.80
4.75
4.74
4.71
4.76
4.71
4.74
4.74
4.71
4.70
4.69
4.73
4.81
4.73
4.73
4.65
4.65
4.64
5.03
4.73
4.71
4.77
4.74
4.66
4.66
4.69
4.67
4.74
4.73
4.72
4.79
CorWatt	PkgWatt
302.72	451.70
4.66	225.76
5.08
4.71
4.65
4.87
4.67
4.71
5.09
4.59
4.63
4.56
4.63
4.70
4.65
4.64
4.70
4.67
4.70
4.73
4.68
4.79
4.81
4.79
4.75
4.67
4.77
4.71
4.71
4.63
5.06
4.69
4.68
4.48	226.06
4.81
4.76
4.75
4.73
4.78
4.72
4.74
4.75
4.72
4.71
4.70
4.73
4.82
4.74
4.73
4.66
4.65
4.63
5.04
4.74
4.72
4.78
4.74
4.66
4.67
4.70
4.68
4.75
4.75
4.75
4.80
CorWatt	PkgWatt
304.47	454.23
4.67	226.42
5.09
4.72
4.64
5.06
4.67
4.71
5.08
4.58
4.63
4.55
4.63
4.70
4.65
4.65
4.70
4.68
4.71
4.74
4.68
4.79
4.81
4.79
4.76
4.67
4.78
4.71
4.71
4.64
5.08
4.71
4.70
5.71	227.67
4.82
4.77
4.76
4.73
4.77
4.73
4.75
4.75
4.72
4.71
4.70
4.73
4.82
4.74
4.74
4.66
4.66
4.63
5.04
4.74
4.72
4.79
4.75
4.66
4.66
4.69
4.67
4.75
4.76
4.76
4.80
CorWatt	PkgWatt
304.93	454.02
4.67	227.10
5.09
4.71
4.64
5.06
4.67
4.71
5.08
4.88
4.64
4.55
4.63
4.70
4.65
4.65
4.71
4.69
4.72
4.75
4.69
4.80
4.82
5.03
4.76
4.68
4.78
4.72
4.72
4.65
5.08
4.71
5.01
5.36	227.13
4.82
4.76
4.76
4.72
4.75
4.75
4.75
4.76
4.72
4.71
4.70
4.74
4.82
4.75
4.74
4.66
4.66
4.63
5.05
4.75
4.72
4.79
4.75
4.66
4.67
4.70
4.67
4.75
4.75
4.76
4.79
CorWatt	PkgWatt
304.95	454.44
4.66	227.48
5.09
4.72
4.64
5.07
4.68
4.72
5.09
4.96
4.64
4.56
4.64
4.71
4.65
4.66
4.71
4.68
4.71
4.75
4.69
4.80
4.82
5.19
4.76
4.68
4.78
4.72
4.72
4.65
5.08
4.73
5.08
4.75	226.96
4.82
4.77
4.76
4.73
4.77
4.76
4.76
4.75
4.72
4.72
4.70
4.74
4.82
4.75
4.74
4.66
4.66
4.64
5.05
4.76
4.73
4.79
4.76
4.67
4.68
4.70
4.68
4.77
4.76
4.77
4.79
CorWatt	PkgWatt
305.23	454.77
4.67	227.75
5.10
4.72
4.64
5.07
4.68
4.72
5.08
4.96
4.64
4.56
4.64
4.71
4.66
4.66
4.72
4.69
4.72
4.76
4.69
4.80
4.82
5.21
4.76
4.68
4.79
4.72
4.72
4.65
5.08
4.73
5.08
4.76	226.83
4.82
4.77
4.76
4.73
4.77
4.76
4.76
4.75
4.73
4.72
4.71
4.75
4.83
4.75
4.75
4.66
4.67
4.64
5.06
4.75
4.73
4.79
4.76
4.67
4.68
4.70
4.67
4.78
4.77
4.77
4.79
CorWatt	PkgWatt
305.22	454.74
4.67	227.84
5.10
4.73
4.64
5.07
4.68
4.72
5.09
4.96
4.65
4.56
4.64
4.71
4.66
4.66
4.72
4.69
4.72
4.76
4.69
4.80
4.82
5.21
4.76
4.69
4.79
4.72
4.72
4.65
5.08
4.74
5.08
4.76	227.06
4.83
4.77
4.77
4.74
4.77
4.77
4.76
4.75
4.73
4.72
4.71
4.74
4.82
4.75
4.75
4.66
4.67
4.64
5.06
4.76
4.73
4.80
4.76
4.67
4.68
4.70
4.68
4.78
4.77
4.78
4.80
CorWatt	PkgWatt
305.81	455.60
4.68	228.26
5.10
4.73
4.64
5.08
4.68
4.72
5.09
4.96
4.65
4.56
4.64
4.71
4.66
4.66
4.72
4.69
4.72
4.76
4.70
4.81
5.14
5.21
4.77
4.69
4.79
4.73
4.73
4.66
5.09
4.74
5.08
4.78	227.33
4.88
4.77
4.77
4.74
4.77
4.76
4.76
4.75
4.74
4.73
4.71
4.75
4.84
4.76
4.75
4.66
4.68
4.65
5.07
4.76
4.74
4.81
4.77
4.67
4.68
4.70
4.68
4.78
4.77
4.78
4.80
CorWatt	PkgWatt
306.05	455.81
4.68	228.51
5.10
4.73
4.80
5.08
4.69
4.73
5.10
4.97
4.66
4.57
4.66
4.72
4.66
4.67
4.72
4.70
4.72
4.77
4.69
4.81
5.22
5.22
4.77
4.69
4.79
4.73
4.73
4.66
5.09
4.74
5.09
4.77	227.12
4.62
4.78
4.77
4.74
4.78
4.77
4.76
4.75
4.74
4.73
4.71
4.75
4.83
4.75
4.75
4.66
4.69
4.65
5.08
4.77
4.74
4.81
4.77
4.68
4.68
4.71
4.68
4.79
4.77
4.77
4.80
CorWatt	PkgWatt
184.93	346.15
2.71	172.15
3.08
2.85
2.99
3.03
2.83
2.85
3.18
3.00
2.78
2.69
2.73
2.81
2.78
2.73
2.76
2.82
2.86
2.84
2.87
2.92
3.11
3.11
2.79
2.77
2.93
2.84
2.81
2.80
3.00
2.80
3.00
2.86	174.81
4.62
2.95
2.82
2.86
2.94
2.93
2.85
2.89
2.84
2.82
2.79
2.86
2.90
2.84
2.80
2.83
2.85
2.80
3.01
2.90
2.87
2.88
2.81
2.76
2.77
2.83
2.85
2.80
2.85
2.92
2.84
CorWatt	PkgWatt
17.03	174.24
0.16	81.04
0.16
0.16
0.15
0.15
0.14
0.15
0.15
0.15
0.14
0.13
0.14
0.13
0.14
0.13
0.13
0.15
0.15
0.15
0.15
0.16
0.15
0.15
0.15
0.14
0.14
0.14
0.15
0.14
0.14
0.14
0.14
0.33	92.99
4.26
0.33
0.32
0.27
0.27
0.27
0.27
0.24
0.24
0.24
0.24
0.23
0.23
0.23
0.23
0.27
0.26
0.26
0.27
0.27
0.28
0.27
0.28
0.25
0.26
0.25
0.26
0.24
0.24
0.24
0.24
CorWatt	PkgWatt
16.34	172.72
0.15	80.29
0.15
0.15
0.14
0.14
0.13
0.14
0.14
0.13
0.13
0.12
0.13
0.12
0.12
0.12
0.12
0.14
0.14
0.14
0.14
0.15
0.14
0.14
0.14
0.14
0.13
0.13
0.14
0.13
0.13
0.13
0.12
0.32	92.37
4.22
0.32
0.31
0.26
0.26
0.26
0.26
0.23
0.23
0.23
0.23
0.23
0.23
0.23
0.23
0.26
0.26
0.25
0.26
0.26
0.27
0.26
0.26
0.24
0.25
0.24
0.24
0.23
0.23
0.23
0.23
CorWatt	PkgWatt
110.45	267.79
1.64	130.60
1.65
1.70
1.72
1.63
1.67
1.65
1.85
1.64
1.65
1.58
1.60
1.66
1.62
1.62
1.68
1.65
1.64
1.64
1.70
1.71
1.71
1.67
1.70
1.70
1.65
1.62
1.72
1.64
1.62
1.64
1.81
1.76	137.20
2.99
1.76
1.80
1.73
1.72
1.76
1.80
1.74
1.72
1.71
1.76
1.73
1.74
1.71
1.77
1.73
1.70
1.69
1.78
1.76
1.74
1.76
1.81
1.73
1.71
1.73
1.75
1.74
1.73
1.72
1.81
CorWatt	PkgWatt
301.58	451.03
4.65	225.06
4.71
4.70
4.63
4.67
4.66
4.70
5.09
4.58
4.60
4.56
4.63
4.62
4.63
4.64
4.63
4.67
4.69
4.73
4.67
5.04
4.80
4.78
4.75
4.67
4.76
4.69
4.70
4.63
4.69
4.68
5.03
4.74	225.61
4.12
4.76
4.75
4.73
4.75
4.72
4.75
4.75
4.72
4.71
4.71
4.74
4.79
4.75
4.73
4.66
4.66
4.64
4.66
4.75
4.72
4.78
4.76
4.68
4.68
4.76
4.69
4.74
4.76
4.75
4.80
CorWatt	PkgWatt
302.10	451.73
4.67	225.78
4.72
4.71
4.64
4.69
4.67
4.72
5.08
4.58
4.62
4.56
4.63
4.63
4.64
4.65
4.65
4.68
4.71
4.75
4.68
5.18
4.81
4.79
4.75
4.67
4.77
4.70
4.71
4.64
4.71
4.71
5.04
4.75	226.00
4.13
4.77
4.76
4.74
4.76
4.73
4.76
4.75
4.73
4.72
4.72
4.75
4.80
4.76
4.75
4.67
4.67
4.64
4.68
4.76
4.72
4.79
4.76
4.67
4.68
4.75
4.69
4.77
4.77
4.77
4.80
CorWatt	PkgWatt
302.51	451.93
4.67	225.91
4.73
4.72
4.63
4.69
4.67
4.72
5.09
4.58
4.62
4.56
4.64
4.64
4.65
4.65
4.65
4.69
4.71
4.76
4.69
5.19
4.82
4.81
4.76
4.69
4.78
4.71
4.72
4.65
4.71
4.71
5.04
4.75	226.18
4.26
4.77
4.76
4.74
4.76
4.73
4.76
4.74
4.73
4.73
4.71
4.76
4.81
4.76
4.75
4.66
4.69
4.65
4.70
4.76
4.74
4.80
4.77
4.68
4.69
4.76
4.69
4.77
4.77
4.77
4.80
CorWatt	PkgWatt
304.08	453.83
4.67	226.13
4.73
4.72
4.64
4.70
4.68
4.72
5.09
4.59
4.63
4.57
4.65
4.65
4.66
4.66
4.66
4.69
4.71
4.77
4.69
5.19
4.82
4.81
4.76
4.69
4.78
4.71
4.72
4.65
4.72
4.73
5.06
4.78	227.51
5.40
4.78
4.77
4.74
4.76
4.73
4.76
4.75
4.74
4.73
4.71
4.76
4.81
4.76
4.75
4.66
4.69
4.65
4.70
4.77
4.74
4.80
4.77
4.68
4.68
4.77
4.70
4.78
4.78
4.78
4.81
CorWatt	PkgWatt
304.60	454.76
4.68	226.55
4.74
4.73
4.64
4.71
4.68
4.73
5.10
4.59
4.63
4.56
4.65
4.64
4.66
4.66
4.66
4.69
4.71
4.77
4.70
5.19
4.83
4.81
4.76
4.69
4.79
4.72
4.73
4.66
4.73
4.73
5.06
4.79	228.19
5.75
4.79
4.77
4.75
4.77
4.74
4.77
4.74
4.74
4.73
4.71
4.76
4.81
4.77
4.76
4.66
4.70
4.65
4.71
4.77
4.74
4.80
4.77
4.68
4.68
4.77
4.70
4.78
4.78
4.78
4.81
CorWatt	PkgWatt
303.99	453.70
4.68	226.55
4.73
4.72
4.80
4.71
4.68
4.73
5.10
4.59
4.64
4.57
4.67
4.65
4.66
4.67
4.66
4.70
4.72
4.78
4.70
5.20
4.83
4.82
4.77
4.70
4.79
4.72
4.73
4.67
4.73
4.74
5.06
4.78	227.35
4.88
4.78
4.77
4.75
4.77
4.75
4.77
4.75
4.75
4.74
4.71
4.76
4.82
4.77
4.76
4.67
4.70
4.66
4.71
4.77
4.75
4.81
4.78
4.69
4.69
4.78
4.71
4.79
4.78
4.78
4.81
CorWatt	PkgWatt
304.43	454.48
4.69	227.11
4.74
4.73
5.02
4.72
4.68
4.74
5.10
4.60
4.64
4.57
4.67
4.65
4.66
4.67
4.67
4.70
4.72
4.78
4.71
5.20
4.83
4.83
4.78
4.70
4.80
4.73
4.74
4.67
4.73
4.74
5.06
4.78	227.47
4.84
4.78
4.77
4.75
4.77
4.75
4.77
4.75
4.75
4.74
4.72
4.76
4.82
4.77
4.76
4.67
4.70
4.66
4.72
4.78
4.75
4.81
4.78
4.69
4.69
4.78
4.71
4.79
4.78
4.78
4.81
CorWatt	PkgWatt
304.79	455.05
4.69	227.29
4.74
4.73
5.02
4.73
4.69
4.74
5.10
4.59
4.64
4.57
4.67
4.65
4.66
4.67
4.67
4.71
4.73
4.79
4.72
5.20
4.83
4.83
4.78
4.70
4.80
4.73
4.74
4.67
4.74
4.75
5.07
4.78	227.53
4.85
4.79
4.77
4.75
4.77
4.75
4.77
4.75
4.76
4.75
4.72
4.77
4.83
4.78
4.77
4.67
4.71
4.67
4.71
4.78
4.75
4.81
4.79
4.69
4.69
4.78
4.71
4.79
4.79
4.78
4.82
CorWatt	PkgWatt
304.96	455.07
4.69	227.30
4.74
4.73
5.03
4.73
4.69
4.75
5.12
4.60
4.65
4.58
4.68
4.66
4.67
4.68
4.67
4.70
4.73
4.79
4.72
5.20
4.83
4.84
4.78
4.70
4.80
4.73
4.74
4.67
4.73
4.74
5.08
4.79	227.70
4.85
4.79
4.78
4.76
4.78
4.76
4.78
4.76
4.76
4.75
4.77
4.77
4.83
4.78
4.77
4.67
4.71
4.67
4.72
4.78
4.75
4.82
4.79
4.69
4.69
4.78
4.71
4.79
4.79
4.79
4.82
CorWatt	PkgWatt
206.31	363.71
3.20	180.95
3.28
3.17
3.54
3.16
3.17
3.21
3.40
3.10
3.11
3.05
3.19
3.11
3.15
3.14
3.20
3.24
3.19
3.21
3.12
3.54
3.27
3.24
3.18
3.13
3.27
3.21
3.14
3.17
3.18
3.14
3.43
3.30	183.56
3.37
3.27
3.21
3.26
3.27
3.22
3.19
3.24
3.18
3.19
3.86
3.26
3.27
3.22
3.17
3.19
3.22
3.16
3.15
3.27
3.23
3.25
3.19
3.19
3.18
3.19
3.18
3.26
3.24
3.21
3.20
CorWatt	PkgWatt
15.93	173.44
0.17	81.00
0.16
0.16
0.16
0.15
0.15
0.16
0.15
0.14
0.14
0.14
0.14
0.14
0.13
0.13
0.13
0.15
0.15
0.15
0.15
0.16
0.15
0.15
0.15
0.14
0.15
0.15
0.15
0.14
0.14
0.14
0.14
0.28	92.23
0.28
0.28
0.28
0.28
0.28
0.28
0.28
0.31
0.31
0.31
2.74
0.25
0.25
0.25
0.25
0.28
0.28
0.27
0.28
0.28
0.29
0.28
0.29
0.26
0.27
0.26
0.27
0.25
0.25
0.25
0.25
CorWatt	PkgWatt
16.99	173.94
0.16	80.54
0.15
0.15
0.15
0.14
0.14
0.14
0.14
0.13
0.13
0.13
0.13
0.12
0.12
0.12
0.12
0.15
0.15
0.15
0.14
0.15
0.14
0.14
0.14
0.14
0.14
0.14
0.14
0.13
0.13
0.13
0.13
0.27	93.39
0.27
0.27
0.27
0.28
0.28
0.28
0.28
0.30
0.30
0.30
4.28
0.25
0.25
0.24
0.24
0.27
0.27
0.26
0.27
0.28
0.28
0.28
0.28
0.26
0.26
0.26
0.26
0.25
0.25
0.25
0.25
CorWatt	PkgWatt
90.09	248.52
1.28	119.25
1.36
1.29
1.34
1.29
1.28
1.34
1.33
1.31
1.27
1.20
1.33
1.26
1.27
1.25
1.32
1.34
1.29
1.28
1.36
1.35
1.36
1.31
1.33
1.27
1.37
1.32
1.28
1.25
1.25
1.34
1.45
1.42	129.19
1.41
1.38
1.44
1.41
1.41
1.39
1.47
1.43
1.40
1.39
4.63
1.39
1.39
1.39
1.42
1.40
1.36
1.34
1.40
1.42
1.41
1.42
1.47
1.36
1.42
1.36
1.42
1.40
1.40
1.37
1.46
CorWatt	PkgWatt
303.08	452.89
4.67	225.56
4.71
5.09
4.64
4.70
4.68
4.70
4.70
4.59
4.63
4.56
4.62
4.63
4.64
4.64
4.64
4.77
4.70
4.74
4.68
4.79
4.81
4.79
4.76
4.68
4.78
4.71
4.73
4.65
4.70
4.70
5.05
4.76	227.06
4.83
4.77
4.78
4.73
4.76
4.73
4.76
4.75
4.72
4.74
5.07
4.75
4.79
4.75
4.75
4.66
4.68
4.65
4.69
4.76
4.74
4.79
4.76
4.67
4.69
4.70
4.68
4.77
4.77
4.78
4.80
CorWatt	PkgWatt
302.65	452.45
4.68	225.99
4.73
5.10
4.64
4.71
4.68
4.70
4.71
4.60
4.65
4.57
4.64
4.64
4.66
4.66
4.66
4.79
4.72
4.76
4.70
4.81
4.83
4.81
4.77
4.69
4.79
4.72
4.73
4.66
4.71
4.72
5.06
4.78	226.50
4.84
4.78
4.79
4.74
4.76
4.74
4.77
4.76
4.74
4.75
4.03
4.76
4.81
4.76
4.76
4.67
4.70
4.66
4.71
4.77
4.76
4.81
4.77
4.68
4.69
4.71
4.69
4.79
4.78
4.79
4.80
CorWatt	PkgWatt
303.10	453.16
4.69	226.54
4.73
5.11
4.82
4.72
4.69
4.71
4.72
4.60
4.66
4.57
4.66
4.65
4.66
4.66
4.66
4.79
4.72
4.77
4.70
4.82
4.82
4.82
4.77
4.69
4.80
4.73
4.74
4.67
4.72
4.74
5.07
4.78	226.78
4.84
4.79
4.79
4.75
4.77
4.75
4.77
4.77
4.75
4.76
4.04
4.76
4.81
4.76
4.76
4.67
4.70
4.66
4.70
4.77
4.76
4.81
4.77
4.68
4.69
4.72
4.70
4.79
4.78
4.79
4.81
CorWatt	PkgWatt
303.80	454.17
4.70	226.96
4.73
5.11
5.02
4.73
4.69
4.72
4.72
4.61
4.67
4.58
4.67
4.65
4.67
4.67
4.66
4.79
4.72
4.77
4.71
4.82
4.83
4.83
4.78
4.70
4.80
4.73
4.74
4.68
4.73
4.74
5.09
4.79	227.04
4.85
4.79
4.80
4.76
4.78
4.76
4.77
4.76
4.74
4.76
4.04
4.76
4.81
4.77
4.76
4.67
4.70
4.67
4.71
4.78
4.77
4.82
4.78
4.69
4.70
4.73
4.71
4.80
4.79
4.79
4.82
CorWatt	PkgWatt
304.90	455.07
4.70	227.62
4.74
5.11
5.02
4.74
4.98
4.72
4.72
4.61
4.67
4.58
4.67
4.66
4.67
4.67
4.66
4.79
4.73
4.78
4.99
4.82
4.83
4.83
4.78
4.70
4.81
4.73
4.74
4.68
4.73
4.74
5.09
4.79	227.61
4.86
4.80
4.79
4.76
4.78
4.76
4.77
4.77
4.74
4.76
4.61
4.77
4.82
4.78
4.77
4.68
4.71
4.67
4.70
4.78
4.77
4.81
4.78
4.68
4.70
4.73
4.71
4.80
4.79
4.79
4.82
CorWatt	PkgWatt
306.37	456.76
4.71	228.02
4.74
5.12
5.03
4.74
5.06
4.73
4.73
4.61
4.67
4.58
4.68
4.66
4.68
4.68
4.66
4.80
4.73
4.79
5.10
4.82
4.83
4.84
4.78
4.70
4.81
4.73
4.75
4.69
4.73
4.75
5.10
4.79	228.77
4.86
4.80
4.78
4.76
4.79
4.77
4.78
4.78
4.75
4.76
5.67
4.77
4.82
4.77
4.76
4.68
4.71
4.67
4.71
4.78
4.77
4.82
4.78
4.68
4.70
4.73
4.71
4.80
4.79
4.79
4.82
CorWatt	PkgWatt
306.29	456.63
4.71	228.03
4.74
5.12
5.03
4.74
5.06
4.73
4.73
4.61
4.67
4.58
4.68
4.66
4.68
4.68
4.66
4.80
4.74
4.79
5.11
4.83
4.84
4.85
4.79
4.71
4.81
4.74
4.75
4.69
4.74
4.75
5.11
4.79	228.42
4.87
4.81
4.78
4.77
4.79
4.77
4.78
4.79
4.75
4.76
5.26
4.78
4.83
4.79
4.77
4.68
4.71
4.67
4.71
4.79
4.77
4.82
4.78
4.68
4.70
4.73
4.71
4.80
4.80
4.80
4.82
CorWatt	PkgWatt
305.91	456.55
4.72	228.42
4.75
5.13
5.04
4.75
5.07
4.74
4.74
4.62
4.68
4.59
4.68
4.67
4.68
4.68
4.66
4.80
4.74
4.79
5.11
4.83
4.85
4.85
4.79
4.71
4.81
4.74
4.76
4.69
4.75
4.76
5.12
4.80	228.29
4.87
4.81
4.79
4.77
4.80
4.78
4.79
4.79
4.75
4.77
4.76
4.78
4.83
4.78
4.77
4.69
4.71
4.68
4.71
4.79
4.78
4.83
4.79
4.69
4.71
4.73
4.72
4.81
4.80
4.80
4.82
CorWatt	PkgWatt
306.25	456.81
4.71	228.38
4.75
5.12
5.04
4.75
5.07
4.74
4.75
4.62
4.68
4.59
4.68
4.67
4.68
4.68
4.66
4.80
4.74
4.80
5.12
4.83
4.86
4.86
4.80
4.72
4.82
4.76
4.76
4.69
4.75
4.75
5.12
4.80	228.29
4.88
4.81
4.79
4.77
4.80
4.78
4.79
4.80
4.76
4.77
4.76
4.78
4.83
4.79
4.78
4.71
4.71
4.68
4.71
4.79
4.78
4.83
4.79
4.69
4.71
4.74
4.72
4.81
4.81
4.81
4.83
CorWatt	PkgWatt
230.45	391.05
3.58	194.77
3.51
3.83
3.79
3.60
3.81
3.55
3.68
3.44
3.52
3.49
3.47
3.54
3.48
3.52
3.46
3.61
3.57
3.58
3.78
3.64
3.63
3.61
3.52
3.56
3.58
3.52
3.59
3.55
3.58
3.53
3.76
3.63	197.00
4.26
3.57
3.69
3.60
3.62
3.71
3.67
3.65
3.60
3.59
3.63
3.64
3.65
3.57
3.57
3.47
3.64
3.52
3.51
3.65
3.61
3.61
3.54
3.61
3.54
3.57
3.51
3.67
3.61
3.58
3.56
CorWatt	PkgWatt
16.04	173.55
0.16	81.04
0.16
0.16
0.15
0.15
0.15
0.15
0.15
0.14
0.14
0.14
0.14
0.13
0.13
0.13
0.13
0.15
0.15
0.15
0.15
0.16
0.15
0.15
0.15
0.15
0.15
0.14
0.15
0.14
0.14
0.13
0.13
0.34	92.49
2.84
0.34
0.34
0.28
0.29
0.28
0.28
0.26
0.25
0.25
0.25
0.25
0.25
0.25
0.25
0.28
0.28
0.27
0.29
0.29
0.29
0.28
0.29
0.27
0.27
0.27
0.27
0.26
0.26
0.26
0.26
CorWatt	PkgWatt
15.35	172.75
0.16	80.88
0.15
0.16
0.15
0.15
0.15
0.15
0.15
0.14
0.13
0.13
0.14
0.13
0.13
0.13
0.13
0.15
0.15
0.15
0.15
0.16
0.15
0.15
0.14
0.14
0.14
0.14
0.14
0.13
0.13
0.13
0.13
0.33	91.70
2.41
0.33
0.32
0.28
0.28
0.28
0.28
0.25
0.25
0.25
0.25
0.25
0.25
0.24
0.24
0.28
0.28
0.27
0.28
0.28
0.28
0.28
0.28
0.26
0.26
0.26
0.26
0.25
0.25
0.25
0.25
CorWatt	PkgWatt
65.79	225.28
0.92	107.80
0.92
0.96
1.06
0.93
0.97
0.90
0.95
0.94
0.89
0.87
0.91
0.93
0.88
0.88
1.00
0.87
0.91
0.96
1.05
1.00
0.97
0.94
0.87
0.96
0.96
0.87
0.93
0.90
0.88
0.90
1.04
1.04	117.46
3.80
1.11
1.04
1.06
1.02
1.02
1.09
1.05
1.07
0.99
1.01
0.96
1.03
1.05
1.02
0.99
1.01
0.99
1.09
1.11
0.99
1.03
1.07
0.97
1.01
1.07
1.09
0.99
1.00
1.07
1.08
CorWatt	PkgWatt
305.63	455.52
4.68	226.94
4.72
5.10
4.64
4.70
5.06
4.73
4.71
4.59
4.64
4.57
4.64
4.64
4.66
4.66
5.04
4.70
4.71
4.77
5.07
4.80
4.82
4.81
4.78
4.69
4.80
4.72
4.71
4.66
4.71
4.72
5.07
4.79	228.46
5.83
4.80
4.77
4.75
4.77
5.05
4.77
4.76
4.74
4.73
4.73
4.76
4.78
4.76
4.76
4.67
4.71
4.62
4.70
4.77
4.76
4.80
4.78
4.68
4.68
4.70
4.70
4.78
4.79
4.78
4.80
CorWatt	PkgWatt
306.63	456.70
4.69	227.58
4.73
5.11
4.65
4.72
5.06
4.75
4.73
4.60
4.66
4.59
4.68
4.66
4.67
4.67
5.05
4.72
4.73
4.79
5.10
4.82
4.83
4.84
4.78
4.69
4.81
4.73
4.73
4.68
4.72
4.74
5.09
4.80	228.96
5.84
4.81
4.78
4.76
4.78
5.16
4.78
4.78
4.75
4.75
4.75
4.77
4.80
4.77
4.76
4.68
4.72
4.63
4.71
4.78
4.77
4.81
4.79
4.69
4.68
4.71
4.71
4.79
4.80
4.79
4.82
CorWatt	PkgWatt
306.29	456.85
4.70	228.16
4.74
5.12
4.66
4.74
5.07
4.75
4.73
4.60
4.67
4.58
4.68
4.67
4.68
4.68
5.05
4.72
4.74
4.80
5.11
4.86
4.84
4.85
4.79
4.71
4.82
4.74
4.73
4.69
4.73
4.75
5.11
4.80	228.77
5.19
4.82
4.79
4.77
4.79
5.16
4.78
4.78
4.75
4.75
4.75
4.77
4.80
4.77
4.76
4.68
4.72
4.64
4.71
4.79
4.78
4.82
4.80
4.69
4.70
4.73
4.71
4.80
4.81
4.80
4.83
CorWatt	PkgWatt
306.13	456.62
4.70	228.71
4.74
5.12
4.66
4.74
5.07
4.76
4.74
4.61
4.67
4.59
4.69
4.67
4.68
4.68
5.04
4.72
4.74
4.81
5.12
5.21
4.85
4.85
4.80
4.91
4.82
4.73
4.74
4.69
4.74
4.75
5.12
4.80	227.83
4.15
4.81
4.79
4.77
4.79
5.16
4.79
4.79
4.76
4.76
4.76
4.78
4.81
4.78
4.77
4.70
4.72
4.65
4.72
4.79
4.78
4.82
4.80
4.69
4.70
4.72
4.72
4.80
4.81
4.81
4.83
CorWatt	PkgWatt
306.45	456.68
4.71	229.03
4.74
5.12
4.67
4.74
5.07
4.76
4.75
4.61
4.67
4.60
4.69
4.68
4.69
4.69
5.05
4.72
4.75
4.81
5.12
5.21
4.87
4.86
4.80
5.09
4.82
4.75
4.73
4.69
4.74
4.75
5.13
4.80	227.86
4.15
4.81
4.79
4.78
4.80
5.17
4.80
4.80
4.76
4.76
4.76
4.79
4.81
4.79
4.78
4.71
4.72
4.65
4.72
4.79
4.78
4.82
4.80
4.69
4.70
4.73
4.72
4.81
4.82
4.81
4.83
CorWatt	PkgWatt
306.83	457.85
4.72	229.41
4.75
5.13
4.67
4.75
5.08
4.77
4.77
4.62
4.67
4.60
4.69
4.67
4.69
4.69
5.05
4.72
4.75
4.81
5.12
5.21
4.87
4.86
4.80
5.10
4.82
4.76
4.74
4.70
4.75
4.76
5.14
4.80	228.28
4.16
4.81
4.79
4.78
4.80
5.18
4.80
4.80
4.76
4.76
4.76
4.79
4.82
4.79
4.78
4.71
4.72
4.66
4.72
4.79
4.79
4.83
4.81
4.69
4.70
4.73
4.72
4.81
4.82
4.81
4.83
CorWatt	PkgWatt
307.30	457.89
4.71	229.36
4.75
5.13
4.67
4.75
5.08
4.77
4.78
4.62
4.67
4.60
4.69
4.68
4.70
4.69
5.06
4.73
4.76
4.82
5.13
5.22
4.88
4.87
4.81
5.10
4.83
4.75
4.74
4.70
4.75
4.76
5.13
4.81	228.44
4.41
4.82
4.80
4.78
4.80
5.18
4.80
4.80
4.77
4.76
4.76
4.79
4.82
4.80
4.79
4.72
4.73
4.67
4.73
4.80
4.79
4.82
4.81
4.70
4.70
4.73
4.73
4.81
4.82
4.82
4.84
CorWatt	PkgWatt
308.72	459.35
4.72	229.75
4.76
5.14
4.68
4.76
5.08
4.78
4.78
4.62
4.68
4.60
4.70
4.68
4.69
4.76
5.05
4.73
4.76
4.82
5.13
5.22
4.88
4.88
4.81
5.10
4.83
4.75
4.75
4.70
4.77
4.77
5.14
4.82	229.90
5.76
4.83
4.80
4.78
4.80
5.19
4.81
4.81
4.77
4.77
4.77
4.80
4.82
4.80
4.78
4.72
4.73
4.67
4.72
4.79
4.79
4.82
4.81
4.70
4.70
4.73
4.73
4.82
4.83
4.82
4.84
CorWatt	PkgWatt
309.29	460.27
4.72	230.12
4.76
5.13
4.69
4.76
5.09
4.79
4.78
4.63
4.68
4.61
4.70
4.69
4.70
5.08
5.06
4.73
4.76
4.82
5.13
5.22
4.89
4.88
4.81
5.08
4.83
4.76
4.78
4.71
4.78
4.77
5.14
4.83	229.92
5.55
4.84
4.81
4.78
4.81
5.19
4.80
4.81
4.77
4.77
4.76
4.79
4.83
4.80
4.79
4.72
4.73
4.68
4.73
4.80
4.80
4.83
4.82
4.71
4.71
4.74
4.74
4.81
4.83
4.82
4.84
CorWatt	PkgWatt
256.77	412.98
3.99	207.74
4.01
4.30
4.00
4.01
4.24
4.09
4.03
3.78
3.93
3.84
3.80
3.90
3.95
4.21
4.19
4.00
3.98
3.99
4.22
4.31
4.04
4.06
4.06
4.27
4.13
4.11
3.91
3.96
4.01
3.96
4.22
4.06	206.09
4.02
4.02
4.00
4.00
3.98
4.34
3.97
4.11
3.94
3.97
3.99
4.05
3.96
3.98
3.95
3.92
3.95
3.97
3.87
3.92
4.03
4.02
3.98
3.95
3.91
3.89
3.87
3.99
4.05
3.96
4.00
CorWatt	PkgWatt
8.96	162.22
0.17	81.51
0.17
0.17
0.16
0.16
0.16
0.16
0.16
0.14
0.14
0.14
0.15
0.14
0.14
0.14
0.14
0.16
0.16
0.16
0.16
0.17
0.16
0.16
0.16
0.16
0.16
0.16
0.16
0.14
0.15
0.14
0.14
0.13	80.59
0.14
0.13
0.13
0.14
0.14
0.14
0.14
0.12
0.12
0.12
0.12
0.12
0.12
0.12
0.12
0.13
0.13
0.12
0.13
0.14
0.14
0.13
0.14
0.12
0.13
0.12
0.12
0.12
0.12
0.12
0.12
CorWatt	PkgWatt
9.51	162.86
0.15	80.75
0.15
0.15
0.15
0.15
0.15
0.15
0.15
0.13
0.13
0.13
0.13
0.13
0.13
0.13
0.13
0.15
0.15
0.15
0.15
0.16
0.15
0.15
0.14
0.14
0.14
0.14
0.15
0.13
0.13
0.13
0.13
0.15	82.04
0.15
0.15
0.15
0.16
0.16
0.15
0.16
0.14
0.14
0.14
0.14
0.14
0.14
0.14
0.51
0.15
0.14
0.14
0.15
0.15
0.16
0.15
0.15
0.14
0.14
0.14
0.14
0.14
0.14
0.14
0.14
CorWatt	PkgWatt
38.46	198.55
0.55	93.73
0.47
0.47
0.55
0.51
0.47
0.47
0.52
0.49
0.50
0.44
0.53
0.43
0.48
0.51
0.53
0.51
0.47
0.54
0.51
0.54
0.55
0.51
0.45
0.49
0.49
0.56
0.48
0.49
0.51
0.51
0.46
0.68	104.72
0.65
0.60
0.61
0.65
0.62
0.62
0.68
0.59
0.60
0.58
0.65
0.64
0.63
0.64
3.10
0.62
0.60
0.59
0.66
0.65
0.62
0.61
0.67
0.57
0.62
0.63
0.62
0.61
0.61
0.59
0.65
CorWatt	PkgWatt
303.45	453.72
4.70	226.27
4.72
4.73
4.64
4.70
4.67
4.74
4.72
4.60
4.67
4.58
4.66
4.66
4.66
5.06
4.67
4.70
4.72
4.80
4.71
4.80
4.82
4.82
4.79
4.70
4.80
5.03
4.73
4.67
4.72
4.72
4.69
4.78	227.38
4.84
4.81
4.78
4.74
4.77
4.76
4.77
4.77
4.75
4.75
4.75
4.76
4.78
4.77
4.56
4.66
4.71
4.66
4.71
4.78
4.76
4.81
4.78
4.68
4.68
4.72
4.71
4.80
4.79
4.80
4.82
CorWatt	PkgWatt
305.17	455.89
4.72	227.17
4.74
4.75
4.66
4.73
4.69
4.75
4.73
4.60
4.68
4.59
4.68
4.67
4.68
5.07
4.67
4.71
4.74
4.83
4.75
4.82
4.85
4.85
4.81
4.72
4.82
5.12
4.76
4.69
4.74
4.75
4.72
4.80	228.58
4.85
4.81
4.79
4.75
4.78
4.79
4.78
4.78
4.76
4.75
4.76
4.78
4.80
4.79
5.11
4.69
4.72
4.69
4.72
4.80
4.78
4.82
4.80
4.69
4.69
4.73
4.71
4.81
4.80
4.81
4.84
CorWatt	PkgWatt
306.64	457.41
4.73	227.50
4.74
4.75
4.67
4.74
4.69
4.77
4.76
4.61
4.69
4.60
4.69
4.68
4.68
5.07
4.66
4.70
4.74
4.83
4.76
4.83
4.86
4.86
4.81
4.72
4.82
5.13
4.76
4.69
4.76
4.76
4.74
4.82	229.92
4.88
4.83
4.81
4.77
4.81
4.82
4.80
4.81
4.78
4.77
4.78
4.80
4.82
4.82
5.82
4.71
4.73
4.72
4.74
4.83
4.79
4.84
4.82
4.70
4.71
4.75
4.73
4.83
4.82
4.83
4.87
CorWatt	PkgWatt
307.48	458.20
4.73	227.61
4.74
4.75
4.67
4.75
4.70
4.78
4.77
4.62
4.70
4.61
4.70
4.69
4.70
5.09
4.67
4.72
4.76
4.84
4.76
4.82
4.87
4.86
4.81
4.73
4.82
5.13
4.77
4.69
4.77
4.76
4.74
4.82	230.75
4.89
4.84
4.82
4.78
4.82
4.83
4.81
4.83
4.79
4.79
4.79
4.82
4.84
4.83
5.84
4.72
4.74
4.72
4.75
5.20
4.80
4.84
4.83
4.71
4.72
4.76
4.75
4.83
4.84
4.84
4.88
CorWatt	PkgWatt
307.82	458.94
4.74	228.05
4.75
4.76
4.68
4.74
4.70
4.78
4.77
4.62
4.70
4.61
4.70
4.69
4.70
5.08
4.67
4.72
4.76
4.84
4.76
4.83
4.88
4.87
4.82
4.73
4.82
5.14
4.78
4.70
4.78
4.77
4.75
4.83	230.72
4.90
4.84
4.82
4.78
4.83
4.84
4.82
4.82
4.80
4.79
4.79
4.82
4.84
4.84
5.68
4.73
4.75
4.73
4.77
5.21
4.81
4.85
4.83
4.72
4.73
4.77
4.76
4.84
4.84
4.85
4.88
CorWatt	PkgWatt
305.69	456.57
4.74	227.98
4.75
4.76
4.68
4.75
4.71
4.79
4.77
4.62
4.70
4.61
4.70
4.69
4.70
5.09
4.68
4.73
4.77
4.85
4.77
4.84
4.89
4.87
4.82
4.74
4.83
5.14
4.78
4.70
4.78
4.77
4.75
4.81	228.54
4.87
4.83
4.80
4.76
4.80
4.80
4.80
4.81
4.78
4.77
4.78
4.79
4.82
4.80
4.10
4.71
4.73
4.71
4.74
5.19
4.80
4.83
4.81
4.71
4.71
4.75
4.74
4.83
4.83
4.83
4.85
CorWatt	PkgWatt
305.91	456.92
4.74	228.45
4.76
4.77
4.91
4.75
4.71
4.79
4.78
4.63
4.71
4.62
4.70
4.69
4.70
5.10
4.68
4.72
4.76
4.84
4.77
4.84
4.89
4.87
4.82
4.74
4.83
5.15
4.78
4.71
4.79
4.77
4.75
4.81	228.69
4.89
4.83
4.80
4.76
4.80
4.80
4.80
4.81
4.78
4.77
4.78
4.80
4.82
4.81
4.11
4.71
4.73
4.71
4.73
5.19
4.79
4.83
4.81
4.70
4.71
4.75
4.75
4.83
4.83
4.83
4.85
CorWatt	PkgWatt
306.49	457.73
4.74	228.71
4.76
4.77
5.07
4.76
4.71
4.79
4.78
4.63
4.71
4.62
4.71
4.70
4.71
5.10
4.68
4.73
4.77
4.85
4.77
4.83
4.88
4.87
4.82
4.74
4.83
5.15
4.78
4.71
4.79
4.78
4.76
4.82	228.93
4.88
4.84
4.81
4.76
4.81
4.81
4.81
4.82
4.79
4.78
4.78
4.80
4.82
4.81
4.11
4.71
4.73
4.72
4.74
5.19
4.80
4.84
4.82
4.71
4.72
4.77
4.76
4.83
4.86
4.84
4.86
CorWatt	PkgWatt
306.82	458.01
4.74	228.76
4.76
4.77
5.07
4.76
4.71
4.79
4.78
4.63
4.70
4.62
4.70
4.70
4.71
5.10
4.69
4.73
4.77
4.86
4.78
4.85
4.90
4.88
4.83
4.74
4.84
5.15
4.79
4.71
4.80
4.78
4.76
4.83	229.14
4.88
4.84
4.82
4.77
4.82
4.82
4.81
4.82
4.79
4.79
4.78
4.80
4.83
4.81
4.24
4.72
4.73
4.71
4.75
5.19
4.80
4.84
4.82
4.72
4.72
4.77
4.76
4.84
4.86
4.84
4.86
CorWatt	PkgWatt
284.21	440.61
4.23	219.36
4.46
4.44
4.58
4.42
4.36
4.40
4.40
4.19
4.38
4.31
4.40
4.27
4.35
4.63
4.27
4.39
4.40
4.47
4.37
4.48
4.48
4.45
4.49
4.44
4.47
4.73
4.36
4.32
4.43
4.52
4.40
4.49	221.80
4.48
4.68
4.47
4.37
4.51
4.47
4.39
4.49
4.45
4.42
4.36
4.48
4.49
4.45
5.22
4.39
4.39
4.35
4.34
4.82
4.44
4.46
4.40
4.38
4.37
4.39
4.36
4.48
4.49
4.45
4.42
CorWatt	PkgWatt
18.03	179.74
0.17	83.24
0.17
0.17
0.16
0.16
0.15
0.16
0.16
0.15
0.15
0.14
0.15
0.13
0.14
0.14
0.14
0.16
0.16
0.16
0.16
0.17
0.16
0.16
0.15
0.15
0.15
0.16
0.15
0.14
0.14
0.14
0.14
0.31	96.57
0.31
0.31
0.31
0.31
0.31
0.31
0.32
0.28
0.28
0.28
0.28
0.33
0.33
0.34
3.78
0.31
0.31
0.30
0.31
0.31
0.32
0.31
0.31
0.29
0.29
0.29
0.29
0.28
0.28
0.28
0.29
CorWatt	PkgWatt
10.16	164.04
0.15	80.92
0.15
0.15
0.15
0.15
0.15
0.15
0.15
0.14
0.13
0.13
0.14
0.13
0.13
0.13
0.13
0.15
0.15
0.15
0.15
0.16
0.15
0.15
0.15
0.14
0.14
0.15
0.15
0.13
0.13
0.13
0.13
0.16	83.03
0.17
0.16
0.16
0.17
0.17
0.17
0.17
0.15
0.15
0.15
0.15
0.16
0.16
0.16
0.72
0.16
0.16
0.16
0.16
0.17
0.17
0.17
0.17
0.15
0.15
0.15
0.15
0.15
0.15
0.15
0.15
CorWatt	PkgWatt
8.83	161.55
0.15	80.57
0.15
0.14
0.14
0.14
0.14
0.14
0.15
0.13
0.13
0.13
0.13
0.13
0.13
0.13
0.13
0.15
0.14
0.14
0.14
0.16
0.14
0.14
0.14
0.13
0.13
0.14
0.14
0.13
0.13
0.13
0.13
0.16	80.96
0.14
0.15
0.13
0.16
0.16
0.13
0.14
0.12
0.12
0.15
0.12
0.13
0.14
0.11
0.11
0.13
0.13
0.15
0.16
0.14
0.14
0.17
0.16
0.14
0.12
0.12
0.16
0.14
0.15
0.12
0.12
CorWatt	PkgWatt
299.98	453.84
4.89	226.54
4.63
4.62
4.97
4.63
4.59
4.64
4.69
4.50
4.55
4.55
4.59
4.55
4.57
4.94
4.63
4.64
4.63
4.67
4.66
4.74
4.74
4.72
4.76
4.60
4.70
5.08
4.88
4.63
4.65
4.62
4.65
4.74	227.14
4.74
4.73
4.70
4.70
4.73
4.66
4.70
4.68
4.63
4.70
4.71
4.62
4.73
4.72
4.71
4.60
4.63
4.61
4.67
4.70
4.69
4.77
4.73
4.59
4.61
4.61
4.67
4.72
4.75
4.68
4.77
CorWatt	PkgWatt
306.48	457.09
5.11	228.38
4.74
4.75
5.04
4.75
4.69
4.78
4.75
4.62
4.67
4.59
4.68
4.65
4.69
5.07
4.67
4.73
4.75
4.80
4.73
4.83
4.86
4.85
4.81
4.72
4.82
5.13
5.14
4.69
4.76
4.76
4.74
4.80	228.47
4.87
4.82
4.79
4.77
4.79
4.80
4.80
4.80
4.77
4.77
4.78
4.81
4.82
4.79
4.79
4.71
4.72
4.69
4.72
4.81
4.78
4.85
4.80
4.70
4.71
4.73
4.72
4.81
4.82
4.81
4.83
CorWatt	PkgWatt
306.76	457.87
5.12	229.03
4.76
4.76
5.05
4.76
4.70
4.80
4.77
4.63
4.68
4.60
4.68
4.66
4.69
5.08
4.67
4.74
4.76
4.81
4.74
4.83
4.88
4.86
4.81
4.73
4.83
5.14
5.15
4.70
4.78
4.78
4.76
4.81	228.86
4.88
4.84
4.81
4.78
4.80
4.81
4.80
4.81
4.77
4.77
4.77
4.68
4.82
4.80
4.79
4.72
4.73
4.70
4.72
4.81
4.79
4.85
4.80
4.71
4.72
4.74
4.74
4.81
4.83
4.82
4.85
CorWatt	PkgWatt
307.03	457.94
5.11	229.13
4.76
4.77
5.07
4.76
4.71
4.80
4.77
4.63
4.68
4.60
4.69
4.66
4.70
5.08
4.67
4.74
4.76
4.81
4.74
4.84
4.88
4.87
4.82
4.74
4.83
5.16
5.15
4.70
4.80
4.78
4.76
4.82	228.92
4.88
4.83
4.81
4.77
4.80
4.81
4.80
4.81
4.77
4.77
4.78
4.74
4.82
4.80
4.80
4.72
4.73
4.71
4.73
4.82
4.79
4.86
4.81
4.71
4.72
4.74
4.74
4.82
4.84
4.82
4.84
CorWatt	PkgWatt
308.89	459.78
5.11	229.15
4.76
4.77
5.06
4.76
4.71
4.80
4.78
4.64
4.69
4.61
4.69
4.67
4.70
5.09
4.68
4.75
4.77
4.82
4.75
4.85
4.89
4.88
4.82
4.74
4.84
5.15
5.15
4.71
4.80
4.78
4.76
4.83	230.47
4.90
4.85
4.82
4.78
4.82
4.83
4.82
4.83
4.79
4.79
4.80
5.83
4.86
4.83
4.82
4.73
4.74
4.72
4.76
4.82
4.80
4.87
4.82
4.72
4.73
4.76
4.76
4.83
4.87
4.84
4.86
CorWatt	PkgWatt
309.41	460.61
5.12	229.47
4.77
4.77
5.07
4.77
4.71
4.80
4.78
4.64
4.69
4.60
4.69
4.67
4.70
5.09
4.68
4.75
4.77
4.83
4.76
4.85
4.89
4.88
4.82
4.74
4.84
5.15
5.16
4.71
4.81
4.79
4.77
4.85	231.17
4.92
4.86
4.83
4.79
4.84
4.85
4.83
4.83
4.80
4.81
4.81
5.85
4.88
4.85
4.84
4.74
4.75
4.73
4.78
4.83
4.81
4.88
4.83
4.74
4.74
4.78
4.79
4.84
4.89
4.85
4.89
CorWatt	PkgWatt
310.58	461.92
5.12	230.51
4.77
4.78
5.08
4.77
4.72
4.81
4.78
4.65
4.69
4.61
4.69
4.83
4.71
5.09
4.68
5.11
4.77
4.82
4.75
4.85
4.89
4.88
4.82
4.74
4.85
5.16
5.16
5.06
4.81
4.79
4.77
4.87	231.65
4.94
4.88
4.84
4.80
4.86
4.87
4.84
4.85
4.81
4.82
4.81
5.86
4.89
4.86
4.86
4.75
4.76
4.74
4.78
4.83
4.83
4.88
4.84
4.75
4.75
4.79
4.80
4.85
4.90
4.86
4.90
CorWatt	PkgWatt
308.90	460.15
5.12	230.66
4.77
4.78
5.07
4.77
4.71
4.81
4.78
4.64
4.70
4.61
4.69
5.06
4.71
5.10
4.69
5.13
4.78
4.83
4.76
4.86
4.90
4.89
4.83
4.74
4.85
5.16
5.16
5.10
4.81
4.79
4.77
4.84	229.27
4.91
4.86
4.83
4.79
4.85
4.85
4.82
4.83
4.80
4.80
4.81
4.16
4.85
4.84
4.83
4.73
4.75
4.73
4.76
4.82
4.81
4.87
4.82
4.73
4.74
4.78
4.77
4.84
4.89
4.85
4.87
CorWatt	PkgWatt
309.31	460.85
5.13	231.26
4.78
4.79
5.09
4.78
4.73
4.82
4.80
4.65
4.71
4.63
4.70
5.06
4.72
5.11
4.70
5.14
4.78
4.84
4.77
4.86
4.91
4.89
4.84
4.75
4.86
5.16
5.17
5.11
4.82
4.81
4.78
4.85	229.52
4.92
4.87
4.84
4.80
4.86
4.86
4.84
4.84
4.81
4.80
4.81
4.11
4.85
4.84
4.83
4.74
4.75
4.73
4.77
4.82
4.82
4.88
4.83
4.73
4.75
4.78
4.78
4.85
4.90
4.86
4.88
CorWatt	PkgWatt
308.06	460.71
5.10	231.14
4.76
4.78
5.06
4.76
4.71
4.82
4.76
4.64
4.70
4.59
4.67
5.04
4.71
5.11
4.67
5.11
4.77
4.83
4.75
4.84
4.89
4.89
4.82
4.75
4.86
5.15
5.14
5.09
4.81
4.81
4.77
4.83	229.94
4.90
4.84
4.83
4.77
4.86
4.82
4.82
4.84
4.78
4.79
4.79
4.12
4.84
4.85
4.84
4.73
4.74
4.70
4.74
4.80
4.83
4.84
4.80
4.69
4.75
4.79
4.75
4.83
4.86
4.86
4.87
CorWatt	PkgWatt
21.63	187.15
0.35	87.90
0.27
0.25
0.21
0.29
0.25
0.22
0.19
0.27
0.22
0.17
0.20
0.27
0.24
0.22
0.17
0.29
0.26
0.22
0.20
0.29
0.25
0.22
0.18
0.26
0.24
0.20
0.18
0.20
0.25
0.23
0.21
0.40	99.45
0.32
0.43
0.34
0.37
0.36
0.33
0.38
0.45
0.34
0.37
0.32
2.52
0.43
0.36
0.36
0.41
0.39
0.33
0.34
0.35
0.39
0.42
0.39
0.32
0.45
0.36
0.52
0.40
0.35
0.36
0.31
CorWatt	PkgWatt
17.26	175.23
0.16	80.83
0.15
0.15
0.15
0.15
0.14
0.14
0.14
0.13
0.13
0.13
0.13
0.13
0.13
0.13
0.13
0.15
0.15
0.15
0.15
0.16
0.15
0.15
0.15
0.14
0.14
0.14
0.14
0.13
0.13
0.13
0.13
0.30	94.39
0.30
0.31
0.31
0.31
0.31
0.31
0.30
0.27
0.28
0.27
0.28
3.54
0.33
0.33
0.32
0.30
0.30
0.29
0.30
0.31
0.32
0.31
0.31
0.28
0.29
0.28
0.28
0.28
0.27
0.27
0.27
CorWatt	PkgWatt
17.31	175.67
0.16	81.14
0.15
0.15
0.15
0.15
0.15
0.15
0.15
0.14
0.14
0.13
0.14
0.13
0.13
0.13
0.13
0.15
0.15
0.15
0.15
0.16
0.15
0.15
0.15
0.14
0.14
0.14
0.15
0.13
0.13
0.13
0.13
0.30	94.38
0.29
0.30
0.30
0.30
0.30
0.30
0.30
0.27
0.27
0.27
0.27
3.68
0.34
0.32
0.32
0.30
0.30
0.29
0.30
0.30
0.31
0.30
0.31
0.28
0.29
0.28
0.28
0.27
0.27
0.27
0.27
CorWatt	PkgWatt
279.17	436.84
4.62	218.19
4.29
4.27
4.62
4.28
4.24
4.30
4.32
4.21
4.23
4.14
4.22
4.59
4.21
4.55
4.27
4.61
4.28
4.31
4.31
4.37
4.39
4.36
4.40
4.30
4.35
4.61
4.71
4.27
4.28
4.29
4.47
4.43	218.85
4.45
4.35
4.35
4.32
4.32
4.39
4.40
4.40
4.36
4.29
4.35
4.32
4.37
4.33
4.40
4.28
4.27
4.25
4.35
4.42
4.32
4.38
4.41
4.25
4.68
4.28
4.33
4.41
4.36
4.36
4.43
CorWatt	PkgWatt
308.57	459.48
5.09	229.74
4.75
4.76
5.06
4.74
4.70
4.77
4.76
4.62
4.68
4.59
4.68
5.07
4.69
5.08
4.68
5.10
4.76
4.82
4.73
4.84
4.90
4.87
4.81
4.73
4.82
5.12
5.14
4.69
4.76
4.76
5.14
4.81	229.32
4.87
4.83
4.80
4.79
4.82
4.81
4.81
4.81
4.77
4.77
4.78
4.77
4.83
4.80
4.80
4.72
4.72
4.72
4.74
4.80
4.80
4.86
4.81
4.71
5.09
4.74
4.74
4.83
4.84
4.82
4.84
CorWatt	PkgWatt
309.01	460.34
5.10	230.35
4.76
4.77
5.08
4.75
4.71
4.78
4.77
4.63
4.69
4.61
4.69
5.07
4.70
5.08
4.68
5.10
4.76
4.82
4.74
4.84
4.90
4.88
4.81
4.73
4.83
5.13
5.15
4.70
4.78
4.77
5.15
4.83	229.85
4.89
4.84
4.82
4.80
4.83
4.83
4.81
4.82
4.78
4.78
4.78
4.77
4.84
4.81
4.81
4.72
4.73
4.72
4.75
4.80
4.80
4.86
4.82
4.72
5.10
4.76
4.76
4.84
4.87
4.84
4.85
CorWatt	PkgWatt
309.38	460.36
5.10	230.31
4.76
4.77
5.08
4.75
4.71
4.78
4.77
4.63
4.69
4.61
4.69
5.08
4.70
5.09
4.68
5.11
4.77
4.83
4.75
4.85
4.91
4.88
4.82
4.74
4.84
5.14
5.16
4.71
4.78
4.77
5.15
4.83	229.98
4.89
4.84
4.82
4.79
4.84
4.84
4.82
4.89
4.79
4.78
4.79
4.78
4.84
4.81
4.82
4.73
4.75
4.73
4.77
4.81
4.81
4.87
4.82
4.73
5.10
4.77
4.76
4.85
4.88
4.84
4.85
CorWatt	PkgWatt
309.48	460.71
5.10	230.64
4.77
4.78
5.08
4.76
4.71
4.79
4.78
4.64
4.70
4.61
4.69
5.08
4.71
5.09
4.69
5.11
4.77
4.83
4.74
4.85
4.91
4.88
4.82
4.74
4.84
5.14
5.16
4.71
4.79
4.78
5.16
4.84	230.28
4.91
4.85
4.83
4.80
4.86
4.86
4.83
4.63
4.81
4.80
4.80
4.80
4.86
4.84
4.83
4.73
4.75
4.74
4.78
4.82
4.81
4.88
4.83
4.74
5.11
4.78
4.77
4.86
4.89
4.86
4.87
CorWatt	PkgWatt
310.74	462.36
5.11	230.92
4.78
4.79
5.09
4.76
4.72
4.79
4.78
4.64
4.71
4.62
4.69
5.09
4.72
5.10
4.70
5.12
4.78
4.84
4.76
4.86
4.92
4.89
4.82
4.74
4.85
5.14
5.17
4.71
4.80
4.79
5.16
4.86	231.20
4.92
4.87
4.84
4.81
4.88
4.88
4.85
4.97
4.82
4.82
4.81
4.82
4.87
4.86
4.85
4.74
4.76
4.75
4.79
4.83
4.83
4.89
4.84
4.75
5.12
4.79
4.79
4.87
4.91
4.87
4.89
CorWatt	PkgWatt
311.99	463.17
5.11	230.99
4.78
4.79
5.09
4.77
4.73
4.80
4.79
4.65
4.71
4.62
4.75
5.10
4.72
5.11
4.72
5.13
4.78
4.84
4.76
4.87
4.92
4.89
4.83
4.75
4.86
5.15
5.17
4.72
4.81
4.79
5.17
4.88	232.36
4.94
4.88
4.85
4.82
4.88
4.89
4.85
5.86
4.82
4.83
4.82
4.84
4.90
4.88
4.87
4.75
4.76
4.76
4.80
4.83
4.83
4.89
4.86
4.77
5.14
4.80
4.81
4.88
4.91
4.88
4.90
CorWatt	PkgWatt
313.26	464.70
5.12	232.24
4.79
4.80
5.10
4.78
4.73
4.81
5.14
4.65
4.72
4.63
5.09
5.11
4.73
5.12
4.73
5.14
4.80
4.86
4.77
4.88
4.93
4.90
4.84
4.77
4.87
5.16
5.18
4.74
4.82
4.81
5.18
4.89	232.42
4.95
4.88
4.85
4.83
4.88
4.90
4.86
5.86
4.83
4.84
4.83
4.85
4.91
4.89
4.88
4.75
4.77
4.76
4.81
4.84
4.84
4.90
4.86
4.76
5.13
4.79
4.80
4.88
4.92
4.88
4.92
CorWatt	PkgWatt
313.49	465.42
5.13	232.77
4.81
4.82
5.11
4.79
4.74
4.82
5.20
4.66
4.73
4.64
5.10
5.12
4.74
5.13
4.74
5.14
4.80
4.86
4.78
4.88
4.94
4.91
4.85
4.77
4.88
5.17
5.19
4.75
4.83
4.82
5.20
4.89	232.69
4.96
4.90
4.86
4.85
4.88
4.90
4.86
5.67
4.83
4.84
4.83
4.85
4.91
4.89
4.88
4.75
4.77
4.76
4.80
4.84
4.84
4.90
4.87
4.77
5.14
4.80
4.81
4.89
4.92
4.88
4.92
CorWatt	PkgWatt
312.45	464.07
5.13	232.73
4.81
4.82
5.11
4.79
4.75
4.82
5.19
4.67
4.74
4.65
5.11
5.13
4.75
5.13
4.75
5.16
4.82
4.87
4.79
4.89
4.95
4.92
4.86
4.79
4.89
5.18
5.20
4.75
4.83
4.83
5.20
4.90	231.17
4.96
4.90
4.86
4.85
4.89
4.91
4.86
4.13
4.84
4.84
4.84
4.86
4.92
4.90
4.89
4.75
4.78
4.77
4.81
4.84
4.84
4.90
4.88
4.77
5.15
4.79
4.82
4.89
4.93
4.89
4.93
CorWatt	PkgWatt
42.70	207.06
0.68	99.65
0.61
0.59
0.64
0.62
0.49
0.52
0.65
0.52
0.60
0.50
0.62
0.63
0.57
0.58
0.51
0.66
0.60
0.59
0.52
0.63
0.61
0.59
0.52
0.54
0.60
0.61
0.55
0.59
0.59
0.54
0.53
0.64	107.95
0.75
0.73
0.71
0.74
0.74
0.74
0.67
2.39
0.83
0.75
0.67
0.61
0.74
0.63
0.64
0.82
0.60
0.66
0.64
0.72
0.73
0.77
0.72
0.71
0.67
0.67
0.71
0.75
0.69
0.66
0.69
CorWatt	PkgWatt
16.33	175.00
0.17	81.53
0.17
0.17
0.16
0.16
0.15
0.16
0.15
0.14
0.14
0.14
0.14
0.14
0.14
0.14
0.14
0.16
0.16
0.16
0.16
0.17
0.16
0.16
0.16
0.15
0.15
0.15
0.15
0.14
0.14
0.14
0.14
0.30	93.20
0.31
0.30
0.30
0.31
0.31
0.31
0.31
2.25
0.33
0.33
0.33
0.27
0.27
0.27
0.27
0.30
0.30
0.30
0.30
0.31
0.31
0.31
0.32
0.28
0.29
0.29
0.29
0.28
0.28
0.28
0.28
CorWatt	PkgWatt
15.92	173.73
0.16	80.67
0.15
0.15
0.14
0.14
0.14
0.14
0.14
0.13
0.13
0.13
0.13
0.13
0.13
0.13
0.13
0.14
0.14
0.14
0.14
0.16
0.15
0.15
0.15
0.14
0.14
0.14
0.14
0.13
0.13
0.13
0.13
0.30	93.06
0.30
0.30
0.29
0.30
0.30
0.30
0.30
2.50
0.32
0.32
0.33
0.26
0.26
0.26
0.26
0.30
0.29
0.29
0.30
0.30
0.31
0.30
0.30
0.28
0.28
0.28
0.28
0.27
0.27
0.27
0.27
CorWatt	PkgWatt
258.17	413.56
4.26	205.07
3.95
3.91
4.19
3.92
3.88
3.93
4.01
3.82
3.91
3.85
4.17
4.20
3.88
4.17
3.90
4.23
3.95
3.95
3.97
4.02
4.02
4.01
4.04
3.93
4.01
4.23
3.98
3.87
3.89
3.97
3.97
4.18	208.39
4.12
4.03
3.99
4.03
4.03
4.00
4.05
5.25
4.01
4.30
4.00
3.99
4.08
4.00
4.06
3.97
3.91
3.93
4.03
4.06
3.99
4.05
4.05
3.94
3.95
3.94
4.04
4.05
4.01
4.00
4.11
CorWatt	PkgWatt
309.74	460.73
5.09	229.72
4.76
4.76
5.07
4.77
4.71
4.78
4.77
4.63
4.69
4.61
5.07
5.07
4.70
5.06
4.69
5.11
4.78
4.82
4.73
4.83
4.87
4.87
4.81
4.73
4.83
5.13
4.93
4.69
4.77
4.77
4.75
5.20	230.86
4.89
4.84
4.82
4.80
4.86
4.83
4.81
5.37
4.79
5.16
4.77
4.79
4.84
4.82
4.81
4.72
4.73
4.72
4.76
4.81
4.80
4.87
4.82
4.72
4.73
4.76
4.76
4.83
4.86
4.85
4.85
CorWatt	PkgWatt
310.20	461.39
5.10	230.52
4.76
4.77
5.07
4.77
4.71
4.78
4.77
4.64
4.70
4.61
5.08
5.08
4.71
5.06
4.70
5.11
4.79
4.83
4.75
4.85
4.89
4.88
4.83
4.74
4.84
5.15
5.17
4.70
4.78
4.77
4.75
5.23	230.78
4.91
4.85
4.83
4.81
4.90
4.86
4.83
4.83
4.81
5.20
4.79
4.82
4.86
4.85
4.83
4.74
4.75
4.74
4.78
4.82
4.81
4.88
4.83
4.73
4.74
4.78
4.78
4.85
4.89
4.86
4.87
CorWatt	PkgWatt
310.84	462.11
5.10	230.75
4.77
4.78
5.08
4.78
4.72
4.79
4.79
4.64
4.70
4.61
5.08
5.08
4.71
5.07
4.70
5.12
4.80
4.84
4.76
4.85
4.89
4.88
4.83
4.74
4.85
5.15
5.17
4.71
4.79
4.79
4.76
5.25	231.48
4.93
4.87
4.85
4.83
4.92
4.88
4.84
4.84
4.82
5.21
4.80
4.84
4.88
4.87
4.85
4.74
4.76
4.75
4.79
4.83
4.82
4.89
4.84
4.75
4.75
4.79
4.80
4.86
4.91
4.88
4.90
CorWatt	PkgWatt
311.59	463.30
5.11	231.17
4.78
4.79
5.10
4.79
4.73
4.81
4.79
4.64
4.71
4.62
5.08
5.09
4.72
5.08
4.72
5.13
4.81
4.85
4.77
4.86
4.90
4.90
4.84
4.75
4.86
5.16
5.18
4.72
4.80
4.80
4.77
5.27	231.95
4.95
4.87
4.85
4.83
4.92
4.89
4.84
4.84
4.82
5.22
4.80
4.85
4.90
4.88
4.86
4.75
4.77
4.76
4.80
4.84
4.83
4.90
4.85
4.75
4.76
4.84
4.80
4.87
4.91
4.89
4.91
CorWatt	PkgWatt
311.88	463.33
5.12	231.43
4.79
4.80
5.10
4.79
4.74
4.81
4.80
4.65
4.72
4.63
5.09
5.10
4.73
5.09
4.73
5.14
4.82
4.85
4.77
4.87
4.91
4.90
4.85
4.76
4.87
5.16
5.19
4.73
4.81
4.80
4.78
5.27	232.13
4.95
4.88
4.86
4.84
4.93
4.90
4.85
4.86
4.83
5.24
4.81
4.86
4.90
4.89
4.87
4.75
4.76
4.75
4.80
4.84
4.83
4.90
4.86
4.76
4.76
4.89
4.81
4.88
4.92
4.90
4.93
CorWatt	PkgWatt
312.94	464.86
5.13	232.41
4.80
4.81
5.11
4.81
4.75
4.82
4.80
4.66
4.74
4.82
5.10
5.10
4.74
5.10
4.75
5.15
4.83
4.86
4.78
5.26
4.92
4.91
4.86
4.78
4.88
5.18
5.20
4.74
4.82
4.82
4.80
5.28	232.18
4.96
4.90
4.86
4.86
4.94
4.90
4.85
4.86
4.83
5.24
4.81
4.86
4.92
4.88
4.88
4.76
4.77
4.76
4.81
4.85
4.84
4.91
4.87
4.76
4.76
4.60
4.81
4.88
4.92
4.90
4.93
CorWatt	PkgWatt
313.80	465.64
5.14	232.89
4.81
4.82
5.12
4.81
4.76
4.83
4.81
4.67
4.74
5.02
5.10
5.12
4.75
5.11
4.76
5.15
4.83
4.87
4.79
5.27
4.92
4.91
4.86
4.79
4.89
5.18
5.21
4.75
4.83
4.82
4.80
5.28	232.80
4.97
4.90
4.86
4.87
4.94
4.91
4.86
4.87
4.84
5.25
4.82
4.87
4.92
4.89
4.88
4.75
4.76
4.75
4.80
4.85
4.84
4.90
4.88
4.76
4.77
5.16
4.82
4.88
4.92
4.90
4.93
CorWatt	PkgWatt
314.76	466.24
5.14	232.99
4.81
4.82
5.11
4.81
4.76
4.83
4.81
4.67
4.75
5.03
5.11
5.12
4.75
5.11
4.77
5.16
4.84
4.88
4.80
5.28
4.94
4.93
4.86
4.80
4.89
5.19
5.21
4.76
4.83
4.83
4.81
5.28	233.46
4.96
4.91
4.87
4.87
4.95
4.91
4.86
4.87
4.84
5.25
4.82
4.87
4.92
4.89
4.88
4.76
4.77
4.76
4.81
4.86
4.84
4.90
4.88
4.77
4.78
5.86
4.84
4.89
4.93
4.90
4.94
CorWatt	PkgWatt
315.15	467.40
5.15	233.33
4.82
4.83
5.13
4.82
4.76
4.84
4.82
4.67
4.74
5.03
5.11
5.12
4.75
5.11
4.77
5.16
4.84
4.88
4.79
5.28
4.93
4.93
4.87
4.81
4.90
5.19
5.22
4.77
4.84
4.84
4.81
5.29	233.87
4.97
4.92
4.87
4.87
4.95
4.91
4.86
4.87
4.84
5.25
4.82
4.87
4.92
4.89
4.88
4.76
4.77
4.76
4.82
4.87
4.85
4.91
4.89
4.77
4.77
5.86
4.84
4.89
4.93
4.91
4.94
CorWatt	PkgWatt
67.97	229.88
1.05	110.02
0.89
1.03
0.91
1.01
0.96
0.96
0.91
0.95
0.93
0.94
0.95
1.03
0.93
0.96
0.98
1.08
0.98
0.96
0.90
1.09
0.98
0.95
0.89
0.99
0.91
1.05
1.01
0.97
0.98
0.92
0.88
1.17	120.26
1.08
1.06
1.03
1.10
1.11
1.06
1.04
1.11
1.09
1.11
0.99
1.07
1.08
1.11
0.99
1.07
1.09
1.02
0.98
1.03
1.11
1.11
1.10
1.30
1.05
3.74
1.14
1.08
1.07
1.04
1.00
CorWatt	PkgWatt
15.93	174.07
0.17	81.27
0.16
0.16
0.16
0.15
0.15
0.15
0.15
0.14
0.14
0.14
0.14
0.13
0.13
0.13
0.13
0.16
0.15
0.16
0.15
0.17
0.15
0.15
0.15
0.15
0.15
0.15
0.15
0.14
0.14
0.14
0.14
0.30	92.80
0.30
0.29
0.29
0.30
0.30
0.30
0.30
0.27
0.27
0.27
0.27
0.26
0.26
0.26
0.26
0.30
0.30
0.29
0.30
0.30
0.31
0.30
0.30
0.33
0.34
2.21
0.34
0.28
0.28
0.27
0.27
CorWatt	PkgWatt
15.61	173.70
0.17	81.17
0.16
0.16
0.15
0.15
0.15
0.15
0.15
0.14
0.14
0.13
0.14
0.13
0.13
0.13
0.13
0.15
0.15
0.15
0.15
0.17
0.15
0.15
0.15
0.15
0.15
0.15
0.15
0.13
0.13
0.13
0.13
0.29	92.36
0.29
0.28
0.28
0.29
0.29
0.29
0.29
0.26
0.26
0.26
0.26
0.25
0.25
0.25
0.25
0.29
0.29
0.28
0.29
0.29
0.30
0.29
0.29
0.33
0.33
2.20
0.33
0.27
0.27
0.27
0.27
CorWatt	PkgWatt
33.09	209.00
0.44	97.95
0.43
0.42
0.42
0.40
0.41
0.41
0.41
0.39
0.38
0.40
0.39
0.39
0.38
0.38
0.39
0.42
0.41
0.40
0.42
0.43
0.42
0.41
0.42
0.41
0.42
0.42
0.42
0.40
0.39
0.38
0.39
0.54	111.31
0.59
0.60
0.56
0.65
0.60
0.56
0.57
0.54
0.61
0.53
0.54
0.52
0.58
0.57
0.53
0.64
0.57
0.59
0.62
0.59
0.57
0.59
0.57
0.58
0.57
2.27
0.57
0.56
0.63
0.55
0.54
CorWatt	PkgWatt
16.13	174.18
0.16	81.23
0.16
0.16
0.15
0.15
0.15
0.15
0.15
0.14
0.14
0.14
0.14
0.13
0.13
0.13
0.13
0.15
0.15
0.15
0.15
0.17
0.16
0.15
0.15
0.15
0.15
0.15
0.15
0.14
0.14
0.14
0.13
0.28	92.74
0.28
0.28
0.28
0.29
0.29
0.29
0.29
0.25
0.26
0.26
0.25
0.25
0.25
0.25
0.25
0.28
0.28
0.28
0.28
0.29
0.30
0.29
0.29
0.33
0.33
2.78
0.33
0.27
0.26
0.26
0.26
CorWatt	PkgWatt
16.58	173.64
0.16	80.56
0.15
0.15
0.15
0.15
0.14
0.14
0.14
0.13
0.13
0.13
0.13
0.13
0.13
0.13
0.13
0.15
0.14
0.15
0.14
0.16
0.15
0.14
0.14
0.14
0.14
0.14
0.14
0.13
0.13
0.13
0.13
0.28	93.19
0.27
0.28
0.27
0.28
0.28
0.28
0.28
0.25
0.25
0.25
0.25
0.25
0.25
0.25
0.25
0.28
0.28
0.27
0.28
0.29
0.30
0.29
0.29
0.32
0.33
3.63
0.33
0.27
0.26
0.26
0.26
CorWatt	PkgWatt
13.23	168.73
0.15	80.57
0.15
0.15
0.15
0.15
0.14
0.14
0.14
0.13
0.13
0.13
0.13
0.12
0.13
0.12
0.12
0.15
0.14
0.14
0.14
0.15
0.14
0.14
0.14
0.13
0.13
0.13
0.13
0.13
0.13
0.13
0.13
0.22	88.12
0.23
0.22
0.22
0.22
0.22
0.22
0.22
0.20
0.20
0.20
0.20
0.19
0.20
0.19
0.19
0.22
0.22
0.21
0.22
0.22
0.23
0.22
0.22
0.25
0.24
2.16
0.25
0.22
0.21
0.20
0.21
CorWatt	PkgWatt
8.44	161.16
0.15	80.55
0.15
0.15
0.22
0.14
0.14
0.14
0.14
0.13
0.13
0.13
0.13
0.12
0.12
0.12
0.12
0.15
0.15
0.15
0.15
0.15
0.14
0.14
0.14
0.13
0.13
0.13
0.13
0.13
0.13
0.13
0.13
0.13	80.59
0.13
0.13
0.13
0.13
0.13
0.13
0.13
0.12
0.12
0.12
0.12
0.11
0.11
0.11
0.11
0.13
0.13
0.12
0.13
0.14
0.14
0.13
0.14
0.12
0.12
0.12
0.12
0.13
0.13
0.12
0.13
CorWatt	PkgWatt
8.45	161.00
0.15	80.58
0.15
0.15
0.15
0.14
0.14
0.14
0.14
0.13
0.13
0.13
0.13
0.12
0.12
0.12
0.12
0.15
0.15
0.15
0.15
0.16
0.14
0.14
0.14
0.14
0.14
0.14
0.14
0.13
0.13
0.13
0.13
0.13	80.51
0.13
0.13
0.13
0.13
0.13
0.13
0.13
0.12
0.12
0.12
0.11
0.11
0.11
0.11
0.11
0.13
0.13
0.13
0.13
0.14
0.14
0.13
0.13
0.13
0.13
0.13
0.13
0.13
0.12
0.12
0.12
CorWatt	PkgWatt
11.21	165.44
0.15	80.06
0.14
0.14
0.14
0.13
0.13
0.13
0.13
0.13
0.13
0.12
0.13
0.11
0.11
0.11
0.11
0.14
0.14
0.14
0.14
0.15
0.13
0.13
0.13
0.13
0.13
0.13
0.13
0.13
0.13
0.12
0.12
0.19	85.28
0.19
0.18
0.18
0.19
0.19
0.19
0.19
1.38
0.19
0.19
0.19
0.16
0.17
0.16
0.16
0.19
0.19
0.18
0.19
0.19
0.19
0.19
0.19
0.18
0.18
0.18
0.18
0.18
0.17
0.17
0.17
CorWatt	PkgWatt
15.19	172.09
0.15	79.94
0.14
0.14
0.14
0.13
0.13
0.13
0.13
0.13
0.12
0.12
0.12
0.11
0.11
0.11
0.11
0.13
0.13
0.13
0.13
0.15
0.13
0.13
0.13
0.13
0.13
0.13
0.13
0.12
0.12
0.12
0.12
0.27	92.10
0.27
0.27
0.27
0.28
0.28
0.28
0.28
2.71
0.30
0.30
0.30
0.25
0.25
0.24
0.24
0.28
0.28
0.27
0.28
0.28
0.29
0.28
0.28
0.26
0.27
0.26
0.27
0.26
0.25
0.25
0.25
CorWatt	PkgWatt
14.95	173.49
0.15	79.99
0.14
0.14
0.14
0.13
0.13
0.14
0.13
0.12
0.12
0.12
0.12
0.11
0.11
0.12
0.11
0.13
0.13
0.13
0.13
0.14
0.13
0.13
0.13
0.13
0.14
0.13
0.13
0.12
0.12
0.12
0.12
0.27	93.60
0.27
0.27
0.27
0.28
0.28
0.28
0.28
2.42
0.30
0.30
0.30
0.25
0.25
0.25
0.24
0.28
0.27
0.27
0.28
0.28
0.28
0.28
0.28
0.26
0.27
0.26
0.27
0.26
0.25
0.25
0.25
CorWatt	PkgWatt
16.36	173.26
0.15	80.32
0.15
0.15
0.14
0.14
0.14
0.14
0.14
0.13
0.13
0.12
0.13
0.12
0.12
0.12
0.12
0.14
0.14
0.14
0.14
0.16
0.14
0.14
0.14
0.14
0.14
0.14
0.14
0.13
0.13
0.13
0.12
0.27	92.83
0.27
0.27
0.27
0.28
0.28
0.28
0.28
3.71
0.30
0.30
0.30
0.25
0.25
0.24
0.24
0.27
0.27
0.27
0.27
0.28
0.28
0.28
0.28
0.26
0.26
0.26
0.26
0.27
0.26
0.25
0.25
CorWatt	PkgWatt
16.41	172.75
0.14	79.71
0.13
0.13
0.13
0.13
0.13
0.13
0.13
0.12
0.12
0.11
0.12
0.11
0.11
0.11
0.11
0.13
0.13
0.13
0.13
0.15
0.13
0.13
0.13
0.13
0.13
0.13
0.13
0.11
0.11
0.11
0.11
0.26	93.06
0.26
0.26
0.26
0.27
0.27
0.27
0.27
4.26
0.30
0.30
0.30
0.24
0.24
0.23
0.23
0.27
0.26
0.26
0.26
0.28
0.28
0.27
0.28
0.26
0.26
0.25
0.26
0.26
0.25
0.25
0.25
CorWatt	PkgWatt
16.40	172.57
0.14	79.67
0.13
0.13
0.13
0.13
0.13
0.13
0.13
0.12
0.11
0.11
0.12
0.11
0.11
0.11
0.11
0.13
0.13
0.13
0.13
0.14
0.13
0.13
0.13
0.13
0.13
0.13
0.13
0.11
0.11
0.11
0.11
0.26	93.00
0.26
0.26
0.26
0.27
0.27
0.27
0.27
4.28
0.30
0.30
0.30
0.24
0.24
0.23
0.23
0.27
0.26
0.26
0.26
0.27
0.28
0.27
0.27
0.26
0.26
0.26
0.26
0.26
0.25
0.25
0.25
CorWatt	PkgWatt
14.39	170.70
0.14	79.51
0.13
0.13
0.13
0.13
0.13
0.13
0.13
0.12
0.11
0.11
0.11
0.11
0.11
0.11
0.11
0.13
0.13
0.13
0.13
0.14
0.13
0.13
0.13
0.13
0.13
0.12
0.13
0.11
0.11
0.11
0.11
0.26	91.08
0.26
0.26
0.26
0.27
0.27
0.27
0.27
2.39
0.29
0.29
0.29
0.23
0.23
0.23
0.23
0.27
0.26
0.26
0.26
0.27
0.28
0.27
0.27
0.25
0.25
0.25
0.25
0.26
0.25
0.25
0.25
CorWatt	PkgWatt
14.40	170.73
0.14	79.90
0.14
0.14
0.14
0.13
0.13
0.14
0.13
0.12
0.12
0.12
0.12
0.12
0.12
0.12
0.12
0.13
0.13
0.13
0.13
0.15
0.14
0.14
0.14
0.13
0.13
0.13
0.13
0.12
0.12
0.12
0.12
0.26	90.81
0.26
0.26
0.26
0.26
0.27
0.27
0.27
2.21
0.29
0.29
0.29
0.23
0.23
0.23
0.23
0.27
0.26
0.26
0.26
0.27
0.28
0.27
0.27
0.25
0.26
0.25
0.25
0.26
0.25
0.25
0.25
CorWatt	PkgWatt
14.37	170.46
0.14	79.75
0.14
0.14
0.21
0.13
0.13
0.13
0.13
0.12
0.12
0.12
0.12
0.11
0.11
0.11
0.11
0.13
0.13
0.13
0.13
0.15
0.14
0.14
0.14
0.13
0.12
0.12
0.12
0.12
0.12
0.12
0.12
0.26	90.86
0.26
0.26
0.26
0.26
0.26
0.26
0.27
2.22
0.29
0.29
0.29
0.23
0.23
0.23
0.23
0.27
0.26
0.26
0.26
0.27
0.27
0.27
0.27
0.25
0.25
0.25
0.25
0.26
0.25
0.25
0.25
CorWatt	PkgWatt
14.08	170.09
0.13	79.22
0.13
0.13
0.13
0.13
0.13
0.13
0.13
0.11
0.11
0.11
0.11
0.11
0.11
0.11
0.11
0.13
0.13
0.13
0.13
0.14
0.13
0.13
0.13
0.12
0.11
0.11
0.12
0.11
0.11
0.11
0.11
0.26	90.73
0.26
0.26
0.25
0.26
0.26
0.26
0.26
2.29
0.29
0.29
0.29
0.23
0.23
0.23
0.23
0.26
0.26
0.26
0.26
0.27
0.27
0.27
0.27
0.24
0.25
0.25
0.25
0.25
0.25
0.24
0.24
CorWatt	PkgWatt
14.97	170.77
0.14	79.31
0.13
0.13
0.13
0.13
0.13
0.13
0.13
0.11
0.11
0.11
0.11
0.11
0.11
0.11
0.11
0.13
0.13
0.13
0.13
0.14
0.13
0.13
0.13
0.12
0.12
0.12
0.12
0.11
0.11
0.11
0.11
0.25	91.46
0.25
0.25
0.25
0.26
0.26
0.26
0.26
3.23
0.28
0.28
0.28
0.23
0.23
0.23
0.23
0.26
0.26
0.25
0.26
0.26
0.26
0.26
0.26
0.24
0.24
0.24
0.24
0.25
0.24
0.24
0.24
CorWatt	PkgWatt
15.63	171.54
0.14	79.64
0.14
0.14
0.14
0.13
0.13
0.13
0.13
0.12
0.12
0.12
0.12
0.12
0.12
0.12
0.12
0.13
0.13
0.13
0.13
0.15
0.13
0.13
0.13
0.12
0.12
0.12
0.12
0.12
0.12
0.12
0.12
0.25	91.96
0.25
0.25
0.25
0.26
0.26
0.26
0.26
3.69
0.29
0.28
0.29
0.23
0.23
0.23
0.23
0.27
0.26
0.25
0.26
0.26
0.27
0.26
0.27
0.24
0.25
0.24
0.24
0.25
0.24
0.24
0.24
CorWatt	PkgWatt
10.21	164.81
0.13	81.00
0.13
0.13
0.13
0.13
0.12
0.13
0.12
0.11
0.11
0.11
0.11
0.11
0.11
0.11
0.11
0.13
0.13
0.13
0.13
0.14
0.12
0.12
0.12
0.11
0.11
0.11
0.12
0.11
0.11
0.11
0.11
0.16	83.80
0.16
0.16
0.16
0.17
0.17
0.17
0.17
1.36
0.18
0.18
0.17
0.15
0.16
0.15
0.15
0.17
0.16
0.16
0.16
0.17
0.17
0.17
0.17
0.15
0.16
0.15
0.15
0.16
0.16
0.15
0.16
CorWatt	PkgWatt
7.13	158.07
0.12	78.85
0.12
0.12
0.12
0.12
0.12
0.12
0.12
0.11
0.11
0.11
0.11
0.10
0.10
0.11
0.10
0.12
0.12
0.12
0.12
0.13
0.12
0.12
0.11
0.11
0.11
0.11
0.11
0.11
0.11
0.11
0.11
0.11	79.23
0.11
0.11
0.11
0.12
0.12
0.12
0.11
0.10
0.11
0.10
0.10
0.10
0.11
0.10
0.10
0.11
0.11
0.11
0.11
0.12
0.12
0.12
0.12
0.10
0.10
0.10
0.10
0.11
0.11
0.10
0.10
CorWatt	PkgWatt
7.01	157.59
0.13	78.76
0.12
0.12
0.12
0.12
0.12
0.12
0.12
0.11
0.11
0.11
0.11
0.11
0.11
0.10
0.11
0.12
0.12
0.12
0.12
0.13
0.12
0.12
0.12
0.11
0.11
0.11
0.11
0.11
0.11
0.11
0.11
0.11	78.90
0.10
0.10
0.10
0.11
0.11
0.11
0.10
0.10
0.10
0.10
0.10
0.10
0.10
0.10
0.10
0.11
0.10
0.10
0.10
0.12
0.12
0.12
0.12
0.10
0.10
0.10
0.10
0.11
0.11
0.10
0.10
CorWatt	PkgWatt
12.84	190.31
0.14	90.98
0.13
0.13
0.13
0.13
0.12
0.13
0.12
0.12
0.12
0.12
0.12
0.11
0.11
0.11
0.11
0.13
0.13
0.13
0.13
0.14
0.13
0.13
0.12
0.12
0.12
0.12
0.12
0.12
0.12
0.11
0.12
0.19	99.27
0.19
0.19
0.19
0.20
0.20
0.20
0.20
0.19
0.19
0.19
0.19
0.19
0.19
0.22
0.18
0.21
0.20
0.19
0.20
0.24
2.79
0.24
0.24
0.19
0.19
0.19
0.19
0.19
0.19
0.18
0.18
CorWatt	PkgWatt
15.46	170.80
0.13	78.94
0.12
0.12
0.12
0.11
0.11
0.11
0.11
0.11
0.11
0.11
0.11
0.11
0.11
0.10
0.10
0.12
0.12
0.12
0.12
0.13
0.12
0.12
0.12
0.11
0.11
0.11
0.11
0.11
0.11
0.11
0.11
0.24	91.89
0.23
0.23
0.23
0.24
0.24
0.24
0.24
0.22
0.23
0.22
0.22
0.23
0.23
0.26
0.22
0.24
0.24
0.24
0.24
0.25
0.26
0.25
0.25
0.28
0.28
0.29
4.37
0.23
0.22
0.22
0.23
CorWatt	PkgWatt
15.15	202.80
0.13	95.00
0.13
0.13
0.12
0.12
0.11
0.12
0.12
0.11
0.11
0.11
0.11
0.10
0.11
0.10
0.10
0.12
0.12
0.12
0.11
0.13
0.12
0.12
0.12
0.11
0.11
0.11
0.11
0.11
0.11
0.11
0.11
0.24	107.79
0.24
0.24
0.57
0.29
0.30
0.30
3.67
0.22
0.23
0.22
0.22
0.23
0.23
0.26
0.22
0.24
0.24
0.24
0.24
0.25
0.25
0.25
0.25
0.23
0.23
0.23
0.24
0.23
0.22
0.22
0.23
CorWatt	PkgWatt
15.29	170.58
0.13	79.31
0.13
0.13
0.20
0.12
0.12
0.12
0.12
0.12
0.11
0.11
0.11
0.10
0.11
0.10
0.10
0.12
0.12
0.12
0.12
0.14
0.12
0.12
0.12
0.12
0.12
0.12
0.12
0.11
0.11
0.11
0.11
0.23	91.30
0.23
0.23
0.23
0.24
0.24
0.24
0.25
0.21
0.21
0.21
0.21
0.22
0.22
0.26
0.22
0.30
4.21
0.28
0.29
0.24
0.24
0.24
0.24
0.22
0.23
0.22
0.22
0.23
0.22
0.22
0.22
CorWatt	PkgWatt
15.79	201.50
0.13	93.23
0.13
0.13
0.13
0.12
0.12
0.12
0.12
0.12
0.12
0.11
0.11
0.10
0.11
0.10
0.10
0.12
0.12
0.12
0.12
0.14
0.12
0.12
0.12
0.12
0.12
0.12
0.12
0.11
0.11
0.11
0.11
0.24	108.11
0.24
0.24
0.24
0.25
0.25
0.25
0.24
0.22
0.22
0.22
0.22
0.23
0.23
0.27
0.23
0.25
0.26
0.24
0.24
0.29
0.30
0.30
3.57
1.09
0.25
0.24
0.24
0.24
0.23
0.23
0.23
CorWatt	PkgWatt
15.28	188.56
0.14	87.83
0.13
0.12
0.12
0.11
0.11
0.11
0.11
0.11
0.11
0.11
0.11
0.10
0.10
0.10
0.10
0.11
0.11
0.11
0.11
0.13
0.12
0.12
0.12
0.11
0.11
0.11
0.11
0.11
0.11
0.11
0.11
0.26	100.77
0.26
0.26
1.94
0.60
0.27
0.27
2.11
0.22
0.22
0.22
0.34
0.22
0.22
0.26
0.22
0.24
0.24
0.23
0.24
0.25
0.25
0.25
0.25
0.23
0.23
0.23
0.23
0.23
0.23
0.22
0.22
CorWatt	PkgWatt
15.21	171.93
0.12	79.63
0.12
0.12
0.11
0.11
0.11
0.11
0.11
0.11
0.11
0.10
0.11
0.10
0.10
0.09
0.09
0.11
0.11
0.11
0.11
0.13
0.11
0.11
0.11
0.11
0.11
0.11
0.11
0.10
0.10
0.10
0.10
0.23	92.44
0.23
0.23
0.23
0.24
0.24
0.24
0.24
0.21
0.22
0.21
0.22
0.22
0.22
0.26
0.22
0.25
0.24
0.23
0.24
0.25
0.29
0.25
0.25
0.28
0.28
0.29
4.29
0.23
0.23
0.22
0.22
CorWatt	PkgWatt
15.04	169.98
0.16	78.70
0.12
0.12
0.12
0.11
0.11
0.12
0.11
0.11
0.11
0.10
0.11
0.10
0.10
0.10
0.10
0.11
0.12
0.11
0.11
0.13
0.12
0.12
0.12
0.11
0.11
0.11
0.11
0.10
0.10
0.11
0.10
0.29	91.16
0.29
0.29
4.05
0.24
0.24
0.24
0.24
0.21
0.22
0.21
0.21
0.22
0.22
0.26
0.22
0.24
0.24
0.23
0.24
0.25
0.25
0.25
0.25
0.23
0.23
0.23
0.24
0.23
0.23
0.22
0.23
CorWatt	PkgWatt
15.75	192.94
0.15	89.71
0.14
0.14
0.13
0.14
0.13
0.16
0.16
0.13
0.13
0.12
0.13
0.11
0.11
0.11
0.12
0.13
0.13
0.14
0.13
0.15
0.14
0.14
0.13
0.13
0.13
0.13
0.13
0.12
0.12
0.12
0.12
0.26	103.24
0.26
0.26
1.22
0.97
0.26
0.26
0.25
0.22
0.22
0.22
0.22
0.23
0.22
0.26
0.23
0.97
0.25
0.25
0.25
0.25
0.26
0.25
0.36
0.23
0.24
0.23
0.23
1.47
0.25
0.24
0.24
CorWatt	PkgWatt
15.12	206.43
0.12	96.55
0.11
0.11
0.11
0.11
0.11
0.11
0.11
0.11
0.10
0.10
0.10
0.09
0.09
0.09
0.10
0.11
0.11
0.11
0.11
0.13
0.11
0.11
0.11
0.11
0.11
0.11
0.11
0.10
0.10
0.10
0.10
0.25	109.92
0.24
0.24
0.24
4.28
0.29
0.29
0.29
0.22
0.22
0.22
0.21
0.22
0.22
0.26
0.22
0.24
0.24
0.23
0.24
0.25
0.25
0.24
0.25
0.23
0.23
0.23
0.23
0.24
0.23
0.23
0.23
CorWatt	PkgWatt
15.15	200.42
0.14	92.80
0.12
0.12
0.12
0.12
0.11
0.11
0.11
0.11
0.11
0.10
0.10
0.10
0.10
0.10
0.10
0.11
0.11
0.12
0.11
0.13
0.12
0.12
0.12
0.11
0.11
0.11
0.11
0.10
0.10
0.10
0.10
0.23	107.54
0.24
0.23
0.24
4.26
0.29
0.29
0.29
0.22
0.22
0.21
0.21
0.22
0.22
0.26
0.22
0.24
0.23
0.23
0.24
0.24
0.25
0.24
0.25
0.23
0.23
0.22
0.23
0.23
0.23
0.22
0.22
CorWatt	PkgWatt
15.09	169.92
0.11	78.33
0.11
0.11
0.11
0.11
0.11
0.11
0.11
0.10
0.10
0.10
0.10
0.09
0.09
0.09
0.09
0.11
0.11
0.11
0.11
0.13
0.11
0.11
0.11
0.11
0.11
0.11
0.11
0.10
0.10
0.10
0.10
0.24	91.58
0.24
0.24
0.24
0.26
0.25
0.24
0.24
0.27
0.27
0.27
4.25
0.23
0.23
0.26
0.22
0.24
0.24
0.23
0.24
0.25
0.25
0.25
0.25
0.23
0.23
0.23
0.23
0.23
0.23
0.23
0.23
CorWatt	PkgWatt
15.22	197.43
0.15	92.67
0.13
0.13
0.13
0.12
0.12
0.12
0.12
0.11
0.11
0.11
0.11
0.10
0.11
0.10
0.10
0.12
0.12
0.12
0.12
0.14
0.13
0.13
0.13
0.12
0.12
0.12
0.13
0.11
0.11
0.11
0.11
0.23	104.82
0.23
0.23
0.23
0.24
0.23
0.23
0.24
0.21
0.21
0.21
0.22
0.22
0.22
0.26
0.22
0.66
0.25
0.24
0.72
0.28
0.29
0.28
3.25
0.22
0.23
0.22
0.22
0.22
0.23
0.22
0.22
CorWatt	PkgWatt
14.94	171.90
0.24	90.06
0.23
0.23
0.30
0.23
0.22
0.23
0.23
0.20
0.21
0.20
0.21
0.20
0.20
0.19
0.20
0.22
0.22
0.22
0.22
0.24
0.23
0.23
0.23
0.22
0.22
0.22
0.22
0.26
0.26
0.27
4.13
0.12	81.83
0.12
0.12
0.12
0.12
0.12
0.12
0.12
0.11
0.11
0.11
0.11
0.12
0.12
0.14
0.11
0.12
0.12
0.12
0.12
0.13
0.13
0.12
0.13
0.12
0.12
0.12
0.12
0.12
0.12
0.11
0.12
CorWatt	PkgWatt
14.84	169.54
0.30	90.17
0.30
0.30
4.07
0.23
0.23
0.23
0.23
0.21
0.21
0.21
0.21
0.20
0.20
0.20
0.20
0.23
0.23
0.23
0.23
0.25
0.24
0.24
0.23
0.22
0.22
0.22
0.22
0.22
0.22
0.21
0.22
0.12	79.48
0.12
0.12
0.12
0.12
0.12
0.12
0.12
0.10
0.10
0.10
0.10
0.11
0.11
0.13
0.11
0.12
0.12
0.12
0.12
0.12
0.12
0.12
0.12
0.11
0.11
0.11
0.11
0.11
0.11
0.11
0.11
CorWatt	PkgWatt
14.70	169.39
0.24	89.80
0.23
0.23
0.24
0.33
0.23
0.23
0.24
0.23
0.23
0.22
1.55
0.23
2.61
0.23
0.23
0.22
0.22
0.22
0.22
0.25
0.23
0.23
0.23
0.22
0.22
0.22
0.22
0.20
0.20
0.20
0.21
0.12	79.50
0.12
0.12
0.12
0.12
0.12
0.12
0.12
0.10
0.10
0.10
0.10
0.11
0.11
0.14
0.11
0.12
0.12
0.12
0.12
0.12
0.12
0.12
0.12
0.11
0.11
0.11
0.11
0.11
0.12
0.11
0.11
CorWatt	PkgWatt
15.01	169.95
0.24	89.93
0.23
0.24
0.23
0.23
0.23
0.23
0.23
0.21
0.21
0.21
0.21
0.20
0.21
0.20
0.20
0.28
0.29
0.30
4.03
0.25
0.23
0.23
0.23
0.22
0.22
0.22
0.22
0.21
0.21
0.21
0.21
0.13	79.98
0.13
0.13
0.13
0.13
0.13
0.13
0.13
0.11
0.11
0.11
0.11
0.12
0.12
0.15
0.12
0.13
0.13
0.12
0.13
0.13
0.13
0.13
0.13
0.12
0.12
0.12
0.12
0.12
0.12
0.12
0.11
CorWatt	PkgWatt
14.97	169.55
0.25	90.25
0.24
0.24
0.24
0.24
0.23
0.24
0.24
0.21
0.21
0.21
0.21
0.20
0.20
0.20
0.20
0.24
0.24
0.24
0.25
0.26
0.24
0.24
0.23
0.27
0.28
3.57
0.27
0.22
0.22
0.22
0.72
0.12	79.48
0.12
0.12
0.12
0.12
0.12
0.12
0.12
0.10
0.10
0.10
0.11
0.11
0.11
0.14
0.11
0.12
0.12
0.12
0.12
0.12
0.12
0.12
0.12
0.12
0.11
0.12
0.12
0.11
0.12
0.11
0.12
CorWatt	PkgWatt
14.87	173.19
0.32	91.94
0.29
0.29
4.01
0.24
0.23
0.24
0.45
0.21
0.20
0.21
0.21
0.20
0.20
0.20
0.20
0.23
0.23
0.23
0.23
0.25
0.23
0.23
0.23
0.22
0.22
0.22
0.22
0.21
0.21
0.21
0.21
0.12	81.07
0.12
0.12
0.12
0.12
0.12
0.12
0.12
0.10
0.10
0.10
0.10
0.11
0.11
0.14
0.11
0.12
0.12
0.12
0.12
0.12
0.12
0.12
0.12
0.11
0.11
0.11
0.11
0.11
0.11
0.11
0.10
CorWatt	PkgWatt
14.28	168.64
0.23	89.35
0.23
0.23
0.22
0.22
0.22
0.22
0.23
1.90
0.23
0.22
0.23
0.22
0.22
0.22
2.19
0.22
0.22
0.22
0.22
0.24
0.22
0.22
0.22
0.21
0.21
0.21
0.21
0.20
0.20
0.20
0.20
0.12	79.30
0.12
0.12
0.12
0.12
0.12
0.12
0.12
0.10
0.10
0.10
0.10
0.11
0.11
0.14
0.11
0.12
0.12
0.12
0.12
0.12
0.12
0.12
0.12
0.11
0.11
0.11
0.11
0.11
0.11
0.11
0.11
CorWatt	PkgWatt
15.04	169.37
0.24	89.98
0.23
0.23
0.23
0.23
0.22
0.23
0.23
0.21
0.21
0.21
0.21
0.20
0.20
0.20
0.21
0.26
0.26
0.27
2.74
0.26
0.25
0.25
1.78
0.22
0.22
0.21
0.22
0.21
0.20
0.20
0.20
0.12	79.49
0.12
0.12
0.12
0.12
0.12
0.12
0.12
0.11
0.11
0.11
0.11
0.11
0.11
0.14
0.11
0.12
0.12
0.12
0.13
0.13
0.13
0.12
0.13
0.12
0.12
0.11
0.11
0.11
0.12
0.11
0.11
CorWatt	PkgWatt
14.95	169.44
1.37	90.19
0.25
0.25
0.25
0.23
0.23
0.23
0.23
0.21
0.21
0.21
0.21
0.20
0.20
0.20
0.20
0.23
0.23
0.23
0.23
0.25
0.23
0.23
0.24
0.26
0.26
0.26
3.25
0.21
0.21
0.21
0.21
0.11	79.16
0.12
0.11
0.11
0.12
0.12
0.12
0.12
0.10
0.10
0.10
0.10
0.11
0.11
0.13
0.11
0.12
0.11
0.11
0.12
0.12
0.12
0.12
0.12
0.11
0.11
0.10
0.10
0.10
0.11
0.11
0.11
CorWatt	PkgWatt
14.57	168.64
4.06	89.77
0.29
0.28
0.28
0.23
0.22
0.23
0.42
0.20
0.20
0.20
0.20
0.20
0.20
0.19
0.20
0.22
0.22
0.22
0.22
0.24
0.23
0.23
0.22
0.21
0.21
0.21
0.21
0.20
0.20
0.20
0.20
0.11	78.98
0.11
0.11
0.11
0.12
0.12
0.12
0.12
0.10
0.10
0.10
0.10
0.10
0.10
0.13
0.10
0.12
0.11
0.11
0.11
0.12
0.12
0.12
0.12
0.10
0.11
0.10
0.10
0.11
0.11
0.10
0.10
CorWatt	PkgWatt
14.56	168.85
0.25	89.53
0.24
0.23
0.30
0.22
0.22
0.22
0.24
0.25
0.26
0.25
4.11
0.19
0.19
0.19
0.19
0.22
0.22
0.22
0.22
0.24
0.22
0.22
0.22
0.21
0.20
0.21
0.21
0.20
0.20
0.20
0.20
0.11	79.22
0.11
0.11
0.11
0.12
0.12
0.12
0.12
0.10
0.10
0.10
0.10
0.11
0.11
0.13
0.11
0.12
0.11
0.11
0.12
0.12
0.12
0.12
0.12
0.11
0.11
0.11
0.11
0.11
0.11
0.11
0.12
CorWatt	PkgWatt
14.76	168.86
0.23	89.65
0.23
0.23
0.22
0.22
0.22
0.22
0.22
0.21
0.21
0.20
0.21
0.21
0.21
1.64
0.21
0.24
0.24
0.24
1.25
0.26
0.24
0.24
1.83
0.21
0.21
0.21
0.21
0.20
0.20
0.20
0.20
0.12	79.35
0.12
0.12
0.11
0.12
0.12
0.12
0.12
0.11
0.11
0.11
0.10
0.11
0.11
0.14
0.11
0.12
0.12
0.11
0.12
0.12
0.12
0.12
0.12
0.11
0.11
0.11
0.11
0.11
0.11
0.11
0.11
CorWatt	PkgWatt
14.94	169.41
0.26	90.14
0.24
0.24
0.24
0.23
0.23
0.23
0.23
0.21
0.21
0.21
0.21
0.20
0.20
0.20
0.20
0.23
0.23
0.23
0.22
0.25
0.23
0.23
0.24
0.27
0.27
0.27
4.33
0.21
0.21
0.21
0.21
0.11	79.16
0.11
0.11
0.11
0.12
0.12
0.12
0.11
0.10
0.10
0.10
0.10
0.11
0.11
0.13
0.11
0.11
0.11
0.11
0.11
0.12
0.12
0.12
0.12
0.11
0.11
0.10
0.10
0.11
0.11
0.11
0.11
CorWatt	PkgWatt
14.07	167.94
0.26	89.16
0.23
0.22
0.22
0.22
0.22
0.22
0.22
0.19
0.19
0.19
0.20
0.19
0.19
0.19
0.19
0.22
0.22
0.21
0.21
0.23
0.22
0.22
0.21
0.21
0.21
0.20
0.21
0.24
0.25
0.25
4.06
0.11	78.74
0.10
0.10
0.10
0.11
0.11
0.11
0.11
0.10
0.10
0.10
0.10
0.10
0.10
0.13
0.10
0.11
0.10
0.10
0.11
0.11
0.12
0.11
0.11
0.10
0.10
0.10
0.10
0.10
0.11
0.10
0.10
CorWatt	PkgWatt
14.28	168.00
0.25	89.23
0.25
0.24
1.71
0.25
0.24
2.25
0.24
0.20
0.21
0.20
0.73
0.19
0.19
0.19
0.19
0.21
0.21
0.21
0.21
0.23
0.22
0.21
0.21
0.20
0.20
0.20
0.21
0.20
0.20
0.20
0.21
0.11	78.94
0.11
0.11
0.11
0.11
0.11
0.11
0.11
0.10
0.10
0.10
0.10
0.11
0.11
0.13
0.11
0.11
0.11
0.10
0.11
0.12
0.12
0.12
0.12
0.10
0.10
0.10
0.10
0.10
0.11
0.10
0.11
CorWatt	PkgWatt
14.52	168.60
0.24	89.33
0.23
0.22
0.22
0.22
0.22
0.22
0.26
0.21
0.22
0.21
0.57
0.24
0.24
0.24
3.73
0.22
0.22
0.22
0.22
0.24
0.22
0.22
0.22
0.21
0.21
0.20
0.21
0.20
0.20
0.20
0.20
0.11	79.30
0.12
0.11
0.11
0.12
0.12
0.11
0.12
0.11
0.11
0.11
0.11
0.11
0.11
0.14
0.11
0.12
0.11
0.11
0.12
0.12
0.12
0.12
0.12
0.11
0.11
0.11
0.11
0.11
0.12
0.11
0.11
CorWatt	PkgWatt
11.11	165.13
0.19	84.80
0.18
0.18
0.18
0.18
0.18
0.18
0.18
0.16
0.17
0.17
0.16
0.15
0.15
0.15
0.16
0.22
0.22
0.22
2.43
0.20
0.18
0.18
0.18
0.17
0.17
0.17
0.17
0.16
0.16
0.16
0.16
0.10	80.24
0.10
0.10
0.10
0.10
0.10
0.10
0.10
0.10
0.10
0.10
0.10
0.10
0.10
0.12
0.10
0.10
0.10
0.10
0.10
0.11
0.11
0.11
0.11
0.10
0.10
0.10
0.10
0.10
0.10
0.10
0.10
CorWatt	PkgWatt
6.11	155.62
0.11	77.94
0.11
0.11
0.11
0.11
0.10
0.11
0.11
0.10
0.10
0.10
0.10
0.09
0.09
0.09
0.09
0.11
0.11
0.11
0.11
0.12
0.10
0.10
0.10
0.10
0.10
0.10
0.10
0.09
0.09
0.09
0.10
0.09	77.73
0.09
0.09
0.09
0.09
0.09
0.09
0.09
0.08
0.08
0.08
0.08
0.09
0.09
0.09
0.09
0.09
0.09
0.09
0.09
0.09
0.10
0.09
0.09
0.09
0.09
0.09
0.09
0.09
0.09
0.09
0.09
CorWatt	PkgWatt
6.04	155.45
0.11	77.70
0.11
0.11
0.11
0.11
0.10
0.11
0.10
0.09
0.10
0.09
0.09
0.09
0.09
0.09
0.09
0.11
0.11
0.11
0.11
0.11
0.10
0.10
0.10
0.10
0.10
0.10
0.10
0.09
0.09
0.09
0.09
0.09	77.62
0.09
0.09
0.09
0.09
0.09
0.09
0.09
0.08
0.08
0.08
0.08
0.09
0.09
0.09
0.09
0.09
0.09
0.09
0.09
0.09
0.10
0.09
0.09
0.09
0.09
0.09
0.09
0.09
0.09
0.09
0.09
CorWatt	PkgWatt
9.89	161.43
0.19	82.92
0.19
0.19
1.79
0.16
0.15
0.16
0.16
0.14
0.14
0.14
0.14
0.14
0.14
0.14
0.14
0.16
0.17
0.17
0.17
0.18
0.16
0.16
0.16
0.16
0.15
0.15
0.16
0.14
0.15
0.15
0.15
0.10	78.52
0.10
0.10
0.10
0.10
0.10
0.10
0.10
0.10
0.10
0.10
0.10
0.10
0.10
0.11
0.10
0.10
0.10
0.10
0.11
0.11
0.11
0.11
0.11
0.10
0.10
0.10
0.10
0.10
0.10
0.10
0.10
CorWatt	PkgWatt
13.85	167.14
0.22	88.75
0.22
0.22
0.29
2.04
0.23
0.24
0.23
0.20
0.20
1.05
0.20
0.20
0.20
1.42
0.20
0.21
0.21
0.21
0.20
0.22
0.21
0.21
0.21
0.20
0.19
0.20
0.20
0.19
0.19
0.19
0.19
0.10	78.50
0.10
0.10
0.10
0.10
0.10
0.10
0.10
0.10
0.10
0.10
0.10
0.10
0.12
0.11
0.10
0.10
0.10
0.10
0.10
0.11
0.11
0.11
0.11
0.10
0.10
0.10
0.10
0.10
0.11
0.10
0.11
CorWatt	PkgWatt
14.05	167.72
0.24	89.00
0.22
0.22
0.22
0.22
0.21
0.22
0.22
0.19
0.19
0.19
0.19
0.19
0.19
0.20
0.19
0.27
0.27
0.28
4.19
0.23
0.21
0.21
0.21
0.20
0.20
0.20
0.20
0.19
0.19
0.19
0.19
0.10	78.61
0.10
0.10
0.10
0.10
0.10
0.10
0.10
0.10
0.10
0.10
0.10
0.10
0.13
0.10
0.10
0.10
0.10
0.10
0.10
0.11
0.11
0.11
0.11
0.10
0.10
0.10
0.10
0.10
0.10
0.10
0.10
CorWatt	PkgWatt
13.68	167.01
0.22	88.57
0.21
0.21
0.21
0.21
0.20
0.21
0.21
0.19
0.19
0.19
0.19
0.18
0.18
0.18
0.18
0.21
0.21
0.21
0.21
1.25
0.22
0.22
0.22
0.20
0.20
0.20
0.22
0.23
0.23
0.23
2.99
0.10	78.45
0.10
0.10
0.10
0.10
0.10
0.10
0.10
0.10
0.10
0.10
0.10
0.10
0.13
0.10
0.10
0.10
0.10
0.10
0.10
0.11
0.11
0.11
0.11
0.10
0.10
0.10
0.10
0.10
0.11
0.10
0.10
CorWatt	PkgWatt
14.37	168.18
0.28	89.13
0.27
0.28
4.14
0.22
0.22
0.22
0.22
0.19
0.20
0.19
0.19
0.19
0.19
0.19
0.19
0.22
0.22
0.22
0.22
0.24
0.22
0.22
0.22
0.21
0.20
0.21
0.21
0.20
0.20
0.20
0.21
0.11	79.11
0.11
0.11
0.11
0.11
0.11
0.11
0.11
0.11
0.11
0.11
0.11
0.11
0.14
0.11
0.11
0.11
0.11
0.11
0.12
0.12
0.12
0.12
0.12
0.11
0.11
0.11
0.11
0.11
0.12
0.11
0.11
CorWatt	PkgWatt
13.59	166.79
0.21	88.29
0.21
0.21
0.21
0.26
0.25
0.26
4.16
0.18
0.18
0.18
0.18
0.17
0.17
0.17
0.17
0.20
0.20
0.20
0.20
0.22
0.20
0.20
0.20
0.19
0.19
0.19
0.19
0.19
0.18
0.18
0.18
0.10	78.42
0.10
0.10
0.10
0.10
0.10
0.10
0.10
0.10
0.10
0.10
0.10
0.10
0.11
0.12
0.10
0.10
0.10
0.10
0.10
0.10
0.11
0.10
0.11
0.10
0.10
0.10
0.10
0.10
0.11
0.10
0.10
CorWatt	PkgWatt
13.59	166.74
0.22	88.34
0.21
0.21
0.21
0.21
0.20
0.21
0.22
0.23
0.24
3.46
0.23
0.19
0.18
0.79
0.19
0.20
0.20
0.20
0.20
0.22
0.21
0.21
0.20
0.19
0.19
0.19
0.19
0.19
0.19
0.19
0.19
0.10	78.41
0.10
0.10
0.10
0.10
0.10
0.10
0.10
0.10
0.10
0.10
0.10
0.10
0.10
0.13
0.10
0.10
0.10
0.10
0.10
0.10
0.11
0.10
0.10
0.10
0.10
0.10
0.10
0.10
0.11
0.10
0.10
CorWatt	PkgWatt
13.86	166.98
0.22	88.77
0.22
0.22
0.21
0.21
0.21
0.21
0.21
0.19
0.19
0.19
0.19
0.19
0.19
0.19
0.19
4.14
0.27
0.27
0.27
0.23
0.21
0.21
0.21
0.20
0.20
0.20
0.20
0.19
0.19
0.19
0.19
0.10	78.34
0.10
0.10
0.10
0.10
0.10
0.10
0.10
0.10
0.10
0.10
0.10
0.10
0.10
0.13
0.10
0.10
0.10
0.10
0.10
0.10
0.11
0.10
0.10
0.10
0.10
0.10
0.10
0.10
0.11
0.10
0.10
CorWatt	PkgWatt
14.32	168.06
0.23	89.18
0.22
0.22
0.22
0.22
0.21
0.21
0.22
0.20
0.22
0.19
0.20
0.18
0.18
0.19
0.19
0.22
0.22
0.22
0.22
0.25
1.47
0.23
0.23
0.23
0.23
0.23
2.48
0.20
0.20
0.20
0.71
0.11	78.76
0.11
0.11
0.11
0.11
0.11
0.11
0.11
0.10
0.10
0.10
0.10
0.11
0.11
0.13
0.10
0.11
0.11
0.11
0.11
0.11
0.11
0.11
0.11
0.11
0.11
0.11
0.10
0.11
0.11
0.11
0.11
CorWatt	PkgWatt
14.02	167.31
0.28	89.00
0.27
0.27
4.20
0.22
0.21
0.22
0.21
0.19
0.20
0.19
0.19
0.19
0.19
0.19
0.21
0.21
0.21
0.21
0.21
0.23
0.22
0.21
0.21
0.20
0.20
0.21
0.20
0.19
0.19
0.19
0.20
0.11	78.48
0.11
0.10
0.10
0.10
0.10
0.10
0.10
0.10
0.10
0.10
0.09
0.10
0.10
0.13
0.10
0.10
0.10
0.10
0.10
0.11
0.11
0.10
0.11
0.10
0.10
0.10
0.10
0.10
0.11
0.10
0.10
CorWatt	PkgWatt
13.67	166.97
0.22	88.50
0.21
0.21
0.22
0.61
0.22
0.22
0.22
0.21
0.21
1.65
0.21
0.20
0.19
0.18
0.19
0.23
1.82
0.23
0.23
0.32
0.21
0.21
0.21
0.20
0.43
0.20
0.20
0.19
0.19
0.19
0.19
0.10	78.39
0.10
0.10
0.10
0.10
0.10
0.10
0.10
0.09
0.10
0.09
0.09
0.10
0.10
0.13
0.10
0.10
0.10
0.10
0.10
0.10
0.10
0.10
0.10
0.10
0.10
0.10
0.10
0.10
0.11
0.10
0.10
CorWatt	PkgWatt
13.60	166.62
0.22	88.42
0.21
0.21
0.28
0.21
0.20
0.21
0.21
0.19
0.19
0.18
0.19
0.18
0.18
0.18
0.18
0.20
0.20
0.20
0.20
0.23
0.21
0.21
0.21
0.20
0.20
0.20
0.20
0.24
0.24
0.24
4.02
0.10	78.22
0.10
0.10
0.10
0.10
0.10
0.10
0.10
0.09
0.09
0.09
0.09
0.10
0.10
0.13
0.10
0.10
0.10
0.10
0.10
0.10
0.10
0.10
0.10
0.10
0.10
0.10
0.10
0.10
0.11
0.10
0.10
CorWatt	PkgWatt
14.11	167.69
0.28	89.01
0.27
0.27
4.25
0.22
0.21
0.21
0.21
0.19
0.19
0.19
0.19
0.19
0.19
0.19
0.19
0.21
0.21
0.21
0.21
0.23
0.21
0.21
0.21
0.20
0.20
0.20
0.20
0.20
0.19
0.20
0.21
0.10	78.55
0.10
0.10
0.10
0.11
0.11
0.11
0.11
0.10
0.10
0.10
0.09
0.10
0.10
0.13
0.10
0.11
0.11
0.11
0.11
0.11
0.11
0.11
0.11
0.10
0.10
0.10
0.10
0.10
0.11
0.10
0.10
CorWatt	PkgWatt
13.31	166.17
0.21	88.01
0.20
0.20
0.21
0.25
0.25
0.25
4.11
0.18
0.18
0.18
0.18
0.17
0.17
0.17
0.17
0.20
0.20
0.19
0.19
0.21
0.20
0.20
0.20
0.19
0.19
0.19
0.19
0.18
0.18
0.18
0.18
0.10	78.17
0.10
0.10
0.10
0.10
0.10
0.10
0.10
0.09
0.09
0.09
0.09
0.10
0.10
0.12
0.10
0.10
0.10
0.10
0.10
0.10
0.10
0.10
0.10
0.10
0.10
0.10
0.10
0.10
0.10
0.10
0.09
CorWatt	PkgWatt
13.32	166.11
0.21	88.01
0.20
0.20
0.20
0.20
0.20
0.20
0.21
0.21
0.22
2.61
0.22
0.19
1.56
0.19
0.19
0.20
0.20
0.20
0.20
0.22
0.20
0.21
0.20
0.19
0.19
0.19
0.19
0.18
0.18
0.18
0.18
0.10	78.21
0.10
0.10
0.10
0.10
0.10
0.10
0.10
0.09
0.09
0.09
0.09
0.10
0.10
0.13
0.10
0.10
0.10
0.10
0.10
0.10
0.10
0.10
0.10
0.10
0.10
0.10
0.10
0.10
0.10
0.09
0.09
CorWatt	PkgWatt
13.71	167.01
0.22	88.63
0.21
0.21
0.21
0.21
0.20
0.21
0.21
0.19
0.19
0.19
0.19
0.19
0.20
0.19
0.19
0.27
4.09
0.27
0.26
0.23
0.21
0.21
0.21
0.20
0.20
0.20
0.20
0.19
0.19
0.19
0.19
0.10	78.27
0.11
0.10
0.10
0.10
0.10
0.10
0.10
0.09
0.09
0.09
0.09
0.10
0.10
0.13
0.10
0.10
0.10
0.10
0.10
0.10
0.10
0.10
0.10
0.10
0.10
0.10
0.10
0.10
0.10
0.10
0.10
CorWatt	PkgWatt
13.80	190.82
0.14	91.93
0.13
0.13
0.12
0.13
0.13
0.13
0.13
0.11
0.11
0.12
0.11
0.11
0.11
0.11
0.11
0.13
0.14
0.13
0.13
0.87
0.13
0.14
0.14
0.12
0.12
0.12
0.12
0.12
0.12
0.12
0.12
0.18	98.90
0.18
0.17
0.17
0.18
0.18
0.18
0.18
0.16
0.16
0.16
0.16
0.17
0.17
0.21
0.17
1.03
0.19
0.19
0.19
0.21
0.22
0.21
2.66
0.17
0.18
0.17
0.17
0.17
0.18
0.17
0.17
CorWatt	PkgWatt
13.13	165.62
0.10	77.35
0.10
0.10
0.09
0.09
0.09
0.09
0.09
0.09
0.09
0.09
0.09
0.09
0.09
0.08
0.08
0.09
0.10
0.09
0.09
0.11
0.10
0.10
0.10
0.09
0.09
0.09
0.09
0.09
0.09
0.09
0.09
0.19	88.41
0.19
0.19
0.19
0.20
0.19
0.19
0.19
0.18
0.18
0.17
0.19
0.18
0.18
0.22
0.18
0.19
0.19
0.19
0.19
0.20
0.20
0.20
0.21
0.23
0.24
0.24
4.16
0.18
0.19
0.18
0.18
CorWatt	PkgWatt
13.17	177.27
0.10	82.90
0.10
0.10
0.09
0.09
0.09
0.09
0.09
0.09
0.09
0.09
0.09
0.08
0.09
0.08
0.08
0.09
0.09
0.10
0.09
0.11
0.10
0.10
0.10
0.09
0.09
0.09
0.09
0.09
0.09
0.09
0.09
0.22	94.20
0.22
0.23
2.67
0.22
0.21
0.22
1.68
0.17
0.17
0.17
0.17
0.18
0.18
0.22
0.18
0.19
0.19
0.19
0.19
0.20
0.20
0.20
0.20
0.19
0.19
0.19
0.19
0.18
0.19
0.18
0.19
CorWatt	PkgWatt
13.44	167.90
0.10	77.23
0.09
0.09
0.09
0.09
0.09
0.09
0.09
0.09
0.09
0.09
0.09
0.08
0.08
0.08
0.08
0.09
0.09
0.09
0.09
0.10
0.09
0.09
0.09
0.09
0.09
0.09
0.09
0.09
0.09
0.09
0.09
0.19	90.79
0.19
0.19
0.19
0.21
0.20
0.20
0.21
0.22
0.22
0.22
4.00
0.19
0.19
0.23
0.19
0.21
0.21
0.20
0.57
0.20
0.20
0.20
0.20
0.19
0.19
0.19
0.19
0.19
0.20
0.19
0.19
CorWatt	PkgWatt
13.72	182.48
0.14	85.89
0.11
0.11
0.16
0.11
0.11
0.11
0.11
0.10
0.10
0.10
0.10
0.09
0.09
0.09
0.09
0.11
0.11
0.11
0.11
0.12
0.11
0.11
0.11
0.11
0.10
0.10
0.10
0.10
0.10
0.10
0.10
0.19	96.44
0.19
0.19
0.19
0.20
0.19
0.19
0.19
0.18
0.18
0.18
0.18
0.18
0.18
0.22
0.18
0.20
0.20
0.19
0.21
0.25
4.25
0.25
0.25
0.18
0.19
0.18
0.19
0.18
0.19
0.18
0.18
CorWatt	PkgWatt
13.16	167.73
0.10	77.46
0.10
0.10
0.12
0.09
0.09
0.09
0.09
0.09
0.09
0.09
0.09
0.08
0.08
0.08
0.08
0.09
0.09
0.09
0.09
0.11
0.10
0.10
0.10
0.09
0.09
0.09
0.09
0.09
0.09
0.09
0.09
0.19	90.30
0.19
0.19
0.19
0.19
0.19
0.19
0.19
0.17
0.17
0.17
0.17
0.18
0.18
0.22
0.18
0.19
0.19
0.19
0.19
0.20
0.21
0.19
0.20
0.23
0.23
0.24
4.27
0.18
0.19
0.18
0.18
CorWatt	PkgWatt
13.06	182.86
0.10	84.75
0.09
0.09
0.09
0.09
0.09
0.09
0.09
0.09
0.09
0.08
0.09
0.08
0.08
0.08
0.08
0.09
0.09
0.09
0.09
0.10
0.09
0.09
0.09
0.09
0.09
0.09
0.09
0.08
0.08
0.09
0.08
0.21	98.23
0.21
0.21
1.29
0.32
0.20
0.20
0.20
0.19
0.19
0.19
1.59
0.19
0.19
0.22
0.18
0.20
0.19
0.19
0.19
0.20
0.21
0.20
0.20
0.19
0.19
0.19
0.20
0.21
0.21
0.21
1.50
CorWatt	PkgWatt
12.75	165.01
0.10	77.05
0.09
0.09
0.09
0.09
0.09
0.09
0.09
0.09
0.09
0.08
0.09
0.08
0.08
0.08
0.08
0.09
0.09
0.09
0.09
0.11
0.09
0.09
0.09
0.09
0.09
0.09
0.09
0.09
0.09
0.09
0.09
0.18	87.87
0.18
0.18
0.18
0.19
0.19
0.19
0.19
0.17
0.17
0.17
0.17
0.18
0.18
0.21
0.18
0.24
0.24
0.23
4.08
0.19
0.19
0.19
0.19
0.18
0.18
0.18
0.18
0.18
0.18
0.18
0.18
CorWatt	PkgWatt
13.43	165.99
0.10	77.44
0.10
0.10
0.10
0.10
0.10
0.10
0.10
0.09
0.09
0.09
0.09
0.08
0.08
0.08
0.08
0.10
0.10
0.10
0.10
0.12
0.10
0.10
0.10
0.10
0.10
0.10
0.10
0.09
0.09
0.09
0.09
0.21	88.53
0.21
0.21
1.68
0.20
0.19
0.19
0.19
0.18
0.17
0.17
0.17
0.18
0.18
0.22
0.18
0.20
0.19
0.19
0.20
0.23
0.23
2.16
0.23
0.19
0.19
0.19
0.58
0.19
0.47
0.19
0.18
CorWatt	PkgWatt
13.04	191.37
0.10	89.10
0.09
0.09
0.09
0.09
0.09
0.09
0.09
0.09
0.09
0.08
0.09
0.08
0.08
0.08
0.08
0.09
0.09
0.09
0.09
0.11
0.09
0.09
0.09
0.09
0.09
0.09
0.09
0.08
0.08
0.09
0.08
0.19	102.39
0.19
0.19
0.20
4.18
0.24
0.24
0.24
0.18
0.17
0.17
0.17
0.18
0.21
0.19
0.18
0.20
0.19
0.19
0.19
0.20
0.20
0.20
0.20
0.18
0.19
0.18
0.18
0.19
0.19
0.18
0.19
CorWatt	PkgWatt
12.83	165.11
0.10	76.92
0.09
0.09
0.09
0.09
0.09
0.09
0.09
0.09
0.09
0.08
0.08
0.08
0.08
0.08
0.08
0.09
0.09
0.09
0.09
0.10
0.09
0.09
0.09
0.09
0.09
0.09
0.09
0.08
0.08
0.08
0.08
0.19	88.10
0.20
0.19
0.19
4.02
0.24
0.24
0.24
0.17
0.17
0.17
0.17
0.18
0.22
0.18
0.18
0.20
0.19
0.19
0.19
0.20
0.20
0.20
0.20
0.18
0.19
0.18
0.18
0.19
0.19
0.18
0.18
CorWatt	PkgWatt
12.96	165.43
0.09	76.88
0.09
0.09
0.09
0.09
0.09
0.09
0.09
0.08
0.08
0.08
0.08
0.07
0.07
0.07
0.07
0.09
0.09
0.09
0.09
0.10
0.09
0.09
0.09
0.09
0.09
0.09
0.09
0.08
0.08
0.08
0.08
0.19	88.52
0.20
0.19
0.19
0.22
0.20
0.20
0.20
4.07
0.22
0.22
0.23
0.19
0.22
0.19
0.19
0.20
0.19
0.19
0.20
0.20
0.20
0.20
0.20
0.19
0.19
0.18
0.19
0.19
0.19
0.19
0.19
CorWatt	PkgWatt
13.27	168.95
0.10	79.16
0.10
0.10
0.10
0.10
0.10
0.10
0.10
0.09
0.09
0.09
0.09
0.09
0.09
0.09
0.08
0.10
0.10
0.10
0.10
0.11
0.10
0.10
0.10
0.10
0.10
0.10
0.10
0.09
0.09
0.09
0.09
0.18	89.93
0.19
0.18
0.18
0.20
0.19
0.19
0.19
0.19
0.18
0.18
0.17
0.18
0.22
0.18
0.18
0.21
0.21
0.20
1.26
0.21
0.21
0.21
1.34
0.20
0.21
0.21
2.01
0.19
0.18
0.18
0.18
CorWatt	PkgWatt
12.78	165.08
0.10	76.92
0.09
0.09
0.09
0.09
0.09
0.09
0.09
0.08
0.08
0.08
0.08
0.08
0.08
0.08
0.08
0.09
0.09
0.09
0.09
0.10
0.09
0.09
0.09
0.09
0.09
0.09
0.09
0.08
0.08
0.08
0.08
0.24	88.03
0.24
0.24
4.02
0.19
0.19
0.19
0.19
0.17
0.17
0.17
0.17
0.18
0.21
0.19
0.18
0.19
0.19
0.19
0.19
0.19
0.20
0.19
0.19
0.19
0.19
0.19
0.20
0.19
0.18
0.18
0.19
CorWatt	PkgWatt
9.13	175.94
0.10	85.26
0.09
0.09
0.16
0.09
0.09
0.09
0.09
0.08
0.08
0.08
0.08
0.08
0.08
0.08
0.08
0.09
0.09
0.09
0.09
0.10
0.09
0.09
0.09
0.09
0.09
0.09
0.09
0.08
0.08
0.08
0.08
0.14	90.74
0.14
0.14
0.14
2.03
0.17
0.16
0.16
0.12
0.12
0.12
0.13
0.13
0.13
0.14
0.12
0.14
0.14
0.14
0.14
0.14
0.14
0.14
0.14
0.13
0.13
0.13
0.13
0.13
0.13
0.13
0.13
CorWatt	PkgWatt
5.44	153.82
0.09	76.85
0.09
0.09
0.09
0.09
0.09
0.09
0.09
0.08
0.08
0.08
0.08
0.08
0.08
0.08
0.08
0.09
0.09
0.09
0.09
0.10
0.09
0.09
0.09
0.09
0.09
0.09
0.09
0.08
0.08
0.08
0.08
0.09	77.05
0.09
0.09
0.09
0.09
0.09
0.09
0.09
0.08
0.07
0.07
0.08
0.07
0.07
0.08
0.07
0.09
0.09
0.09
0.09
0.09
0.09
0.09
0.09
0.08
0.08
0.08
0.08
0.09
0.08
0.08
0.08
CorWatt	PkgWatt
5.60	154.41
0.10	77.17
0.10
0.10
0.10
0.10
0.09
0.09
0.09
0.09
0.09
0.09
0.09
0.08
0.08
0.08
0.08
0.10
0.10
0.10
0.09
0.11
0.10
0.10
0.10
0.09
0.09
0.09
0.09
0.08
0.08
0.08
0.08
0.09	77.11
0.09
0.09
0.09
0.09
0.09
0.09
0.09
0.08
0.07
0.07
0.07
0.07
0.07
0.07
0.07
0.09
0.09
0.09
0.09
0.09
0.09
0.09
0.09
0.08
0.08
0.08
0.08
0.08
0.08
0.08
0.08
CorWatt	PkgWatt
9.56	176.84
0.10	85.37
0.09
0.09
0.09
0.09
0.09
0.09
0.09
0.08
0.08
0.08
0.08
0.08
0.08
0.08
0.08
0.09
0.09
0.09
0.09
0.11
0.09
0.09
0.09
0.09
0.09
0.09
0.09
0.08
0.08
0.08
0.08
0.14	91.55
0.14
0.14
0.14
0.15
0.15
0.15
0.15
0.13
0.13
0.13
0.13
0.13
0.15
0.14
0.14
0.15
0.14
0.14
0.14
0.17
0.17
0.17
2.09
0.14
0.42
0.14
0.14
0.14
0.13
0.13
0.13
CorWatt	PkgWatt
12.81	168.42
0.10	78.63
0.10
0.09
0.09
0.09
0.09
0.09
0.09
0.08
0.08
0.08
0.08
0.07
0.07
0.08
0.07
0.09
0.09
0.09
0.09
0.10
0.09
0.09
0.09
0.09
0.09
0.09
0.09
0.08
0.08
0.08
0.08
0.23	89.78
0.22
0.23
3.69
0.19
0.20
0.19
0.19
0.17
0.17
0.17
0.17
0.18
0.22
0.18
0.18
0.19
0.19
0.18
0.19
0.19
0.19
0.19
0.19
0.18
0.19
0.18
0.18
0.19
0.18
0.18
0.65
CorWatt	PkgWatt
13.10	165.22
0.09	76.82
0.09
0.09
0.09
0.09
0.09
0.09
0.09
0.08
0.08
0.08
0.08
0.07
0.07
0.08
0.08
0.09
0.09
0.09
0.09
0.10
0.09
0.09
0.09
0.09
0.09
0.09
0.09
0.08
0.08
0.08
0.08
0.19	88.43
0.19
0.19
0.20
0.20
0.21
0.20
0.20
0.23
0.23
0.23
4.27
0.19
0.22
0.18
0.18
0.20
0.19
0.19
0.19
0.20
0.20
0.20
0.20
0.19
0.19
0.19
0.19
0.19
0.18
0.18
0.18
CorWatt	PkgWatt
13.04	165.15
0.10	77.07
0.10
0.10
0.10
0.10
0.10
0.10
0.10
0.09
0.09
0.08
0.08
0.08
0.08
0.08
0.08
0.10
0.10
0.10
0.10
0.11
0.10
0.10
0.10
0.09
0.09
0.09
0.09
0.08
0.08
0.08
0.08
0.18	87.98
0.18
0.18
0.19
0.19
0.19
0.19
0.19
0.18
0.18
0.18
0.18
0.18
0.18
0.21
0.18
0.91
0.20
0.20
0.21
0.24
0.23
0.23
3.48
0.18
0.18
0.18
0.18
0.19
0.18
0.18
0.18
CorWatt	PkgWatt
12.60	164.38
0.09	76.66
0.09
0.09
0.09
0.09
0.09
0.09
0.09
0.08
0.08
0.08
0.07
0.07
0.07
0.07
0.07
0.09
0.09
0.09
0.09
0.10
0.09
0.09
0.09
0.09
0.09
0.09
0.09
0.07
0.07
0.07
0.07
0.18	87.70
0.18
0.18
0.18
0.19
0.19
0.19
0.18
0.16
0.16
0.16
0.16
0.18
0.18
0.21
0.17
0.19
0.18
0.18
0.19
0.19
0.19
0.19
0.20
0.23
0.23
4.19
0.23
0.18
0.18
0.18
0.18
CorWatt	PkgWatt
12.62	164.30
0.10	77.02
0.10
0.09
0.09
0.09
0.09
0.09
0.09
0.08
0.09
0.08
0.08
0.08
0.08
0.08
0.11
0.10
0.10
0.12
0.10
0.11
0.10
0.10
0.10
0.09
0.09
0.09
0.09
0.08
0.08
0.08
0.08
0.18	87.46
0.18
0.18
0.18
0.19
0.19
0.19
0.18
0.16
0.16
0.16
0.16
0.18
0.18
0.21
0.18
0.19
0.18
0.18
0.19
0.19
0.19
0.19
0.19
0.23
0.23
3.90
0.23
0.19
0.18
0.18
0.18
CorWatt	PkgWatt
12.75	191.33
0.10	90.05
0.10
0.09
0.09
0.09
0.09
0.09
0.09
0.08
0.08
0.08
0.08
0.08
0.08
0.08
0.08
0.10
0.10
0.10
0.11
0.11
0.10
0.10
0.10
0.09
0.09
0.09
0.09
0.08
0.08
0.08
0.08
0.19	101.11
0.19
0.19
0.97
0.23
0.23
0.23
3.24
0.17
0.17
0.17
0.17
0.18
0.18
0.21
0.17
0.19
0.18
0.18
0.19
0.19
0.19
0.19
0.19
0.18
0.18
0.19
0.18
0.18
0.18
0.18
0.18
CorWatt	PkgWatt
13.09	169.00
0.10	79.15
0.10
0.10
0.17
0.10
0.10
0.10
0.10
0.09
0.09
0.09
0.08
0.08
0.08
0.08
0.08
0.10
0.10
0.10
0.10
0.11
0.10
0.10
0.10
0.10
0.10
0.09
0.09
0.08
0.08
0.08
0.08
0.19	89.82
0.18
0.18
0.19
0.19
0.19
0.19
0.20
0.19
1.33
0.19
0.19
0.18
0.18
0.21
0.18
0.19
0.19
0.19
0.19
0.23
0.23
0.23
2.97
0.18
0.19
0.18
0.18
0.19
0.18
0.18
0.18
CorWatt	PkgWatt
12.62	166.51
0.10	76.91
0.09
0.09
0.09
0.09
0.09
0.09
0.09
0.08
0.08
0.08
0.08
0.08
0.08
0.08
0.08
0.09
0.09
0.09
0.09
0.10
0.09
0.09
0.09
0.09
0.09
0.09
0.09
0.08
0.08
0.08
0.08
0.19	89.71
0.19
0.19
1.20
0.19
0.18
0.18
0.19
0.17
0.17
0.16
0.16
0.18
0.18
0.21
0.18
0.19
0.18
0.18
0.19
0.19
0.19
0.19
0.20
0.21
0.21
2.35
0.21
0.87
0.19
0.19
0.19
CorWatt	PkgWatt
12.99	165.00
0.09	76.68
0.09
0.09
0.09
0.09
0.09
0.09
0.09
0.08
0.08
0.08
0.08
0.07
0.07
0.07
0.07
0.09
0.09
0.09
0.09
0.10
0.09
0.09
0.09
0.09
0.09
0.09
0.09
0.08
0.08
0.08
0.08
0.19	88.23
0.19
0.19
0.20
0.21
0.19
0.19
0.20
0.22
0.23
0.22
4.22
0.18
0.18
0.22
0.18
0.19
0.19
0.19
0.19
0.20
0.20
0.20
0.20
0.18
0.18
0.19
0.18
0.18
0.19
0.18
0.18
CorWatt	PkgWatt
12.42	163.98
0.09	76.65
0.09
0.09
0.09
0.09
0.09
0.09
0.09
0.08
0.08
0.08
0.08
0.07
0.07
0.07
0.07
0.09
0.09
0.09
0.09
0.10
0.09
0.09
0.09
0.09
0.09
0.08
0.08
0.07
0.07
0.07
0.07
0.18	87.33
0.17
0.17
0.18
0.18
0.18
0.18
0.18
0.16
0.16
0.16
0.17
0.17
0.17
0.20
0.17
0.23
0.23
0.22
4.16
0.19
0.19
0.18
0.18
0.17
0.17
0.17
0.17
0.17
0.18
0.17
0.17
CorWatt	PkgWatt
12.75	164.56
0.10	76.97
0.10
0.10
0.10
0.10
0.10
0.10
0.10
0.08
0.08
0.08
0.08
0.08
0.08
0.08
0.08
0.10
0.10
0.10
0.10
0.11
0.10
0.10
0.10
0.09
0.09
0.09
0.09
0.08
0.08
0.08
0.08
0.18	87.66
0.18
0.18
0.18
0.19
0.18
0.18
0.18
0.17
0.17
0.16
0.17
0.18
0.18
0.21
0.17
0.19
0.19
0.18
0.20
0.22
0.22
1.81
0.22
0.21
0.21
0.21
2.42
0.18
0.18
0.18
0.17
CorWatt	PkgWatt
12.52	168.18
0.09	78.55
0.09
0.09
0.09
0.09
0.09
0.09
0.09
0.08
0.08
0.08
0.08
0.08
0.07
0.07
0.07
0.09
0.09
0.09
0.09
0.10
0.09
0.09
0.09
0.08
0.08
0.08
0.08
0.07
0.08
0.08
0.07
0.23	89.55
0.23
0.23
3.64
0.19
0.19
0.19
0.60
0.16
0.16
0.16
0.16
0.18
0.18
0.21
0.17
0.18
0.18
0.18
0.19
0.19
0.19
0.19
0.19
0.18
0.18
0.18
0.18
0.17
0.19
0.18
0.18
CorWatt	PkgWatt
12.81	166.77
0.09	76.90
0.09
0.09
0.09
0.10
0.09
0.09
0.09
0.08
0.08
0.08
0.08
0.08
0.08
0.08
0.08
0.09
0.09
0.09
0.09
0.10
0.09
0.09
0.09
0.09
0.08
0.08
0.08
0.08
0.08
0.08
0.08
0.19	89.89
0.19
0.19
0.19
0.19
0.19
0.19
0.19
0.21
0.21
0.21
3.56
0.18
0.18
0.22
0.18
0.19
0.19
0.19
0.19
0.20
0.79
0.20
0.20
0.18
0.18
0.18
0.18
0.18
0.18
0.18
0.18
CorWatt	PkgWatt
12.41	164.04
0.10	76.66
0.09
0.09
0.09
0.10
0.09
0.09
0.09
0.08
0.08
0.08
0.08
0.08
0.08
0.08
0.08
0.09
0.09
0.09
0.09
0.10
0.09
0.09
0.09
0.08
0.08
0.08
0.08
0.08
0.08
0.08
0.08
0.18	87.46
0.18
0.18
0.18
0.18
0.18
0.18
0.18
0.16
0.16
0.16
0.16
0.18
0.18
0.21
0.17
0.18
0.18
0.18
0.18
0.19
0.20
0.19
0.19
0.22
0.22
0.23
4.01
0.17
0.18
0.17
0.17
CorWatt	PkgWatt
12.73	169.22
0.10	79.27
0.10
0.12
0.10
0.10
0.10
0.10
0.10
0.08
0.08
0.09
0.08
0.08
0.08
0.08
0.08
0.10
0.10
0.10
0.10
0.11
0.09
0.09
0.09
0.09
0.09
0.09
0.09
0.08
0.08
0.08
0.08
0.22	89.85
0.22
0.22
2.95
0.19
0.19
0.19
0.89
0.17
0.17
0.16
0.17
0.18
0.18
0.21
0.18
0.18
0.18
0.18
0.19
0.19
0.19
0.19
0.19
0.18
0.18
0.18
0.19
0.18
0.19
0.18
0.55
CorWatt	PkgWatt
12.82	164.96
0.09	76.76
0.09
0.09
0.09
0.09
0.09
0.09
0.09
0.08
0.08
0.08
0.08
0.07
0.07
0.07
0.07
0.09
0.09
0.09
0.09
0.10
0.09
0.09
0.09
0.08
0.08
0.08
0.08
0.07
0.07
0.08
0.07
0.19	88.20
0.19
0.19
0.19
0.19
0.19
0.19
0.20
0.22
0.22
0.22
4.25
0.18
0.18
0.22
0.18
0.19
0.19
0.19
0.19
0.19
0.20
0.19
0.19
0.18
0.18
0.18
0.18
0.18
0.18
0.18
0.18
CorWatt	PkgWatt
12.50	163.96
0.10	76.91
0.10
0.10
0.17
0.10
0.09
0.10
0.09
0.08
0.08
0.08
0.08
0.08
0.08
0.08
0.08
0.09
0.09
0.09
0.09
0.10
0.09
0.09
0.09
0.08
0.08
0.08
0.08
0.08
0.08
0.08
0.08
0.18	87.16
0.17
0.18
0.18
0.18
0.18
0.18
0.18
0.16
0.16
0.16
0.17
0.17
0.17
0.20
0.17
0.23
0.23
0.22
4.11
0.18
0.18
0.18
0.18
0.17
0.17
0.17
0.17
0.17
0.17
0.16
0.16
CorWatt	PkgWatt
12.61	186.99
0.10	86.99
0.09
0.09
0.09
0.10
0.09
0.09
0.09
0.08
0.08
0.08
0.08
0.08
0.08
0.08
0.08
0.09
0.09
0.09
0.09
0.10
0.09
0.09
0.09
0.08
0.08
0.08
0.08
0.08
0.08
0.08
0.08
0.18	99.88
0.18
0.18
0.18
0.18
0.18
0.18
0.18
0.16
0.16
0.16
0.16
0.17
0.17
0.21
0.17
0.18
0.18
0.18
0.20
2.99
0.23
0.22
0.22
0.19
0.19
0.19
1.40
0.17
0.18
0.17
0.17
CorWatt	PkgWatt
12.56	164.16
0.10	76.81
0.10
0.10
0.10
0.10
0.09
0.10
0.09
0.08
0.08
0.08
0.08
0.08
0.08
0.08
0.08
0.09
0.09
0.09
0.09
0.10
0.09
0.09
0.09
0.09
0.08
0.08
0.08
0.08
0.08
0.08
0.08
0.23	87.47
0.23
0.23
4.04
0.18
0.18
0.18
0.18
0.17
0.17
0.16
0.17
0.18
0.21
0.19
0.17
0.18
0.18
0.18
0.18
0.19
0.19
0.19
0.19
0.18
0.18
0.18
0.18
0.17
0.18
0.17
0.17
CorWatt	PkgWatt
12.57	199.80
0.09	94.11
0.09
0.09
0.09
0.09
0.09
0.09
0.09
0.08
0.08
0.08
0.08
0.08
0.08
0.07
0.07
0.09
0.09
0.09
0.09
0.10
0.09
0.08
0.09
0.08
0.08
0.08
0.08
0.08
0.08
0.08
0.08
0.18	105.52
0.18
0.18
0.18
0.23
0.23
0.24
4.24
0.16
0.16
0.16
0.16
0.17
0.19
0.20
0.17
0.18
0.18
0.17
0.18
0.19
0.19
0.19
0.19
0.17
0.18
0.17
0.17
0.17
0.18
0.17
0.17
CorWatt	PkgWatt
12.69	166.36
0.09	76.69
0.09
0.09
0.09
0.09
0.09
0.09
0.09
0.08
0.08
0.08
0.08
0.07
0.07
0.07
0.07
0.09
0.09
0.09
0.09
0.10
0.09
0.09
0.09
0.08
0.08
0.08
0.08
0.08
0.08
0.08
0.08
0.19	89.79
0.19
0.19
0.19
0.19
0.19
0.19
0.20
0.22
0.22
0.22
4.12
0.18
0.22
0.18
0.18
0.19
0.19
0.19
0.19
0.19
0.20
0.19
0.19
0.18
0.18
0.18
0.18
0.18
0.18
0.18
0.18
CorWatt	PkgWatt
12.25	163.73
0.09	76.52
0.09
0.09
0.09
0.09
0.09
0.09
0.09
0.08
0.08
0.08
0.08
0.07
0.07
0.07
0.07
0.09
0.09
0.09
0.09
0.10
0.09
0.09
0.09
0.08
0.08
0.08
0.08
0.08
0.08
0.08
0.08
0.17	87.12
0.17
0.17
0.17
0.18
0.18
0.18
0.18
0.16
0.16
0.16
0.17
0.17
0.18
0.19
0.17
0.22
0.23
0.22
4.08
0.18
0.18
0.18
0.18
0.17
0.17
0.17
0.17
0.17
0.17
0.17
0.17
CorWatt	PkgWatt
12.43	189.63
0.10	88.56
0.10
0.10
0.10
0.10
0.09
0.09
0.09
0.08
0.08
0.08
0.08
0.08
0.08
0.08
0.08
0.10
0.09
0.09
0.09
0.10
0.09
0.09
0.09
0.08
0.08
0.08
0.08
0.08
0.08
0.08
0.08
0.18	101.06
0.18
0.18
0.18
0.18
0.18
0.18
0.18
0.16
0.16
0.16
0.16
0.17
0.19
0.20
0.17
0.18
0.18
0.18
0.19
0.22
2.73
0.22
0.22
0.19
0.19
1.43
0.19
0.17
0.17
0.17
0.17
CorWatt	PkgWatt
13.03	164.58
0.11	76.95
0.10
0.10
0.10
0.10
0.09
0.09
0.09
0.08
0.08
0.08
0.08
0.08
0.08
0.08
0.08
0.10
0.10
0.10
0.13
0.13
0.10
0.10
0.09
0.09
0.09
0.08
0.09
0.08
0.08
0.08
0.08
4.16	87.77
0.23
0.22
0.23
0.19
0.19
0.19
0.19
0.16
0.16
0.16
0.17
0.18
0.21
0.19
0.18
0.18
0.18
0.18
0.18
0.19
0.19
0.19
0.19
0.18
0.18
0.19
0.18
0.18
0.19
0.18
0.36
CorWatt	PkgWatt
12.91	199.37
0.10	93.84
0.10
0.10
0.09
0.09
0.09
0.09
0.09
0.08
0.08
0.08
0.08
0.08
0.08
0.08
0.08
0.10
0.09
0.10
0.09
0.11
0.10
0.10
0.09
0.08
0.08
0.08
0.08
0.08
0.08
0.08
0.08
0.19	105.38
0.18
0.18
0.18
4.38
0.23
0.23
0.23
0.17
0.16
0.16
0.17
0.18
0.21
0.19
0.17
0.19
0.18
0.18
0.19
0.19
0.19
0.19
0.19
0.18
0.18
0.18
0.17
0.17
0.18
0.17
0.17
CorWatt	PkgWatt
12.70	166.53
0.09	76.64
0.09
0.09
0.09
0.09
0.08
0.09
0.08
0.08
0.08
0.08
0.08
0.07
0.07
0.07
0.07
0.09
0.09
0.09
0.09
0.10
0.09
0.09
0.09
0.08
0.08
0.08
0.08
0.08
0.08
0.08
0.08
0.19	89.87
0.18
0.18
0.18
0.20
0.19
0.19
0.19
0.22
0.21
0.21
4.22
0.18
0.18
0.22
0.18
0.19
0.19
0.18
0.19
0.19
0.20
0.19
0.19
0.18
0.18
0.18
0.18
0.17
0.18
0.18
0.18
CorWatt	PkgWatt
12.67	164.25
0.11	77.20
0.10
0.10
0.17
0.10
0.10
0.10
0.09
0.09
0.09
0.09
0.09
0.08
0.08
0.08
0.08
0.10
0.10
0.10
0.10
0.11
0.10
0.10
0.10
0.09
0.09
0.09
0.09
0.08
0.08
0.09
0.08
0.18	87.11
0.17
0.17
0.17
0.18
0.18
0.18
0.18
0.16
0.16
0.16
0.17
0.17
0.17
0.21
0.17
0.23
0.23
0.22
4.08
0.18
0.18
0.18
0.18
0.17
0.17
0.17
0.17
0.17
0.17
0.17
0.17
CorWatt	PkgWatt
12.46	198.64
0.09	93.58
0.09
0.09
0.09
0.09
0.08
0.08
0.08
0.08
0.08
0.08
0.08
0.07
0.07
0.07
0.07
0.09
0.09
0.09
0.09
0.10
0.09
0.08
0.08
0.08
0.08
0.08
0.08
0.07
0.07
0.07
0.07
0.18	104.98
0.17
0.17
0.17
0.18
0.18
0.18
0.18
0.16
0.16
0.16
0.16
0.17
0.17
0.21
0.17
0.18
0.18
0.18
0.19
0.23
4.24
0.23
0.23
0.17
0.17
0.17
0.17
0.17
0.18
0.17
0.17
CorWatt	PkgWatt
12.32	163.90
0.09	76.56
0.09
0.09
0.09
0.09
0.08
0.08
0.08
0.08
0.08
0.08
0.08
0.07
0.07
0.07
0.07
0.09
0.09
0.09
0.09
0.10
0.08
0.08
0.08
0.08
0.08
0.08
0.08
0.07
0.07
0.07
0.07
0.18	87.44
0.18
0.17
0.17
0.18
0.18
0.18
0.18
0.16
0.16
0.16
0.16
0.17
0.17
0.21
0.17
0.18
0.18
0.17
0.18
0.19
0.19
0.18
0.19
4.14
0.22
0.22
0.23
0.17
0.17
0.17
0.17
CorWatt	PkgWatt
7.76	164.35
0.12	80.39
0.11
0.10
0.10
0.09
0.09
0.09
0.09
0.08
0.09
0.09
0.08
0.08
0.08
0.08
0.08
0.10
0.10
0.10
0.09
0.10
0.09
0.09
0.09
0.08
0.08
0.08
0.09
0.08
0.08
0.08
0.08
0.12	83.91
0.12
0.11
0.12
0.12
0.11
0.11
0.11
0.10
0.10
0.10
0.10
0.10
0.12
0.11
0.10
0.11
0.11
0.11
0.11
0.12
0.12
0.12
0.12
0.14
1.39
0.13
0.13
0.11
0.11
0.11
0.11
CorWatt	PkgWatt
5.34	153.57
0.10	76.71
0.10
0.10
0.10
0.09
0.09
0.09
0.09
0.08
0.08
0.08
0.08
0.08
0.08
0.08
0.08
0.09
0.09
0.10
0.09
0.10
0.09
0.09
0.09
0.08
0.08
0.08
0.08
0.08
0.08
0.08
0.08
0.08	76.86
0.08
0.08
0.08
0.08
0.08
0.08
0.08
0.07
0.07
0.07
0.07
0.07
0.08
0.08
0.07
0.08
0.08
0.08
0.08
0.09
0.09
0.09
0.09
0.08
0.08
0.08
0.08
0.08
0.08
0.08
0.08
CorWatt	PkgWatt
4.91	152.74
0.09	76.38
0.09
0.09
0.09
0.08
0.08
0.08
0.08
0.08
0.08
0.08
0.07
0.07
0.07
0.07
0.07
0.09
0.09
0.09
0.09
0.09
0.08
0.08
0.08
0.08
0.08
0.08
0.08
0.07
0.07
0.07
0.07
0.07	76.45
0.07
0.07
0.07
0.07
0.07
0.07
0.07
0.07
0.07
0.07
0.07
0.07
0.07
0.07
0.07
0.07
0.07
0.07
0.07
0.08
0.08
0.08
0.08
0.07
0.07
0.07
0.08
0.07
0.07
0.07
0.07
CorWatt	PkgWatt
5.06	156.57
0.10	78.11
0.09
0.09
0.09
0.08
0.09
0.08
0.08
0.08
0.08
0.08
0.08
0.07
0.07
0.07
0.07
0.09
0.09
0.09
0.09
0.10
0.08
0.08
0.08
0.08
0.08
0.08
0.08
0.08
0.08
0.08
0.08
0.08	78.37
0.08
0.07
0.08
0.08
0.08
0.08
0.08
0.07
0.07
0.07
0.07
0.07
0.07
0.07
0.07
0.07
0.07
0.07
0.07
0.08
0.09
0.08
0.08
0.08
0.08
0.08
0.08
0.07
0.08
0.08
0.08
CorWatt	PkgWatt
4.81	152.73
0.09	76.30
0.09
0.09
0.09
0.08
0.08
0.08
0.08
0.07
0.07
0.07
0.07
0.07
0.07
0.07
0.07
0.09
0.08
0.09
0.08
0.09
0.08
0.08
0.08
0.08
0.08
0.08
0.08
0.07
0.07
0.07
0.07
0.07	76.39
0.07
0.07
0.07
0.07
0.07
0.07
0.07
0.07
0.07
0.07
0.07
0.07
0.07
0.07
0.07
0.07
0.07
0.07
0.07
0.08
0.08
0.08
0.08
0.07
0.07
0.07
0.07
0.07
0.07
0.07
0.07
CorWatt	PkgWatt
5.35	153.52
0.10	76.72
0.10
0.10
0.10
0.09
0.09
0.09
0.09
0.08
0.08
0.08
0.08
0.08
0.08
0.08
0.08
0.09
0.09
0.09
0.09
0.10
0.09
0.09
0.09
0.08
0.08
0.08
0.08
0.08
0.08
0.08
0.08
0.08	76.91
0.09
0.08
0.08
0.08
0.08
0.08
0.08
0.08
0.08
0.08
0.08
0.08
0.08
0.08
0.08
0.08
0.08
0.08
0.08
0.09
0.09
0.09
0.09
0.08
0.08
0.08
0.08
0.08
0.08
0.08
0.08
CorWatt	PkgWatt
4.83	152.60
0.09	76.22
0.09
0.09
0.09
0.08
0.08
0.08
0.08
0.07
0.07
0.07
0.07
0.07
0.07
0.07
0.07
0.08
0.08
0.09
0.08
0.09
0.08
0.08
0.08
0.08
0.08
0.08
0.08
0.07
0.07
0.07
0.07
0.07	76.30
0.07
0.07
0.07
0.07
0.07
0.07
0.07
0.07
0.07
0.07
0.07
0.07
0.07
0.07
0.07
0.07
0.07
0.07
0.07
0.08
0.08
0.07
0.08
0.07
0.07
0.08
0.08
0.07
0.07
0.07
0.07
CorWatt	PkgWatt
9.89	160.09
0.10	76.76
0.10
0.10
0.17
0.09
0.09
0.09
0.09
0.08
0.08
0.08
0.08
0.08
0.08
0.08
0.08
0.09
0.09
0.09
0.09
0.10
0.09
0.09
0.09
0.08
0.08
0.08
0.08
0.08
0.08
0.08
0.08
0.14	83.27
0.14
0.14
0.14
0.18
0.17
0.17
2.75
0.13
0.13
0.13
0.13
0.13
0.13
0.13
0.13
0.14
0.14
0.14
0.14
0.14
0.14
0.14
0.14
0.14
0.14
0.14
0.14
0.13
0.13
0.13
0.13
CorWatt	PkgWatt
11.87	162.75
0.10	76.43
0.10
0.09
0.09
0.09
0.08
0.08
0.08
0.08
0.08
0.08
0.08
0.08
0.08
0.08
0.08
0.08
0.08
0.09
0.08
0.10
0.08
0.08
0.08
0.08
0.08
0.08
0.08
0.08
0.08
0.08
0.08
0.17	86.42
0.17
0.17
0.17
0.22
0.22
0.22
3.96
0.15
0.15
0.15
0.15
0.16
0.16
0.16
0.16
0.17
0.17
0.17
0.17
0.17
0.18
0.17
0.17
0.17
0.17
0.16
0.17
0.16
0.16
0.16
0.16
CorWatt	PkgWatt
7.21	156.32
0.10	76.61
0.10
0.09
0.09
0.09
0.09
0.08
0.08
0.08
0.08
0.08
0.08
0.08
0.08
0.08
0.08
0.09
0.08
0.09
0.08
0.10
0.09
0.09
0.09
0.08
0.08
0.08
0.08
0.08
0.08
0.08
0.08
0.11	79.66
0.11
0.11
0.11
0.13
0.12
0.12
1.27
0.10
0.10
0.10
0.10
0.10
0.10
0.10
0.10
0.10
0.10
0.10
0.10
0.11
0.11
0.11
0.11
0.10
0.10
0.10
0.11
0.10
0.10
0.11
0.10
CorWatt	PkgWatt
4.73	152.59
0.09	76.38
0.09
0.09
0.09
0.08
0.08
0.08
0.08
0.08
0.08
0.08
0.07
0.07
0.07
0.07
0.07
0.08
0.08
0.08
0.08
0.09
0.08
0.08
0.08
0.08
0.08
0.08
0.08
0.07
0.07
0.07
0.07
0.07	76.17
0.07
0.07
0.07
0.07
0.07
0.07
0.07
0.07
0.07
0.07
0.07
0.07
0.07
0.07
0.07
0.07
0.07
0.07
0.07
0.07
0.07
0.07
0.07
0.07
0.07
0.07
0.07
0.07
0.07
0.07
0.07
CorWatt	PkgWatt
4.82	152.42
0.09	76.26
0.09
0.09
0.09
0.09
0.08
0.08
0.08
0.08
0.08
0.08
0.08
0.07
0.07
0.07
0.07
0.08
0.08
0.08
0.08
0.10
0.08
0.08
0.08
0.08
0.08
0.08
0.08
0.08
0.08
0.08
0.08
0.07	76.28
0.07
0.07
0.07
0.07
0.07
0.07
0.07
0.07
0.07
0.07
0.07
0.07
0.07
0.07
0.07
0.07
0.07
0.07
0.07
0.07
0.07
0.07
0.07
0.07
0.07
0.07
0.07
0.07
0.07
0.07
0.07
CorWatt	PkgWatt
4.87	152.63
0.10	76.44
0.09
0.09
0.09
0.09
0.09
0.08
0.08
0.08
0.08
0.08
0.08
0.08
0.08
0.08
0.08
0.08
0.08
0.08
0.08
0.10
0.08
0.08
0.08
0.08
0.08
0.08
0.08
0.08
0.08
0.08
0.08
0.07	76.21
0.07
0.07
0.07
0.07
0.07
0.07
0.07
0.07
0.07
0.07
0.07
0.07
0.07
0.07
0.07
0.07
0.07
0.07
0.07
0.07
0.07
0.07
0.07
0.07
0.07
0.07
0.07
0.07
0.07
0.07
0.07
CorWatt	PkgWatt
9.91	160.17
0.10	76.54
0.09
0.09
0.09
0.09
0.08
0.08
0.08
0.08
0.08
0.08
0.08
0.08
0.08
0.08
0.08
0.08
0.08
0.09
0.08
0.10
0.09
0.08
0.08
0.08
0.08
0.08
0.08
0.08
0.08
0.08
0.08
0.14	83.47
0.14
0.14
0.14
0.18
0.18
0.18
2.87
0.13
0.13
0.13
0.13
0.13
0.13
0.13
0.13
0.14
0.14
0.14
0.14
0.15
0.15
0.15
0.15
0.14
0.14
0.14
0.14
0.13
0.13
0.13
0.13
CorWatt	PkgWatt
11.78	162.54
0.10	76.23
0.09
0.09
0.09
0.08
0.08
0.08
0.08
0.08
0.08
0.08
0.08
0.07
0.07
0.07
0.07
0.08
0.08
0.08
0.08
0.09
0.08
0.08
0.08
0.08
0.08
0.08
0.08
0.08
0.08
0.08
0.08
0.16	86.32
0.16
0.16
0.16
0.22
0.22
0.22
4.05
0.15
0.15
0.15
0.15
0.15
0.15
0.15
0.15
0.17
0.17
0.16
0.17
0.17
0.17
0.17
0.17
0.16
0.16
0.16
0.17
0.16
0.16
0.15
0.16
CorWatt	PkgWatt
6.84	155.34
0.09	76.30
0.09
0.09
0.09
0.08
0.08
0.08
0.08
0.08
0.08
0.08
0.08
0.07
0.07
0.07
0.07
0.08
0.08
0.08
0.08
0.10
0.08
0.08
0.08
0.08
0.08
0.08
0.08
0.08
0.07
0.08
0.08
0.10	79.19
0.10
0.10
0.10
0.12
0.12
0.12
1.22
0.09
0.09
0.09
0.09
0.09
0.09
0.10
0.09
0.10
0.10
0.10
0.10
0.10
0.10
0.10
0.10
0.10
0.10
0.10
0.10
0.10
0.10
0.10
0.10
CorWatt	PkgWatt
4.85	154.45
0.09	76.30
0.09
0.09
0.09
0.08
0.08
0.08
0.08
0.08
0.08
0.08
0.08
0.08
0.08
0.08
0.08
0.08
0.08
0.08
0.08
0.09
0.08
0.08
0.08
0.08
0.08
0.08
0.08
0.08
0.08
0.08
0.08
0.07	78.04
0.07
0.07
0.07
0.07
0.07
0.07
0.07
0.07
0.07
0.07
0.07
0.07
0.07
0.07
0.07
0.07
0.07
0.07
0.07
0.07
0.07
0.07
0.07
0.07
0.07
0.07
0.08
0.07
0.07
0.07
0.07
CorWatt	PkgWatt
5.24	153.27
0.10	76.70
0.09
0.10
0.16
0.09
0.09
0.09
0.09
0.08
0.08
0.08
0.08
0.08
0.08
0.08
0.08
0.09
0.09
0.09
0.09
0.10
0.09
0.09
0.09
0.08
0.08
0.08
0.08
0.08
0.08
0.08
0.08
0.08	76.58
0.08
0.08
0.08
0.08
0.08
0.08
0.08
0.07
0.07
0.07
0.07
0.07
0.07
0.08
0.07
0.08
0.08
0.08
0.08
0.08
0.08
0.08
0.08
0.08
0.08
0.08
0.08
0.08
0.08
0.07
0.07
CorWatt	PkgWatt
9.80	159.50
0.09	76.22
0.09
0.09
0.09
0.08
0.08
0.08
0.08
0.08
0.08
0.08
0.08
0.07
0.08
0.07
0.07
0.08
0.08
0.08
0.08
0.09
0.08
0.08
0.08
0.08
0.08
0.08
0.08
0.08
0.08
0.08
0.08
0.14	83.34
0.14
0.14
0.14
0.18
0.18
0.18
2.91
0.13
0.13
0.13
0.13
0.13
0.13
0.13
0.13
0.14
0.14
0.14
0.14
0.14
0.15
0.14
0.14
0.14
0.14
0.13
0.14
0.13
0.13
0.13
0.13
CorWatt	PkgWatt
11.66	162.57
0.09	76.31
0.09
0.09
0.08
0.08
0.08
0.08
0.08
0.08
0.08
0.08
0.08
0.07
0.07
0.07
0.07
0.08
0.08
0.08
0.08
0.09
0.08
0.08
0.08
0.08
0.08
0.08
0.08
0.08
0.08
0.08
0.08
0.16	86.15
0.16
0.16
0.16
0.22
0.22
0.22
4.00
0.15
0.15
0.15
0.15
0.15
0.15
0.15
0.15
0.17
0.16
0.16
0.16
0.17
0.17
0.17
0.17
0.16
0.16
0.16
0.16
0.16
0.16
0.16
0.16
CorWatt	PkgWatt
11.78	162.62
0.10	76.44
0.09
0.09
0.09
0.09
0.09
0.08
0.08
0.08
0.08
0.08
0.08
0.08
0.08
0.08
0.08
0.08
0.08
0.08
0.08
0.10
0.09
0.09
0.09
0.08
0.08
0.08
0.08
0.08
0.08
0.08
0.08
0.16	86.18
0.16
0.16
0.16
0.22
0.22
0.22
4.00
0.15
0.15
0.15
0.15
0.15
0.16
0.15
0.15
0.17
0.16
0.16
0.16
0.17
0.17
0.17
0.17
0.16
0.16
0.16
0.17
0.16
0.16
0.16
0.16
CorWatt	PkgWatt
11.80	162.57
0.10	76.40
0.09
0.09
0.09
0.09
0.09
0.08
0.08
0.08
0.08
0.08
0.08
0.08
0.08
0.08
0.08
0.08
0.08
0.08
0.08
0.10
0.09
0.08
0.09
0.08
0.08
0.08
0.08
0.08
0.08
0.08
0.08
0.16	86.23
0.16
0.16
0.16
0.22
0.22
0.22
4.01
0.15
0.15
0.15
0.15
0.15
0.15
0.15
0.15
0.17
0.16
0.16
0.16
0.17
0.17
0.17
0.17
0.16
0.16
0.16
0.17
0.16
0.16
0.16
0.16
CorWatt	PkgWatt
11.75	162.50
0.10	76.32
0.09
0.09
0.09
0.09
0.08
0.08
0.08
0.08
0.08
0.08
0.08
0.08
0.08
0.08
0.08
0.08
0.08
0.08
0.08
0.09
0.08
0.08
0.08
0.08
0.08
0.08
0.08
0.08
0.08
0.08
0.08
0.16	86.17
0.16
0.16
0.16
0.22
0.22
0.22
4.00
0.15
0.15
0.15
0.15
0.15
0.16
0.15
0.15
0.17
0.16
0.16
0.16
0.17
0.17
0.17
0.17
0.16
0.16
0.16
0.17
0.17
0.16
0.16
0.16
CorWatt	PkgWatt
11.61	162.64
0.09	76.46
0.09
0.09
0.08
0.08
0.08
0.08
0.08
0.08
0.08
0.08
0.08
0.08
0.08
0.08
0.08
0.08
0.08
0.08
0.08
0.09
0.08
0.08
0.08
0.08
0.08
0.08
0.08
0.08
0.08
0.08
0.08
0.16	86.13
0.16
0.16
0.16
0.22
0.22
0.22
4.01
0.15
0.15
0.14
0.14
0.15
0.15
0.15
0.14
0.16
0.16
0.16
0.16
0.17
0.17
0.17
0.17
0.16
0.16
0.16
0.16
0.16
0.16
0.15
0.16
CorWatt	PkgWatt
11.75	162.47
0.10	76.45
0.09
0.09
0.09
0.09
0.09
0.08
0.08
0.08
0.08
0.08
0.08
0.08
0.08
0.08
0.08
0.08
0.08
0.08
0.08
0.10
0.09
0.09
0.09
0.08
0.08
0.08
0.08
0.08
0.08
0.08
0.08
0.16	86.11
0.16
0.16
0.16
0.21
0.22
0.22
4.01
0.15
0.15
0.15
0.15
0.15
0.15
0.15
0.15
0.16
0.16
0.16
0.16
0.17
0.17
0.17
0.17
0.16
0.16
0.16
0.17
0.16
0.16
0.16
0.16
CorWatt	PkgWatt
12.12	163.12
0.10	76.91
0.10
0.10
0.09
0.09
0.09
0.09
0.09
0.09
0.09
0.09
0.09
0.09
0.08
0.08
0.08
0.09
0.09
0.09
0.09
0.14
0.09
0.09
0.09
0.09
0.09
0.09
0.09
0.09
0.09
0.08
0.08
0.16	86.23
0.17
0.16
0.16
0.22
0.22
0.22
4.01
0.15
0.15
0.15
0.15
0.15
0.15
0.16
0.15
0.17
0.16
0.16
0.16
0.17
0.17
0.17
0.17
0.16
0.16
0.16
0.17
0.16
0.16
0.16
0.16
CorWatt	PkgWatt
11.76	162.50
0.10	76.37
0.09
0.09
0.09
0.08
0.08
0.08
0.08
0.08
0.08
0.08
0.08
0.08
0.08
0.08
0.08
0.08
0.08
0.08
0.08
0.10
0.08
0.09
0.08
0.10
0.09
0.08
0.08
0.08
0.08
0.08
0.08
0.16	86.17
0.16
0.16
0.16
0.22
0.22
0.22
4.02
0.15
0.15
0.15
0.15
0.15
0.15
0.15
0.15
0.16
0.16
0.16
0.16
0.17
0.17
0.17
0.17
0.16
0.16
0.16
0.16
0.16
0.16
0.16
0.16
CorWatt	PkgWatt
12.18	163.18
0.11	77.00
0.10
0.10
0.17
0.10
0.09
0.09
0.09
0.09
0.09
0.09
0.09
0.08
0.08
0.08
0.08
0.09
0.09
0.09
0.09
0.11
0.10
0.10
0.09
0.10
0.11
0.10
0.09
0.09
0.09
0.09
0.08
0.16	86.14
0.16
0.16
0.16
0.21
0.22
0.22
4.02
0.15
0.15
0.15
0.15
0.15
0.15
0.16
0.15
0.16
0.16
0.16
0.16
0.17
0.17
0.17
0.17
0.16
0.16
0.16
0.17
0.16
0.16
0.16
0.16
CorWatt	PkgWatt
11.79	162.69
0.10	76.43
0.09
0.09
0.09
0.09
0.08
0.08
0.08
0.08
0.08
0.08
0.08
0.08
0.08
0.08
0.08
0.08
0.08
0.08
0.08
0.10
0.09
0.09
0.09
0.08
0.08
0.08
0.08
0.08
0.08
0.08
0.08
0.16	86.20
0.16
0.16
0.16
0.21
0.22
0.22
4.01
0.15
0.15
0.15
0.15
0.15
0.15
0.15
0.15
0.16
0.16
0.16
0.16
0.17
0.17
0.17
0.17
0.16
0.16
0.16
0.16
0.16
0.16
0.16
0.16
CorWatt	PkgWatt
11.74	162.42
0.09	76.35
0.09
0.09
0.08
0.09
0.08
0.08
0.08
0.08
0.08
0.08
0.08
0.08
0.08
0.08
0.08
0.08
0.08
0.08
0.08
0.10
0.08
0.08
0.08
0.08
0.08
0.08
0.08
0.08
0.08
0.08
0.08
0.16	86.15
0.16
0.16
0.16
0.22
0.22
0.22
4.02
0.15
0.15
0.15
0.15
0.15
0.15
0.15
0.15
0.16
0.16
0.16
0.16
0.17
0.17
0.17
0.17
0.16
0.16
0.16
0.16
0.16
0.16
0.16
0.16
CorWatt	PkgWatt
11.65	162.35
0.09	76.22
0.09
0.09
0.09
0.08
0.08
0.08
0.08
0.08
0.08
0.08
0.08
0.08
0.08
0.08
0.07
0.08
0.08
0.08
0.08
0.09
0.08
0.08
0.08
0.08
0.08
0.08
0.08
0.08
0.08
0.08
0.08
0.16	86.06
0.16
0.16
0.16
0.21
0.22
0.22
4.02
0.15
0.15
0.15
0.15
0.15
0.15
0.15
0.15
0.16
0.16
0.16
0.16
0.17
0.17
0.17
0.17
0.16
0.16
0.16
0.17
0.16
0.16
0.15
0.16
CorWatt	PkgWatt
11.58	162.26
0.09	76.11
0.08
0.08
0.08
0.08
0.08
0.08
0.08
0.08
0.08
0.08
0.08
0.07
0.07
0.07
0.08
0.08
0.08
0.08
0.08
0.09
0.08
0.08
0.08
0.08
0.08
0.08
0.08
0.08
0.08
0.08
0.08
0.16	86.12
0.16
0.16
0.16
0.21
0.22
0.22
4.01
0.15
0.15
0.15
0.15
0.15
0.15
0.15
0.14
0.16
0.16
0.16
0.16
0.17
0.17
0.17
0.17
0.16
0.16
0.16
0.16
0.15
0.16
0.15
0.15
CorWatt	PkgWatt
11.91	164.33
0.10	78.32
0.09
0.10
0.10
0.09
0.09
0.08
0.09
0.08
0.09
0.08
0.08
0.08
0.08
0.08
0.08
0.08
0.09
0.09
0.09
0.10
0.09
0.09
0.09
0.09
0.08
0.08
0.08
0.08
0.08
0.08
0.08
0.16	86.12
0.16
0.16
0.16
0.21
0.22
0.22
4.02
0.15
0.15
0.15
0.15
0.15
0.15
0.16
0.15
0.16
0.16
0.16
0.16
0.17
0.17
0.17
0.17
0.16
0.16
0.16
0.16
0.16
0.16
0.16
0.16
CorWatt	PkgWatt
11.78	162.70
0.09	76.45
0.09
0.09
0.09
0.09
0.08
0.08
0.08
0.08
0.08
0.08
0.08
0.08
0.08
0.08
0.08
0.08
0.08
0.08
0.08
0.10
0.08
0.08
0.08
0.08
0.08
0.08
0.08
0.08
0.08
0.08
0.08
0.16	86.17
0.16
0.16
0.18
0.21
0.22
0.22
4.02
0.15
0.15
0.15
0.15
0.15
0.15
0.15
0.15
0.16
0.16
0.16
0.16
0.17
0.17
0.17
0.17
0.16
0.16
0.16
0.16
0.16
0.16
0.16
0.15
CorWatt	PkgWatt
11.61	162.47
0.09	76.28
0.08
0.09
0.08
0.08
0.08
0.08
0.08
0.08
0.08
0.08
0.08
0.07
0.07
0.07
0.07
0.08
0.08
0.08
0.08
0.09
0.08
0.08
0.08
0.08
0.08
0.08
0.08
0.08
0.08
0.08
0.08
0.16	86.16
0.16
0.16
0.16
0.21
0.22
0.22
4.03
0.15
0.15
0.15
0.15
0.15
0.15
0.15
0.15
0.16
0.16
0.16
0.16
0.17
0.17
0.17
0.17
0.16
0.16
0.16
0.16
0.15
0.15
0.15
0.16
CorWatt	PkgWatt
11.69	162.22
0.09	76.25
0.09
0.09
0.09
0.09
0.08
0.08
0.08
0.08
0.08
0.08
0.08
0.08
0.08
0.08
0.08
0.08
0.08
0.08
0.08
0.10
0.09
0.08
0.08
0.08
0.08
0.08
0.08
0.08
0.08
0.08
0.08
0.16	86.10
0.16
0.16
0.16
0.21
0.22
0.22
4.03
0.15
0.15
0.15
0.15
0.15
0.15
0.15
0.15
0.16
0.16
0.16
0.16
0.17
0.17
0.17
0.17
0.16
0.16
0.16
0.16
0.16
0.15
0.15
0.16
CorWatt	PkgWatt
11.71	162.48
0.09	76.31
0.09
0.09
0.09
0.09
0.08
0.08
0.08
0.08
0.08
0.08
0.08
0.08
0.08
0.08
0.08
0.08
0.08
0.08
0.08
0.10
0.08
0.08
0.08
0.08
0.08
0.08
0.08
0.08
0.08
0.08
0.08
0.16	86.06
0.16
0.16
0.16
0.21
0.22
0.22
4.02
0.15
0.15
0.15
0.15
0.15
0.15
0.15
0.15
0.16
0.16
0.16
0.16
0.17
0.17
0.17
0.17
0.16
0.16
0.16
0.16
0.16
0.15
0.15
0.16
CorWatt	PkgWatt
11.88	162.75
0.10	76.60
0.09
0.09
0.16
0.09
0.09
0.08
0.08
0.08
0.08
0.08
0.08
0.08
0.08
0.08
0.08
0.08
0.08
0.09
0.08
0.10
0.09
0.09
0.09
0.08
0.08
0.08
0.08
0.08
0.08
0.08
0.08
0.16	86.15
0.16
0.16
0.16
0.21
0.22
0.22
4.03
0.15
0.15
0.15
0.15
0.15
0.15
0.15
0.15
0.16
0.16
0.16
0.16
0.17
0.17
0.17
0.17
0.16
0.16
0.16
0.16
0.16
0.16
0.16
0.16
CorWatt	PkgWatt
12.13	162.88
0.10	76.89
0.09
0.10
0.09
0.09
0.09
0.09
0.09
0.09
0.09
0.09
0.08
0.08
0.08
0.08
0.08
0.09
0.09
0.09
0.09
0.11
0.10
0.09
0.09
0.10
0.09
0.10
0.13
0.11
0.10
0.09
0.12
0.16	86.11
0.16
0.16
0.16
0.21
0.22
0.22
4.03
0.15
0.15
0.15
0.15
0.15
0.15
0.16
0.15
0.16
0.16
0.16
0.16
0.17
0.17
0.17
0.17
0.16
0.16
0.16
0.16
0.16
0.16
0.16
0.16
CorWatt	PkgWatt
11.64	162.48
0.09	76.28
0.09
0.09
0.08
0.08
0.08
0.08
0.08
0.08
0.08
0.08
0.08
0.08
0.08
0.08
0.08
0.08
0.08
0.08
0.08
0.09
0.08
0.08
0.08
0.08
0.08
0.08
0.08
0.08
0.08
0.08
0.08
0.16	86.06
0.16
0.16
0.16
0.21
0.22
0.22
4.02
0.14
0.15
0.15
0.15
0.15
0.15
0.15
0.14
0.16
0.16
0.16
0.16
0.17
0.17
0.17
0.17
0.16
0.16
0.16
0.16
0.15
0.15
0.15
0.15
CorWatt	PkgWatt
11.65	162.32
0.09	76.29
0.09
0.09
0.09
0.08
0.08
0.08
0.08
0.08
0.08
0.08
0.08
0.08
0.08
0.08
0.08
0.08
0.08
0.08
0.08
0.10
0.08
0.08
0.08
0.08
0.08
0.08
0.08
0.08
0.08
0.08
0.08
0.16	86.05
0.16
0.16
0.17
0.21
0.22
0.22
4.03
0.14
0.15
0.14
0.14
0.15
0.15
0.15
0.14
0.16
0.16
0.16
0.16
0.17
0.17
0.17
0.17
0.16
0.16
0.16
0.16
0.16
0.16
0.15
0.16
CorWatt	PkgWatt
11.68	162.21
0.09	76.21
0.09
0.09
0.09
0.08
0.08
0.08
0.08
0.08
0.08
0.08
0.08
0.08
0.08
0.08
0.08
0.08
0.08
0.08
0.08
0.10
0.08
0.08
0.08
0.08
0.08
0.08
0.08
0.08
0.08
0.08
0.08
0.16	86.10
0.16
0.16
0.16
0.21
0.22
0.22
4.02
0.14
0.15
0.15
0.14
0.15
0.15
0.15
0.14
0.16
0.16
0.16
0.16
0.17
0.17
0.17
0.17
0.16
0.16
0.16
0.16
0.16
0.16
0.15
0.16
CorWatt	PkgWatt
11.58	162.30
0.09	76.16
0.09
0.09
0.08
0.08
0.08
0.08
0.08
0.08
0.08
0.08
0.08
0.08
0.08
0.08
0.08
0.08
0.08
0.08
0.08
0.09
0.08
0.08
0.08
0.08
0.08
0.08
0.08
0.08
0.08
0.08
0.08
0.16	86.07
0.16
0.16
0.16
0.21
0.22
0.22
4.03
0.14
0.14
0.14
0.14
0.14
0.15
0.15
0.14
0.16
0.16
0.16
0.16
0.17
0.17
0.17
0.17
0.16
0.16
0.16
0.16
0.15
0.16
0.15
0.16
CorWatt	PkgWatt
11.54	161.96
0.09	76.10
0.09
0.08
0.08
0.08
0.08
0.08
0.08
0.08
0.08
0.08
0.08
0.07
0.07
0.07
0.07
0.08
0.08
0.08
0.08
0.09
0.08
0.08
0.08
0.08
0.08
0.08
0.08
0.08
0.08
0.08
0.07
0.16	85.93
0.16
0.16
0.16
0.21
0.22
0.22
4.03
0.14
0.15
0.14
0.14
0.14
0.14
0.14
0.14
0.16
0.16
0.16
0.16
0.17
0.17
0.17
0.17
0.16
0.16
0.16
0.16
0.15
0.16
0.15
0.15
CorWatt	PkgWatt
11.64	162.34
0.10	76.25
0.09
0.09
0.09
0.09
0.08
0.08
0.08
0.08
0.08
0.08
0.08
0.08
0.08
0.08
0.08
0.08
0.08
0.08
0.08
0.09
0.08
0.08
0.08
0.08
0.08
0.08
0.08
0.08
0.08
0.08
0.08
0.16	86.05
0.16
0.16
0.16
0.21
0.21
0.22
4.02
0.14
0.14
0.14
0.14
0.14
0.14
0.14
0.14
0.16
0.16
0.16
0.16
0.17
0.17
0.17
0.17
0.16
0.16
0.15
0.16
0.15
0.16
0.15
0.16
CorWatt	PkgWatt
11.60	162.28
0.09	76.19
0.09
0.09
0.08
0.08
0.08
0.08
0.08
0.08
0.08
0.08
0.08
0.08
0.08
0.08
0.08
0.08
0.08
0.08
0.08
0.09
0.08
0.08
0.08
0.08
0.08
0.08
0.08
0.08
0.08
0.08
0.08
0.16	86.04
0.16
0.16
0.16
0.21
0.21
0.22
4.03
0.14
0.14
0.14
0.14
0.14
0.14
0.14
0.14
0.16
0.16
0.16
0.16
0.17
0.17
0.17
0.17
0.16
0.16
0.16
0.16
0.15
0.16
0.15
0.15
CorWatt	PkgWatt
11.54	162.05
0.09	76.07
0.08
0.10
0.08
0.08
0.08
0.08
0.08
0.08
0.08
0.08
0.08
0.07
0.07
0.07
0.07
0.08
0.08
0.08
0.08
0.09
0.08
0.08
0.08
0.08
0.08
0.08
0.08
0.08
0.08
0.08
0.08
0.16	85.99
0.16
0.16
0.16
0.21
0.21
0.22
4.03
0.14
0.14
0.14
0.14
0.14
0.14
0.15
0.14
0.16
0.16
0.16
0.16
0.17
0.17
0.17
0.17
0.16
0.16
0.15
0.16
0.15
0.16
0.15
0.16
CorWatt	PkgWatt
11.82	162.48
0.10	76.56
0.09
0.09
0.17
0.09
0.09
0.09
0.09
0.08
0.08
0.08
0.08
0.08
0.08
0.08
0.08
0.08
0.08
0.09
0.08
0.10
0.09
0.09
0.09
0.08
0.08
0.08
0.08
0.08
0.08
0.08
0.08
0.16	86.02
0.16
0.16
0.16
0.21
0.21
0.22
4.03
0.14
0.14
0.14
0.14
0.15
0.15
0.15
0.15
0.16
0.16
0.16
0.16
0.17
0.17
0.17
0.17
0.16
0.16
0.16
0.16
0.15
0.16
0.15
0.15
CorWatt	PkgWatt
6.02	155.77
0.09	77.88
0.09
0.09
0.08
0.08
0.08
0.08
0.08
0.08
0.08
0.08
0.08
0.08
0.08
0.08
0.08
0.08
0.08
0.08
0.08
0.09
0.08
0.08
0.08
0.08
0.08
0.08
0.08
0.08
0.08
0.08
0.08
0.09	77.80
0.09
0.09
0.09
0.11
0.10
0.10
0.71
0.09
0.08
0.08
0.09
0.09
0.09
0.09
0.09
0.09
0.09
0.09
0.09
0.09
0.09
0.09
0.09
0.09
0.09
0.09
0.09
0.09
0.09
0.09
0.09
CorWatt	PkgWatt
4.84	152.03
0.09	75.97
0.08
0.08
0.08
0.08
0.08
0.08
0.08
0.08
0.08
0.08
0.08
0.07
0.07
0.07
0.07
0.08
0.08
0.08
0.08
0.09
0.08
0.08
0.08
0.08
0.08
0.08
0.08
0.08
0.08
0.08
0.08
0.07	76.19
0.07
0.07
0.07
0.07
0.07
0.07
0.07
0.07
0.07
0.07
0.07
0.07
0.07
0.07
0.07
0.07
0.07
0.07
0.07
0.07
0.07
0.07
0.07
0.07
0.07
0.07
0.07
0.07
0.07
0.07
0.07
CorWatt	PkgWatt
4.58	151.89
0.08	75.90
0.08
0.08
0.08
0.08
0.08
0.08
0.08
0.07
0.07
0.07
0.07
0.07
0.07
0.07
0.07
0.08
0.08
0.08
0.08
0.09
0.08
0.08
0.08
0.07
0.07
0.07
0.07
0.07
0.07
0.07
0.07
0.07	75.84
0.07
0.07
0.07
0.07
0.07
0.07
0.07
0.07
0.07
0.07
0.07
0.07
0.07
0.07
0.07
0.07
0.07
0.07
0.07
0.07
0.07
0.07
0.07
0.07
0.07
0.07
0.07
0.07
0.07
0.07
0.07
CorWatt	PkgWatt
4.71	151.89
0.08	75.78
0.08
0.08
0.08
0.08
0.08
0.07
0.07
0.07
0.07
0.07
0.07
0.07
0.07
0.07
0.07
0.07
0.07
0.07
0.07
0.09
0.08
0.08
0.08
0.07
0.07
0.07
0.07
0.07
0.07
0.07
0.07
0.07	76.14
0.07
0.07
0.07
0.08
0.08
0.08
0.07
0.07
0.07
0.07
0.07
0.07
0.07
0.08
0.07
0.07
0.07
0.07
0.07
0.07
0.07
0.07
0.08
0.07
0.07
0.07
0.07
0.07
0.07
0.07
0.07
CorWatt	PkgWatt
4.78	152.07
0.08	76.09
0.08
0.09
0.08
0.08
0.08
0.08
0.08
0.08
0.08
0.08
0.08
0.07
0.07
0.07
0.07
0.08
0.08
0.08
0.08
0.09
0.08
0.08
0.08
0.08
0.08
0.08
0.08
0.08
0.08
0.08
0.08
0.07	76.05
0.07
0.07
0.07
0.07
0.07
0.07
0.07
0.07
0.07
0.07
0.07
0.07
0.07
0.07
0.07
0.07
0.07
0.07
0.07
0.07
0.07
0.07
0.07
0.07
0.07
0.07
0.07
0.07
0.07
0.07
0.07
CorWatt	PkgWatt
4.79	152.15
0.08	76.00
0.08
0.08
0.08
0.08
0.08
0.08
0.08
0.08
0.08
0.08
0.08
0.07
0.07
0.08
0.07
0.08
0.08
0.08
0.08
0.09
0.08
0.08
0.08
0.08
0.08
0.08
0.08
0.08
0.08
0.08
0.08
0.07	76.06
0.07
0.07
0.07
0.07
0.07
0.07
0.07
0.07
0.07
0.07
0.07
0.07
0.07
0.07
0.07
0.07
0.07
0.07
0.07
0.07
0.07
0.07
0.07
0.07
0.07
0.07
0.07
0.07
0.07
0.07
0.07
CorWatt	PkgWatt
4.60	151.69
0.08	75.89
0.08
0.08
0.08
0.08
0.08
0.08
0.08
0.08
0.07
0.08
0.07
0.07
0.07
0.07
0.07
0.08
0.08
0.08
0.08
0.09
0.08
0.08
0.08
0.07
0.07
0.07
0.07
0.08
0.07
0.08
0.07
0.07	75.80
0.07
0.07
0.07
0.07
0.07
0.07
0.07
0.07
0.07
0.07
0.07
0.07
0.07
0.07
0.07
0.07
0.07
0.07
0.07
0.07
0.07
0.07
0.07
0.07
0.07
0.07
0.07
0.07
0.07
0.07
0.07
CorWatt	PkgWatt
10.18	160.09
0.10	76.46
0.09
0.11
0.09
0.09
0.09
0.08
0.09
0.08
0.08
0.08
0.08
0.08
0.08
0.08
0.08
0.08
0.08
0.08
0.08
0.10
0.09
0.09
0.09
0.09
0.08
0.08
0.09
0.08
0.08
0.08
0.12
0.15	83.80
0.14
0.14
0.14
0.15
0.15
0.15
0.15
0.13
0.13
0.13
0.13
0.14
0.14
0.14
0.14
0.15
0.15
0.14
0.15
0.19
0.19
0.19
2.90
0.14
0.15
0.14
0.15
0.14
0.14
0.14
0.14
CorWatt	PkgWatt
11.19	161.95
0.10	76.55
0.09
0.11
0.11
0.09
0.09
0.09
0.09
0.08
0.08
0.08
0.08
0.08
0.08
0.08
0.08
0.09
0.09
0.09
0.09
0.10
0.09
0.09
0.09
0.09
0.09
0.09
0.09
0.09
0.08
0.08
0.09
0.16	85.26
0.16
0.16
0.16
0.16
0.16
0.16
0.16
0.14
0.14
0.14
0.14
0.15
0.15
0.16
0.15
0.16
0.16
0.16
0.16
0.21
0.22
0.21
3.40
0.16
0.16
0.15
0.16
0.15
0.15
0.15
0.15
CorWatt	PkgWatt
6.18	154.31
0.10	76.88
0.09
0.13
0.17
0.09
0.11
0.09
0.09
0.08
0.08
0.08
0.08
0.08
0.08
0.08
0.08
0.09
0.09
0.09
0.09
0.10
0.09
0.09
0.09
0.09
0.09
0.09
0.09
0.09
0.08
0.08
0.08
0.09	77.53
0.09
0.09
0.09
0.09
0.09
0.09
0.09
0.09
0.09
0.08
0.08
0.08
0.08
0.09
0.09
0.09
0.09
0.08
0.09
0.10
0.10
0.10
0.55
0.09
0.09
0.08
0.09
0.08
0.09
0.09
0.08
CorWatt	PkgWatt
4.78	152.09
0.09	76.09
0.08
0.08
0.08
0.09
0.09
0.09
0.08
0.08
0.08
0.08
0.08
0.08
0.08
0.08
0.07
0.08
0.08
0.08
0.08
0.09
0.08
0.08
0.08
0.08
0.08
0.08
0.08
0.08
0.08
0.08
0.08
0.07	75.93
0.07
0.07
0.07
0.07
0.07
0.07
0.07
0.07
0.07
0.07
0.07
0.07
0.07
0.07
0.07
0.07
0.07
0.07
0.07
0.07
0.07
0.07
0.07
0.07
0.07
0.07
0.07
0.07
0.07
0.07
0.07
CorWatt	PkgWatt
4.72	151.74
0.08	75.95
0.08
0.08
0.08
0.08
0.08
0.08
0.08
0.08
0.08
0.08
0.08
0.07
0.07
0.07
0.07
0.08
0.08
0.08
0.08
0.09
0.08
0.08
0.08
0.08
0.08
0.08
0.08
0.08
0.07
0.08
0.07
0.07	75.89
0.07
0.07
0.07
0.07
0.07
0.07
0.07
0.07
0.07
0.07
0.07
0.07
0.07
0.07
0.07
0.07
0.07
0.07
0.07
0.07
0.07
0.07
0.07
0.07
0.07
0.07
0.07
0.07
0.07
0.07
0.07
CorWatt	PkgWatt
4.82	152.30
0.09	76.05
0.08
0.08
0.08
0.08
0.08
0.08
0.08
0.08
0.08
0.08
0.08
0.08
0.08
0.07
0.07
0.08
0.08
0.08
0.08
0.09
0.08
0.08
0.08
0.08
0.08
0.08
0.08
0.08
0.08
0.08
0.08
0.07	76.09
0.07
0.07
0.07
0.07
0.07
0.07
0.07
0.07
0.07
0.07
0.07
0.07
0.07
0.07
0.07
0.07
0.07
0.07
0.07
0.07
0.07
0.07
0.07
0.07
0.07
0.07
0.07
0.07
0.07
0.07
0.07
CorWatt	PkgWatt
10.04	159.95
0.09	75.94
0.08
0.08
0.08
0.08
0.08
0.08
0.08
0.08
0.08
0.08
0.08
0.08
0.07
0.07
0.07
0.08
0.08
0.08
0.08
0.09
0.08
0.08
0.08
0.08
0.08
0.08
0.08
0.08
0.08
0.08
0.08
0.15	84.02
0.15
0.15
0.15
0.15
0.15
0.15
0.15
0.13
0.13
0.13
0.13
0.13
0.13
0.13
0.13
0.15
0.15
0.14
0.15
0.19
0.19
0.19
3.04
0.14
0.15
0.14
0.15
0.13
0.14
0.13
0.13
CorWatt	PkgWatt
10.87	161.02
0.09	75.98
0.08
0.08
0.08
0.08
0.08
0.08
0.08
0.08
0.08
0.08
0.08
0.07
0.07
0.07
0.07
0.08
0.08
0.08
0.08
0.09
0.08
0.08
0.08
0.08
0.08
0.08
0.08
0.08
0.08
0.08
0.08
0.16	85.16
0.16
0.16
0.16
0.16
0.16
0.16
0.16
0.14
0.14
0.14
0.14
0.14
0.14
0.14
0.14
0.16
0.16
0.16
0.16
0.21
0.21
0.21
3.50
0.15
0.15
0.15
0.16
0.15
0.15
0.14
0.15
CorWatt	PkgWatt
5.36	152.99
0.08	75.84
0.08
0.08
0.08
0.08
0.08
0.08
0.08
0.07
0.07
0.07
0.07
0.07
0.07
0.07
0.07
0.08
0.08
0.08
0.07
0.09
0.08
0.08
0.08
0.07
0.07
0.07
0.07
0.07
0.07
0.07
0.07
0.08	77.02
0.08
0.08
0.08
0.08
0.08
0.08
0.08
0.08
0.08
0.08
0.07
0.08
0.08
0.07
0.07
0.08
0.08
0.08
0.08
0.09
0.09
0.09
0.50
0.08
0.08
0.08
0.08
0.08
0.08
0.08
0.08
CorWatt	PkgWatt
4.79	152.05
0.08	76.00
0.08
0.08
0.08
0.08
0.08
0.08
0.08
0.08
0.08
0.07
0.08
0.08
0.08
0.07
0.07
0.08
0.08
0.08
0.08
0.09
0.08
0.08
0.08
0.08
0.08
0.08
0.08
0.08
0.08
0.08
0.08
0.07	76.05
0.07
0.07
0.07
0.07
0.07
0.07
0.07
0.07
0.07
0.07
0.07
0.07
0.07
0.06
0.07
0.07
0.07
0.07
0.07
0.07
0.07
0.07
0.07
0.07
0.07
0.07
0.07
0.07
0.07
0.07
0.07
CorWatt	PkgWatt
4.82	151.94
0.08	75.99
0.08
0.08
0.08
0.08
0.08
0.08
0.08
0.08
0.08
0.08
0.08
0.07
0.08
0.07
0.07
0.08
0.08
0.08
0.08
0.09
0.08
0.08
0.08
0.08
0.08
0.08
0.08
0.08
0.08
0.08
0.08
0.07	76.08
0.07
0.07
0.07
0.07
0.07
0.07
0.07
0.07
0.07
0.07
0.07
0.07
0.07
0.06
0.06
0.07
0.07
0.07
0.07
0.07
0.08
0.07
0.08
0.07
0.07
0.07
0.07
0.07
0.07
0.07
0.07
CorWatt	PkgWatt
10.09	160.06
0.09	75.94
0.08
0.08
0.08
0.08
0.08
0.08
0.08
0.08
0.08
0.08
0.08
0.07
0.07
0.07
0.07
0.08
0.08
0.08
0.08
0.09
0.08
0.08
0.08
0.08
0.08
0.08
0.08
0.08
0.07
0.08
0.07
0.15	84.02
0.15
0.15
0.15
0.15
0.15
0.15
0.15
0.13
0.14
0.13
0.13
0.13
0.14
0.13
0.13
0.15
0.15
0.15
0.15
0.19
0.20
0.19
3.07
0.14
0.15
0.14
0.15
0.14
0.14
0.13
0.14
CorWatt	PkgWatt
11.08	161.52
0.10	76.50
0.09
0.09
0.16
0.09
0.09
0.09
0.09
0.08
0.08
0.08
0.08
0.08
0.08
0.08
0.08
0.08
0.08
0.08
0.08
0.10
0.09
0.09
0.09
0.08
0.08
0.08
0.08
0.08
0.08
0.08
0.08
0.16	85.01
0.16
0.15
0.16
0.16
0.16
0.16
0.16
0.14
0.14
0.14
0.14
0.14
0.15
0.14
0.14
0.16
0.16
0.15
0.16
0.21
0.21
0.21
3.46
0.15
0.15
0.15
0.16
0.14
0.15
0.14
0.14
CorWatt	PkgWatt
10.95	161.26
0.09	76.15
0.09
0.09
0.08
0.09
0.08
0.08
0.08
0.08
0.08
0.08
0.08
0.08
0.08
0.08
0.08
0.08
0.08
0.08
0.08
0.10
0.08
0.08
0.08
0.08
0.08
0.08
0.08
0.08
0.08
0.08
0.08
0.16	85.17
0.16
0.16
0.16
0.16
0.16
0.16
0.16
0.14
0.14
0.14
0.14
0.14
0.15
0.14
0.14
0.16
0.16
0.16
0.16
0.21
0.21
0.21
3.46
0.15
0.16
0.15
0.16
0.15
0.15
0.15
0.15
CorWatt	PkgWatt
10.79	161.06
0.09	75.95
0.08
0.08
0.08
0.08
0.08
0.08
0.08
0.08
0.08
0.07
0.08
0.07
0.07
0.07
0.07
0.08
0.08
0.08
0.08
0.09
0.08
0.08
0.08
0.08
0.08
0.08
0.08
0.08
0.08
0.08
0.08
0.16	85.06
0.16
0.16
0.16
0.16
0.16
0.16
0.16
0.14
0.14
0.14
0.14
0.14
0.14
0.14
0.14
0.16
0.16
0.15
0.16
0.21
0.21
0.21
3.46
0.15
0.16
0.15
0.16
0.14
0.15
0.14
0.14
CorWatt	PkgWatt
10.77	160.95
0.09	75.94
0.08
0.08
0.08
0.08
0.08
0.08
0.08
0.08
0.08
0.07
0.08
0.07
0.07
0.07
0.07
0.08
0.08
0.08
0.08
0.09
0.08
0.08
0.08
0.08
0.08
0.08
0.08
0.08
0.08
0.08
0.08
0.16	85.03
0.16
0.16
0.16
0.16
0.16
0.16
0.16
0.14
0.14
0.14
0.14
0.14
0.14
0.14
0.14
0.16
0.16
0.15
0.16
0.21
0.21
0.21
3.46
0.15
0.15
0.15
0.16
0.15
0.16
0.14
0.15
CorWatt	PkgWatt
10.79	161.13
0.09	76.17
0.08
0.08
0.08
0.08
0.08
0.08
0.08
0.08
0.08
0.07
0.08
0.07
0.07
0.07
0.07
0.08
0.08
0.08
0.08
0.09
0.08
0.08
0.08
0.08
0.08
0.08
0.08
0.08
0.08
0.08
0.08
0.16	85.05
0.16
0.16
0.16
0.16
0.16
0.16
0.16
0.14
0.14
0.14
0.14
0.14
0.14
0.14
0.14
0.16
0.16
0.16
0.16
0.21
0.21
0.21
3.46
0.15
0.15
0.15
0.16
0.14
0.15
0.14
0.15
CorWatt	PkgWatt
10.96	161.43
0.09	76.21
0.09
0.09
0.08
0.09
0.08
0.08
0.08
0.08
0.08
0.08
0.08
0.07
0.08
0.08
0.08
0.08
0.08
0.08
0.08
0.10
0.09
0.08
0.08
0.08
0.08
0.08
0.08
0.08
0.08
0.08
0.08
0.16	85.07
0.16
0.16
0.16
0.16
0.16
0.16
0.16
0.14
0.14
0.14
0.14
0.14
0.15
0.14
0.14
0.16
0.16
0.16
0.16
0.21
0.21
0.21
3.46
0.15
0.16
0.15
0.16
0.15
0.15
0.15
0.15
CorWatt	PkgWatt
10.77	160.90
0.09	75.96
0.09
0.08
0.08
0.08
0.08
0.08
0.08
0.08
0.08
0.07
0.08
0.07
0.07
0.07
0.07
0.08
0.08
0.08
0.08
0.09
0.08
0.08
0.08
0.08
0.08
0.08
0.08
0.08
0.08
0.08
0.08
0.16	84.99
0.16
0.16
0.15
0.16
0.16
0.16
0.16
0.14
0.14
0.14
0.14
0.14
0.14
0.14
0.14
0.16
0.16
0.15
0.16
0.21
0.21
0.21
3.46
0.15
0.16
0.15
0.16
0.14
0.14
0.14
0.14
CorWatt	PkgWatt
10.75	160.81
0.09	75.85
0.08
0.08
0.08
0.08
0.08
0.08
0.08
0.07
0.07
0.07
0.07
0.07
0.07
0.07
0.07
0.08
0.08
0.08
0.08
0.09
0.08
0.08
0.08
0.08
0.08
0.07
0.08
0.07
0.07
0.07
0.07
0.16	85.07
0.16
0.16
0.16
0.16
0.16
0.16
0.16
0.14
0.14
0.14
0.14
0.14
0.14
0.14
0.14
0.16
0.16
0.16
0.16
0.21
0.21
0.21
3.47
0.15
0.16
0.15
0.16
0.14
0.15
0.14
0.15
CorWatt	PkgWatt
10.74	161.01
0.09	75.88
0.08
0.08
0.08
0.08
0.08
0.08
0.08
0.08
0.08
0.07
0.08
0.07
0.07
0.07
0.07
0.08
0.08
0.08
0.08
0.09
0.08
0.08
0.08
0.08
0.08
0.08
0.08
0.08
0.08
0.07
0.07
0.16	85.00
0.16
0.15
0.16
0.16
0.16
0.16
0.16
0.14
0.14
0.14
0.14
0.14
0.14
0.14
0.14
0.16
0.15
0.15
0.16
0.21
0.21
0.21
3.46
0.15
0.15
0.15
0.16
0.14
0.14
0.14
0.14
CorWatt	PkgWatt
10.97	161.27
0.09	76.24
0.09
0.08
0.08
0.09
0.08
0.08
0.08
0.08
0.08
0.08
0.08
0.07
0.08
0.07
0.07
0.08
0.08
0.08
0.08
0.10
0.08
0.08
0.08
0.08
0.08
0.08
0.08
0.08
0.08
0.08
0.08
0.16	85.11
0.16
0.16
0.16
0.16
0.16
0.16
0.16
0.15
0.16
0.14
0.14
0.14
0.14
0.15
0.14
0.16
0.16
0.16
0.16
0.21
0.21
0.21
3.47
0.15
0.16
0.15
0.16
0.15
0.15
0.15
0.15
CorWatt	PkgWatt
11.21	165.33
0.10	78.41
0.10
0.09
0.17
0.09
0.09
0.09
0.09
0.08
0.08
0.08
0.08
0.07
0.08
0.08
0.08
0.09
0.09
0.09
0.09
0.10
0.09
0.09
0.09
0.08
0.08
0.09
0.09
0.09
0.09
0.09
0.09
0.16	86.87
0.16
0.16
0.16
0.16
0.16
0.16
0.16
0.14
0.14
0.14
0.15
0.14
0.15
0.15
0.14
0.16
0.16
0.16
0.16
0.21
0.21
0.21
3.46
0.15
0.16
0.16
0.16
0.14
0.15
0.15
0.15
CorWatt	PkgWatt
10.79	160.91
0.09	75.97
0.08
0.08
0.08
0.08
0.08
0.08
0.08
0.08
0.08
0.07
0.08
0.07
0.07
0.07
0.07
0.08
0.08
0.08
0.08
0.09
0.08
0.08
0.08
0.08
0.08
0.08
0.08
0.08
0.08
0.08
0.07
0.16	85.04
0.16
0.16
0.16
0.16
0.16
0.16
0.16
0.14
0.14
0.14
0.14
0.14
0.14
0.14
0.14
0.16
0.16
0.16
0.16
0.21
0.21
0.21
3.46
0.15
0.16
0.15
0.16
0.14
0.14
0.15
0.15
CorWatt	PkgWatt
10.72	160.96
0.09	75.86
0.08
0.08
0.08
0.08
0.08
0.08
0.08
0.08
0.07
0.07
0.07
0.07
0.07
0.07
0.07
0.08
0.08
0.08
0.08
0.09
0.08
0.08
0.08
0.08
0.08
0.08
0.08
0.07
0.07
0.08
0.07
0.16	84.97
0.15
0.15
0.15
0.16
0.16
0.16
0.16
0.14
0.14
0.14
0.14
0.14
0.14
0.14
0.14
0.16
0.16
0.15
0.16
0.21
0.21
0.21
3.46
0.15
0.15
0.15
0.16
0.14
0.14
0.14
0.14
CorWatt	PkgWatt
10.93	161.25
0.09	76.20
0.09
0.09
0.08
0.09
0.08
0.08
0.08
0.08
0.08
0.08
0.08
0.07
0.07
0.07
0.07
0.08
0.08
0.08
0.08
0.10
0.09
0.09
0.09
0.08
0.08
0.08
0.08
0.08
0.08
0.08
0.08
0.16	85.04
0.16
0.16
0.16
0.16
0.16
0.16
0.16
0.14
0.15
0.14
0.14
0.14
0.14
0.14
0.14
0.16
0.16
0.16
0.16
0.21
0.21
0.21
3.46
0.15
0.16
0.15
0.16
0.15
0.15
0.14
0.15
CorWatt	PkgWatt
10.70	160.77
0.08	75.86
0.08
0.08
0.08
0.08
0.08
0.08
0.08
0.07
0.07
0.07
0.07
0.06
0.07
0.06
0.06
0.08
0.08
0.08
0.08
0.09
0.08
0.08
0.08
0.08
0.07
0.07
0.07
0.07
0.07
0.07
0.07
0.16	85.02
0.16
0.16
0.15
0.16
0.16
0.16
0.16
0.14
0.14
0.14
0.14
0.14
0.14
0.14
0.14
0.16
0.16
0.16
0.16
0.21
0.21
0.21
3.46
0.15
0.16
0.15
0.16
0.14
0.15
0.14
0.14
CorWatt	PkgWatt
10.73	160.87
0.09	75.85
0.08
0.08
0.08
0.08
0.08
0.08
0.08
0.07
0.07
0.07
0.07
0.07
0.07
0.07
0.07
0.08
0.08
0.08
0.08
0.09
0.08
0.08
0.08
0.08
0.08
0.08
0.08
0.07
0.07
0.08
0.07
0.16	84.94
0.16
0.15
0.15
0.16
0.16
0.16
0.16
0.14
0.15
0.14
0.14
0.14
0.14
0.14
0.14
0.16
0.16
0.15
0.16
0.21
0.21
0.21
3.46
0.15
0.15
0.15
0.16
0.14
0.14
0.14
0.15
CorWatt	PkgWatt
10.64	160.80
0.08	75.84
0.08
0.08
0.08
0.08
0.08
0.08
0.08
0.07
0.07
0.07
0.07
0.06
0.07
0.06
0.06
0.08
0.08
0.08
0.08
0.09
0.08
0.08
0.08
0.08
0.07
0.07
0.07
0.07
0.07
0.07
0.07
0.16	84.96
0.15
0.15
0.15
0.16
0.16
0.16
0.16
0.14
0.14
0.14
0.14
0.14
0.14
0.14
0.14
0.15
0.15
0.15
0.16
0.21
0.21
0.21
3.46
0.15
0.15
0.15
0.16
0.14
0.14
0.14
0.14
CorWatt	PkgWatt
10.92	161.13
0.09	76.21
0.09
0.09
0.08
0.09
0.08
0.08
0.08
0.08
0.08
0.07
0.08
0.07
0.07
0.07
0.07
0.08
0.08
0.08
0.08
0.10
0.09
0.09
0.09
0.08
0.08
0.08
0.08
0.08
0.08
0.08
0.08
0.16	84.98
0.16
0.15
0.15
0.16
0.16
0.16
0.16
0.14
0.14
0.14
0.14
0.14
0.14
0.14
0.14
0.16
0.16
0.16
0.16
0.21
0.21
0.21
3.46
0.15
0.16
0.15
0.16
0.15
0.14
0.14
0.15
CorWatt	PkgWatt
10.82	161.07
0.09	76.01
0.08
0.08
0.08
0.08
0.08
0.08
0.08
0.08
0.08
0.07
0.08
0.07
0.07
0.07
0.07
0.08
0.08
0.08
0.08
0.09
0.08
0.08
0.08
0.08
0.08
0.08
0.08
0.08
0.08
0.08
0.08
0.16	85.02
0.16
0.16
0.15
0.16
0.16
0.16
0.16
0.14
0.14
0.14
0.14
0.14
0.14
0.14
0.14
0.16
0.16
0.16
0.16
0.21
0.21
0.21
3.46
0.15
0.15
0.15
0.16
0.15
0.15
0.14
0.14
CorWatt	PkgWatt
10.81	160.84
0.09	75.97
0.08
0.08
0.08
0.08
0.08
0.08
0.08
0.08
0.08
0.07
0.07
0.07
0.07
0.07
0.07
0.08
0.08
0.08
0.08
0.09
0.08
0.08
0.08
0.08
0.08
0.08
0.08
0.07
0.08
0.08
0.07
0.16	84.99
0.16
0.15
0.15
0.16
0.16
0.16
0.16
0.14
0.15
0.14
0.14
0.14
0.14
0.14
0.15
0.16
0.16
0.16
0.16
0.21
0.21
0.21
3.46
0.15
0.16
0.15
0.16
0.15
0.15
0.15
0.15
CorWatt	PkgWatt
10.91	161.44
0.09	76.36
0.09
0.09
0.16
0.09
0.08
0.08
0.08
0.08
0.08
0.07
0.08
0.07
0.07
0.07
0.07
0.08
0.08
0.08
0.08
0.10
0.08
0.08
0.08
0.08
0.08
0.08
0.08
0.08
0.08
0.08
0.08
0.16	84.94
0.15
0.15
0.15
0.16
0.16
0.16
0.16
0.14
0.14
0.14
0.14
0.14
0.14
0.14
0.14
0.16
0.15
0.15
0.15
0.21
0.21
0.21
3.46
0.15
0.15
0.15
0.16
0.14
0.14
0.14
0.14
CorWatt	PkgWatt
11.08	161.45
0.10	76.36
0.09
0.10
0.09
0.09
0.09
0.09
0.09
0.08
0.08
0.08
0.08
0.07
0.07
0.07
0.07
0.08
0.08
0.09
0.08
0.10
0.09
0.09
0.09
0.08
0.08
0.08
0.08
0.08
0.08
0.08
0.08
0.16	85.08
0.16
0.16
0.15
0.16
0.16
0.16
0.16
0.14
0.15
0.14
0.14
0.15
0.14
0.15
0.15
0.16
0.16
0.16
0.16
0.21
0.21
0.21
3.47
0.15
0.16
0.15
0.16
0.15
0.15
0.15
0.15
CorWatt	PkgWatt
10.65	160.54
0.08	75.70
0.08
0.08
0.08
0.08
0.08
0.08
0.08
0.07
0.07
0.07
0.07
0.06
0.06
0.06
0.06
0.08
0.08
0.08
0.08
0.09
0.08
0.08
0.08
0.07
0.07
0.07
0.07
0.07
0.07
0.07
0.07
0.16	84.96
0.15
0.15
0.15
0.16
0.16
0.16
0.16
0.14
0.14
0.14
0.14
0.14
0.14
0.14
0.14
0.16
0.16
0.16
0.16
0.21
0.21
0.21
3.46
0.15
0.15
0.15
0.16
0.14
0.15
0.14
0.14
CorWatt	PkgWatt
10.74	160.99
0.09	75.92
0.08
0.08
0.08
0.08
0.08
0.08
0.08
0.07
0.08
0.07
0.07
0.07
0.07
0.07
0.06
0.08
0.08
0.08
0.08
0.09
0.08
0.08
0.08
0.08
0.08
0.08
0.08
0.07
0.07
0.08
0.07
0.16	84.97
0.16
0.15
0.15
0.16
0.16
0.16
0.16
0.14
0.14
0.14
0.14
0.14
0.14
0.14
0.14
0.16
0.16
0.15
0.16
0.21
0.21
0.21
3.46
0.15
0.15
0.15
0.16
0.14
0.15
0.14
0.15
CorWatt	PkgWatt
10.68	160.85
0.09	75.94
0.08
0.08
0.08
0.08
0.08
0.08
0.08
0.07
0.07
0.07
0.07
0.06
0.06
0.06
0.06
0.08
0.08
0.08
0.08
0.09
0.08
0.08
0.08
0.08
0.08
0.08
0.08
0.07
0.07
0.07
0.07
0.15	84.89
0.15
0.15
0.15
0.16
0.16
0.16
0.16
0.14
0.15
0.14
0.14
0.14
0.14
0.14
0.14
0.15
0.15
0.15
0.15
0.21
0.21
0.21
3.46
0.15
0.15
0.15
0.15
0.15
0.14
0.14
0.14
CorWatt	PkgWatt
10.87	161.21
0.09	76.22
0.09
0.08
0.08
0.09
0.08
0.08
0.08
0.08
0.08
0.07
0.08
0.07
0.07
0.07
0.07
0.08
0.08
0.08
0.08
0.09
0.08
0.08
0.08
0.08
0.08
0.08
0.08
0.08
0.08
0.08
0.08
0.16	85.06
0.16
0.16
0.15
0.16
0.16
0.16
0.16
0.14
0.14
0.14
0.14
0.14
0.14
0.14
0.14
0.16
0.16
0.16
0.16
0.21
0.21
0.21
3.46
0.15
0.16
0.15
0.16
0.15
0.15
0.14
0.15
CorWatt	PkgWatt
10.65	160.71
0.08	75.81
0.08
0.08
0.08
0.08
0.08
0.08
0.08
0.07
0.07
0.07
0.07
0.06
0.06
0.06
0.06
0.08
0.08
0.08
0.08
0.09
0.08
0.08
0.08
0.08
0.08
0.08
0.08
0.07
0.07
0.07
0.07
0.15	84.83
0.15
0.15
0.15
0.16
0.16
0.16
0.16
0.14
0.14
0.14
0.14
0.14
0.14
0.14
0.14
0.16
0.16
0.15
0.16
0.21
0.21
0.21
3.46
0.15
0.15
0.15
0.15
0.14
0.14
0.14
0.14
CorWatt	PkgWatt
10.63	160.70
0.08	75.78
0.08
0.08
0.08
0.08
0.08
0.08
0.08
0.07
0.07
0.07
0.07
0.06
0.06
0.06
0.06
0.08
0.08
0.08
0.08
0.09
0.08
0.08
0.08
0.08
0.08
0.08
0.08
0.07
0.07
0.07
0.07
0.15	84.91
0.15
0.15
0.15
0.16
0.15
0.15
0.15
0.14
0.14
0.14
0.14
0.14
0.14
0.14
0.14
0.16
0.15
0.15
0.16
0.21
0.21
0.21
3.46
0.15
0.15
0.15
0.15
0.14
0.14
0.14
0.15
CorWatt	PkgWatt
10.77	160.71
0.09	75.90
0.08
0.08
0.08
0.08
0.08
0.08
0.08
0.07
0.08
0.07
0.07
0.07
0.07
0.07
0.07
0.08
0.08
0.08
0.08
0.10
0.08
0.08
0.08
0.08
0.08
0.08
0.08
0.07
0.07
0.07
0.07
0.16	84.96
0.15
0.15
0.15
0.16
0.16
0.16
0.16
0.14
0.14
0.14
0.14
0.14
0.14
0.14
0.15
0.16
0.16
0.16
0.16
0.21
0.21
0.21
3.46
0.15
0.15
0.15
0.16
0.15
0.15
0.14
0.14
CorWatt	PkgWatt
4.85	155.95
0.09	77.85
0.08
0.08
0.08
0.09
0.08
0.08
0.08
0.08
0.08
0.07
0.07
0.07
0.07
0.07
0.07
0.08
0.08
0.08
0.08
0.09
0.08
0.08
0.08
0.08
0.08
0.08
0.08
0.07
0.07
0.08
0.07
0.08	77.98
0.08
0.07
0.07
0.07
0.07
0.07
0.07
0.06
0.07
0.06
0.07
0.06
0.06
0.06
0.07
0.08
0.07
0.07
0.07
0.08
0.08
0.07
0.08
0.07
0.07
0.07
0.08
0.07
0.07
0.07
0.07
CorWatt	PkgWatt
4.62	151.70
0.08	75.92
0.08
0.08
0.15
0.08
0.08
0.08
0.08
0.07
0.07
0.07
0.07
0.06
0.06
0.06
0.06
0.08
0.08
0.08
0.08
0.09
0.08
0.08
0.08
0.08
0.08
0.08
0.08
0.07
0.07
0.07
0.07
0.07	75.79
0.07
0.07
0.07
0.07
0.07
0.07
0.07
0.06
0.06
0.06
0.06
0.06
0.06
0.06
0.06
0.07
0.07
0.07
0.07
0.07
0.07
0.07
0.07
0.07
0.07
0.07
0.08
0.07
0.07
0.06
0.06
CorWatt	PkgWatt
4.46	151.39
0.08	75.73
0.08
0.08
0.08
0.08
0.08
0.08
0.08
0.07
0.07
0.07
0.07
0.06
0.06
0.06
0.06
0.08
0.08
0.08
0.08
0.09
0.08
0.08
0.08
0.08
0.08
0.08
0.08
0.07
0.07
0.07
0.07
0.07	75.70
0.07
0.07
0.07
0.07
0.07
0.07
0.07
0.06
0.06
0.06
0.06
0.06
0.06
0.06
0.06
0.07
0.07
0.07
0.07
0.07
0.07
0.07
0.07
0.07
0.07
0.07
0.07
0.07
0.06
0.06
0.06
CorWatt	PkgWatt
4.47	153.34
0.08	77.59
0.08
0.08
0.08
0.08
0.08
0.08
0.07
0.07
0.07
0.06
0.07
0.06
0.06
0.06
0.06
0.07
0.07
0.08
0.07
0.09
0.08
0.08
0.08
0.07
0.07
0.07
0.07
0.07
0.07
0.07
0.07
0.07	75.83
0.07
0.07
0.08
0.07
0.07
0.07
0.07
0.06
0.06
0.06
0.06
0.06
0.06
0.06
0.06
0.07
0.07
0.07
0.07
0.08
0.07
0.07
0.08
0.07
0.07
0.07
0.07
0.06
0.07
0.06
0.06
CorWatt	PkgWatt
4.77	152.17
0.09	76.05
0.09
0.09
0.08
0.08
0.08
0.08
0.08
0.08
0.08
0.07
0.07
0.07
0.07
0.07
0.07
0.08
0.08
0.08
0.08
0.10
0.08
0.08
0.08
0.08
0.08
0.08
0.08
0.07
0.07
0.08
0.07
0.07	76.00
0.07
0.07
0.07
0.07
0.07
0.07
0.07
0.06
0.06
0.06
0.06
0.06
0.06
0.06
0.06
0.07
0.07
0.07
0.07
0.08
0.07
0.07
0.08
0.07
0.07
0.07
0.07
0.07
0.07
0.07
0.07
CorWatt	PkgWatt
4.39	151.40
0.08	75.70
0.08
0.08
0.08
0.08
0.08
0.08
0.07
0.07
0.07
0.07
0.07
0.06
0.06
0.06
0.06
0.08
0.08
0.08
0.08
0.09
0.08
0.08
0.08
0.07
0.07
0.07
0.07
0.07
0.07
0.07
0.07
0.07	75.68
0.07
0.07
0.07
0.07
0.07
0.07
0.07
0.06
0.06
0.06
0.06
0.06
0.06
0.06
0.06
0.07
0.07
0.07
0.07
0.07
0.07
0.07
0.07
0.07
0.07
0.07
0.07
0.06
0.06
0.06
0.06
CorWatt	PkgWatt
4.58	153.23
0.08	77.59
0.08
0.08
0.08
0.08
0.08
0.08
0.08
0.07
0.08
0.07
0.07
0.07
0.07
0.07
0.06
0.08
0.08
0.08
0.08
0.09
0.08
0.08
0.08
0.08
0.08
0.08
0.08
0.07
0.07
0.07
0.07
0.07	75.80
0.07
0.07
0.10
0.07
0.07
0.07
0.07
0.06
0.06
0.06
0.06
0.06
0.06
0.06
0.06
0.07
0.07
0.07
0.07
0.08
0.07
0.07
0.07
0.07
0.07
0.07
0.07
0.06
0.06
0.06
0.06
CorWatt	PkgWatt
11.11	161.21
0.09	75.90
0.08
0.08
0.08
0.08
0.08
0.08
0.08
0.07
0.07
0.07
0.07
0.07
0.07
0.07
0.06
0.08
0.08
0.08
0.08
0.09
0.08
0.08
0.08
0.08
0.08
0.08
0.08
0.07
0.07
0.07
0.07
0.20	85.15
0.20
0.20
3.94
0.16
0.15
0.16
0.16
0.14
0.14
0.14
0.14
0.14
0.14
0.14
0.14
0.15
0.15
0.15
0.15
0.16
0.16
0.16
0.16
0.14
0.15
0.15
0.15
0.14
0.14
0.14
0.14
CorWatt	PkgWatt
11.43	161.55
0.10	76.38
0.09
0.09
0.09
0.09
0.09
0.09
0.12
0.08
0.08
0.08
0.08
0.07
0.07
0.07
0.07
0.09
0.09
0.09
0.09
0.10
0.09
0.09
0.09
0.09
0.09
0.08
0.09
0.08
0.08
0.08
0.08
0.20	85.22
0.20
0.21
3.90
0.16
0.16
0.16
0.16
0.14
0.14
0.14
0.14
0.14
0.14
0.14
0.14
0.16
0.15
0.15
0.16
0.16
0.16
0.16
0.16
0.15
0.15
0.15
0.15
0.14
0.15
0.14
0.15
CorWatt	PkgWatt
4.81	152.26
0.09	76.45
0.09
0.09
0.08
0.09
0.08
0.09
0.09
0.08
0.10
0.09
0.08
0.07
0.07
0.07
0.07
0.08
0.08
0.08
0.08
0.11
0.09
0.09
0.09
0.08
0.09
0.08
0.08
0.07
0.07
0.08
0.08
0.07	75.91
0.07
0.07
0.07
0.07
0.07
0.07
0.07
0.06
0.06
0.06
0.06
0.06
0.06
0.06
0.06
0.07
0.07
0.07
0.07
0.07
0.07
0.07
0.07
0.07
0.07
0.07
0.07
0.06
0.06
0.06
0.06
CorWatt	PkgWatt
4.32	151.26
0.08	75.51
0.07
0.08
0.07
0.07
0.07
0.07
0.07
0.06
0.07
0.06
0.06
0.06
0.06
0.06
0.06
0.07
0.07
0.07
0.07
0.09
0.08
0.08
0.08
0.08
0.08
0.07
0.07
0.06
0.06
0.07
0.06
0.07	75.66
0.07
0.07
0.07
0.07
0.07
0.07
0.07
0.06
0.06
0.06
0.06
0.06
0.06
0.06
0.06
0.07
0.07
0.07
0.07
0.07
0.07
0.07
0.07
0.07
0.07
0.07
0.07
0.06
0.06
0.06
0.06
CorWatt	PkgWatt
4.71	151.77
0.09	76.11
0.11
0.09
0.16
0.08
0.08
0.08
0.08
0.07
0.08
0.10
0.07
0.07
0.07
0.07
0.07
0.08
0.08
0.08
0.08
0.09
0.08
0.08
0.08
0.08
0.08
0.08
0.08
0.07
0.07
0.07
0.07
0.07	75.69
0.07
0.07
0.07
0.07
0.07
0.07
0.07
0.06
0.06
0.06
0.06
0.06
0.06
0.06
0.06
0.07
0.07
0.07
0.07
0.07
0.07
0.07
0.07
0.07
0.07
0.07
0.07
0.06
0.06
0.06
0.06
CorWatt	PkgWatt
4.96	152.24
0.09	76.09
0.09
0.09
0.08
0.08
0.08
0.08
0.08
0.07
0.08
0.07
0.07
0.07
0.07
0.09
0.08
0.08
0.08
0.08
0.08
0.10
0.09
0.09
0.09
0.08
0.09
0.08
0.08
0.07
0.07
0.08
0.07
0.08	76.10
0.08
0.08
0.16
0.08
0.08
0.08
0.08
0.07
0.06
0.06
0.06
0.06
0.06
0.07
0.07
0.08
0.08
0.07
0.07
0.08
0.08
0.08
0.08
0.07
0.07
0.07
0.08
0.07
0.07
0.07
0.07
CorWatt	PkgWatt
11.47	161.49
0.09	76.25
0.09
0.09
0.09
0.09
0.08
0.09
0.09
0.08
0.08
0.08
0.09
0.08
0.07
0.08
0.08
0.08
0.09
0.09
0.08
0.10
0.09
0.09
0.09
0.09
0.08
0.09
0.08
0.08
0.08
0.08
0.08
0.20	85.29
0.20
0.20
4.04
0.16
0.16
0.15
0.15
0.14
0.14
0.14
0.14
0.14
0.14
0.15
0.14
0.15
0.15
0.15
0.15
0.16
0.16
0.16
0.16
0.15
0.15
0.15
0.15
0.14
0.14
0.14
0.14
CorWatt	PkgWatt
11.01	160.98
0.09	75.89
0.08
0.08
0.08
0.08
0.08
0.08
0.08
0.07
0.07
0.07
0.07
0.07
0.07
0.07
0.07
0.08
0.08
0.08
0.08
0.09
0.08
0.08
0.08
0.08
0.08
0.08
0.08
0.07
0.07
0.07
0.07
0.19	85.05
0.19
0.20
3.92
0.15
0.15
0.15
0.15
0.14
0.14
0.14
0.14
0.14
0.14
0.14
0.14
0.15
0.15
0.14
0.15
0.15
0.15
0.15
0.15
0.14
0.15
0.14
0.15
0.14
0.14
0.14
0.14
CorWatt	PkgWatt
4.46	151.37
0.08	75.80
0.08
0.08
0.08
0.08
0.08
0.08
0.08
0.07
0.07
0.07
0.07
0.06
0.06
0.07
0.07
0.08
0.08
0.08
0.08
0.09
0.08
0.08
0.08
0.08
0.08
0.08
0.08
0.07
0.07
0.07
0.07
0.07	75.65
0.07
0.07
0.07
0.07
0.07
0.07
0.07
0.06
0.06
0.06
0.06
0.06
0.06
0.06
0.06
0.07
0.07
0.07
0.07
0.07
0.07
0.07
0.07
0.07
0.07
0.07
0.07
0.06
0.06
0.06
0.06
CorWatt	PkgWatt
4.76	152.10
0.09	75.98
0.09
0.08
0.08
0.08
0.08
0.08
0.08
0.07
0.08
0.07
0.07
0.07
0.07
0.07
0.07
0.08
0.08
0.08
0.08
0.10
0.08
0.08
0.08
0.08
0.08
0.08
0.08
0.07
0.07
0.07
0.07
0.07	76.02
0.07
0.07
0.08
0.07
0.07
0.07
0.07
0.07
0.06
0.06
0.06
0.06
0.06
0.07
0.06
0.07
0.07
0.07
0.07
0.07
0.08
0.08
0.08
0.07
0.07
0.07
0.08
0.06
0.07
0.07
0.07
CorWatt	PkgWatt
4.63	151.52
0.08	75.66
0.08
0.08
0.08
0.08
0.07
0.07
0.07
0.07
0.07
0.06
0.07
0.06
0.06
0.06
0.06
0.08
0.08
0.08
0.08
0.09
0.08
0.08
0.08
0.08
0.08
0.08
0.08
0.06
0.06
0.07
0.06
0.07	75.94
0.07
0.07
0.23
0.07
0.07
0.07
0.07
0.06
0.06
0.06
0.06
0.06
0.06
0.06
0.06
0.07
0.07
0.07
0.07
0.07
0.07
0.07
0.07
0.07
0.07
0.07
0.07
0.06
0.06
0.06
0.06
CorWatt	PkgWatt
11.05	160.85
0.09	75.75
0.08
0.08
0.08
0.08
0.08
0.08
0.08
0.07
0.07
0.07
0.07
0.07
0.06
0.07
0.06
0.08
0.08
0.08
0.08
0.09
0.08
0.08
0.08
0.08
0.08
0.08
0.08
0.07
0.07
0.07
0.07
0.20	85.03
0.19
0.20
3.98
0.15
0.15
0.15
0.15
0.14
0.14
0.14
0.14
0.14
0.14
0.14
0.14
0.15
0.14
0.14
0.14
0.16
0.16
0.16
0.16
0.14
0.15
0.14
0.15
0.14
0.14
0.14
0.14
CorWatt	PkgWatt
11.04	161.00
0.09	75.79
0.08
0.08
0.08
0.08
0.08
0.08
0.08
0.07
0.07
0.07
0.07
0.07
0.06
0.07
0.06
0.08
0.08
0.08
0.08
0.09
0.08
0.08
0.08
0.08
0.08
0.08
0.08
0.07
0.07
0.07
0.07
0.20	85.15
0.20
0.20
3.99
0.15
0.15
0.15
0.15
0.14
0.14
0.14
0.14
0.14
0.14
0.14
0.14
0.15
0.14
0.14
0.15
0.16
0.16
0.15
0.16
0.14
0.14
0.14
0.15
0.14
0.14
0.14
0.14
CorWatt	PkgWatt
11.45	161.35
0.09	75.98
0.09
0.08
0.08
0.08
0.08
0.08
0.08
0.07
0.07
0.07
0.07
0.07
0.07
0.07
0.07
0.08
0.08
0.08
0.08
0.10
0.08
0.09
0.09
0.08
0.08
0.09
0.08
0.07
0.07
0.07
0.07
0.20	85.24
0.20
0.21
3.99
0.16
0.16
0.16
0.16
0.15
0.15
0.15
0.15
0.15
0.15
0.16
0.15
0.16
0.15
0.15
0.15
0.16
0.16
0.16
0.16
0.15
0.15
0.15
0.15
0.16
0.16
0.15
0.18
