CorWatt	PkgWatt
4.48	151.63
0.17	76.54
0.09
0.09
0.09
0.08
0.09
0.09
0.09
0.07
0.08
0.07
0.07
0.08
0.07
0.08
0.07
0.08
0.08
0.09
0.08
0.10
0.09
0.09
0.09
0.08
0.08
0.08
0.08
0.07
0.07
0.07
0.07
0.06	75.08
0.06
0.06
0.06
0.06
0.06
0.06
0.06
0.05
0.05
0.05
0.05
0.05
0.05
0.05
0.05
0.06
0.06
0.06
0.06
0.06
0.06
0.06
0.06
0.05
0.05
0.05
0.05
0.05
0.05
0.05
0.06
CorWatt	PkgWatt
4.58	150.97
0.09	75.98
0.08
0.08
0.12
0.08
0.09
0.09
0.08
0.07
0.07
0.08
0.07
0.08
0.07
0.07
0.07
0.08
0.08
0.08
0.10
0.12
0.09
0.08
0.10
0.08
0.07
0.07
0.07
0.07
0.09
0.07
0.07
0.06	75.32
0.06
0.06
0.06
0.06
0.06
0.06
0.06
0.06
0.06
0.06
0.06
0.06
0.05
0.05
0.05
0.07
0.06
0.06
0.06
0.06
0.06
0.06
0.06
0.06
0.06
0.06
0.06
0.06
0.10
0.10
0.06
CorWatt	PkgWatt
10.60	168.01
0.14	82.56
0.10
0.10
0.11
0.10
0.11
0.11
0.11
0.08
0.08
0.10
0.08
0.13
0.18
0.14
0.12
0.09
0.09
0.09
0.09
0.15
0.10
0.09
0.10
0.09
0.09
0.09
0.11
0.08
0.09
0.08
0.08
0.32	85.29
0.16
0.14
0.24
0.14
0.29
0.22
0.20
0.35
0.33
0.12
0.12
0.26
0.13
0.23
0.27
0.27
0.14
0.27
0.14
0.25
0.27
0.16
0.24
0.18
0.11
0.29
0.26
0.48
0.26
0.24
0.21
CorWatt	PkgWatt
4.07	150.65
0.08	75.56
0.08
0.08
0.08
0.08
0.08
0.08
0.08
0.06
0.06
0.06
0.06
0.08
0.08
0.07
0.07
0.08
0.08
0.08
0.08
0.09
0.08
0.08
0.08
0.07
0.07
0.07
0.07
0.06
0.06
0.06
0.06
0.05	74.93
0.05
0.06
0.05
0.06
0.06
0.06
0.06
0.05
0.05
0.05
0.05
0.06
0.05
0.05
0.05
0.06
0.05
0.05
0.06
0.06
0.06
0.06
0.06
0.05
0.05
0.05
0.05
0.05
0.05
0.05
0.06
CorWatt	PkgWatt
4.22	150.78
0.08	75.67
0.08
0.08
0.08
0.08
0.08
0.08
0.08
0.07
0.07
0.07
0.07
0.07
0.07
0.07
0.07
0.08
0.08
0.08
0.08
0.09
0.08
0.08
0.08
0.07
0.07
0.07
0.07
0.07
0.07
0.07
0.07
0.06	75.13
0.06
0.06
0.06
0.06
0.06
0.06
0.06
0.06
0.05
0.05
0.05
0.05
0.05
0.05
0.05
0.06
0.06
0.06
0.06
0.06
0.06
0.06
0.06
0.05
0.06
0.05
0.05
0.05
0.05
0.05
0.06
CorWatt	PkgWatt
11.98	163.89
0.13	78.10
0.12
0.10
0.10
0.12
0.12
0.11
0.11
0.07
0.07
0.07
0.07
0.13
0.13
0.13
0.12
0.08
0.08
0.08
0.08
0.09
0.08
0.08
0.08
0.07
0.08
0.07
0.07
0.07
0.07
0.07
0.07
0.16	85.92
0.15
0.16
0.16
0.16
0.16
0.16
0.16
0.16
0.16
0.15
0.15
0.16
0.16
0.15
0.15
0.15
0.16
0.16
0.16
0.15
0.15
0.15
0.15
0.18
0.19
4.11
0.19
0.16
0.16
0.16
0.17
CorWatt	PkgWatt
11.93	160.87
0.08	75.40
0.08
0.08
0.08
0.08
0.08
0.08
0.08
0.06
0.06
0.06
0.06
0.06
0.06
0.06
0.06
0.08
0.07
0.07
0.07
0.09
0.08
0.07
0.07
0.07
0.07
0.07
0.07
0.06
0.06
0.06
0.06
0.13	85.41
0.13
0.13
0.13
0.13
0.13
0.13
0.13
0.13
0.13
0.12
0.12
0.13
0.12
0.12
0.12
0.13
0.13
0.13
0.13
0.14
0.14
0.14
0.14
0.18
0.18
5.54
0.18
0.13
0.13
0.13
0.13
CorWatt	PkgWatt
11.83	160.79
0.08	75.36
0.08
0.08
0.08
0.10
0.08
0.08
0.08
0.06
0.06
0.06
0.06
0.06
0.06
0.06
0.06
0.07
0.07
0.07
0.07
0.08
0.08
0.07
0.07
0.06
0.07
0.06
0.07
0.06
0.06
0.06
0.06
0.13	85.28
0.13
0.13
0.13
0.13
0.13
0.13
0.13
0.12
0.12
0.12
0.12
0.12
0.12
0.12
0.12
0.13
0.13
0.13
0.13
0.14
0.14
0.14
0.14
0.18
0.17
5.51
0.18
0.12
0.13
0.13
0.13
CorWatt	PkgWatt
12.03	161.15
0.09	75.79
0.08
0.08
0.08
0.08
0.08
0.08
0.08
0.07
0.07
0.07
0.07
0.07
0.07
0.07
0.07
0.08
0.08
0.08
0.08
0.09
0.08
0.08
0.08
0.07
0.07
0.07
0.07
0.06
0.06
0.07
0.07
0.13	85.36
0.13
0.13
0.13
0.13
0.13
0.13
0.13
0.13
0.12
0.12
0.12
0.12
0.12
0.12
0.12
0.13
0.13
0.13
0.13
0.14
0.14
0.14
0.14
0.18
0.18
5.52
0.18
0.13
0.13
0.12
0.13
CorWatt	PkgWatt
12.04	160.88
0.08	75.65
0.08
0.08
0.08
0.08
0.08
0.08
0.08
0.07
0.07
0.06
0.06
0.07
0.07
0.14
0.07
0.08
0.08
0.08
0.08
0.09
0.08
0.08
0.08
0.07
0.07
0.07
0.07
0.06
0.06
0.06
0.06
0.13	85.36
0.13
0.13
0.13
0.13
0.13
0.13
0.13
0.13
0.12
0.12
0.12
0.12
0.12
0.12
0.12
0.13
0.13
0.13
0.13
0.14
0.14
0.14
0.14
0.18
0.18
5.53
0.18
0.13
0.13
0.13
0.13
CorWatt	PkgWatt
11.83	160.81
0.08	75.41
0.08
0.08
0.08
0.08
0.08
0.08
0.08
0.06
0.06
0.06
0.06
0.06
0.07
0.06
0.06
0.08
0.08
0.08
0.07
0.09
0.08
0.07
0.07
0.07
0.07
0.07
0.07
0.06
0.06
0.06
0.06
0.13	85.29
0.13
0.13
0.13
0.13
0.13
0.13
0.13
0.12
0.12
0.12
0.12
0.12
0.12
0.12
0.12
0.13
0.13
0.13
0.13
0.14
0.14
0.14
0.14
0.17
0.17
5.52
0.18
0.12
0.12
0.12
0.13
CorWatt	PkgWatt
11.74	160.54
0.08	75.30
0.08
0.08
0.08
0.08
0.08
0.07
0.07
0.06
0.06
0.06
0.06
0.06
0.06
0.06
0.06
0.07
0.07
0.07
0.07
0.08
0.07
0.07
0.07
0.06
0.06
0.06
0.06
0.06
0.06
0.06
0.06
0.13	85.22
0.13
0.13
0.13
0.13
0.13
0.13
0.13
0.12
0.12
0.12
0.12
0.12
0.12
0.12
0.12
0.13
0.13
0.13
0.13
0.14
0.14
0.14
0.14
0.17
0.17
5.51
0.18
0.12
0.12
0.12
0.12
CorWatt	PkgWatt
12.03	160.99
0.09	75.61
0.08
0.08
0.08
0.08
0.08
0.08
0.08
0.07
0.07
0.07
0.07
0.07
0.07
0.07
0.07
0.08
0.08
0.08
0.08
0.09
0.08
0.08
0.08
0.07
0.07
0.07
0.07
0.07
0.07
0.07
0.07
0.13	85.45
0.13
0.13
0.13
0.13
0.13
0.13
0.13
0.13
0.12
0.12
0.12
0.12
0.12
0.12
0.12
0.13
0.13
0.13
0.13
0.14
0.14
0.14
0.14
0.18
0.18
5.52
0.18
0.13
0.13
0.13
0.13
CorWatt	PkgWatt
11.83	160.73
0.08	75.37
0.08
0.08
0.08
0.08
0.08
0.08
0.08
0.06
0.06
0.06
0.06
0.06
0.06
0.06
0.06
0.07
0.07
0.07
0.08
0.08
0.07
0.07
0.07
0.07
0.07
0.06
0.06
0.06
0.06
0.06
0.06
0.13	85.32
0.13
0.13
0.13
0.13
0.13
0.13
0.13
0.12
0.12
0.12
0.12
0.12
0.12
0.12
0.12
0.13
0.13
0.13
0.13
0.14
0.14
0.14
0.14
0.17
0.17
5.52
0.18
0.13
0.12
0.12
0.13
CorWatt	PkgWatt
11.81	160.45
0.08	75.24
0.08
0.07
0.07
0.07
0.07
0.07
0.07
0.06
0.06
0.06
0.06
0.06
0.06
0.06
0.06
0.07
0.07
0.07
0.07
0.08
0.07
0.07
0.07
0.06
0.07
0.06
0.06
0.06
0.06
0.06
0.06
0.13	85.32
0.13
0.13
0.13
0.13
0.13
0.13
0.13
0.12
0.12
0.12
0.12
0.12
0.12
0.12
0.12
0.13
0.13
0.13
0.13
0.14
0.14
0.14
0.14
0.18
0.17
5.55
0.18
0.13
0.13
0.13
0.13
CorWatt	PkgWatt
5.70	152.74
0.08	75.23
0.07
0.07
0.07
0.07
0.07
0.08
0.07
0.06
0.06
0.06
0.06
0.06
0.06
0.06
0.06
0.07
0.07
0.07
0.07
0.08
0.07
0.07
0.07
0.06
0.06
0.06
0.06
0.06
0.06
0.06
0.06
0.07	77.43
0.07
0.07
0.08
0.07
0.08
0.07
0.07
0.07
0.07
0.07
0.07
0.07
0.07
0.07
0.07
0.07
0.07
0.07
0.07
0.08
0.08
0.08
0.08
0.09
0.08
1.29
0.09
0.07
0.07
0.07
0.07
CorWatt	PkgWatt
4.18	150.67
0.08	75.46
0.08
0.08
0.08
0.08
0.08
0.08
0.08
0.06
0.06
0.06
0.06
0.06
0.07
0.06
0.07
0.08
0.08
0.08
0.08
0.09
0.08
0.07
0.07
0.07
0.07
0.07
0.07
0.06
0.06
0.06
0.06
0.06	75.28
0.06
0.06
0.06
0.06
0.07
0.06
0.06
0.06
0.06
0.06
0.06
0.06
0.06
0.06
0.06
0.06
0.06
0.06
0.06
0.07
0.06
0.06
0.06
0.06
0.06
0.06
0.06
0.06
0.06
0.06
0.06
CorWatt	PkgWatt
3.74	150.07
0.07	75.11
0.07
0.07
0.07
0.07
0.07
0.07
0.07
0.06
0.06
0.06
0.06
0.06
0.06
0.06
0.06
0.07
0.07
0.07
0.07
0.08
0.07
0.07
0.07
0.06
0.06
0.06
0.06
0.06
0.06
0.06
0.06
0.05	74.89
0.05
0.05
0.05
0.05
0.06
0.05
0.05
0.05
0.05
0.05
0.05
0.05
0.05
0.05
0.05
0.05
0.05
0.05
0.05
0.06
0.06
0.06
0.06
0.05
0.05
0.05
0.05
0.05
0.05
0.05
0.05
CorWatt	PkgWatt
10.39	158.73
0.08	75.41
0.08
0.08
0.08
0.08
0.08
0.08
0.08
0.06
0.06
0.06
0.06
0.07
0.06
0.06
0.06
0.08
0.08
0.08
0.08
0.09
0.07
0.07
0.08
0.07
0.07
0.07
0.07
0.06
0.06
0.06
0.06
0.12	83.30
0.12
0.12
0.12
0.15
4.44
0.16
0.15
0.11
0.11
0.11
0.11
0.11
0.11
0.11
0.11
0.12
0.12
0.11
0.12
0.12
0.12
0.12
0.12
0.12
0.11
0.12
0.11
0.11
0.11
0.11
0.12
CorWatt	PkgWatt
12.31	161.27
0.09	75.71
0.08
0.08
0.08
0.08
0.08
0.08
0.08
0.07
0.07
0.07
0.06
0.07
0.07
0.14
0.07
0.08
0.08
0.08
0.08
0.09
0.08
0.08
0.08
0.07
0.07
0.07
0.07
0.06
0.07
0.06
0.06
0.13	85.64
0.13
0.13
0.14
0.18
5.69
0.19
0.18
0.13
0.13
0.12
0.12
0.13
0.12
0.12
0.12
0.14
0.14
0.13
0.14
0.14
0.14
0.14
0.14
0.13
0.13
0.13
0.13
0.13
0.13
0.13
0.13
CorWatt	PkgWatt
12.35	161.53
0.09	75.65
0.08
0.08
0.08
0.08
0.08
0.08
0.08
0.07
0.07
0.07
0.07
0.07
0.07
0.07
0.07
0.08
0.08
0.08
0.08
0.09
0.08
0.08
0.08
0.07
0.07
0.07
0.07
0.07
0.07
0.07
0.07
0.14	85.76
0.14
0.14
0.14
0.18
5.73
0.19
0.18
0.13
0.13
0.13
0.13
0.13
0.13
0.13
0.13
0.14
0.14
0.13
0.14
0.14
0.14
0.14
0.14
0.13
0.13
0.13
0.13
0.13
0.13
0.13
0.13
CorWatt	PkgWatt
12.06	160.85
0.08	75.25
0.08
0.08
0.08
0.07
0.08
0.08
0.07
0.06
0.06
0.06
0.06
0.06
0.06
0.06
0.06
0.07
0.07
0.07
0.07
0.08
0.07
0.07
0.07
0.06
0.06
0.06
0.06
0.06
0.06
0.06
0.06
0.13	85.60
0.13
0.13
0.14
0.18
5.70
0.19
0.18
0.13
0.12
0.12
0.12
0.12
0.12
0.13
0.12
0.14
0.14
0.13
0.14
0.14
0.14
0.14
0.14
0.13
0.13
0.13
0.13
0.13
0.12
0.13
0.13
CorWatt	PkgWatt
12.15	161.03
0.08	75.43
0.08
0.08
0.08
0.07
0.08
0.08
0.07
0.06
0.06
0.06
0.06
0.06
0.06
0.06
0.06
0.07
0.07
0.08
0.07
0.08
0.07
0.07
0.07
0.07
0.07
0.07
0.06
0.06
0.06
0.06
0.06
0.14	85.73
0.13
0.13
0.14
0.18
5.71
0.19
0.18
0.13
0.12
0.12
0.12
0.13
0.12
0.13
0.12
0.14
0.14
0.13
0.14
0.14
0.14
0.14
0.14
0.13
0.13
0.13
0.13
0.13
0.13
0.13
0.13
CorWatt	PkgWatt
12.03	160.96
0.08	75.22
0.08
0.08
0.08
0.07
0.08
0.07
0.07
0.06
0.06
0.06
0.06
0.06
0.06
0.06
0.06
0.07
0.07
0.07
0.07
0.08
0.07
0.07
0.07
0.06
0.06
0.06
0.06
0.06
0.06
0.06
0.06
0.14	85.60
0.13
0.13
0.13
0.18
5.69
0.19
0.18
0.12
0.12
0.12
0.12
0.12
0.12
0.12
0.12
0.14
0.14
0.13
0.14
0.14
0.14
0.14
0.14
0.13
0.13
0.13
0.12
0.12
0.12
0.12
0.13
CorWatt	PkgWatt
12.21	161.31
0.09	75.62
0.08
0.08
0.08
0.08
0.08
0.08
0.08
0.07
0.07
0.07
0.07
0.07
0.07
0.07
0.07
0.08
0.08
0.08
0.08
0.09
0.08
0.08
0.08
0.07
0.07
0.07
0.07
0.07
0.07
0.07
0.07
0.14	85.66
0.14
0.14
0.14
0.18
5.62
0.19
0.18
0.13
0.13
0.13
0.13
0.13
0.12
0.13
0.12
0.14
0.14
0.13
0.14
0.14
0.14
0.14
0.14
0.13
0.13
0.13
0.13
0.13
0.13
0.13
0.13
CorWatt	PkgWatt
12.04	160.86
0.08	75.37
0.08
0.08
0.08
0.07
0.08
0.07
0.07
0.06
0.06
0.06
0.06
0.06
0.06
0.06
0.06
0.07
0.07
0.07
0.07
0.08
0.07
0.07
0.07
0.06
0.06
0.06
0.06
0.06
0.06
0.06
0.06
0.14	85.63
0.14
0.14
0.14
0.18
5.62
0.19
0.18
0.13
0.13
0.12
0.12
0.13
0.13
0.13
0.12
0.14
0.14
0.13
0.14
0.14
0.14
0.14
0.14
0.13
0.13
0.13
0.13
0.13
0.13
0.13
0.13
CorWatt	PkgWatt
12.07	161.01
0.08	75.36
0.08
0.08
0.08
0.08
0.08
0.08
0.07
0.06
0.06
0.06
0.06
0.06
0.06
0.06
0.06
0.07
0.07
0.07
0.07
0.08
0.07
0.07
0.07
0.07
0.07
0.06
0.06
0.06
0.06
0.06
0.06
0.14	85.56
0.14
0.14
0.14
0.18
5.64
0.19
0.18
0.12
0.12
0.12
0.12
0.12
0.12
0.12
0.12
0.14
0.14
0.13
0.14
0.14
0.14
0.14
0.14
0.13
0.13
0.13
0.13
0.12
0.12
0.12
0.13
CorWatt	PkgWatt
11.96	160.88
0.08	75.19
0.07
0.07
0.07
0.07
0.07
0.07
0.07
0.06
0.06
0.06
0.06
0.06
0.06
0.06
0.06
0.07
0.07
0.07
0.07
0.08
0.07
0.07
0.07
0.06
0.06
0.06
0.06
0.06
0.06
0.06
0.06
0.14	85.63
0.14
0.14
0.14
0.18
5.64
0.19
0.18
0.12
0.12
0.12
0.12
0.12
0.12
0.12
0.12
0.14
0.14
0.13
0.14
0.14
0.14
0.14
0.14
0.13
0.13
0.13
0.12
0.12
0.12
0.12
0.13
CorWatt	PkgWatt
5.84	152.88
0.09	75.63
0.08
0.08
0.08
0.08
0.08
0.08
0.08
0.07
0.07
0.07
0.06
0.07
0.07
0.07
0.07
0.08
0.08
0.08
0.08
0.09
0.08
0.07
0.08
0.07
0.07
0.07
0.07
0.07
0.07
0.07
0.07
0.08	77.38
0.08
0.08
0.08
0.09
1.11
0.10
0.09
0.07
0.07
0.07
0.08
0.08
0.07
0.07
0.08
0.08
0.08
0.07
0.08
0.08
0.08
0.08
0.08
0.07
0.07
0.07
0.07
0.07
0.07
0.07
0.07
CorWatt	PkgWatt
3.99	150.42
0.08	75.43
0.08
0.08
0.08
0.08
0.08
0.08
0.08
0.06
0.06
0.06
0.06
0.06
0.07
0.13
0.06
0.07
0.07
0.07
0.07
0.08
0.07
0.07
0.07
0.07
0.07
0.07
0.06
0.06
0.06
0.06
0.06
0.05	74.93
0.05
0.05
0.05
0.05
0.06
0.05
0.05
0.05
0.05
0.05
0.05
0.05
0.05
0.05
0.05
0.05
0.05
0.05
0.06
0.06
0.06
0.06
0.06
0.05
0.05
0.05
0.05
0.05
0.05
0.05
0.05
CorWatt	PkgWatt
3.74	150.02
0.08	75.27
0.07
0.07
0.07
0.07
0.07
0.07
0.07
0.06
0.06
0.06
0.06
0.06
0.06
0.06
0.06
0.07
0.07
0.07
0.07
0.08
0.07
0.07
0.07
0.06
0.06
0.06
0.06
0.06
0.06
0.06
0.06
0.05	74.74
0.05
0.05
0.05
0.05
0.05
0.05
0.05
0.05
0.05
0.05
0.05
0.05
0.05
0.05
0.05
0.05
0.05
0.05
0.05
0.06
0.06
0.05
0.06
0.05
0.05
0.05
0.05
0.05
0.05
0.05
0.05
CorWatt	PkgWatt
10.31	158.47
0.09	75.31
0.08
0.08
0.08
0.07
0.08
0.08
0.07
0.06
0.06
0.06
0.06
0.06
0.07
0.06
0.06
0.08
0.08
0.07
0.07
0.08
0.07
0.07
0.07
0.06
0.07
0.07
0.06
0.06
0.06
0.06
0.06
0.11	83.27
0.11
0.11
0.11
0.12
0.12
0.12
0.12
0.11
0.11
0.10
0.11
0.11
0.10
0.10
0.10
0.15
0.15
0.15
4.49
0.12
0.12
0.12
0.12
0.11
0.11
0.11
0.11
0.11
0.11
0.11
0.11
CorWatt	PkgWatt
11.89	160.99
0.09	75.57
0.08
0.08
0.08
0.08
0.08
0.08
0.08
0.06
0.07
0.06
0.06
0.07
0.07
0.07
0.06
0.08
0.08
0.08
0.08
0.09
0.08
0.07
0.07
0.07
0.07
0.07
0.07
0.06
0.07
0.06
0.06
0.13	85.28
0.13
0.13
0.13
0.13
0.13
0.13
0.13
0.12
0.12
0.12
0.12
0.12
0.12
0.12
0.11
0.18
0.18
0.18
5.51
0.14
0.14
0.14
0.14
0.13
0.13
0.13
0.12
0.12
0.12
0.12
0.13
CorWatt	PkgWatt
11.72	160.46
0.08	75.42
0.08
0.08
0.08
0.07
0.08
0.08
0.08
0.06
0.06
0.06
0.06
0.06
0.06
0.06
0.06
0.08
0.08
0.07
0.07
0.08
0.07
0.07
0.07
0.07
0.07
0.06
0.06
0.06
0.06
0.06
0.06
0.13	85.16
0.13
0.13
0.13
0.13
0.13
0.13
0.13
0.12
0.12
0.11
0.11
0.12
0.11
0.11
0.11
0.18
0.18
0.17
5.51
0.14
0.14
0.13
0.14
0.12
0.12
0.12
0.12
0.12
0.12
0.12
0.12
CorWatt	PkgWatt
11.61	160.36
0.08	75.24
0.07
0.07
0.07
0.07
0.07
0.07
0.07
0.06
0.06
0.06
0.06
0.06
0.06
0.06
0.06
0.07
0.07
0.07
0.07
0.08
0.07
0.07
0.07
0.06
0.06
0.06
0.06
0.06
0.06
0.06
0.06
0.13	85.04
0.13
0.13
0.13
0.13
0.13
0.13
0.13
0.12
0.12
0.11
0.11
0.12
0.11
0.11
0.11
0.17
0.18
0.17
5.47
0.14
0.14
0.13
0.14
0.12
0.12
0.12
0.12
0.12
0.12
0.12
0.12
CorWatt	PkgWatt
11.66	160.32
0.08	75.16
0.07
0.07
0.07
0.07
0.07
0.07
0.07
0.06
0.06
0.06
0.06
0.06
0.06
0.06
0.06
0.07
0.07
0.07
0.07
0.08
0.07
0.07
0.07
0.06
0.06
0.06
0.06
0.06
0.06
0.06
0.06
0.13	85.24
0.13
0.13
0.13
0.13
0.13
0.13
0.13
0.12
0.12
0.11
0.11
0.12
0.11
0.11
0.11
0.18
0.18
0.18
5.53
0.14
0.14
0.13
0.14
0.12
0.13
0.12
0.12
0.12
0.12
0.12
0.12
CorWatt	PkgWatt
11.91	160.87
0.09	75.54
0.08
0.08
0.08
0.08
0.08
0.08
0.08
0.07
0.07
0.07
0.06
0.07
0.07
0.07
0.06
0.08
0.08
0.08
0.08
0.09
0.07
0.07
0.07
0.07
0.07
0.07
0.07
0.06
0.07
0.07
0.06
0.13	85.22
0.13
0.13
0.13
0.13
0.13
0.13
0.13
0.12
0.12
0.12
0.12
0.12
0.12
0.12
0.12
0.18
0.18
0.18
5.51
0.14
0.14
0.14
0.14
0.13
0.13
0.13
0.13
0.12
0.12
0.12
0.13
CorWatt	PkgWatt
11.62	160.36
0.08	75.19
0.07
0.07
0.07
0.07
0.07
0.07
0.07
0.06
0.06
0.06
0.06
0.06
0.06
0.06
0.06
0.07
0.07
0.07
0.07
0.08
0.07
0.07
0.07
0.06
0.06
0.06
0.06
0.06
0.06
0.06
0.06
0.13	85.17
0.13
0.13
0.13
0.13
0.13
0.13
0.13
0.11
0.12
0.11
0.11
0.12
0.11
0.11
0.11
0.18
0.18
0.17
5.52
0.13
0.14
0.13
0.13
0.13
0.13
0.12
0.12
0.12
0.12
0.12
0.12
CorWatt	PkgWatt
11.71	160.35
0.08	75.37
0.08
0.08
0.08
0.07
0.08
0.08
0.07
0.06
0.06
0.06
0.06
0.06
0.06
0.06
0.06
0.08
0.07
0.07
0.07
0.08
0.07
0.07
0.07
0.06
0.07
0.07
0.07
0.06
0.06
0.06
0.06
0.13	85.10
0.13
0.13
0.13
0.13
0.13
0.13
0.13
0.12
0.12
0.12
0.11
0.12
0.12
0.11
0.11
0.18
0.18
0.17
5.49
0.14
0.14
0.13
0.14
0.13
0.13
0.12
0.12
0.12
0.12
0.12
0.12
CorWatt	PkgWatt
11.86	160.77
0.08	75.51
0.08
0.08
0.08
0.07
0.08
0.08
0.08
0.06
0.06
0.06
0.06
0.06
0.07
0.14
0.07
0.08
0.08
0.08
0.08
0.08
0.07
0.07
0.07
0.07
0.07
0.07
0.07
0.06
0.06
0.06
0.06
0.13	85.16
0.13
0.13
0.13
0.13
0.13
0.13
0.13
0.12
0.12
0.12
0.12
0.12
0.12
0.11
0.11
0.18
0.18
0.17
5.52
0.14
0.14
0.14
0.14
0.12
0.12
0.13
0.12
0.12
0.12
0.12
0.12
CorWatt	PkgWatt
11.89	160.86
0.08	75.60
0.08
0.08
0.08
0.08
0.08
0.08
0.08
0.06
0.06
0.06
0.06
0.06
0.07
0.07
0.07
0.08
0.08
0.08
0.08
0.09
0.07
0.07
0.07
0.07
0.07
0.07
0.07
0.06
0.07
0.06
0.06
0.13	85.23
0.13
0.13
0.13
0.13
0.13
0.13
0.13
0.12
0.12
0.12
0.12
0.12
0.12
0.12
0.12
0.18
0.18
0.18
5.52
0.14
0.14
0.14
0.14
0.13
0.13
0.13
0.13
0.12
0.12
0.12
0.12
CorWatt	PkgWatt
5.07	151.62
0.08	75.11
0.07
0.07
0.07
0.07
0.07
0.07
0.07
0.06
0.06
0.06
0.06
0.06
0.06
0.06
0.06
0.07
0.07
0.07
0.07
0.08
0.07
0.07
0.07
0.06
0.06
0.06
0.06
0.06
0.06
0.06
0.06
0.07	76.66
0.07
0.07
0.07
0.07
0.07
0.07
0.07
0.06
0.06
0.06
0.06
0.06
0.06
0.06
0.06
0.08
0.08
0.07
0.87
0.08
0.08
0.08
0.08
0.07
0.07
0.07
0.07
0.07
0.06
0.06
0.06
CorWatt	PkgWatt
3.91	150.34
0.08	75.16
0.07
0.07
0.07
0.07
0.07
0.07
0.07
0.06
0.06
0.06
0.06
0.06
0.06
0.06
0.06
0.07
0.07
0.07
0.07
0.08
0.07
0.07
0.07
0.06
0.06
0.06
0.06
0.06
0.06
0.06
0.06
0.06	75.08
0.06
0.06
0.06
0.06
0.06
0.06
0.06
0.05
0.05
0.06
0.05
0.05
0.05
0.05
0.05
0.06
0.06
0.06
0.06
0.06
0.06
0.06
0.07
0.05
0.05
0.05
0.06
0.06
0.05
0.05
0.06
CorWatt	PkgWatt
3.68	149.95
0.07	75.08
0.07
0.07
0.07
0.07
0.07
0.07
0.07
0.06
0.06
0.06
0.06
0.06
0.06
0.06
0.06
0.07
0.07
0.07
0.07
0.08
0.06
0.06
0.07
0.06
0.06
0.06
0.06
0.06
0.06
0.06
0.06
0.05	74.84
0.05
0.05
0.05
0.05
0.05
0.05
0.05
0.05
0.05
0.05
0.05
0.05
0.05
0.05
0.05
0.05
0.05
0.05
0.05
0.06
0.06
0.06
0.06
0.05
0.05
0.05
0.05
0.05
0.05
0.05
0.05
CorWatt	PkgWatt
11.24	159.92
0.09	75.50
0.08
0.08
0.08
0.08
0.08
0.08
0.08
0.06
0.06
0.07
0.06
0.07
0.07
0.06
0.07
0.08
0.08
0.08
0.08
0.08
0.07
0.07
0.07
0.07
0.07
0.07
0.07
0.06
0.07
0.06
0.06
0.13	84.46
0.13
0.13
0.13
0.13
0.13
0.13
0.13
0.12
0.12
0.12
0.12
0.12
0.12
0.12
0.12
0.13
0.13
0.13
0.13
0.14
0.13
0.13
0.14
0.13
0.13
0.13
0.13
4.93
0.16
0.16
0.16
CorWatt	PkgWatt
12.31	161.42
0.08	75.33
0.08
0.08
0.08
0.07
0.07
0.08
0.07
0.06
0.06
0.06
0.06
0.06
0.06
0.06
0.06
0.07
0.07
0.07
0.07
0.08
0.07
0.07
0.07
0.07
0.07
0.06
0.06
0.06
0.06
0.06
0.06
0.14	86.07
0.14
0.14
0.14
0.14
0.14
0.14
0.14
0.13
0.13
0.13
0.13
0.13
0.13
0.13
0.12
0.14
0.14
0.14
0.14
0.14
0.14
0.14
0.14
0.14
0.14
0.14
0.14
5.78
0.18
0.18
0.18
CorWatt	PkgWatt
12.23	161.15
0.08	75.17
0.07
0.07
0.07
0.07
0.07
0.07
0.07
0.06
0.06
0.06
0.06
0.06
0.06
0.06
0.06
0.07
0.07
0.07
0.07
0.08
0.07
0.07
0.07
0.06
0.06
0.06
0.06
0.06
0.06
0.06
0.06
0.14	85.96
0.14
0.14
0.14
0.14
0.14
0.14
0.14
0.13
0.13
0.13
0.12
0.13
0.12
0.13
0.12
0.14
0.14
0.14
0.14
0.14
0.14
0.14
0.14
0.14
0.14
0.14
0.14
5.82
0.18
0.18
0.18
CorWatt	PkgWatt
12.26	161.13
0.08	75.16
0.07
0.07
0.07
0.07
0.07
0.07
0.07
0.06
0.06
0.06
0.06
0.06
0.06
0.06
0.06
0.07
0.07
0.07
0.07
0.08
0.07
0.07
0.07
0.06
0.06
0.06
0.06
0.06
0.06
0.06
0.06
0.14	86.08
0.14
0.14
0.14
0.14
0.14
0.14
0.14
0.13
0.13
0.13
0.13
0.13
0.13
0.13
0.13
0.14
0.14
0.14
0.14
0.14
0.14
0.14
0.14
0.14
0.14
0.14
0.14
5.79
0.18
0.18
0.18
CorWatt	PkgWatt
12.62	162.05
0.09	75.78
0.08
0.08
0.08
0.08
0.08
0.08
0.08
0.07
0.07
0.07
0.07
0.07
0.07
0.07
0.09
0.08
0.08
0.08
0.08
0.09
0.08
0.08
0.08
0.07
0.07
0.07
0.07
0.07
0.07
0.07
0.07
0.14	86.17
0.14
0.14
0.14
0.14
0.14
0.14
0.14
0.13
0.13
0.13
0.13
0.13
0.13
0.13
0.13
0.14
0.14
0.14
0.14
0.14
0.14
0.14
0.14
0.14
0.14
0.14
0.14
5.79
0.18
0.18
0.18
CorWatt	PkgWatt
12.41	161.38
0.08	75.47
0.08
0.08
0.08
0.07
0.08
0.08
0.07
0.06
0.06
0.06
0.06
0.06
0.06
0.13
0.06
0.08
0.08
0.07
0.07
0.08
0.07
0.07
0.07
0.07
0.07
0.07
0.06
0.06
0.06
0.06
0.06
0.14	85.99
0.14
0.14
0.14
0.14
0.14
0.14
0.14
0.13
0.13
0.13
0.13
0.13
0.13
0.13
0.13
0.14
0.14
0.14
0.14
0.14
0.14
0.14
0.14
0.14
0.14
0.14
0.14
5.79
0.18
0.18
0.18
CorWatt	PkgWatt
12.25	161.37
0.08	75.23
0.08
0.08
0.08
0.07
0.07
0.07
0.07
0.06
0.06
0.06
0.06
0.06
0.06
0.06
0.06
0.07
0.07
0.07
0.07
0.08
0.07
0.07
0.07
0.06
0.06
0.06
0.06
0.06
0.06
0.06
0.06
0.14	86.07
0.14
0.14
0.14
0.14
0.14
0.14
0.14
0.13
0.13
0.12
0.13
0.13
0.13
0.13
0.12
0.14
0.14
0.14
0.14
0.14
0.14
0.14
0.14
0.14
0.13
0.14
0.14
5.77
0.18
0.18
0.18
CorWatt	PkgWatt
12.24	161.27
0.08	75.28
0.08
0.07
0.07
0.07
0.07
0.07
0.07
0.06
0.06
0.06
0.06
0.06
0.06
0.06
0.06
0.07
0.07
0.07
0.07
0.08
0.07
0.07
0.07
0.06
0.06
0.06
0.06
0.06
0.06
0.06
0.06
0.14	85.98
0.14
0.14
0.14
0.14
0.14
0.14
0.14
0.13
0.13
0.13
0.13
0.13
0.12
0.13
0.12
0.14
0.14
0.14
0.14
0.14
0.14
0.14
0.14
0.14
0.14
0.14
0.14
5.78
0.18
0.18
0.18
CorWatt	PkgWatt
12.53	161.73
0.09	75.61
0.08
0.08
0.08
0.08
0.08
0.08
0.08
0.07
0.07
0.07
0.07
0.07
0.07
0.07
0.07
0.08
0.08
0.08
0.08
0.09
0.08
0.08
0.08
0.07
0.07
0.07
0.07
0.07
0.07
0.07
0.07
0.14	86.19
0.14
0.14
0.14
0.14
0.14
0.14
0.14
0.13
0.13
0.13
0.13
0.13
0.13
0.13
0.13
0.14
0.14
0.14
0.14
0.14
0.14
0.14
0.14
0.14
0.14
0.14
0.14
5.79
0.18
0.18
0.18
CorWatt	PkgWatt
12.33	163.21
0.08	75.29
0.08
0.08
0.08
0.07
0.08
0.08
0.07
0.06
0.06
0.06
0.06
0.06
0.06
0.06
0.06
0.07
0.07
0.07
0.07
0.08
0.07
0.07
0.07
0.06
0.06
0.06
0.06
0.06
0.06
0.06
0.06
0.14	87.88
0.14
0.14
0.14
0.14
0.14
0.14
0.14
0.13
0.13
0.13
0.13
0.13
0.13
0.13
0.13
0.14
0.14
0.14
0.14
0.14
0.14
0.14
0.14
0.14
0.14
0.14
0.14
5.79
0.18
0.18
0.18
CorWatt	PkgWatt
4.85	151.48
0.08	75.22
0.07
0.07
0.07
0.07
0.07
0.08
0.07
0.06
0.06
0.06
0.06
0.06
0.06
0.06
0.06
0.07
0.07
0.07
0.07
0.08
0.07
0.07
0.07
0.06
0.06
0.06
0.06
0.06
0.06
0.06
0.06
0.06	76.29
0.06
0.07
0.06
0.06
0.07
0.07
0.07
0.06
0.06
0.06
0.06
0.06
0.06
0.06
0.06
0.06
0.06
0.06
0.06
0.07
0.07
0.07
0.07
0.06
0.06
0.06
0.06
0.69
0.07
0.07
0.07
CorWatt	PkgWatt
3.87	150.07
0.08	75.14
0.07
0.07
0.07
0.07
0.07
0.07
0.07
0.06
0.06
0.06
0.06
0.06
0.06
0.06
0.06
0.07
0.07
0.07
0.07
0.08
0.07
0.07
0.07
0.06
0.06
0.06
0.06
0.06
0.06
0.06
0.06
0.06	75.02
0.06
0.06
0.05
0.06
0.06
0.06
0.06
0.05
0.05
0.05
0.05
0.05
0.05
0.05
0.05
0.05
0.05
0.05
0.05
0.06
0.06
0.06
0.06
0.05
0.05
0.05
0.05
0.06
0.05
0.05
0.05
CorWatt	PkgWatt
4.21	150.91
0.08	75.59
0.08
0.08
0.08
0.08
0.08
0.08
0.08
0.07
0.07
0.07
0.07
0.07
0.06
0.07
0.07
0.08
0.08
0.08
0.08
0.09
0.08
0.08
0.08
0.07
0.07
0.07
0.07
0.07
0.07
0.06
0.06
0.06	75.22
0.06
0.06
0.06
0.06
0.06
0.06
0.06
0.05
0.06
0.05
0.06
0.06
0.05
0.05
0.05
0.06
0.06
0.06
0.06
0.07
0.07
0.07
0.07
0.06
0.06
0.06
0.06
0.06
0.06
0.05
0.06
CorWatt	PkgWatt
11.35	160.12
0.08	75.26
0.08
0.07
0.07
0.07
0.07
0.08
0.07
0.06
0.06
0.06
0.06
0.06
0.06
0.06
0.06
0.07
0.07
0.07
0.07
0.08
0.07
0.07
0.07
0.06
0.06
0.06
0.06
0.06
0.06
0.06
0.06
0.13	84.89
0.13
0.14
0.13
0.13
0.13
0.13
0.13
0.16
0.16
0.16
5.12
0.12
0.12
0.12
0.12
0.13
0.13
0.13
0.13
0.13
0.14
0.13
0.13
0.13
0.13
0.13
0.13
0.12
0.12
0.12
0.12
CorWatt	PkgWatt
12.29	161.49
0.08	75.34
0.08
0.08
0.08
0.07
0.07
0.08
0.07
0.06
0.06
0.06
0.06
0.06
0.06
0.06
0.06
0.07
0.07
0.07
0.07
0.08
0.07
0.07
0.07
0.06
0.06
0.06
0.06
0.06
0.06
0.06
0.06
0.14	86.09
0.14
0.14
0.14
0.14
0.14
0.14
0.14
0.18
0.18
0.18
5.75
0.13
0.13
0.13
0.13
0.14
0.14
0.14
0.14
0.14
0.15
0.14
0.14
0.14
0.14
0.14
0.14
0.13
0.13
0.13
0.13
CorWatt	PkgWatt
12.39	161.39
0.08	75.40
0.08
0.08
0.08
0.07
0.08
0.07
0.07
0.06
0.06
0.06
0.06
0.06
0.06
0.14
0.06
0.08
0.08
0.08
0.08
0.08
0.07
0.07
0.07
0.07
0.07
0.07
0.06
0.06
0.06
0.06
0.06
0.14	86.11
0.14
0.14
0.14
0.14
0.14
0.14
0.14
0.18
0.18
0.18
5.72
0.13
0.13
0.13
0.13
0.14
0.14
0.14
0.14
0.14
0.15
0.14
0.14
0.14
0.14
0.14
0.14
0.13
0.13
0.13
0.13
CorWatt	PkgWatt
12.42	161.87
0.08	75.52
0.08
0.08
0.08
0.08
0.08
0.08
0.08
0.06
0.07
0.06
0.06
0.07
0.06
0.07
0.06
0.08
0.08
0.08
0.08
0.09
0.07
0.07
0.07
0.07
0.07
0.07
0.07
0.06
0.06
0.06
0.06
0.14	86.20
0.14
0.14
0.14
0.14
0.14
0.14
0.14
0.18
0.18
0.18
5.73
0.13
0.13
0.13
0.13
0.14
0.14
0.14
0.14
0.14
0.15
0.14
0.14
0.14
0.14
0.14
0.14
0.13
0.13
0.13
0.13
CorWatt	PkgWatt
12.17	161.26
0.08	75.27
0.08
0.07
0.07
0.07
0.07
0.08
0.07
0.06
0.06
0.06
0.06
0.06
0.06
0.06
0.06
0.07
0.07
0.07
0.07
0.08
0.07
0.07
0.07
0.06
0.06
0.06
0.06
0.06
0.06
0.06
0.06
0.14	86.03
0.14
0.14
0.14
0.14
0.14
0.14
0.14
0.18
0.18
0.18
5.66
0.13
0.13
0.13
0.13
0.14
0.14
0.14
0.14
0.14
0.15
0.14
0.15
0.14
0.14
0.14
0.14
0.13
0.13
0.13
0.13
CorWatt	PkgWatt
12.20	161.26
0.08	75.25
0.08
0.08
0.08
0.07
0.07
0.07
0.07
0.06
0.06
0.06
0.06
0.06
0.06
0.06
0.06
0.07
0.07
0.07
0.07
0.08
0.07
0.07
0.07
0.06
0.06
0.06
0.06
0.06
0.06
0.06
0.06
0.14	86.10
0.14
0.14
0.14
0.14
0.14
0.14
0.14
0.18
0.18
0.18
5.65
0.13
0.13
0.13
0.13
0.14
0.14
0.14
0.14
0.14
0.15
0.14
0.15
0.14
0.14
0.14
0.14
0.13
0.13
0.13
0.13
CorWatt	PkgWatt
12.09	161.35
0.08	75.15
0.07
0.07
0.07
0.07
0.07
0.07
0.07
0.06
0.06
0.06
0.06
0.06
0.06
0.06
0.06
0.07
0.07
0.07
0.07
0.08
0.07
0.07
0.07
0.06
0.06
0.06
0.06
0.06
0.06
0.06
0.06
0.14	86.06
0.14
0.14
0.14
0.14
0.14
0.14
0.14
0.17
0.17
0.17
5.64
0.12
0.12
0.13
0.12
0.14
0.14
0.14
0.14
0.14
0.15
0.14
0.14
0.14
0.14
0.14
0.14
0.13
0.13
0.13
0.13
CorWatt	PkgWatt
12.35	161.67
0.08	75.54
0.08
0.08
0.08
0.07
0.08
0.08
0.08
0.06
0.06
0.06
0.06
0.07
0.07
0.06
0.07
0.08
0.08
0.08
0.08
0.09
0.07
0.07
0.07
0.07
0.07
0.07
0.07
0.06
0.07
0.06
0.06
0.14	86.15
0.14
0.14
0.14
0.14
0.14
0.14
0.14
0.18
0.18
0.18
5.65
0.13
0.13
0.13
0.13
0.14
0.14
0.14
0.14
0.15
0.15
0.14
0.15
0.14
0.14
0.14
0.14
0.13
0.13
0.13
0.13
CorWatt	PkgWatt
12.25	161.36
0.08	75.34
0.08
0.08
0.08
0.07
0.07
0.08
0.07
0.06
0.06
0.06
0.06
0.06
0.06
0.06
0.06
0.07
0.07
0.07
0.07
0.08
0.07
0.07
0.07
0.06
0.06
0.06
0.06
0.06
0.06
0.06
0.06
0.14	86.14
0.14
0.14
0.14
0.14
0.14
0.14
0.14
0.18
0.18
0.18
5.66
0.13
0.13
0.13
0.13
0.14
0.14
0.14
0.14
0.15
0.15
0.14
0.14
0.14
0.14
0.14
0.14
0.14
0.13
0.13
0.13
CorWatt	PkgWatt
12.18	161.36
0.08	75.23
0.08
0.08
0.08
0.07
0.07
0.07
0.07
0.06
0.06
0.06
0.06
0.06
0.06
0.06
0.06
0.07
0.07
0.07
0.07
0.08
0.07
0.07
0.07
0.06
0.06
0.06
0.06
0.06
0.06
0.06
0.06
0.14	86.04
0.14
0.14
0.14
0.14
0.14
0.14
0.14
0.18
0.18
0.18
5.65
0.13
0.13
0.13
0.13
0.14
0.14
0.14
0.14
0.14
0.15
0.14
0.14
0.14
0.14
0.14
0.14
0.13
0.13
0.13
0.13
CorWatt	PkgWatt
4.47	151.01
0.08	75.12
0.07
0.07
0.07
0.07
0.07
0.07
0.07
0.06
0.06
0.06
0.06
0.06
0.06
0.06
0.06
0.07
0.07
0.07
0.07
0.08
0.07
0.07
0.07
0.06
0.06
0.06
0.06
0.06
0.06
0.06
0.06
0.06	75.91
0.06
0.06
0.06
0.06
0.06
0.06
0.06
0.07
0.07
0.06
0.46
0.06
0.06
0.06
0.06
0.06
0.06
0.06
0.06
0.07
0.07
0.07
0.07
0.06
0.06
0.06
0.06
0.06
0.06
0.06
0.06
CorWatt	PkgWatt
4.19	150.79
0.08	75.43
0.08
0.08
0.08
0.07
0.08
0.08
0.07
0.06
0.06
0.06
0.06
0.06
0.07
0.06
0.06
0.08
0.08
0.08
0.08
0.08
0.07
0.07
0.07
0.07
0.07
0.06
0.07
0.06
0.06
0.06
0.06
0.06	75.42
0.06
0.06
0.06
0.06
0.06
0.06
0.06
0.06
0.06
0.06
0.06
0.06
0.06
0.06
0.06
0.06
0.06
0.06
0.07
0.07
0.07
0.07
0.07
0.06
0.06
0.06
0.06
0.06
0.06
0.06
0.06
CorWatt	PkgWatt
3.95	150.30
0.08	75.34
0.08
0.07
0.07
0.07
0.07
0.08
0.07
0.06
0.06
0.06
0.06
0.07
0.06
0.13
0.06
0.07
0.07
0.07
0.07
0.08
0.07
0.07
0.07
0.06
0.06
0.06
0.06
0.06
0.06
0.06
0.06
0.05	74.91
0.05
0.05
0.05
0.05
0.06
0.05
0.05
0.05
0.05
0.05
0.05
0.05
0.05
0.05
0.05
0.05
0.05
0.05
0.05
0.06
0.06
0.06
0.06
0.05
0.05
0.05
0.05
0.05
0.05
0.05
0.05
CorWatt	PkgWatt
11.51	160.18
0.08	75.16
0.07
0.07
0.07
0.07
0.07
0.07
0.07
0.06
0.06
0.06
0.06
0.06
0.06
0.06
0.06
0.07
0.07
0.07
0.07
0.08
0.07
0.07
0.07
0.06
0.06
0.06
0.06
0.06
0.06
0.06
0.06
0.13	84.99
0.13
0.13
0.13
0.13
0.13
0.13
0.13
0.12
0.12
0.12
0.12
0.13
0.12
0.12
0.12
0.13
0.13
0.13
0.14
0.18
0.18
0.18
5.33
0.12
0.12
0.12
0.12
0.12
0.12
0.12
0.12
CorWatt	PkgWatt
12.09	160.88
0.08	75.20
0.07
0.07
0.07
0.07
0.07
0.07
0.07
0.06
0.06
0.06
0.06
0.06
0.06
0.06
0.06
0.07
0.07
0.07
0.07
0.08
0.07
0.07
0.07
0.06
0.06
0.06
0.06
0.06
0.06
0.06
0.06
0.13	85.78
0.13
0.13
0.13
0.14
0.14
0.14
0.14
0.13
0.13
0.13
0.13
0.13
0.12
0.13
0.13
0.14
0.14
0.13
0.14
0.19
0.19
0.19
5.73
0.13
0.13
0.13
0.13
0.13
0.13
0.13
0.13
CorWatt	PkgWatt
12.30	161.51
0.08	75.51
0.08
0.08
0.08
0.08
0.08
0.08
0.08
0.06
0.06
0.07
0.06
0.06
0.07
0.06
0.07
0.08
0.08
0.08
0.08
0.09
0.07
0.07
0.08
0.07
0.07
0.07
0.07
0.06
0.07
0.06
0.06
0.14	85.89
0.14
0.14
0.14
0.14
0.14
0.14
0.14
0.13
0.13
0.13
0.13
0.13
0.13
0.13
0.13
0.14
0.14
0.14
0.14
0.19
0.19
0.19
5.68
0.13
0.13
0.13
0.13
0.13
0.13
0.13
0.13
CorWatt	PkgWatt
12.02	160.94
0.08	75.24
0.07
0.07
0.07
0.07
0.07
0.07
0.07
0.06
0.06
0.06
0.06
0.06
0.06
0.06
0.06
0.07
0.07
0.07
0.07
0.08
0.07
0.07
0.07
0.06
0.06
0.06
0.06
0.06
0.06
0.06
0.06
0.13	85.66
0.13
0.13
0.13
0.14
0.14
0.14
0.14
0.12
0.12
0.12
0.12
0.12
0.12
0.12
0.12
0.14
0.14
0.13
0.14
0.19
0.19
0.19
5.69
0.13
0.13
0.13
0.12
0.12
0.12
0.12
0.13
CorWatt	PkgWatt
12.19	160.91
0.08	75.27
0.08
0.08
0.08
0.07
0.07
0.08
0.07
0.06
0.06
0.06
0.06
0.06
0.06
0.06
0.06
0.07
0.08
0.08
0.08
0.08
0.07
0.07
0.07
0.07
0.06
0.06
0.06
0.06
0.06
0.06
0.06
0.14	85.79
0.13
0.14
0.14
0.14
0.14
0.14
0.14
0.13
0.13
0.13
0.12
0.12
0.12
0.13
0.12
0.14
0.14
0.14
0.14
0.19
0.19
0.19
5.72
0.13
0.13
0.13
0.13
0.13
0.13
0.13
0.13
CorWatt	PkgWatt
12.11	161.15
0.08	75.21
0.07
0.07
0.07
0.07
0.07
0.07
0.07
0.06
0.06
0.06
0.06
0.06
0.06
0.06
0.06
0.07
0.07
0.07
0.07
0.08
0.07
0.07
0.07
0.06
0.06
0.06
0.06
0.06
0.06
0.06
0.06
0.14	85.83
0.14
0.13
0.14
0.14
0.14
0.14
0.14
0.13
0.13
0.13
0.12
0.13
0.13
0.13
0.12
0.14
0.14
0.13
0.14
0.19
0.19
0.19
5.75
0.13
0.13
0.13
0.13
0.13
0.13
0.12
0.13
CorWatt	PkgWatt
12.37	161.34
0.08	75.51
0.08
0.08
0.08
0.07
0.08
0.08
0.08
0.07
0.06
0.07
0.07
0.06
0.06
0.07
0.07
0.08
0.08
0.08
0.08
0.09
0.07
0.07
0.07
0.07
0.07
0.07
0.07
0.07
0.07
0.06
0.06
0.14	85.94
0.14
0.14
0.14
0.14
0.14
0.14
0.14
0.13
0.13
0.13
0.13
0.13
0.13
0.13
0.13
0.14
0.14
0.14
0.14
0.19
0.19
0.19
5.75
0.13
0.13
0.13
0.13
0.13
0.13
0.13
0.13
CorWatt	PkgWatt
12.10	161.00
0.08	75.21
0.07
0.07
0.07
0.07
0.07
0.07
0.07
0.06
0.06
0.06
0.06
0.06
0.06
0.06
0.06
0.07
0.07
0.07
0.07
0.08
0.07
0.07
0.07
0.06
0.06
0.06
0.06
0.06
0.06
0.06
0.06
0.14	85.77
0.14
0.14
0.13
0.14
0.14
0.14
0.14
0.12
0.12
0.12
0.12
0.12
0.12
0.12
0.12
0.14
0.14
0.14
0.14
0.19
0.19
0.19
5.74
0.13
0.13
0.13
0.13
0.13
0.13
0.13
0.13
CorWatt	PkgWatt
12.18	161.20
0.08	75.22
0.08
0.08
0.08
0.07
0.07
0.07
0.07
0.06
0.06
0.06
0.06
0.06
0.06
0.06
0.06
0.07
0.07
0.07
0.07
0.08
0.07
0.07
0.07
0.06
0.06
0.07
0.06
0.06
0.06
0.06
0.06
0.14	85.90
0.14
0.13
0.14
0.14
0.14
0.14
0.14
0.13
0.13
0.13
0.12
0.13
0.13
0.13
0.13
0.14
0.14
0.14
0.14
0.19
0.19
0.19
5.73
0.13
0.13
0.13
0.13
0.13
0.13
0.13
0.13
CorWatt	PkgWatt
12.26	161.14
0.08	75.43
0.08
0.08
0.08
0.07
0.07
0.07
0.07
0.06
0.06
0.06
0.06
0.06
0.07
0.14
0.06
0.08
0.08
0.07
0.07
0.08
0.07
0.07
0.07
0.06
0.06
0.06
0.06
0.06
0.06
0.06
0.06
0.14	85.81
0.13
0.13
0.14
0.14
0.14
0.14
0.14
0.13
0.13
0.13
0.12
0.13
0.12
0.13
0.12
0.14
0.14
0.14
0.14
0.19
0.19
0.19
5.72
0.13
0.13
0.13
0.13
0.13
0.13
0.13
0.13
CorWatt	PkgWatt
4.53	151.34
0.08	75.47
0.08
0.08
0.08
0.07
0.08
0.08
0.08
0.06
0.06
0.06
0.06
0.06
0.07
0.07
0.07
0.08
0.08
0.08
0.08
0.08
0.07
0.07
0.07
0.07
0.07
0.07
0.07
0.06
0.06
0.06
0.06
0.07	75.80
0.06
0.06
0.06
0.07
0.07
0.07
0.07
0.06
0.06
0.06
0.06
0.06
0.06
0.06
0.06
0.06
0.06
0.06
0.06
0.08
0.08
0.08
0.26
0.06
0.06
0.06
0.07
0.06
0.06
0.06
0.06
CorWatt	PkgWatt
3.84	150.22
0.07	75.15
0.07
0.07
0.07
0.07
0.07
0.07
0.07
0.06
0.06
0.06
0.06
0.06
0.06
0.06
0.06
0.07
0.07
0.07
0.07
0.08
0.07
0.07
0.07
0.06
0.06
0.06
0.06
0.06
0.06
0.06
0.06
0.06	75.05
0.05
0.05
0.06
0.05
0.06
0.05
0.05
0.05
0.05
0.06
0.05
0.05
0.05
0.05
0.05
0.05
0.05
0.05
0.06
0.06
0.07
0.06
0.07
0.05
0.05
0.05
0.06
0.05
0.05
0.05
0.05
CorWatt	PkgWatt
3.80	149.86
0.07	75.10
0.07
0.07
0.07
0.07
0.07
0.07
0.07
0.06
0.06
0.06
0.06
0.06
0.06
0.06
0.06
0.07
0.07
0.07
0.07
0.08
0.07
0.07
0.07
0.06
0.06
0.06
0.06
0.06
0.06
0.06
0.06
0.05	74.89
0.05
0.05
0.05
0.05
0.05
0.05
0.05
0.05
0.05
0.05
0.05
0.05
0.05
0.05
0.05
0.05
0.05
0.05
0.05
0.06
0.06
0.06
0.07
0.05
0.05
0.05
0.05
0.05
0.05
0.05
0.05
CorWatt	PkgWatt
11.83	160.85
0.08	75.17
0.08
0.08
0.07
0.07
0.07
0.07
0.07
0.06
0.06
0.06
0.06
0.06
0.06
0.06
0.06
0.07
0.07
0.07
0.07
0.08
0.07
0.07
0.07
0.06
0.06
0.06
0.06
0.06
0.06
0.06
0.06
0.13	85.52
0.13
0.13
0.13
0.18
0.19
5.53
0.19
0.12
0.12
0.12
0.12
0.12
0.12
0.12
0.12
0.14
0.14
0.13
0.14
0.14
0.14
0.14
0.14
0.13
0.13
0.13
0.13
0.12
0.12
0.12
0.12
CorWatt	PkgWatt
12.41	161.55
0.09	75.62
0.08
0.08
0.08
0.08
0.08
0.08
0.08
0.07
0.07
0.07
0.07
0.07
0.07
0.07
0.07
0.08
0.08
0.08
0.08
0.09
0.08
0.08
0.08
0.07
0.07
0.07
0.07
0.07
0.07
0.07
0.07
0.14	85.91
0.14
0.14
0.14
0.19
0.20
5.74
0.19
0.13
0.13
0.13
0.13
0.13
0.13
0.13
0.13
0.14
0.14
0.14
0.14
0.14
0.14
0.14
0.14
0.13
0.13
0.13
0.13
0.13
0.13
0.13
0.13
CorWatt	PkgWatt
12.02	160.67
0.08	75.06
0.07
0.07
0.07
0.07
0.07
0.07
0.07
0.06
0.06
0.06
0.06
0.06
0.06
0.06
0.06
0.07
0.07
0.07
0.07
0.08
0.07
0.07
0.07
0.06
0.06
0.06
0.06
0.06
0.06
0.06
0.06
0.14	85.71
0.14
0.14
0.14
0.19
0.20
5.68
0.19
0.12
0.13
0.13
0.12
0.13
0.12
0.13
0.12
0.14
0.14
0.14
0.14
0.14
0.14
0.14
0.14
0.13
0.13
0.13
0.13
0.13
0.13
0.13
0.13
CorWatt	PkgWatt
12.14	161.27
0.08	75.29
0.08
0.08
0.08
0.07
0.07
0.07
0.07
0.06
0.06
0.06
0.06
0.06
0.06
0.06
0.06
0.07
0.07
0.07
0.07
0.08
0.07
0.07
0.07
0.06
0.06
0.06
0.06
0.06
0.06
0.06
0.06
0.14	85.88
0.14
0.14
0.14
0.19
0.20
5.70
0.19
0.13
0.13
0.13
0.12
0.12
0.12
0.12
0.12
0.14
0.14
0.14
0.14
0.14
0.14
0.14
0.14
0.13
0.13
0.13
0.13
0.13
0.13
0.13
0.13
CorWatt	PkgWatt
12.09	160.98
0.08	75.23
0.07
0.07
0.07
0.07
0.07
0.07
0.07
0.06
0.06
0.06
0.06
0.06
0.06
0.06
0.06
0.07
0.07
0.07
0.07
0.08
0.07
0.07
0.07
0.06
0.06
0.06
0.06
0.06
0.06
0.06
0.06
0.14	85.76
0.14
0.14
0.14
0.19
0.20
5.72
0.19
0.12
0.12
0.13
0.12
0.13
0.12
0.13
0.12
0.14
0.14
0.14
0.14
0.14
0.14
0.14
0.14
0.13
0.13
0.13
0.13
0.13
0.12
0.12
0.13
CorWatt	PkgWatt
12.38	161.47
0.09	75.53
0.08
0.08
0.08
0.07
0.08
0.08
0.07
0.06
0.06
0.06
0.06
0.07
0.07
0.07
0.07
0.08
0.08
0.08
0.08
0.09
0.07
0.07
0.08
0.07
0.07
0.07
0.07
0.06
0.07
0.07
0.07
0.14	86.01
0.14
0.14
0.14
0.19
0.20
5.71
0.19
0.13
0.13
0.13
0.13
0.13
0.13
0.13
0.13
0.14
0.14
0.14
0.14
0.14
0.14
0.14
0.14
0.13
0.14
0.13
0.13
0.13
0.13
0.13
0.13
CorWatt	PkgWatt
12.23	161.26
0.08	75.38
0.08
0.08
0.08
0.07
0.07
0.07
0.07
0.06
0.06
0.06
0.06
0.06
0.06
0.13
0.06
0.07
0.07
0.07
0.07
0.08
0.07
0.07
0.07
0.06
0.06
0.06
0.06
0.06
0.06
0.06
0.06
0.14	85.83
0.14
0.14
0.14
0.19
0.20
5.70
0.19
0.12
0.13
0.13
0.12
0.13
0.13
0.13
0.12
0.14
0.14
0.14
0.14
0.14
0.14
0.14
0.14
0.13
0.13
0.13
0.13
0.13
0.12
0.13
0.13
CorWatt	PkgWatt
12.04	160.94
0.08	75.11
0.07
0.07
0.07
0.07
0.07
0.07
0.07
0.06
0.06
0.06
0.06
0.06
0.06
0.06
0.06
0.07
0.07
0.07
0.07
0.08
0.07
0.07
0.07
0.06
0.06
0.06
0.06
0.06
0.06
0.06
0.06
0.14	85.79
0.14
0.14
0.14
0.19
0.19
5.68
0.19
0.12
0.12
0.12
0.12
0.12
0.12
0.13
0.12
0.14
0.14
0.14
0.14
0.14
0.14
0.14
0.14
0.13
0.13
0.13
0.13
0.13
0.13
0.13
0.13
CorWatt	PkgWatt
12.16	160.90
0.08	75.24
0.08
0.08
0.08
0.07
0.07
0.07
0.07
0.06
0.06
0.06
0.06
0.06
0.06
0.06
0.06
0.07
0.07
0.07
0.07
0.08
0.07
0.07
0.07
0.06
0.06
0.06
0.06
0.06
0.06
0.06
0.06
0.14	85.78
0.14
0.14
0.14
0.19
0.20
5.71
0.19
0.13
0.13
0.13
0.13
0.13
0.13
0.13
0.13
0.14
0.14
0.14
0.14
0.14
0.14
0.14
0.14
0.13
0.13
0.13
0.13
0.13
0.13
0.13
0.13
CorWatt	PkgWatt
12.40	161.61
0.09	75.63
0.08
0.08
0.08
0.08
0.08
0.08
0.08
0.07
0.07
0.07
0.07
0.07
0.07
0.07
0.07
0.08
0.08
0.08
0.08
0.09
0.08
0.08
0.08
0.07
0.07
0.07
0.07
0.07
0.07
0.07
0.07
0.14	86.00
0.14
0.14
0.14
0.19
0.20
5.69
0.20
0.13
0.13
0.13
0.13
0.13
0.13
0.13
0.13
0.14
0.14
0.14
0.14
0.14
0.14
0.14
0.15
0.13
0.14
0.13
0.13
0.13
0.13
0.13
0.13
CorWatt	PkgWatt
4.00	152.13
0.08	77.10
0.08
0.08
0.08
0.07
0.07
0.08
0.07
0.06
0.06
0.06
0.06
0.06
0.06
0.06
0.06
0.08
0.08
0.08
0.07
0.08
0.07
0.07
0.11
0.06
0.06
0.07
0.06
0.06
0.06
0.06
0.06
0.06	74.98
0.05
0.05
0.05
0.06
0.06
0.06
0.06
0.05
0.05
0.05
0.05
0.05
0.05
0.05
0.06
0.05
0.05
0.05
0.05
0.06
0.07
0.06
0.06
0.05
0.05
0.05
0.05
0.05
0.05
0.05
0.05
CorWatt	PkgWatt
4.05	150.44
0.08	75.46
0.08
0.08
0.08
0.07
0.08
0.08
0.07
0.06
0.06
0.06
0.06
0.06
0.07
0.06
0.06
0.08
0.08
0.08
0.08
0.09
0.07
0.07
0.07
0.07
0.07
0.08
0.08
0.06
0.07
0.06
0.07
0.06	75.07
0.05
0.05
0.05
0.06
0.06
0.06
0.06
0.05
0.05
0.06
0.05
0.05
0.05
0.05
0.06
0.05
0.05
0.05
0.06
0.06
0.06
0.06
0.06
0.05
0.05
0.05
0.05
0.05
0.05
0.05
0.05
CorWatt	PkgWatt
3.94	150.46
0.08	75.34
0.08
0.08
0.08
0.07
0.07
0.08
0.07
0.06
0.06
0.06
0.06
0.06
0.06
0.06
0.06
0.08
0.08
0.07
0.07
0.08
0.07
0.07
0.07
0.07
0.06
0.07
0.07
0.06
0.06
0.06
0.06
0.05	74.99
0.05
0.05
0.05
0.06
0.06
0.06
0.05
0.05
0.05
0.05
0.05
0.05
0.05
0.05
0.05
0.05
0.05
0.05
0.08
0.06
0.06
0.06
0.06
0.05
0.05
0.05
0.05
0.05
0.05
0.05
0.05
CorWatt	PkgWatt
12.08	160.87
0.09	75.65
0.08
0.08
0.08
0.08
0.08
0.08
0.08
0.07
0.07
0.07
0.07
0.07
0.07
0.07
0.07
0.08
0.08
0.08
0.08
0.09
0.08
0.08
0.08
0.07
0.07
0.07
0.07
0.07
0.07
0.07
0.07
0.13	85.33
0.13
0.13
0.13
0.14
0.13
0.13
0.13
0.13
0.13
0.12
0.13
0.12
0.12
0.12
0.12
0.18
0.18
0.18
5.49
0.14
0.14
0.14
0.14
0.13
0.13
0.13
0.13
0.13
0.13
0.13
0.13
CorWatt	PkgWatt
11.63	160.51
0.08	75.34
0.08
0.08
0.08
0.07
0.07
0.07
0.07
0.06
0.06
0.06
0.06
0.06
0.06
0.06
0.06
0.08
0.08
0.08
0.07
0.08
0.07
0.07
0.07
0.06
0.06
0.07
0.07
0.06
0.06
0.06
0.06
0.13	85.07
0.13
0.13
0.13
0.13
0.13
0.13
0.13
0.12
0.12
0.12
0.11
0.11
0.11
0.11
0.11
0.18
0.18
0.17
5.43
0.14
0.14
0.14
0.14
0.12
0.13
0.12
0.12
0.12
0.12
0.12
0.12
CorWatt	PkgWatt
11.68	160.38
0.08	75.28
0.08
0.08
0.08
0.07
0.07
0.07
0.07
0.06
0.06
0.06
0.06
0.06
0.06
0.06
0.06
0.07
0.07
0.07
0.07
0.08
0.07
0.07
0.07
0.07
0.07
0.07
0.07
0.06
0.06
0.06
0.06
0.13	85.19
0.13
0.13
0.13
0.13
0.13
0.13
0.13
0.12
0.12
0.12
0.11
0.12
0.11
0.11
0.11
0.18
0.18
0.18
5.46
0.14
0.14
0.14
0.14
0.13
0.13
0.12
0.12
0.12
0.12
0.12
0.13
CorWatt	PkgWatt
11.84	160.72
0.09	75.48
0.08
0.08
0.08
0.07
0.08
0.08
0.07
0.06
0.06
0.06
0.06
0.07
0.06
0.14
0.06
0.08
0.08
0.08
0.08
0.08
0.07
0.07
0.07
0.07
0.07
0.07
0.07
0.06
0.06
0.06
0.06
0.13	85.15
0.13
0.13
0.13
0.13
0.13
0.13
0.13
0.12
0.12
0.12
0.12
0.12
0.11
0.12
0.11
0.18
0.18
0.18
5.47
0.14
0.14
0.14
0.14
0.12
0.13
0.12
0.12
0.12
0.12
0.12
0.13
CorWatt	PkgWatt
11.87	160.79
0.08	75.58
0.08
0.08
0.08
0.07
0.08
0.08
0.07
0.06
0.06
0.06
0.07
0.07
0.07
0.07
0.07
0.08
0.08
0.08
0.08
0.08
0.07
0.07
0.07
0.07
0.07
0.07
0.07
0.06
0.06
0.06
0.06
0.13	85.20
0.13
0.13
0.13
0.13
0.13
0.13
0.13
0.12
0.12
0.12
0.12
0.12
0.12
0.12
0.12
0.18
0.18
0.18
5.46
0.14
0.14
0.14
0.14
0.13
0.13
0.13
0.13
0.13
0.13
0.13
0.13
CorWatt	PkgWatt
11.57	160.11
0.08	75.09
0.07
0.07
0.07
0.07
0.07
0.07
0.07
0.06
0.06
0.06
0.06
0.06
0.06
0.06
0.06
0.07
0.07
0.07
0.07
0.08
0.07
0.07
0.07
0.06
0.06
0.06
0.06
0.06
0.06
0.06
0.06
0.13	85.12
0.12
0.13
0.13
0.13
0.13
0.13
0.13
0.12
0.12
0.12
0.12
0.12
0.11
0.11
0.11
0.18
0.18
0.18
5.45
0.14
0.14
0.14
0.14
0.12
0.12
0.13
0.12
0.12
0.12
0.12
0.12
CorWatt	PkgWatt
11.72	160.66
0.08	75.33
0.08
0.08
0.08
0.07
0.07
0.07
0.07
0.06
0.06
0.06
0.06
0.06
0.06
0.06
0.06
0.08
0.08
0.07
0.07
0.08
0.07
0.07
0.07
0.06
0.06
0.07
0.06
0.06
0.06
0.06
0.06
0.13	85.23
0.13
0.13
0.13
0.13
0.13
0.13
0.13
0.12
0.12
0.12
0.11
0.12
0.11
0.11
0.11
0.18
0.18
0.18
5.50
0.14
0.14
0.14
0.14
0.12
0.12
0.12
0.12
0.12
0.12
0.12
0.13
CorWatt	PkgWatt
11.53	160.21
0.08	75.17
0.07
0.07
0.07
0.07
0.07
0.07
0.07
0.06
0.06
0.06
0.06
0.06
0.06
0.06
0.06
0.07
0.07
0.07
0.07
0.08
0.07
0.07
0.07
0.06
0.06
0.06
0.06
0.06
0.06
0.06
0.06
0.12	85.04
0.13
0.12
0.12
0.13
0.13
0.13
0.13
0.12
0.12
0.12
0.12
0.11
0.11
0.11
0.11
0.17
0.18
0.17
5.43
0.14
0.14
0.14
0.14
0.12
0.12
0.12
0.12
0.13
0.12
0.12
0.12
CorWatt	PkgWatt
11.86	160.73
0.08	75.43
0.08
0.08
0.08
0.07
0.07
0.08
0.07
0.06
0.06
0.06
0.06
0.07
0.07
0.06
0.06
0.08
0.08
0.08
0.08
0.08
0.07
0.07
0.07
0.07
0.07
0.07
0.07
0.06
0.06
0.06
0.06
0.13	85.36
0.13
0.13
0.13
0.13
0.13
0.13
0.13
0.12
0.12
0.12
0.12
0.12
0.12
0.12
0.12
0.18
0.18
0.18
5.48
0.14
0.14
0.14
0.14
0.13
0.13
0.13
0.13
0.13
0.13
0.13
0.13
CorWatt	PkgWatt
11.44	160.08
0.08	75.27
0.08
0.08
0.08
0.07
0.07
0.08
0.07
0.06
0.06
0.06
0.06
0.06
0.06
0.06
0.06
0.07
0.07
0.07
0.07
0.08
0.07
0.07
0.07
0.06
0.06
0.06
0.06
0.06
0.06
0.06
0.06
0.13	84.82
0.12
0.13
0.12
0.13
0.13
0.13
0.13
0.12
0.12
0.12
0.12
0.12
0.11
0.12
0.11
0.18
0.18
0.17
5.24
0.14
0.14
0.14
0.14
0.12
0.12
0.12
0.13
0.12
0.12
0.12
0.12
CorWatt	PkgWatt
3.98	150.30
0.09	75.26
0.08
0.08
0.08
0.07
0.07
0.07
0.07
0.06
0.06
0.06
0.06
0.06
0.06
0.06
0.06
0.07
0.08
0.07
0.07
0.08
0.07
0.07
0.07
0.06
0.06
0.06
0.06
0.06
0.06
0.06
0.06
0.06	75.12
0.05
0.05
0.05
0.06
0.06
0.06
0.05
0.05
0.05
0.05
0.05
0.05
0.05
0.05
0.05
0.06
0.06
0.05
0.06
0.07
0.07
0.07
0.07
0.06
0.05
0.05
0.06
0.06
0.05
0.05
0.06
CorWatt	PkgWatt
3.76	150.14
0.07	75.07
0.07
0.07
0.07
0.06
0.07
0.07
0.06
0.06
0.06
0.06
0.06
0.06
0.06
0.06
0.06
0.07
0.07
0.07
0.07
0.08
0.06
0.06
0.06
0.06
0.06
0.06
0.06
0.06
0.06
0.06
0.06
0.05	74.97
0.05
0.05
0.05
0.05
0.06
0.06
0.05
0.05
0.05
0.05
0.05
0.05
0.05
0.05
0.05
0.05
0.05
0.05
0.05
0.06
0.06
0.06
0.06
0.05
0.05
0.05
0.05
0.05
0.05
0.05
0.05
CorWatt	PkgWatt
4.59	151.37
0.08	75.55
0.08
0.08
0.08
0.07
0.08
0.08
0.07
0.06
0.07
0.07
0.07
0.07
0.07
0.07
0.07
0.08
0.08
0.08
0.08
0.09
0.08
0.08
0.08
0.07
0.07
0.07
0.07
0.07
0.07
0.07
0.07
0.06	75.79
0.06
0.06
0.06
0.06
0.07
0.06
0.06
0.06
0.06
0.06
0.06
0.06
0.06
0.06
0.06
0.06
0.07
0.06
0.07
0.08
0.08
0.07
0.07
0.06
0.06
0.06
0.06
0.31
0.06
0.06
0.06
CorWatt	PkgWatt
12.78	167.27
0.09	77.52
0.09
0.08
0.08
0.07
0.07
0.08
0.07
0.07
0.07
0.07
0.07
0.07
0.07
0.14
0.09
0.08
0.08
0.08
0.08
0.09
0.08
0.08
0.08
0.07
0.07
0.07
0.07
0.06
0.07
0.07
0.07
0.14	89.84
0.15
0.15
0.14
0.14
0.15
0.15
0.14
0.13
0.13
0.13
0.13
0.13
0.13
0.13
0.13
0.15
0.15
0.14
0.14
0.14
0.15
0.14
0.14
0.14
0.14
0.14
0.14
5.80
0.19
0.18
0.19
CorWatt	PkgWatt
12.36	161.28
0.08	75.25
0.08
0.08
0.08
0.07
0.07
0.07
0.07
0.06
0.06
0.06
0.06
0.06
0.06
0.06
0.06
0.08
0.08
0.07
0.07
0.08
0.07
0.07
0.07
0.07
0.06
0.07
0.07
0.06
0.06
0.06
0.06
0.14	86.05
0.14
0.14
0.14
0.14
0.14
0.14
0.14
0.13
0.13
0.13
0.13
0.13
0.13
0.13
0.13
0.14
0.14
0.14
0.14
0.14
0.14
0.14
0.14
0.14
0.14
0.14
0.14
5.78
0.18
0.18
0.18
CorWatt	PkgWatt
12.21	161.51
0.08	75.29
0.08
0.08
0.08
0.07
0.07
0.07
0.07
0.06
0.06
0.06
0.06
0.06
0.06
0.06
0.06
0.07
0.07
0.07
0.07
0.08
0.07
0.07
0.07
0.06
0.06
0.06
0.06
0.06
0.06
0.06
0.06
0.14	86.11
0.14
0.14
0.14
0.14
0.14
0.14
0.14
0.13
0.13
0.13
0.13
0.13
0.13
0.13
0.13
0.14
0.14
0.14
0.14
0.14
0.14
0.14
0.14
0.14
0.14
0.14
0.14
5.70
0.18
0.18
0.18
CorWatt	PkgWatt
12.49	161.63
0.09	75.67
0.08
0.08
0.08
0.08
0.08
0.09
0.08
0.07
0.07
0.07
0.07
0.07
0.07
0.07
0.07
0.08
0.08
0.08
0.08
0.09
0.08
0.08
0.08
0.07
0.07
0.07
0.07
0.07
0.07
0.07
0.07
0.14	86.08
0.14
0.14
0.14
0.14
0.15
0.14
0.14
0.13
0.13
0.13
0.13
0.13
0.13
0.13
0.13
0.14
0.14
0.14
0.14
0.15
0.15
0.14
0.14
0.14
0.14
0.14
0.14
5.68
0.18
0.18
0.18
CorWatt	PkgWatt
12.19	161.36
0.08	75.23
0.08
0.08
0.08
0.07
0.07
0.07
0.07
0.06
0.06
0.06
0.06
0.06
0.06
0.06
0.06
0.07
0.07
0.07
0.07
0.08
0.07
0.07
0.07
0.06
0.06
0.06
0.06
0.06
0.06
0.06
0.06
0.14	86.02
0.14
0.14
0.14
0.14
0.14
0.14
0.14
0.13
0.13
0.13
0.13
0.13
0.13
0.13
0.13
0.14
0.14
0.14
0.14
0.14
0.14
0.14
0.14
0.14
0.14
0.14
0.14
5.69
0.18
0.18
0.18
CorWatt	PkgWatt
12.11	161.16
0.08	75.14
0.07
0.07
0.07
0.07
0.07
0.07
0.07
0.06
0.06
0.06
0.06
0.06
0.06
0.06
0.06
0.07
0.07
0.07
0.07
0.08
0.07
0.07
0.07
0.06
0.06
0.06
0.06
0.06
0.06
0.06
0.06
0.14	86.00
0.14
0.14
0.14
0.14
0.14
0.14
0.14
0.13
0.13
0.13
0.13
0.13
0.12
0.13
0.13
0.14
0.14
0.14
0.14
0.14
0.14
0.14
0.14
0.14
0.14
0.14
0.14
5.70
0.18
0.17
0.18
CorWatt	PkgWatt
12.21	161.16
0.08	75.26
0.08
0.08
0.08
0.07
0.07
0.07
0.07
0.06
0.06
0.06
0.06
0.06
0.06
0.06
0.06
0.07
0.07
0.07
0.07
0.08
0.07
0.07
0.07
0.06
0.06
0.06
0.06
0.06
0.06
0.06
0.06
0.14	86.06
0.14
0.14
0.14
0.14
0.14
0.14
0.14
0.13
0.13
0.13
0.13
0.13
0.13
0.13
0.13
0.14
0.14
0.14
0.14
0.14
0.14
0.14
0.14
0.14
0.14
0.14
0.14
5.70
0.18
0.18
0.18
CorWatt	PkgWatt
12.68	165.95
0.09	77.64
0.09
0.09
0.09
0.08
0.09
0.08
0.08
0.07
0.07
0.08
0.07
0.07
0.07
0.08
0.08
0.08
0.08
0.08
0.08
0.09
0.08
0.08
0.08
0.07
0.08
0.07
0.07
0.07
0.07
0.07
0.07
0.15	88.18
0.15
0.15
0.15
0.15
0.15
0.15
0.15
0.13
0.13
0.14
0.13
0.13
0.13
0.13
0.13
0.14
0.15
0.14
0.14
0.15
0.15
0.15
0.15
0.14
0.14
0.14
0.14
5.67
0.19
0.18
0.19
CorWatt	PkgWatt
12.17	164.35
0.08	76.75
0.08
0.08
0.08
0.07
0.07
0.07
0.07
0.06
0.06
0.06
0.06
0.06
0.06
0.06
0.06
0.07
0.07
0.07
0.07
0.08
0.07
0.07
0.07
0.06
0.06
0.06
0.06
0.06
0.06
0.06
0.06
0.14	87.58
0.14
0.14
0.14
0.14
0.14
0.14
0.14
0.13
0.13
0.13
0.13
0.13
0.13
0.13
0.13
0.14
0.14
0.14
0.14
0.14
0.14
0.14
0.14
0.14
0.14
0.14
0.14
5.69
0.18
0.18
0.18
CorWatt	PkgWatt
11.67	160.51
0.08	75.25
0.08
0.08
0.08
0.07
0.07
0.07
0.07
0.06
0.06
0.06
0.06
0.06
0.06
0.06
0.06
0.07
0.07
0.07
0.07
0.08
0.07
0.07
0.07
0.06
0.06
0.06
0.06
0.06
0.06
0.06
0.06
0.14	85.40
0.14
0.14
0.14
0.14
0.14
0.14
0.14
0.12
0.12
0.13
0.12
0.12
0.12
0.12
0.12
0.14
0.14
0.14
0.14
0.14
0.14
0.14
0.14
0.13
0.13
0.13
0.13
5.24
0.18
0.18
0.17
CorWatt	PkgWatt
3.97	150.51
0.08	75.33
0.07
0.08
0.07
0.07
0.07
0.07
0.07
0.06
0.06
0.06
0.06
0.06
0.06
0.13
0.06
0.07
0.07
0.07
0.07
0.08
0.07
0.07
0.07
0.06
0.06
0.06
0.06
0.06
0.06
0.06
0.06
0.06	75.05
0.05
0.05
0.06
0.06
0.06
0.06
0.05
0.05
0.05
0.05
0.05
0.05
0.05
0.05
0.05
0.05
0.05
0.05
0.05
0.06
0.06
0.06
0.06
0.05
0.05
0.05
0.05
0.05
0.05
0.05
0.05
CorWatt	PkgWatt
4.17	150.65
0.08	75.39
0.08
0.08
0.08
0.07
0.08
0.08
0.07
0.06
0.06
0.06
0.07
0.06
0.06
0.06
0.06
0.08
0.08
0.08
0.08
0.08
0.07
0.07
0.07
0.07
0.07
0.07
0.07
0.06
0.06
0.06
0.06
0.06	75.32
0.06
0.06
0.06
0.06
0.06
0.06
0.06
0.06
0.06
0.06
0.06
0.06
0.06
0.06
0.06
0.06
0.06
0.06
0.06
0.07
0.07
0.07
0.07
0.06
0.06
0.06
0.06
0.06
0.06
0.06
0.06
CorWatt	PkgWatt
4.65	152.75
0.08	76.70
0.08
0.08
0.08
0.07
0.07
0.07
0.07
0.06
0.06
0.06
0.06
0.06
0.06
0.06
0.06
0.08
0.07
0.07
0.08
0.08
0.07
0.07
0.07
0.06
0.06
0.06
0.06
0.06
0.06
0.06
0.06
0.06	75.98
0.06
0.07
0.07
0.06
0.07
0.06
0.06
0.06
0.06
0.06
0.06
0.53
0.06
0.06
0.06
0.06
0.06
0.06
0.06
0.07
0.07
0.07
0.07
0.06
0.06
0.06
0.06
0.06
0.06
0.06
0.06
CorWatt	PkgWatt
12.54	162.01
0.08	75.59
0.08
0.08
0.08
0.07
0.07
0.07
0.07
0.06
0.06
0.06
0.06
0.06
0.06
0.06
0.06
0.07
0.07
0.07
0.07
0.08
0.07
0.07
0.07
0.06
0.06
0.06
0.06
0.06
0.06
0.06
0.06
0.14	86.52
0.14
0.14
0.14
0.14
0.14
0.14
0.14
0.13
0.13
0.13
0.14
5.86
0.18
0.18
0.18
0.14
0.14
0.14
0.14
0.15
0.15
0.15
0.15
0.14
0.14
0.14
0.14
0.14
0.14
0.14
0.14
CorWatt	PkgWatt
12.54	161.85
0.08	75.25
0.08
0.08
0.08
0.07
0.07
0.07
0.07
0.06
0.06
0.06
0.06
0.06
0.06
0.06
0.06
0.07
0.07
0.07
0.07
0.08
0.07
0.07
0.07
0.07
0.06
0.06
0.06
0.06
0.06
0.06
0.06
0.14	86.48
0.14
0.14
0.14
0.14
0.14
0.14
0.14
0.14
0.14
0.13
0.14
5.85
0.18
0.18
0.18
0.14
0.14
0.14
0.14
0.15
0.15
0.15
0.15
0.14
0.14
0.14
0.14
0.14
0.14
0.14
0.14
CorWatt	PkgWatt
12.67	162.08
0.09	75.55
0.08
0.08
0.08
0.07
0.08
0.08
0.08
0.07
0.07
0.07
0.07
0.07
0.07
0.06
0.06
0.08
0.08
0.08
0.08
0.09
0.08
0.07
0.08
0.07
0.07
0.07
0.07
0.06
0.06
0.06
0.06
0.14	86.51
0.14
0.14
0.14
0.14
0.14
0.14
0.14
0.14
0.14
0.14
0.14
5.81
0.18
0.18
0.18
0.14
0.14
0.14
0.14
0.15
0.16
0.15
0.15
0.14
0.14
0.14
0.14
0.14
0.14
0.14
0.14
CorWatt	PkgWatt
12.47	161.56
0.08	75.21
0.08
0.08
0.08
0.07
0.07
0.07
0.07
0.06
0.06
0.06
0.06
0.06
0.06
0.06
0.06
0.07
0.07
0.07
0.07
0.08
0.07
0.07
0.07
0.06
0.06
0.06
0.06
0.06
0.06
0.06
0.06
0.14	86.49
0.14
0.14
0.14
0.14
0.14
0.14
0.14
0.14
0.14
0.14
0.14
5.81
0.19
0.18
0.18
0.14
0.14
0.14
0.14
0.15
0.15
0.15
0.15
0.14
0.14
0.14
0.14
0.14
0.14
0.14
0.14
CorWatt	PkgWatt
12.55	161.94
0.08	75.29
0.08
0.08
0.08
0.07
0.07
0.07
0.07
0.06
0.06
0.06
0.06
0.06
0.06
0.06
0.06
0.07
0.07
0.07
0.07
0.08
0.07
0.07
0.07
0.06
0.06
0.06
0.07
0.06
0.06
0.06
0.06
0.14	86.54
0.14
0.14
0.14
0.14
0.14
0.15
0.14
0.14
0.14
0.14
0.14
5.82
0.19
0.18
0.18
0.14
0.14
0.14
0.14
0.15
0.15
0.15
0.15
0.14
0.14
0.14
0.14
0.14
0.14
0.14
0.14
CorWatt	PkgWatt
12.46	161.60
0.08	75.17
0.08
0.08
0.08
0.07
0.07
0.07
0.07
0.06
0.06
0.06
0.06
0.06
0.06
0.06
0.06
0.07
0.07
0.07
0.07
0.08
0.07
0.07
0.07
0.06
0.06
0.06
0.06
0.06
0.06
0.06
0.06
0.14	86.43
0.14
0.14
0.14
0.14
0.14
0.14
0.14
0.14
0.14
0.14
0.14
5.81
0.18
0.18
0.18
0.14
0.14
0.14
0.14
0.15
0.15
0.15
0.15
0.14
0.14
0.14
0.14
0.14
0.14
0.14
0.14
CorWatt	PkgWatt
12.85	162.13
0.09	75.66
0.08
0.08
0.08
0.07
0.08
0.08
0.08
0.07
0.07
0.07
0.07
0.07
0.07
0.14
0.07
0.08
0.08
0.08
0.08
0.09
0.08
0.07
0.08
0.07
0.07
0.07
0.07
0.07
0.07
0.07
0.07
0.14	86.56
0.14
0.14
0.14
0.14
0.15
0.15
0.14
0.14
0.14
0.14
0.14
5.84
0.19
0.18
0.18
0.14
0.15
0.14
0.14
0.16
0.16
0.15
0.15
0.14
0.14
0.14
0.14
0.14
0.14
0.14
0.15
CorWatt	PkgWatt
12.48	161.86
0.08	75.26
0.08
0.08
0.07
0.07
0.07
0.07
0.07
0.06
0.06
0.06
0.06
0.06
0.06
0.06
0.06
0.07
0.07
0.07
0.07
0.08
0.07
0.07
0.07
0.06
0.06
0.06
0.06
0.06
0.06
0.06
0.06
0.14	86.53
0.14
0.14
0.14
0.14
0.14
0.14
0.14
0.14
0.14
0.14
0.14
5.81
0.19
0.18
0.18
0.14
0.14
0.14
0.14
0.15
0.15
0.15
0.15
0.14
0.14
0.14
0.14
0.14
0.14
0.14
0.14
CorWatt	PkgWatt
12.50	161.82
0.08	75.28
0.08
0.08
0.08
0.07
0.07
0.07
0.07
0.07
0.06
0.06
0.06
0.06
0.06
0.06
0.06
0.08
0.07
0.07
0.07
0.08
0.07
0.07
0.07
0.06
0.06
0.06
0.06
0.06
0.06
0.06
0.06
0.14	86.55
0.14
0.14
0.14
0.14
0.14
0.14
0.14
0.14
0.14
0.14
0.14
5.81
0.19
0.18
0.18
0.14
0.14
0.14
0.14
0.15
0.15
0.15
0.15
0.14
0.14
0.14
0.14
0.14
0.14
0.14
0.14
CorWatt	PkgWatt
11.59	160.36
0.08	75.16
0.08
0.08
0.08
0.07
0.07
0.07
0.07
0.06
0.06
0.06
0.06
0.06
0.06
0.06
0.06
0.07
0.07
0.07
0.07
0.08
0.07
0.07
0.07
0.06
0.06
0.06
0.06
0.06
0.06
0.06
0.06
0.13	85.28
0.13
0.13
0.13
0.14
0.14
0.14
0.14
0.13
0.13
0.14
0.13
5.12
0.18
0.17
0.17
0.14
0.14
0.13
0.14
0.15
0.15
0.15
0.15
0.13
0.13
0.13
0.13
0.13
0.13
0.13
0.13
CorWatt	PkgWatt
4.24	151.00
0.08	75.36
0.08
0.08
0.08
0.07
0.08
0.08
0.07
0.07
0.06
0.06
0.06
0.06
0.06
0.06
0.06
0.08
0.08
0.08
0.08
0.08
0.07
0.07
0.07
0.07
0.07
0.07
0.06
0.06
0.06
0.06
0.06
0.07	75.57
0.06
0.06
0.06
0.07
0.06
0.06
0.06
0.06
0.06
0.06
0.06
0.06
0.06
0.06
0.06
0.06
0.07
0.06
0.06
0.07
0.07
0.07
0.08
0.06
0.06
0.06
0.06
0.06
0.06
0.06
0.06
CorWatt	PkgWatt
3.76	150.10
0.08	75.07
0.07
0.07
0.07
0.06
0.07
0.07
0.07
0.06
0.06
0.06
0.06
0.06
0.06
0.06
0.06
0.07
0.07
0.07
0.07
0.08
0.07
0.07
0.07
0.06
0.06
0.06
0.06
0.06
0.06
0.06
0.06
0.06	75.01
0.05
0.05
0.05
0.06
0.05
0.06
0.05
0.05
0.05
0.05
0.05
0.05
0.05
0.05
0.05
0.05
0.05
0.05
0.05
0.06
0.06
0.06
0.06
0.05
0.05
0.05
0.05
0.05
0.05
0.05
0.05
CorWatt	PkgWatt
4.55	151.07
0.08	75.17
0.07
0.07
0.07
0.07
0.07
0.07
0.07
0.06
0.06
0.06
0.06
0.06
0.06
0.06
0.06
0.07
0.07
0.07
0.07
0.08
0.07
0.07
0.07
0.06
0.06
0.06
0.06
0.06
0.06
0.06
0.06
0.06	75.97
0.06
0.06
0.06
0.06
0.07
0.06
0.06
0.06
0.06
0.06
0.06
0.06
0.06
0.07
0.06
0.06
0.07
0.07
0.06
0.07
0.07
0.07
0.08
0.07
0.07
0.07
0.41
0.06
0.06
0.06
0.06
CorWatt	PkgWatt
9.19	158.44
0.08	75.26
0.08
0.08
0.08
0.07
0.07
0.07
0.07
0.06
0.06
0.06
0.06
0.06
0.06
0.06
0.06
0.07
0.07
0.07
0.07
0.08
0.07
0.07
0.07
0.06
0.06
0.06
0.06
0.06
0.06
0.06
0.06
0.14	83.07
0.14
0.14
0.14
0.14
0.14
0.14
0.14
0.13
0.13
0.13
0.12
0.13
0.13
0.13
0.13
0.14
0.14
0.14
0.14
0.14
0.14
0.14
0.14
0.18
0.18
0.18
2.73
0.13
0.13
0.13
0.13
CorWatt	PkgWatt
8.84	158.22
0.08	75.49
0.08
0.08
0.08
0.07
0.08
0.08
0.07
0.07
0.06
0.06
0.06
0.06
0.06
0.06
0.06
0.08
0.08
0.08
0.08
0.08
0.07
0.07
0.07
0.07
0.07
0.07
0.07
0.06
0.06
0.06
0.06
0.14	82.74
0.14
0.14
0.14
0.14
0.14
0.14
0.14
0.13
0.13
0.13
0.13
0.13
0.13
0.13
0.13
0.14
0.14
0.14
0.14
0.14
0.14
0.14
0.15
0.18
0.18
0.18
2.24
0.13
0.13
0.13
0.13
CorWatt	PkgWatt
9.34	158.24
0.08	75.05
0.07
0.07
0.07
0.07
0.07
0.07
0.07
0.06
0.06
0.06
0.06
0.06
0.06
0.06
0.06
0.07
0.07
0.07
0.07
0.08
0.07
0.07
0.07
0.06
0.06
0.06
0.06
0.06
0.06
0.06
0.06
0.14	83.28
0.14
0.14
0.14
0.14
0.14
0.14
0.14
0.13
0.13
0.13
0.13
0.13
0.13
0.13
0.13
0.14
0.14
0.14
0.14
0.14
0.14
0.14
0.14
0.18
0.18
0.18
2.96
0.13
0.13
0.13
0.13
CorWatt	PkgWatt
10.63	159.85
0.09	75.54
0.08
0.08
0.08
0.07
0.08
0.08
0.07
0.07
0.06
0.06
0.07
0.06
0.06
0.14
0.06
0.08
0.08
0.08
0.08
0.09
0.07
0.07
0.07
0.07
0.07
0.07
0.07
0.06
0.06
0.06
0.06
0.14	84.23
0.13
0.14
0.14
0.14
0.14
0.14
0.14
0.12
0.13
0.13
0.12
0.12
0.12
0.13
0.12
0.14
0.14
0.14
0.14
0.14
0.14
0.14
0.14
0.18
0.18
0.18
4.03
0.13
0.13
0.13
0.13
CorWatt	PkgWatt
10.42	159.24
0.08	75.14
0.07
0.07
0.07
0.07
0.07
0.07
0.07
0.06
0.06
0.06
0.06
0.06
0.06
0.06
0.06
0.07
0.07
0.07
0.07
0.08
0.07
0.07
0.07
0.06
0.06
0.06
0.06
0.06
0.06
0.06
0.06
0.13	84.20
0.14
0.14
0.14
0.14
0.14
0.14
0.14
0.13
0.13
0.13
0.13
0.13
0.13
0.13
0.13
0.14
0.14
0.14
0.14
0.14
0.14
0.14
0.14
0.18
0.18
0.18
4.04
0.13
0.13
0.13
0.13
CorWatt	PkgWatt
9.43	158.87
0.09	75.47
0.08
0.08
0.08
0.07
0.08
0.08
0.07
0.07
0.06
0.06
0.07
0.06
0.06
0.06
0.06
0.08
0.08
0.08
0.08
0.08
0.07
0.07
0.07
0.07
0.07
0.07
0.07
0.06
0.06
0.06
0.06
0.14	83.26
0.14
0.14
0.14
0.15
0.14
0.14
0.14
0.13
0.13
0.13
0.13
0.13
0.13
0.13
0.13
0.14
0.14
0.14
0.14
0.14
0.14
0.14
0.14
0.18
0.18
0.18
2.81
0.13
0.13
0.13
0.13
CorWatt	PkgWatt
8.54	157.60
0.08	75.22
0.08
0.08
0.08
0.07
0.07
0.07
0.07
0.06
0.06
0.06
0.06
0.06
0.06
0.06
0.06
0.07
0.07
0.07
0.07
0.08
0.07
0.07
0.07
0.06
0.06
0.06
0.06
0.06
0.06
0.06
0.06
0.14	82.48
0.14
0.14
0.14
0.14
0.14
0.14
0.14
0.13
0.13
0.13
0.13
0.13
0.13
0.13
0.13
0.14
0.14
0.14
0.14
0.14
0.14
0.14
0.14
0.18
0.18
0.18
2.05
0.13
0.13
0.13
0.13
CorWatt	PkgWatt
8.54	157.96
0.08	75.29
0.08
0.08
0.08
0.07
0.07
0.07
0.07
0.06
0.06
0.06
0.06
0.06
0.06
0.06
0.06
0.07
0.07
0.07
0.07
0.08
0.07
0.07
0.07
0.06
0.06
0.06
0.06
0.06
0.06
0.06
0.06
0.14	82.59
0.14
0.14
0.14
0.14
0.14
0.14
0.14
0.13
0.13
0.13
0.13
0.13
0.13
0.13
0.13
0.14
0.14
0.14
0.14
0.14
0.14
0.14
0.14
0.18
0.18
0.18
2.06
0.13
0.13
0.13
0.13
CorWatt	PkgWatt
8.40	157.57
0.08	75.11
0.07
0.07
0.07
0.06
0.07
0.07
0.07
0.06
0.06
0.06
0.06
0.06
0.06
0.06
0.06
0.07
0.07
0.07
0.07
0.08
0.07
0.07
0.07
0.06
0.06
0.06
0.06
0.06
0.06
0.06
0.06
0.14	82.45
0.14
0.14
0.14
0.14
0.14
0.14
0.14
0.13
0.13
0.12
0.12
0.13
0.12
0.13
0.12
0.14
0.14
0.14
0.14
0.14
0.14
0.14
0.14
0.18
0.18
0.18
2.06
0.13
0.13
0.13
0.13
CorWatt	PkgWatt
9.38	158.70
0.08	75.57
0.08
0.08
0.08
0.07
0.08
0.08
0.08
0.07
0.07
0.07
0.07
0.07
0.06
0.06
0.06
0.08
0.08
0.08
0.08
0.09
0.08
0.08
0.08
0.07
0.07
0.07
0.07
0.07
0.07
0.07
0.07
0.14	83.20
0.14
0.14
0.14
0.15
0.14
0.14
0.14
0.13
0.13
0.13
0.13
0.13
0.13
0.13
0.13
0.14
0.14
0.14
0.14
0.14
0.14
0.14
0.14
0.18
0.18
0.18
2.68
0.13
0.13
0.13
0.13
CorWatt	PkgWatt
9.82	158.94
0.08	75.16
0.07
0.08
0.07
0.07
0.07
0.07
0.07
0.06
0.06
0.06
0.06
0.06
0.06
0.06
0.06
0.07
0.07
0.07
0.07
0.08
0.07
0.07
0.07
0.06
0.06
0.06
0.06
0.06
0.06
0.06
0.06
0.14	83.71
0.14
0.14
0.14
0.14
0.14
0.14
0.14
0.13
0.13
0.13
0.13
0.12
0.12
0.12
0.12
0.14
0.14
0.14
0.14
0.14
0.14
0.14
0.14
0.18
0.18
0.18
3.44
0.13
0.13
0.13
0.13
CorWatt	PkgWatt
7.84	155.97
0.08	75.27
0.08
0.08
0.08
0.07
0.07
0.07
0.07
0.06
0.06
0.06
0.06
0.06
0.06
0.06
0.06
0.07
0.07
0.07
0.07
0.08
0.07
0.07
0.07
0.06
0.06
0.06
0.06
0.06
0.06
0.06
0.06
0.11	80.75
0.11
0.11
0.11
0.12
0.11
0.11
0.11
0.10
0.10
0.10
0.10
0.10
0.10
0.10
0.10
0.11
0.11
0.11
0.11
0.12
0.12
0.11
0.11
0.14
0.14
0.14
2.23
0.11
0.10
0.10
0.11
CorWatt	PkgWatt
3.89	150.19
0.08	75.10
0.07
0.07
0.07
0.06
0.07
0.07
0.07
0.06
0.06
0.06
0.06
0.06
0.06
0.06
0.06
0.07
0.07
0.07
0.07
0.08
0.07
0.07
0.07
0.06
0.06
0.06
0.06
0.06
0.06
0.06
0.06
0.06	75.15
0.06
0.05
0.06
0.06
0.06
0.06
0.05
0.05
0.05
0.05
0.05
0.06
0.05
0.06
0.05
0.06
0.06
0.05
0.05
0.07
0.07
0.07
0.07
0.06
0.06
0.05
0.06
0.06
0.05
0.05
0.05
CorWatt	PkgWatt
4.26	150.91
0.08	75.55
0.08
0.08
0.08
0.07
0.08
0.08
0.07
0.07
0.07
0.07
0.07
0.07
0.06
0.13
0.06
0.08
0.08
0.08
0.08
0.08
0.07
0.07
0.07
0.07
0.07
0.07
0.07
0.06
0.06
0.07
0.06
0.06	75.31
0.06
0.06
0.06
0.06
0.06
0.06
0.06
0.06
0.05
0.06
0.06
0.06
0.05
0.05
0.05
0.06
0.06
0.06
0.06
0.07
0.07
0.07
0.07
0.06
0.06
0.06
0.06
0.06
0.05
0.05
0.06
CorWatt	PkgWatt
5.90	153.17
0.08	75.20
0.08
0.07
0.07
0.07
0.07
0.07
0.07
0.06
0.06
0.06
0.06
0.06
0.06
0.06
0.06
0.07
0.07
0.07
0.07
0.08
0.07
0.07
0.07
0.06
0.06
0.06
0.06
0.06
0.06
0.06
0.06
0.09	78.05
0.08
0.08
0.09
0.09
0.09
0.09
0.08
0.10
0.10
0.10
1.05
0.08
0.08
0.08
0.08
0.08
0.09
0.08
0.08
0.10
0.10
0.10
0.10
0.09
0.09
0.08
0.09
0.09
0.08
0.08
0.08
CorWatt	PkgWatt
9.31	158.81
0.08	75.15
0.07
0.07
0.07
0.07
0.07
0.07
0.07
0.06
0.06
0.06
0.06
0.06
0.06
0.06
0.06
0.07
0.07
0.07
0.07
0.08
0.07
0.07
0.07
0.06
0.06
0.06
0.06
0.06
0.06
0.06
0.06
0.14	83.51
0.14
0.14
0.14
0.15
0.14
0.14
0.14
0.18
0.18
0.18
2.69
0.13
0.13
0.13
0.13
0.14
0.14
0.14
0.14
0.15
0.15
0.15
0.15
0.14
0.14
0.14
0.14
0.14
0.14
0.14
0.14
CorWatt	PkgWatt
9.01	158.44
0.08	75.35
0.08
0.08
0.08
0.07
0.07
0.07
0.07
0.06
0.06
0.06
0.06
0.06
0.06
0.06
0.06
0.08
0.07
0.07
0.07
0.08
0.07
0.07
0.07
0.06
0.06
0.06
0.06
0.06
0.06
0.06
0.06
0.14	83.11
0.14
0.14
0.14
0.15
0.15
0.15
0.14
0.18
0.18
0.18
2.30
0.14
0.14
0.14
0.13
0.14
0.14
0.14
0.14
0.15
0.15
0.15
0.15
0.14
0.14
0.14
0.14
0.14
0.14
0.14
0.14
CorWatt	PkgWatt
10.33	159.68
0.08	75.46
0.08
0.08
0.08
0.07
0.08
0.08
0.07
0.07
0.07
0.06
0.07
0.06
0.06
0.06
0.06
0.08
0.08
0.08
0.08
0.09
0.07
0.07
0.07
0.07
0.07
0.07
0.07
0.06
0.06
0.06
0.06
0.15	84.35
0.14
0.14
0.14
0.15
0.15
0.15
0.14
0.18
0.18
0.18
3.49
0.14
0.13
0.13
0.13
0.14
0.15
0.15
0.14
0.15
0.16
0.15
0.16
0.14
0.14
0.14
0.14
0.14
0.14
0.14
0.14
CorWatt	PkgWatt
10.72	160.08
0.08	75.11
0.08
0.07
0.07
0.07
0.07
0.07
0.07
0.06
0.06
0.06
0.06
0.06
0.06
0.06
0.06
0.07
0.07
0.07
0.07
0.08
0.07
0.07
0.07
0.06
0.06
0.06
0.06
0.06
0.06
0.06
0.06
0.14	84.83
0.14
0.14
0.14
0.14
0.14
0.14
0.14
0.18
0.18
0.18
4.16
0.13
0.13
0.13
0.13
0.14
0.14
0.14
0.14
0.15
0.15
0.15
0.15
0.14
0.14
0.14
0.14
0.14
0.14
0.13
0.14
CorWatt	PkgWatt
10.74	160.05
0.08	75.17
0.08
0.08
0.08
0.07
0.07
0.07
0.07
0.06
0.06
0.06
0.06
0.06
0.06
0.06
0.06
0.07
0.07
0.07
0.07
0.08
0.07
0.07
0.07
0.06
0.06
0.06
0.06
0.06
0.06
0.06
0.06
0.14	84.87
0.14
0.14
0.14
0.15
0.14
0.14
0.14
0.18
0.18
0.18
4.16
0.13
0.13
0.13
0.13
0.14
0.14
0.14
0.14
0.15
0.15
0.15
0.15
0.14
0.14
0.14
0.14
0.14
0.14
0.14
0.14
CorWatt	PkgWatt
9.03	158.33
0.08	75.15
0.07
0.07
0.07
0.07
0.07
0.07
0.07
0.06
0.06
0.06
0.06
0.06
0.06
0.06
0.06
0.07
0.07
0.07
0.07
0.08
0.07
0.07
0.07
0.06
0.06
0.06
0.06
0.06
0.06
0.06
0.06
0.14	83.28
0.14
0.14
0.14
0.15
0.15
0.14
0.14
0.18
0.18
0.18
2.40
0.14
0.14
0.14
0.14
0.14
0.14
0.14
0.14
0.15
0.15
0.15
0.15
0.14
0.14
0.14
0.14
0.14
0.14
0.14
0.14
CorWatt	PkgWatt
9.02	158.70
0.09	75.52
0.08
0.08
0.08
0.07
0.08
0.08
0.07
0.07
0.07
0.07
0.07
0.06
0.06
0.06
0.06
0.08
0.08
0.08
0.08
0.09
0.08
0.07
0.07
0.07
0.07
0.07
0.07
0.06
0.06
0.06
0.06
0.15	83.09
0.15
0.14
0.14
0.15
0.15
0.15
0.14
0.18
0.18
0.18
2.11
0.14
0.14
0.14
0.14
0.14
0.15
0.14
0.14
0.16
0.16
0.16
0.16
0.15
0.15
0.14
0.14
0.14
0.14
0.14
0.14
CorWatt	PkgWatt
8.77	158.14
0.08	75.20
0.08
0.08
0.08
0.07
0.07
0.07
0.07
0.06
0.06
0.06
0.06
0.06
0.06
0.06
0.06
0.07
0.07
0.07
0.07
0.08
0.07
0.07
0.07
0.06
0.06
0.06
0.06
0.06
0.06
0.06
0.06
0.14	82.92
0.14
0.14
0.14
0.14
0.14
0.14
0.14
0.17
0.17
0.17
2.10
0.14
0.14
0.14
0.14
0.14
0.14
0.14
0.14
0.15
0.15
0.15
0.15
0.14
0.14
0.14
0.14
0.14
0.14
0.14
0.14
CorWatt	PkgWatt
9.03	158.31
0.09	75.45
0.08
0.08
0.08
0.07
0.08
0.07
0.07
0.06
0.06
0.06
0.06
0.06
0.06
0.13
0.06
0.08
0.08
0.08
0.08
0.08
0.07
0.07
0.07
0.07
0.07
0.07
0.07
0.06
0.06
0.06
0.06
0.14	83.03
0.14
0.14
0.14
0.15
0.15
0.14
0.14
0.18
0.18
0.18
2.15
0.14
0.14
0.14
0.14
0.14
0.14
0.14
0.14
0.16
0.16
0.15
0.16
0.14
0.14
0.14
0.14
0.14
0.14
0.14
0.15
CorWatt	PkgWatt
9.68	159.26
0.08	75.27
0.08
0.08
0.08
0.07
0.07
0.07
0.07
0.06
0.06
0.06
0.06
0.06
0.06
0.06
0.06
0.07
0.07
0.07
0.07
0.08
0.07
0.07
0.07
0.06
0.06
0.06
0.06
0.06
0.06
0.06
0.06
0.14	83.83
0.14
0.14
0.14
0.15
0.14
0.14
0.14
0.18
0.18
0.18
3.04
0.13
0.13
0.13
0.13
0.14
0.14
0.14
0.14
0.15
0.15
0.15
0.15
0.14
0.14
0.14
0.14
0.14
0.14
0.13
0.14
CorWatt	PkgWatt
10.28	159.65
0.08	75.41
0.08
0.08
0.08
0.07
0.08
0.08
0.07
0.06
0.06
0.06
0.06
0.06
0.06
0.06
0.06
0.08
0.08
0.08
0.08
0.08
0.07
0.07
0.07
0.07
0.07
0.07
0.07
0.06
0.06
0.06
0.06
0.14	84.25
0.14
0.14
0.14
0.14
0.14
0.14
0.14
0.18
0.18
0.18
3.55
0.13
0.13
0.13
0.13
0.14
0.15
0.14
0.14
0.15
0.15
0.15
0.15
0.14
0.14
0.14
0.14
0.14
0.13
0.13
0.14
CorWatt	PkgWatt
6.51	154.02
0.08	75.23
0.08
0.08
0.08
0.07
0.07
0.07
0.07
0.06
0.06
0.06
0.06
0.06
0.06
0.06
0.06
0.07
0.07
0.07
0.07
0.08
0.07
0.07
0.07
0.06
0.06
0.06
0.06
0.06
0.06
0.06
0.06
0.09	78.94
0.09
0.09
0.09
0.10
0.09
0.09
0.09
0.11
0.11
0.11
1.47
0.09
0.09
0.09
0.09
0.09
0.10
0.09
0.09
0.10
0.10
0.10
0.10
0.09
0.09
0.09
0.09
0.09
0.09
0.09
0.09
CorWatt	PkgWatt
3.97	150.34
0.08	75.20
0.08
0.08
0.07
0.07
0.07
0.07
0.07
0.06
0.06
0.06
0.06
0.06
0.06
0.06
0.06
0.07
0.07
0.07
0.07
0.08
0.07
0.07
0.07
0.06
0.06
0.06
0.06
0.06
0.06
0.06
0.06
0.06	75.16
0.06
0.06
0.06
0.06
0.06
0.06
0.05
0.05
0.05
0.06
0.06
0.05
0.05
0.05
0.06
0.06
0.06
0.06
0.06
0.07
0.07
0.07
0.07
0.05
0.05
0.05
0.05
0.06
0.05
0.05
0.06
CorWatt	PkgWatt
3.72	150.09
0.07	75.06
0.07
0.07
0.07
0.06
0.07
0.07
0.07
0.06
0.06
0.06
0.06
0.06
0.06
0.06
0.06
0.07
0.07
0.07
0.07
0.08
0.07
0.07
0.07
0.06
0.06
0.06
0.06
0.06
0.06
0.06
0.06
0.05	74.91
0.05
0.05
0.05
0.05
0.05
0.05
0.05
0.05
0.05
0.05
0.05
0.05
0.05
0.05
0.05
0.05
0.05
0.05
0.05
0.06
0.06
0.06
0.06
0.05
0.05
0.05
0.05
0.05
0.05
0.05
0.05
CorWatt	PkgWatt
7.56	155.82
0.08	75.47
0.08
0.08
0.08
0.07
0.08
0.08
0.07
0.06
0.07
0.06
0.06
0.06
0.06
0.06
0.07
0.08
0.08
0.08
0.08
0.09
0.07
0.07
0.08
0.07
0.07
0.07
0.07
0.06
0.06
0.06
0.06
0.11	80.32
0.11
0.11
0.11
0.11
0.11
0.11
0.11
0.10
0.10
0.10
0.10
0.11
0.10
0.10
0.10
0.11
0.11
0.11
0.11
0.14
0.14
0.14
1.84
0.11
0.11
0.11
0.11
0.10
0.10
0.10
0.10
CorWatt	PkgWatt
8.95	158.11
0.08	75.22
0.08
0.08
0.08
0.07
0.07
0.07
0.07
0.06
0.06
0.06
0.06
0.06
0.06
0.06
0.06
0.07
0.07
0.07
0.07
0.08
0.07
0.07
0.07
0.06
0.06
0.06
0.06
0.06
0.06
0.06
0.06
0.14	83.00
0.14
0.14
0.14
0.14
0.14
0.14
0.14
0.13
0.13
0.13
0.13
0.13
0.13
0.13
0.13
0.14
0.14
0.14
0.14
0.19
0.19
0.19
2.43
0.14
0.14
0.14
0.14
0.13
0.13
0.13
0.13
CorWatt	PkgWatt
8.76	158.16
0.08	75.14
0.07
0.07
0.07
0.07
0.07
0.07
0.07
0.06
0.06
0.06
0.06
0.06
0.06
0.06
0.06
0.07
0.07
0.07
0.07
0.08
0.07
0.07
0.07
0.06
0.06
0.06
0.06
0.06
0.06
0.06
0.06
0.14	82.92
0.14
0.14
0.14
0.14
0.14
0.14
0.14
0.13
0.13
0.13
0.13
0.13
0.13
0.13
0.13
0.14
0.14
0.14
0.14
0.19
0.19
0.19
2.30
0.14
0.14
0.14
0.14
0.13
0.13
0.13
0.13
CorWatt	PkgWatt
10.34	159.43
0.08	75.33
0.08
0.08
0.08
0.07
0.07
0.07
0.07
0.06
0.06
0.06
0.06
0.06
0.06
0.06
0.06
0.07
0.08
0.07
0.07
0.08
0.07
0.07
0.07
0.06
0.06
0.06
0.06
0.06
0.06
0.06
0.06
0.14	84.10
0.14
0.14
0.14
0.14
0.14
0.14
0.14
0.13
0.13
0.13
0.13
0.13
0.13
0.13
0.12
0.14
0.14
0.14
0.14
0.19
0.19
0.19
3.87
0.13
0.14
0.13
0.13
0.13
0.13
0.13
0.13
CorWatt	PkgWatt
10.92	160.11
0.09	75.72
0.08
0.08
0.08
0.08
0.08
0.08
0.08
0.07
0.07
0.07
0.07
0.07
0.07
0.14
0.07
0.08
0.08
0.08
0.08
0.09
0.08
0.08
0.08
0.07
0.07
0.07
0.07
0.07
0.07
0.07
0.07
0.14	84.50
0.14
0.14
0.14
0.14
0.14
0.14
0.14
0.13
0.13
0.13
0.13
0.13
0.13
0.13
0.13
0.14
0.14
0.14
0.14
0.20
0.19
0.19
4.09
0.14
0.14
0.14
0.13
0.13
0.13
0.13
0.14
CorWatt	PkgWatt
10.33	159.44
0.08	75.14
0.08
0.08
0.08
0.07
0.07
0.07
0.07
0.06
0.06
0.06
0.06
0.06
0.06
0.06
0.06
0.07
0.07
0.07
0.07
0.08
0.07
0.07
0.07
0.06
0.06
0.06
0.06
0.06
0.06
0.06
0.06
0.14	84.18
0.14
0.14
0.14
0.14
0.14
0.14
0.14
0.13
0.13
0.13
0.13
0.13
0.13
0.13
0.13
0.14
0.14
0.14
0.14
0.19
0.19
0.19
3.90
0.13
0.14
0.13
0.13
0.13
0.13
0.13
0.13
CorWatt	PkgWatt
8.57	157.86
0.08	75.19
0.08
0.08
0.08
0.07
0.07
0.07
0.07
0.06
0.06
0.06
0.06
0.06
0.06
0.06
0.08
0.07
0.07
0.07
0.07
0.08
0.07
0.07
0.07
0.06
0.06
0.06
0.06
0.06
0.06
0.06
0.06
0.14	82.67
0.14
0.14
0.14
0.14
0.14
0.14
0.14
0.13
0.13
0.13
0.13
0.13
0.13
0.13
0.13
0.14
0.14
0.14
0.14
0.19
0.19
0.19
2.11
0.14
0.14
0.14
0.14
0.13
0.13
0.13
0.13
CorWatt	PkgWatt
8.60	157.88
0.08	75.22
0.08
0.08
0.08
0.07
0.07
0.07
0.07
0.06
0.06
0.06
0.06
0.06
0.06
0.06
0.06
0.07
0.07
0.07
0.07
0.08
0.07
0.07
0.07
0.06
0.06
0.06
0.06
0.06
0.06
0.06
0.06
0.14	82.74
0.14
0.14
0.14
0.14
0.14
0.14
0.14
0.13
0.13
0.13
0.13
0.13
0.13
0.13
0.13
0.14
0.14
0.14
0.14
0.19
0.19
0.19
2.11
0.14
0.14
0.14
0.14
0.13
0.13
0.13
0.13
CorWatt	PkgWatt
8.85	158.47
0.09	75.55
0.08
0.08
0.08
0.07
0.08
0.08
0.07
0.06
0.07
0.06
0.07
0.07
0.06
0.06
0.07
0.08
0.08
0.08
0.08
0.09
0.08
0.08
0.08
0.07
0.07
0.07
0.07
0.06
0.07
0.06
0.06
0.14	82.85
0.14
0.14
0.14
0.14
0.15
0.14
0.14
0.13
0.13
0.13
0.13
0.13
0.13
0.13
0.13
0.14
0.15
0.14
0.14
0.20
0.19
0.19
2.11
0.14
0.14
0.14
0.14
0.13
0.13
0.13
0.13
CorWatt	PkgWatt
8.68	157.97
0.08	75.19
0.08
0.08
0.07
0.07
0.07
0.07
0.07
0.06
0.06
0.06
0.06
0.06
0.06
0.06
0.06
0.07
0.07
0.07
0.07
0.08
0.07
0.07
0.07
0.06
0.06
0.06
0.06
0.06
0.06
0.06
0.06
0.14	82.77
0.14
0.14
0.14
0.14
0.14
0.14
0.14
0.12
0.13
0.13
0.13
0.13
0.13
0.13
0.13
0.14
0.14
0.14
0.14
0.19
0.19
0.19
2.26
0.14
0.14
0.14
0.14
0.13
0.13
0.13
0.13
CorWatt	PkgWatt
9.77	158.91
0.08	75.22
0.08
0.08
0.08
0.07
0.07
0.07
0.07
0.06
0.06
0.06
0.06
0.06
0.06
0.06
0.06
0.07
0.07
0.07
0.07
0.08
0.07
0.07
0.07
0.06
0.06
0.06
0.06
0.06
0.06
0.06
0.06
0.14	83.79
0.14
0.14
0.14
0.14
0.14
0.14
0.14
0.13
0.13
0.13
0.13
0.13
0.13
0.13
0.13
0.14
0.14
0.14
0.14
0.19
0.19
0.19
3.27
0.14
0.14
0.14
0.14
0.13
0.13
0.13
0.13
CorWatt	PkgWatt
10.02	159.30
0.08	75.25
0.08
0.08
0.08
0.07
0.07
0.07
0.07
0.06
0.06
0.06
0.06
0.06
0.06
0.06
0.06
0.07
0.07
0.07
0.07
0.08
0.07
0.07
0.07
0.06
0.06
0.06
0.06
0.06
0.06
0.06
0.06
0.14	83.93
0.14
0.14
0.14
0.14
0.14
0.14
0.14
0.13
0.13
0.13
0.13
0.13
0.13
0.13
0.13
0.14
0.14
0.14
0.14
0.19
0.19
0.19
3.54
0.14
0.14
0.14
0.14
0.13
0.13
0.13
0.13
CorWatt	PkgWatt
5.38	152.34
0.09	75.59
0.08
0.08
0.08
0.08
0.08
0.08
0.08
0.07
0.07
0.07
0.07
0.07
0.06
0.06
0.07
0.08
0.08
0.08
0.08
0.09
0.08
0.08
0.08
0.07
0.07
0.07
0.07
0.07
0.07
0.07
0.07
0.08	76.92
0.08
0.07
0.07
0.08
0.08
0.08
0.07
0.07
0.07
0.07
0.07
0.07
0.07
0.07
0.07
0.08
0.08
0.08
0.08
0.10
0.10
0.09
0.65
0.07
0.07
0.07
0.08
0.07
0.07
0.07
0.08
CorWatt	PkgWatt
3.99	152.31
0.08	75.14
0.08
0.08
0.08
0.07
0.07
0.07
0.07
0.06
0.06
0.06
0.06
0.06
0.06
0.06
0.06
0.07
0.07
0.07
0.07
0.08
0.07
0.07
0.07
0.06
0.06
0.06
0.06
0.06
0.06
0.06
0.06
0.06	77.08
0.06
0.06
0.06
0.06
0.06
0.06
0.06
0.05
0.05
0.05
0.06
0.06
0.06
0.06
0.05
0.06
0.06
0.06
0.06
0.07
0.07
0.07
0.07
0.06
0.06
0.05
0.06
0.06
0.05
0.05
0.06
CorWatt	PkgWatt
3.97	150.39
0.08	75.42
0.08
0.08
0.08
0.07
0.07
0.07
0.07
0.06
0.06
0.06
0.06
0.06
0.06
0.13
0.06
0.08
0.08
0.07
0.07
0.09
0.07
0.07
0.07
0.06
0.06
0.07
0.07
0.06
0.06
0.06
0.06
0.05	74.91
0.05
0.05
0.05
0.05
0.05
0.05
0.05
0.05
0.05
0.05
0.05
0.05
0.05
0.05
0.05
0.05
0.05
0.05
0.05
0.06
0.06
0.06
0.06
0.05
0.05
0.05
0.05
0.05
0.05
0.05
0.05
CorWatt	PkgWatt
8.50	157.09
0.08	75.27
0.08
0.08
0.08
0.07
0.08
0.07
0.07
0.06
0.06
0.06
0.06
0.06
0.06
0.06
0.06
0.08
0.08
0.07
0.07
0.08
0.07
0.07
0.07
0.06
0.06
0.07
0.07
0.06
0.06
0.06
0.06
0.16	81.93
0.16
0.17
2.36
0.13
0.13
0.13
0.13
0.11
0.12
0.11
0.12
0.12
0.12
0.12
0.11
0.13
0.13
0.13
0.13
0.13
0.14
0.13
0.13
0.13
0.12
0.12
0.13
0.12
0.11
0.11
0.12
CorWatt	PkgWatt
9.03	158.53
0.09	75.44
0.08
0.08
0.08
0.07
0.08
0.07
0.07
0.06
0.06
0.06
0.06
0.06
0.06
0.06
0.06
0.08
0.08
0.08
0.08
0.09
0.07
0.07
0.07
0.07
0.07
0.07
0.07
0.06
0.06
0.06
0.06
0.19	82.96
0.19
0.19
2.38
0.14
0.14
0.14
0.14
0.13
0.13
0.13
0.13
0.13
0.13
0.13
0.13
0.14
0.14
0.14
0.14
0.15
0.15
0.14
0.15
0.14
0.14
0.14
0.14
0.13
0.13
0.13
0.13
CorWatt	PkgWatt
8.91	158.22
0.08	75.24
0.08
0.08
0.08
0.07
0.07
0.07
0.07
0.06
0.06
0.06
0.06
0.06
0.06
0.06
0.06
0.07
0.07
0.07
0.07
0.08
0.07
0.07
0.07
0.06
0.06
0.06
0.06
0.06
0.06
0.06
0.06
0.18	82.98
0.18
0.18
2.47
0.14
0.14
0.14
0.14
0.13
0.13
0.13
0.13
0.13
0.13
0.13
0.13
0.14
0.14
0.14
0.14
0.14
0.14
0.14
0.14
0.14
0.14
0.14
0.14
0.13
0.13
0.13
0.13
CorWatt	PkgWatt
10.55	159.38
0.08	75.28
0.08
0.08
0.08
0.07
0.07
0.07
0.07
0.06
0.06
0.06
0.06
0.06
0.06
0.06
0.06
0.07
0.07
0.07
0.07
0.08
0.07
0.07
0.07
0.06
0.06
0.07
0.06
0.06
0.06
0.06
0.06
0.18	84.25
0.18
0.19
4.05
0.14
0.14
0.14
0.14
0.13
0.13
0.13
0.13
0.13
0.13
0.13
0.13
0.14
0.14
0.14
0.14
0.14
0.14
0.14
0.14
0.13
0.14
0.13
0.13
0.13
0.13
0.13
0.13
CorWatt	PkgWatt
10.49	159.72
0.08	75.29
0.08
0.08
0.08
0.07
0.07
0.07
0.07
0.06
0.06
0.06
0.06
0.06
0.06
0.06
0.06
0.08
0.07
0.07
0.07
0.08
0.07
0.07
0.07
0.06
0.06
0.06
0.06
0.06
0.06
0.06
0.06
0.18	84.26
0.18
0.19
4.05
0.14
0.14
0.14
0.14
0.12
0.12
0.13
0.12
0.12
0.13
0.13
0.12
0.14
0.14
0.14
0.14
0.14
0.14
0.14
0.14
0.13
0.13
0.13
0.13
0.13
0.13
0.13
0.13
CorWatt	PkgWatt
9.98	159.11
0.08	75.34
0.08
0.08
0.08
0.07
0.07
0.07
0.07
0.06
0.06
0.06
0.06
0.06
0.06
0.06
0.06
0.08
0.08
0.08
0.08
0.08
0.07
0.07
0.07
0.06
0.06
0.07
0.06
0.06
0.06
0.06
0.06
0.19	83.89
0.19
0.19
3.40
0.14
0.15
0.14
0.14
0.13
0.13
0.13
0.13
0.13
0.13
0.13
0.13
0.14
0.14
0.14
0.14
0.14
0.15
0.14
0.15
0.14
0.14
0.14
0.13
0.13
0.13
0.13
0.13
CorWatt	PkgWatt
8.53	157.88
0.08	75.15
0.07
0.07
0.07
0.07
0.07
0.07
0.07
0.06
0.06
0.06
0.06
0.06
0.06
0.06
0.06
0.07
0.07
0.07
0.07
0.08
0.07
0.07
0.07
0.06
0.06
0.06
0.06
0.06
0.06
0.06
0.06
0.19	82.64
0.18
0.19
2.08
0.14
0.14
0.14
0.14
0.13
0.13
0.13
0.13
0.13
0.13
0.13
0.13
0.14
0.14
0.14
0.14
0.14
0.15
0.14
0.14
0.14
0.14
0.14
0.14
0.13
0.13
0.13
0.13
CorWatt	PkgWatt
8.60	157.77
0.08	75.29
0.08
0.08
0.08
0.07
0.07
0.07
0.07
0.06
0.06
0.06
0.06
0.06
0.06
0.06
0.06
0.08
0.07
0.07
0.07
0.08
0.07
0.07
0.07
0.06
0.06
0.06
0.07
0.06
0.06
0.06
0.06
0.19	82.59
0.18
0.19
2.08
0.14
0.14
0.14
0.14
0.13
0.13
0.13
0.13
0.13
0.13
0.13
0.13
0.14
0.14
0.14
0.14
0.14
0.15
0.14
0.15
0.14
0.14
0.14
0.14
0.13
0.13
0.13
0.13
CorWatt	PkgWatt
8.71	158.16
0.09	75.44
0.08
0.08
0.08
0.07
0.08
0.07
0.07
0.06
0.07
0.06
0.06
0.06
0.06
0.06
0.07
0.08
0.08
0.08
0.08
0.09
0.08
0.08
0.08
0.07
0.07
0.07
0.07
0.06
0.06
0.06
0.06
0.19	82.66
0.18
0.19
2.08
0.14
0.14
0.14
0.14
0.13
0.13
0.13
0.13
0.13
0.13
0.13
0.13
0.14
0.14
0.14
0.14
0.14
0.15
0.14
0.15
0.14
0.14
0.14
0.14
0.13
0.13
0.13
0.13
CorWatt	PkgWatt
9.06	158.59
0.08	75.57
0.08
0.08
0.08
0.07
0.08
0.08
0.07
0.06
0.06
0.06
0.06
0.07
0.06
0.14
0.07
0.08
0.08
0.08
0.08
0.08
0.07
0.07
0.07
0.07
0.07
0.07
0.07
0.06
0.06
0.06
0.06
0.19	82.97
0.18
0.19
2.34
0.14
0.14
0.14
0.14
0.13
0.13
0.13
0.13
0.13
0.13
0.13
0.13
0.14
0.14
0.14
0.14
0.14
0.15
0.14
0.15
0.14
0.14
0.14
0.14
0.13
0.13
0.13
0.14
CorWatt	PkgWatt
9.88	158.91
0.08	75.15
0.08
0.08
0.08
0.07
0.07
0.07
0.07
0.06
0.06
0.06
0.06
0.06
0.06
0.06
0.06
0.07
0.07
0.07
0.07
0.08
0.07
0.07
0.07
0.06
0.06
0.06
0.06
0.06
0.06
0.06
0.06
0.18	83.77
0.18
0.19
3.46
0.14
0.15
0.14
0.14
0.13
0.13
0.13
0.13
0.13
0.13
0.13
0.12
0.14
0.14
0.14
0.14
0.14
0.14
0.14
0.14
0.14
0.14
0.13
0.13
0.13
0.13
0.13
0.13
CorWatt	PkgWatt
9.58	158.55
0.08	75.25
0.08
0.08
0.08
0.07
0.07
0.07
0.07
0.06
0.06
0.06
0.06
0.06
0.06
0.06
0.06
0.07
0.07
0.07
0.07
0.08
0.07
0.07
0.07
0.06
0.06
0.06
0.06
0.06
0.06
0.06
0.06
0.18	83.42
0.18
0.18
3.23
0.14
0.14
0.14
0.14
0.12
0.12
0.12
0.13
0.12
0.12
0.12
0.12
0.14
0.14
0.14
0.14
0.14
0.14
0.14
0.14
0.13
0.13
0.13
0.13
0.13
0.12
0.12
0.13
CorWatt	PkgWatt
4.02	150.52
0.08	75.26
0.08
0.08
0.08
0.07
0.07
0.08
0.07
0.06
0.06
0.06
0.06
0.06
0.06
0.06
0.06
0.08
0.08
0.07
0.07
0.08
0.07
0.07
0.07
0.06
0.06
0.06
0.06
0.06
0.06
0.06
0.06
0.06	75.13
0.06
0.06
0.06
0.07
0.06
0.06
0.06
0.05
0.05
0.06
0.05
0.05
0.05
0.05
0.05
0.06
0.06
0.05
0.06
0.07
0.07
0.07
0.07
0.05
0.05
0.05
0.05
0.05
0.05
0.05
0.05
CorWatt	PkgWatt
4.13	150.49
0.08	75.33
0.08
0.08
0.08
0.07
0.08
0.07
0.07
0.06
0.07
0.06
0.06
0.06
0.06
0.06
0.06
0.08
0.08
0.08
0.07
0.09
0.07
0.07
0.07
0.06
0.06
0.07
0.06
0.06
0.06
0.06
0.06
0.06	75.30
0.06
0.06
0.06
0.06
0.06
0.06
0.06
0.06
0.06
0.06
0.06
0.06
0.06
0.06
0.06
0.06
0.06
0.06
0.06
0.07
0.07
0.07
0.07
0.06
0.06
0.06
0.06
0.06
0.06
0.06
0.06
CorWatt	PkgWatt
4.24	150.86
0.08	75.09
0.07
0.07
0.07
0.07
0.07
0.07
0.07
0.06
0.06
0.06
0.06
0.06
0.06
0.06
0.06
0.07
0.07
0.07
0.07
0.08
0.07
0.07
0.07
0.06
0.06
0.06
0.06
0.06
0.06
0.06
0.06
0.06	75.63
0.06
0.06
0.06
0.07
0.06
0.06
0.06
0.06
0.06
0.06
0.06
0.06
0.06
0.06
0.06
0.06
0.06
0.06
0.26
0.07
0.07
0.07
0.07
0.06
0.06
0.06
0.06
0.06
0.06
0.06
0.06
CorWatt	PkgWatt
8.99	157.98
0.08	75.21
0.08
0.08
0.08
0.07
0.07
0.07
0.07
0.06
0.06
0.06
0.06
0.06
0.06
0.06
0.06
0.07
0.07
0.07
0.07
0.08
0.07
0.07
0.07
0.06
0.06
0.06
0.06
0.06
0.06
0.06
0.06
0.13	82.78
0.13
0.13
0.13
0.14
0.14
0.13
0.13
0.12
0.12
0.12
0.12
0.12
0.12
0.12
0.12
0.18
0.18
0.18
2.72
0.14
0.14
0.14
0.14
0.12
0.13
0.12
0.12
0.13
0.12
0.12
0.13
CorWatt	PkgWatt
8.62	157.56
0.08	75.37
0.08
0.08
0.08
0.07
0.08
0.08
0.07
0.06
0.07
0.06
0.06
0.06
0.06
0.06
0.06
0.08
0.08
0.08
0.08
0.08
0.07
0.07
0.07
0.07
0.07
0.07
0.07
0.06
0.06
0.06
0.06
0.13	82.29
0.13
0.13
0.13
0.14
0.14
0.14
0.14
0.13
0.13
0.13
0.13
0.13
0.13
0.13
0.12
0.18
0.18
0.18
2.19
0.14
0.14
0.14
0.14
0.13
0.13
0.13
0.13
0.13
0.13
0.13
0.13
CorWatt	PkgWatt
9.22	158.25
0.08	75.22
0.08
0.08
0.08
0.07
0.07
0.07
0.07
0.06
0.07
0.06
0.06
0.06
0.06
0.06
0.06
0.07
0.07
0.07
0.07
0.08
0.07
0.07
0.07
0.06
0.06
0.07
0.06
0.06
0.06
0.06
0.06
0.13	82.95
0.13
0.13
0.13
0.14
0.14
0.14
0.14
0.13
0.13
0.13
0.12
0.13
0.12
0.13
0.12
0.18
0.18
0.18
2.83
0.14
0.14
0.14
0.14
0.13
0.13
0.13
0.13
0.13
0.13
0.13
0.13
CorWatt	PkgWatt
10.20	159.13
0.08	75.29
0.08
0.08
0.08
0.07
0.07
0.07
0.07
0.06
0.06
0.06
0.06
0.06
0.06
0.06
0.06
0.08
0.07
0.07
0.07
0.08
0.07
0.07
0.07
0.06
0.06
0.06
0.06
0.06
0.06
0.06
0.06
0.13	83.80
0.13
0.13
0.13
0.13
0.13
0.13
0.13
0.12
0.12
0.12
0.12
0.12
0.12
0.12
0.12
0.18
0.18
0.18
3.95
0.14
0.14
0.14
0.14
0.13
0.13
0.13
0.12
0.12
0.12
0.12
0.13
CorWatt	PkgWatt
10.37	159.09
0.09	75.44
0.08
0.08
0.08
0.07
0.07
0.07
0.07
0.06
0.07
0.06
0.06
0.06
0.06
0.14
0.06
0.08
0.08
0.08
0.08
0.08
0.07
0.07
0.07
0.07
0.07
0.07
0.07
0.06
0.06
0.06
0.06
0.13	83.79
0.13
0.13
0.13
0.13
0.13
0.13
0.13
0.13
0.13
0.12
0.12
0.12
0.12
0.12
0.12
0.18
0.18
0.18
3.96
0.14
0.14
0.14
0.14
0.13
0.13
0.13
0.13
0.13
0.13
0.13
0.13
CorWatt	PkgWatt
9.24	158.39
0.08	75.41
0.08
0.08
0.08
0.07
0.08
0.08
0.07
0.06
0.07
0.06
0.06
0.06
0.06
0.06
0.06
0.08
0.08
0.08
0.08
0.08
0.07
0.07
0.07
0.07
0.07
0.07
0.07
0.06
0.06
0.06
0.06
0.13	82.87
0.13
0.13
0.13
0.14
0.14
0.14
0.13
0.12
0.12
0.12
0.12
0.12
0.12
0.12
0.12
0.18
0.18
0.18
2.85
0.14
0.14
0.14
0.14
0.13
0.13
0.13
0.13
0.13
0.12
0.12
0.13
CorWatt	PkgWatt
8.39	157.54
0.08	75.22
0.08
0.08
0.08
0.07
0.07
0.07
0.07
0.06
0.06
0.06
0.06
0.06
0.06
0.06
0.06
0.07
0.07
0.07
0.07
0.08
0.07
0.07
0.07
0.06
0.06
0.06
0.06
0.06
0.06
0.06
0.06
0.13	82.28
0.13
0.13
0.13
0.14
0.14
0.14
0.14
0.13
0.13
0.13
0.13
0.13
0.13
0.13
0.13
0.18
0.18
0.18
2.01
0.14
0.14
0.14
0.14
0.13
0.13
0.13
0.13
0.13
0.13
0.13
0.13
CorWatt	PkgWatt
8.39	157.20
0.08	75.23
0.08
0.08
0.08
0.07
0.07
0.07
0.07
0.06
0.07
0.06
0.06
0.06
0.06
0.06
0.06
0.07
0.07
0.07
0.07
0.08
0.07
0.07
0.07
0.06
0.06
0.06
0.06
0.06
0.06
0.06
0.06
0.13	82.11
0.13
0.13
0.13
0.14
0.14
0.14
0.14
0.13
0.13
0.13
0.12
0.12
0.13
0.13
0.12
0.18
0.18
0.18
2.01
0.14
0.14
0.14
0.14
0.13
0.13
0.13
0.13
0.13
0.12
0.13
0.13
CorWatt	PkgWatt
8.40	157.66
0.09	75.32
0.08
0.08
0.08
0.07
0.07
0.08
0.07
0.06
0.06
0.06
0.06
0.06
0.06
0.06
0.06
0.08
0.08
0.08
0.07
0.08
0.07
0.07
0.07
0.06
0.06
0.06
0.06
0.06
0.06
0.06
0.06
0.14	82.22
0.13
0.13
0.13
0.14
0.14
0.14
0.14
0.12
0.12
0.12
0.12
0.12
0.12
0.12
0.12
0.18
0.18
0.18
2.01
0.14
0.14
0.14
0.14
0.13
0.13
0.13
0.13
0.13
0.12
0.12
0.13
CorWatt	PkgWatt
8.91	157.96
0.09	75.42
0.08
0.08
0.08
0.07
0.07
0.08
0.07
0.06
0.06
0.06
0.06
0.06
0.06
0.06
0.06
0.08
0.08
0.08
0.08
0.09
0.07
0.07
0.07
0.07
0.07
0.07
0.06
0.06
0.06
0.06
0.06
0.13	82.53
0.13
0.13
0.13
0.14
0.13
0.13
0.13
0.12
0.12
0.12
0.12
0.12
0.12
0.12
0.12
0.18
0.18
0.18
2.55
0.14
0.14
0.14
0.14
0.13
0.13
0.13
0.13
0.12
0.12
0.12
0.13
CorWatt	PkgWatt
9.76	158.68
0.08	75.28
0.08
0.08
0.08
0.07
0.07
0.07
0.07
0.06
0.06
0.06
0.06
0.06
0.06
0.06
0.06
0.07
0.07
0.07
0.07
0.08
0.07
0.07
0.07
0.06
0.06
0.06
0.06
0.06
0.06
0.06
0.06
0.13	83.50
0.13
0.13
0.13
0.14
0.13
0.13
0.13
0.13
0.13
0.13
0.13
0.13
0.13
0.13
0.12
0.18
0.18
0.18
3.39
0.14
0.14
0.14
0.14
0.13
0.13
0.13
0.13
0.13
0.13
0.13
0.13
CorWatt	PkgWatt
7.95	155.99
0.08	75.15
0.08
0.08
0.08
0.07
0.07
0.07
0.07
0.06
0.06
0.06
0.06
0.06
0.06
0.06
0.06
0.07
0.07
0.07
0.07
0.08
0.07
0.07
0.07
0.06
0.06
0.06
0.06
0.06
0.06
0.06
0.06
0.11	80.93
0.11
0.11
0.11
0.11
0.11
0.11
0.11
0.10
0.11
0.10
0.10
0.10
0.10
0.10
0.10
0.15
0.15
0.14
2.36
0.12
0.12
0.12
0.13
0.11
0.11
0.11
0.11
0.11
0.10
0.10
0.10
CorWatt	PkgWatt
3.99	150.50
0.08	75.22
0.08
0.08
0.08
0.07
0.07
0.07
0.07
0.06
0.06
0.06
0.06
0.06
0.06
0.06
0.06
0.07
0.07
0.07
0.07
0.08
0.07
0.07
0.07
0.06
0.06
0.07
0.06
0.06
0.06
0.06
0.06
0.06	75.18
0.06
0.06
0.06
0.06
0.06
0.06
0.06
0.05
0.05
0.05
0.05
0.05
0.05
0.05
0.05
0.06
0.06
0.06
0.06
0.07
0.07
0.07
0.07
0.05
0.05
0.05
0.06
0.06
0.05
0.05
0.06
CorWatt	PkgWatt
3.86	150.29
0.08	75.19
0.08
0.08
0.08
0.07
0.07
0.07
0.07
0.06
0.06
0.06
0.06
0.06
0.06
0.06
0.06
0.07
0.07
0.07
0.07
0.08
0.07
0.07
0.07
0.06
0.06
0.06
0.06
0.06
0.06
0.06
0.06
0.06	75.04
0.05
0.05
0.05
0.05
0.06
0.05
0.05
0.05
0.05
0.05
0.05
0.05
0.05
0.05
0.05
0.06
0.05
0.05
0.06
0.06
0.06
0.06
0.07
0.05
0.05
0.05
0.05
0.05
0.05
0.05
0.05
CorWatt	PkgWatt
5.92	153.28
0.08	75.54
0.08
0.08
0.08
0.07
0.08
0.07
0.08
0.06
0.07
0.06
0.06
0.07
0.06
0.14
0.07
0.08
0.08
0.08
0.08
0.09
0.07
0.07
0.07
0.07
0.07
0.07
0.07
0.06
0.06
0.06
0.06
0.87	77.83
0.10
0.10
0.10
0.09
0.09
0.09
0.09
0.08
0.08
0.08
0.08
0.08
0.08
0.08
0.08
0.09
0.09
0.09
0.09
0.10
0.10
0.10
0.10
0.08
0.08
0.09
0.09
0.08
0.08
0.08
0.08
CorWatt	PkgWatt
9.22	158.54
0.08	75.07
0.07
0.07
0.07
0.07
0.07
0.07
0.07
0.06
0.06
0.06
0.06
0.06
0.06
0.06
0.06
0.07
0.07
0.07
0.07
0.08
0.07
0.07
0.07
0.06
0.06
0.06
0.06
0.06
0.06
0.06
0.06
2.76	83.36
0.19
0.19
0.18
0.14
0.14
0.14
0.14
0.13
0.13
0.13
0.13
0.13
0.13
0.13
0.13
0.14
0.14
0.14
0.14
0.15
0.15
0.14
0.15
0.14
0.14
0.14
0.14
0.13
0.13
0.13
0.13
CorWatt	PkgWatt
8.81	158.13
0.08	75.27
0.08
0.08
0.08
0.07
0.07
0.07
0.07
0.06
0.06
0.06
0.06
0.06
0.06
0.06
0.06
0.07
0.07
0.07
0.07
0.08
0.07
0.07
0.07
0.06
0.06
0.06
0.06
0.06
0.06
0.06
0.06
2.28	82.88
0.19
0.18
0.18
0.14
0.14
0.14
0.14
0.13
0.13
0.13
0.13
0.13
0.13
0.13
0.13
0.14
0.14
0.14
0.14
0.15
0.15
0.15
0.15
0.14
0.14
0.14
0.14
0.13
0.13
0.13
0.13
CorWatt	PkgWatt
9.98	159.28
0.08	75.40
0.08
0.08
0.08
0.07
0.08
0.07
0.08
0.06
0.06
0.06
0.06
0.06
0.06
0.06
0.07
0.08
0.08
0.08
0.08
0.08
0.07
0.07
0.07
0.07
0.06
0.07
0.06
0.06
0.06
0.06
0.06
3.36	83.94
0.19
0.19
0.18
0.14
0.14
0.14
0.14
0.13
0.13
0.13
0.13
0.13
0.13
0.13
0.13
0.14
0.14
0.14
0.15
0.15
0.15
0.15
0.15
0.14
0.14
0.14
0.14
0.13
0.13
0.13
0.13
CorWatt	PkgWatt
10.70	159.95
0.08	75.37
0.08
0.08
0.08
0.07
0.07
0.07
0.07
0.06
0.07
0.06
0.06
0.06
0.06
0.06
0.06
0.08
0.08
0.08
0.08
0.08
0.07
0.07
0.07
0.07
0.07
0.07
0.07
0.06
0.06
0.06
0.06
4.10	84.53
0.19
0.19
0.18
0.14
0.15
0.14
0.14
0.13
0.13
0.13
0.13
0.13
0.13
0.13
0.13
0.14
0.14
0.14
0.14
0.15
0.15
0.14
0.15
0.14
0.14
0.14
0.14
0.13
0.13
0.13
0.13
CorWatt	PkgWatt
10.50	159.64
0.08	75.11
0.07
0.07
0.07
0.07
0.07
0.07
0.07
0.06
0.06
0.06
0.06
0.06
0.06
0.06
0.06
0.07
0.07
0.07
0.07
0.08
0.07
0.07
0.07
0.06
0.06
0.06
0.06
0.06
0.06
0.06
0.06
4.10	84.51
0.19
0.18
0.18
0.14
0.14
0.14
0.14
0.13
0.13
0.12
0.12
0.13
0.13
0.13
0.12
0.14
0.14
0.14
0.14
0.14
0.14
0.14
0.14
0.14
0.14
0.14
0.14
0.13
0.13
0.13
0.13
CorWatt	PkgWatt
9.01	158.18
0.08	75.20
0.08
0.08
0.08
0.07
0.07
0.07
0.07
0.06
0.06
0.06
0.06
0.06
0.06
0.06
0.06
0.07
0.07
0.07
0.07
0.08
0.07
0.07
0.07
0.06
0.06
0.06
0.06
0.06
0.06
0.06
0.06
2.49	83.11
0.19
0.19
0.19
0.14
0.15
0.14
0.14
0.13
0.13
0.13
0.13
0.13
0.13
0.13
0.13
0.14
0.14
0.14
0.14
0.15
0.15
0.15
0.15
0.14
0.14
0.14
0.14
0.13
0.13
0.13
0.13
CorWatt	PkgWatt
8.82	158.43
0.09	75.52
0.08
0.08
0.08
0.07
0.08
0.07
0.08
0.06
0.07
0.06
0.06
0.07
0.06
0.06
0.07
0.08
0.08
0.08
0.08
0.08
0.07
0.07
0.07
0.07
0.07
0.07
0.07
0.06
0.06
0.06
0.06
2.10	82.81
0.19
0.19
0.19
0.14
0.15
0.14
0.14
0.13
0.13
0.13
0.13
0.13
0.13
0.13
0.13
0.14
0.14
0.14
0.14
0.15
0.15
0.15
0.15
0.14
0.14
0.14
0.14
0.13
0.13
0.13
0.13
CorWatt	PkgWatt
8.79	158.31
0.08	75.44
0.08
0.08
0.08
0.07
0.08
0.07
0.07
0.06
0.07
0.06
0.06
0.07
0.06
0.06
0.06
0.08
0.08
0.08
0.08
0.09
0.07
0.07
0.07
0.07
0.07
0.07
0.07
0.06
0.06
0.06
0.06
2.10	82.87
0.19
0.19
0.19
0.14
0.15
0.14
0.14
0.13
0.13
0.13
0.13
0.13
0.13
0.13
0.13
0.14
0.14
0.14
0.14
0.15
0.15
0.15
0.15
0.14
0.14
0.14
0.14
0.13
0.13
0.13
0.13
CorWatt	PkgWatt
8.65	157.90
0.08	75.23
0.08
0.08
0.08
0.07
0.07
0.07
0.07
0.06
0.06
0.06
0.06
0.06
0.06
0.06
0.06
0.07
0.07
0.07
0.07
0.08
0.07
0.07
0.07
0.06
0.06
0.06
0.06
0.06
0.06
0.06
0.06
2.12	82.74
0.19
0.19
0.18
0.14
0.14
0.14
0.14
0.13
0.13
0.13
0.13
0.13
0.13
0.13
0.13
0.14
0.14
0.14
0.14
0.15
0.15
0.15
0.15
0.14
0.14
0.14
0.14
0.13
0.13
0.13
0.13
CorWatt	PkgWatt
9.65	159.02
0.08	75.36
0.08
0.08
0.08
0.07
0.07
0.07
0.07
0.06
0.06
0.06
0.06
0.06
0.06
0.14
0.06
0.08
0.08
0.07
0.07
0.08
0.07
0.07
0.07
0.06
0.06
0.06
0.06
0.06
0.06
0.06
0.06
2.99	83.62
0.19
0.19
0.19
0.14
0.15
0.14
0.14
0.13
0.13
0.13
0.13
0.13
0.13
0.13
0.13
0.14
0.14
0.14
0.14
0.15
0.15
0.14
0.15
0.14
0.14
0.14
0.14
0.13
0.13
0.13
0.14
CorWatt	PkgWatt
10.16	159.47
0.08	75.47
0.08
0.08
0.08
0.07
0.08
0.07
0.08
0.06
0.07
0.06
0.06
0.07
0.06
0.06
0.06
0.08
0.08
0.08
0.08
0.09
0.07
0.07
0.08
0.07
0.07
0.07
0.07
0.06
0.06
0.06
0.06
3.53	84.03
0.19
0.19
0.18
0.14
0.15
0.14
0.14
0.13
0.13
0.13
0.13
0.13
0.13
0.13
0.13
0.14
0.14
0.14
0.14
0.14
0.15
0.14
0.14
0.14
0.14
0.14
0.14
0.13
0.13
0.13
0.13
CorWatt	PkgWatt
6.84	154.66
0.08	75.28
0.08
0.08
0.08
0.07
0.07
0.07
0.07
0.06
0.06
0.06
0.06
0.06
0.06
0.06
0.06
0.07
0.07
0.07
0.07
0.08
0.07
0.07
0.07
0.07
0.07
0.06
0.06
0.06
0.06
0.06
0.06
1.64	79.37
0.13
0.12
0.12
0.10
0.10
0.10
0.11
0.09
0.09
0.09
0.09
0.09
0.09
0.09
0.09
0.10
0.10
0.10
0.10
0.10
0.10
0.10
0.10
0.09
0.09
0.09
0.09
0.09
0.09
0.09
0.09
CorWatt	PkgWatt
3.90	150.21
0.08	75.13
0.07
0.07
0.07
0.07
0.07
0.07
0.07
0.06
0.06
0.06
0.06
0.06
0.06
0.06
0.06
0.07
0.07
0.07
0.07
0.08
0.07
0.07
0.07
0.06
0.06
0.06
0.06
0.06
0.06
0.06
0.06
0.06	75.08
0.06
0.06
0.06
0.06
0.06
0.06
0.06
0.05
0.05
0.05
0.06
0.05
0.05
0.05
0.05
0.06
0.06
0.05
0.06
0.07
0.07
0.07
0.07
0.05
0.05
0.05
0.05
0.05
0.05
0.05
0.05
CorWatt	PkgWatt
3.85	150.07
0.08	75.14
0.07
0.07
0.07
0.07
0.07
0.07
0.07
0.06
0.06
0.06
0.06
0.06
0.06
0.06
0.06
0.07
0.07
0.07
0.07
0.08
0.07
0.07
0.07
0.06
0.06
0.06
0.06
0.06
0.06
0.06
0.06
0.06	75.00
0.06
0.05
0.05
0.06
0.06
0.05
0.05
0.05
0.05
0.05
0.05
0.05
0.05
0.05
0.05
0.05
0.05
0.05
0.05
0.06
0.06
0.06
0.06
0.05
0.05
0.05
0.05
0.05
0.05
0.05
0.05
CorWatt	PkgWatt
7.28	155.51
0.08	75.41
0.08
0.08
0.08
0.07
0.07
0.07
0.07
0.06
0.06
0.06
0.06
0.06
0.06
0.06
0.06
0.08
0.08
0.08
0.08
0.09
0.07
0.07
0.07
0.06
0.06
0.06
0.06
0.06
0.06
0.06
0.06
0.11	79.96
0.10
0.11
0.10
0.11
0.11
0.11
0.11
0.10
0.10
0.10
0.10
1.76
0.12
0.12
0.12
0.10
0.10
0.10
0.10
0.11
0.11
0.11
0.11
0.10
0.10
0.10
0.10
0.10
0.10
0.10
0.10
CorWatt	PkgWatt
9.26	158.84
0.08	75.25
0.08
0.08
0.08
0.07
0.07
0.07
0.07
0.06
0.06
0.06
0.06
0.06
0.06
0.06
0.06
0.07
0.07
0.07
0.07
0.08
0.07
0.07
0.07
0.06
0.06
0.06
0.06
0.06
0.06
0.06
0.06
0.15	83.59
0.15
0.15
0.15
0.15
0.15
0.15
0.15
0.14
0.14
0.14
0.14
2.46
0.18
0.18
0.18
0.15
0.15
0.14
0.15
0.16
0.16
0.15
0.16
0.14
0.14
0.14
0.14
0.14
0.14
0.14
0.14
CorWatt	PkgWatt
9.13	158.38
0.08	75.20
0.08
0.08
0.08
0.07
0.07
0.07
0.07
0.06
0.06
0.06
0.06
0.06
0.06
0.06
0.06
0.07
0.07
0.07
0.07
0.08
0.07
0.07
0.07
0.06
0.06
0.06
0.06
0.06
0.06
0.06
0.06
0.15	83.29
0.15
0.15
0.15
0.15
0.15
0.15
0.15
0.14
0.14
0.14
0.14
2.33
0.18
0.18
0.18
0.15
0.15
0.14
0.15
0.16
0.16
0.15
0.16
0.14
0.14
0.14
0.14
0.14
0.14
0.14
0.14
CorWatt	PkgWatt
10.59	160.10
0.08	75.27
0.08
0.08
0.08
0.07
0.07
0.07
0.07
0.06
0.06
0.06
0.06
0.06
0.06
0.06
0.06
0.07
0.07
0.07
0.07
0.08
0.07
0.07
0.07
0.06
0.06
0.06
0.06
0.06
0.06
0.06
0.06
0.15	84.74
0.14
0.14
0.14
0.15
0.15
0.14
0.14
0.14
0.14
0.14
0.14
3.86
0.18
0.18
0.18
0.14
0.14
0.14
0.14
0.15
0.15
0.15
0.15
0.14
0.14
0.14
0.14
0.14
0.14
0.14
0.14
CorWatt	PkgWatt
11.01	160.46
0.09	75.49
0.08
0.08
0.08
0.07
0.08
0.07
0.07
0.06
0.07
0.06
0.06
0.07
0.07
0.06
0.06
0.08
0.08
0.08
0.08
0.09
0.07
0.07
0.07
0.07
0.07
0.07
0.07
0.06
0.06
0.06
0.06
0.15	85.00
0.14
0.14
0.14
0.14
0.15
0.14
0.15
0.14
0.14
0.14
0.14
4.17
0.18
0.18
0.18
0.14
0.14
0.14
0.14
0.15
0.15
0.15
0.16
0.14
0.14
0.14
0.14
0.14
0.14
0.14
0.14
CorWatt	PkgWatt
10.96	160.38
0.08	75.45
0.08
0.08
0.08
0.07
0.07
0.07
0.07
0.06
0.06
0.06
0.06
0.06
0.07
0.14
0.06
0.08
0.08
0.08
0.08
0.08
0.07
0.07
0.07
0.07
0.07
0.07
0.07
0.06
0.06
0.06
0.06
0.15	84.89
0.14
0.14
0.14
0.14
0.14
0.14
0.14
0.14
0.14
0.14
0.14
4.08
0.18
0.18
0.18
0.14
0.14
0.14
0.14
0.15
0.15
0.15
0.15
0.14
0.14
0.14
0.14
0.14
0.14
0.14
0.15
CorWatt	PkgWatt
8.93	158.30
0.08	75.20
0.08
0.08
0.08
0.07
0.07
0.07
0.07
0.06
0.06
0.06
0.06
0.06
0.06
0.06
0.06
0.07
0.07
0.07
0.07
0.08
0.07
0.07
0.07
0.06
0.06
0.06
0.06
0.06
0.06
0.06
0.06
0.15	83.23
0.15
0.15
0.15
0.15
0.15
0.15
0.15
0.14
0.14
0.14
0.14
2.13
0.18
0.18
0.18
0.15
0.15
0.14
0.15
0.16
0.16
0.16
0.16
0.14
0.14
0.14
0.14
0.14
0.14
0.14
0.14
CorWatt	PkgWatt
8.90	158.58
0.08	75.21
0.08
0.08
0.08
0.07
0.07
0.07
0.07
0.06
0.06
0.06
0.06
0.06
0.06
0.06
0.06
0.07
0.07
0.07
0.07
0.08
0.07
0.07
0.07
0.06
0.06
0.06
0.06
0.06
0.06
0.06
0.06
0.15	83.20
0.14
0.15
0.15
0.15
0.15
0.15
0.15
0.14
0.14
0.14
0.14
2.13
0.18
0.18
0.18
0.15
0.15
0.14
0.15
0.15
0.15
0.15
0.15
0.14
0.14
0.14
0.14
0.14
0.14
0.14
0.14
CorWatt	PkgWatt
9.04	158.59
0.08	75.39
0.08
0.08
0.08
0.07
0.07
0.07
0.07
0.06
0.07
0.06
0.06
0.06
0.07
0.06
0.06
0.08
0.08
0.08
0.08
0.11
0.07
0.07
0.07
0.07
0.07
0.07
0.07
0.06
0.06
0.06
0.06
0.15	83.21
0.15
0.15
0.15
0.15
0.15
0.15
0.15
0.14
0.14
0.14
0.14
2.14
0.18
0.18
0.18
0.15
0.15
0.14
0.15
0.16
0.16
0.16
0.16
0.14
0.14
0.14
0.14
0.14
0.14
0.14
0.14
CorWatt	PkgWatt
9.20	158.60
0.08	75.40
0.08
0.08
0.08
0.07
0.07
0.07
0.07
0.06
0.07
0.06
0.06
0.06
0.06
0.06
0.06
0.08
0.08
0.08
0.08
0.09
0.07
0.07
0.07
0.07
0.07
0.07
0.07
0.06
0.06
0.06
0.06
0.15	83.35
0.15
0.15
0.15
0.15
0.15
0.15
0.15
0.14
0.14
0.14
0.14
2.27
0.18
0.18
0.18
0.15
0.15
0.15
0.15
0.16
0.16
0.16
0.16
0.14
0.15
0.14
0.14
0.14
0.14
0.14
0.14
CorWatt	PkgWatt
10.33	163.55
0.09	77.33
0.09
0.08
0.08
0.07
0.07
0.08
0.07
0.07
0.07
0.07
0.07
0.07
0.07
0.07
0.06
0.08
0.08
0.08
0.08
0.09
0.08
0.08
0.08
0.07
0.07
0.07
0.07
0.06
0.07
0.07
0.07
0.15	86.13
0.15
0.15
0.15
0.15
0.15
0.15
0.14
0.14
0.14
0.14
0.14
3.27
0.18
0.18
0.19
0.15
0.15
0.15
0.15
0.16
0.16
0.15
0.16
0.15
0.14
0.14
0.14
0.14
0.14
0.14
0.14
CorWatt	PkgWatt
10.29	159.59
0.08	75.18
0.08
0.08
0.08
0.07
0.07
0.07
0.07
0.06
0.06
0.06
0.06
0.06
0.06
0.06
0.06
0.07
0.07
0.07
0.07
0.08
0.07
0.07
0.07
0.07
0.06
0.06
0.06
0.06
0.06
0.06
0.06
0.14	84.40
0.14
0.14
0.14
0.15
0.14
0.15
0.14
0.14
0.14
0.14
0.14
3.57
0.18
0.18
0.18
0.14
0.15
0.14
0.14
0.15
0.16
0.15
0.15
0.14
0.14
0.14
0.14
0.14
0.14
0.14
0.14
CorWatt	PkgWatt
5.69	156.43
0.09	77.25
0.08
0.08
0.08
0.07
0.08
0.08
0.08
0.06
0.07
0.07
0.07
0.07
0.07
0.07
0.07
0.08
0.08
0.08
0.08
0.09
0.07
0.07
0.07
0.07
0.07
0.07
0.07
0.06
0.06
0.07
0.07
0.09	79.26
0.08
0.08
0.08
0.08
0.08
0.08
0.08
0.08
0.08
0.08
0.08
0.80
0.09
0.09
0.08
0.08
0.09
0.08
0.08
0.09
0.09
0.09
0.10
0.08
0.08
0.08
0.08
0.08
0.08
0.08
0.08
CorWatt	PkgWatt
4.30	154.46
0.08	77.06
0.08
0.08
0.08
0.07
0.08
0.07
0.07
0.07
0.06
0.06
0.06
0.06
0.06
0.06
0.06
0.07
0.07
0.08
0.08
0.08
0.07
0.07
0.07
0.06
0.07
0.06
0.06
0.06
0.06
0.06
0.06
0.08	77.37
0.07
0.07
0.07
0.07
0.07
0.07
0.06
0.06
0.06
0.06
0.06
0.06
0.06
0.06
0.06
0.06
0.06
0.06
0.06
0.07
0.08
0.07
0.08
0.06
0.06
0.06
0.07
0.06
0.06
0.06
0.06
CorWatt	PkgWatt
3.71	149.94
0.07	74.93
0.07
0.07
0.07
0.06
0.07
0.06
0.06
0.06
0.06
0.06
0.06
0.06
0.06
0.06
0.06
0.07
0.07
0.07
0.07
0.07
0.06
0.06
0.06
0.06
0.06
0.06
0.06
0.06
0.06
0.06
0.06
0.06	74.98
0.05
0.05
0.05
0.05
0.05
0.05
0.05
0.05
0.05
0.05
0.05
0.05
0.05
0.05
0.05
0.05
0.05
0.05
0.05
0.06
0.06
0.06
0.06
0.05
0.05
0.05
0.05
0.05
0.05
0.05
0.05
CorWatt	PkgWatt
8.48	157.09
0.08	75.49
0.08
0.08
0.08
0.07
0.08
0.07
0.07
0.06
0.07
0.06
0.06
0.06
0.06
0.14
0.06
0.08
0.08
0.08
0.08
0.09
0.07
0.07
0.07
0.07
0.07
0.07
0.07
0.06
0.06
0.06
0.06
0.13	81.67
0.12
0.12
0.12
0.16
2.24
0.16
0.16
0.11
0.11
0.11
0.11
0.12
0.12
0.12
0.11
0.13
0.13
0.12
0.12
0.13
0.13
0.13
0.14
0.12
0.12
0.12
0.13
0.12
0.12
0.11
0.12
CorWatt	PkgWatt
9.18	158.82
0.09	75.49
0.08
0.08
0.08
0.07
0.08
0.07
0.07
0.06
0.07
0.06
0.06
0.06
0.07
0.06
0.06
0.08
0.08
0.08
0.08
0.09
0.07
0.07
0.08
0.07
0.07
0.07
0.07
0.06
0.06
0.06
0.06
0.15	83.22
0.14
0.14
0.14
0.19
2.45
0.19
0.19
0.13
0.13
0.13
0.13
0.13
0.13
0.13
0.13
0.15
0.14
0.14
0.14
0.15
0.15
0.15
0.15
0.14
0.14
0.14
0.14
0.13
0.13
0.13
0.13
CorWatt	PkgWatt
8.95	158.27
0.08	75.21
0.08
0.08
0.08
0.07
0.07
0.07
0.07
0.06
0.06
0.06
0.06
0.06
0.06
0.06
0.06
0.07
0.07
0.07
0.07
0.08
0.07
0.07
0.07
0.06
0.06
0.06
0.06
0.06
0.06
0.06
0.06
0.14	83.05
0.14
0.14
0.14
0.19
2.41
0.19
0.19
0.13
0.13
0.13
0.13
0.13
0.13
0.13
0.13
0.14
0.14
0.14
0.14
0.15
0.15
0.15
0.15
0.14
0.14
0.14
0.14
0.13
0.13
0.13
0.13
CorWatt	PkgWatt
10.61	159.73
0.08	75.27
0.08
0.08
0.08
0.07
0.07
0.07
0.07
0.06
0.06
0.06
0.06
0.06
0.06
0.06
0.06
0.07
0.07
0.07
0.07
0.08
0.07
0.07
0.07
0.06
0.06
0.06
0.06
0.06
0.06
0.06
0.06
0.14	84.56
0.14
0.14
0.14
0.19
4.10
0.19
0.19
0.13
0.13
0.13
0.13
0.13
0.13
0.13
0.13
0.14
0.14
0.14
0.14
0.14
0.14
0.14
0.14
0.14
0.14
0.14
0.14
0.13
0.13
0.13
0.13
CorWatt	PkgWatt
10.66	159.83
0.08	75.25
0.08
0.08
0.08
0.07
0.07
0.07
0.07
0.06
0.06
0.06
0.06
0.06
0.06
0.06
0.06
0.08
0.07
0.07
0.07
0.08
0.07
0.07
0.07
0.06
0.06
0.06
0.06
0.06
0.06
0.06
0.06
0.14	84.52
0.14
0.14
0.14
0.19
4.10
0.19
0.19
0.13
0.13
0.13
0.13
0.13
0.13
0.13
0.13
0.14
0.14
0.14
0.14
0.14
0.14
0.14
0.14
0.14
0.14
0.14
0.14
0.13
0.13
0.13
0.13
CorWatt	PkgWatt
10.12	159.56
0.08	75.42
0.08
0.08
0.08
0.07
0.08
0.07
0.07
0.06
0.06
0.06
0.06
0.06
0.06
0.06
0.06
0.08
0.08
0.08
0.08
0.09
0.07
0.07
0.07
0.07
0.06
0.06
0.07
0.06
0.06
0.06
0.06
0.14	84.07
0.14
0.14
0.14
0.19
3.53
0.19
0.19
0.13
0.13
0.13
0.13
0.13
0.13
0.13
0.13
0.14
0.14
0.14
0.14
0.14
0.15
0.14
0.15
0.14
0.14
0.14
0.14
0.13
0.13
0.13
0.13
CorWatt	PkgWatt
8.71	157.89
0.08	75.25
0.08
0.08
0.08
0.07
0.07
0.07
0.07
0.06
0.06
0.06
0.06
0.06
0.06
0.06
0.06
0.07
0.07
0.07
0.07
0.08
0.07
0.07
0.07
0.06
0.06
0.06
0.06
0.06
0.06
0.06
0.06
0.15	82.82
0.14
0.14
0.14
0.19
2.10
0.19
0.19
0.13
0.13
0.13
0.13
0.13
0.13
0.13
0.13
0.14
0.14
0.14
0.14
0.15
0.15
0.15
0.15
0.14
0.14
0.14
0.14
0.14
0.13
0.13
0.14
CorWatt	PkgWatt
8.68	158.09
0.08	75.15
0.07
0.07
0.07
0.07
0.07
0.07
0.07
0.06
0.06
0.06
0.06
0.06
0.06
0.06
0.06
0.07
0.07
0.07
0.07
0.08
0.07
0.07
0.07
0.06
0.06
0.06
0.06
0.06
0.06
0.06
0.06
0.14	82.83
0.14
0.14
0.14
0.19
2.10
0.19
0.19
0.13
0.13
0.13
0.13
0.13
0.13
0.13
0.13
0.14
0.14
0.14
0.14
0.15
0.15
0.15
0.15
0.14
0.14
0.14
0.14
0.13
0.13
0.13
0.13
CorWatt	PkgWatt
8.64	157.95
0.08	75.20
0.08
0.08
0.07
0.07
0.07
0.07
0.07
0.06
0.06
0.06
0.06
0.06
0.06
0.06
0.06
0.07
0.07
0.07
0.07
0.08
0.07
0.07
0.07
0.06
0.06
0.06
0.06
0.06
0.06
0.06
0.06
0.14	82.84
0.14
0.14
0.14
0.19
2.10
0.19
0.19
0.13
0.13
0.13
0.13
0.13
0.13
0.13
0.13
0.14
0.14
0.14
0.14
0.15
0.15
0.15
0.15
0.14
0.14
0.14
0.14
0.13
0.13
0.13
0.14
CorWatt	PkgWatt
9.05	158.60
0.08	75.45
0.08
0.08
0.08
0.07
0.08
0.07
0.08
0.06
0.06
0.06
0.06
0.07
0.06
0.06
0.06
0.08
0.08
0.08
0.08
0.08
0.07
0.07
0.07
0.07
0.07
0.07
0.07
0.06
0.06
0.06
0.06
0.14	83.04
0.14
0.14
0.14
0.19
2.34
0.19
0.19
0.13
0.13
0.13
0.13
0.13
0.13
0.13
0.13
0.14
0.14
0.14
0.14
0.15
0.15
0.15
0.15
0.14
0.14
0.14
0.14
0.13
0.13
0.13
0.13
CorWatt	PkgWatt
10.26	159.58
0.09	75.58
0.08
0.08
0.08
0.07
0.08
0.08
0.07
0.06
0.06
0.06
0.06
0.07
0.06
0.14
0.06
0.08
0.08
0.08
0.08
0.09
0.08
0.07
0.07
0.07
0.07
0.07
0.07
0.06
0.07
0.06
0.06
0.15	84.03
0.14
0.14
0.14
0.19
3.49
0.19
0.19
0.13
0.13
0.13
0.13
0.13
0.13
0.13
0.13
0.14
0.14
0.14
0.14
0.15
0.15
0.14
0.15
0.14
0.14
0.14
0.14
0.13
0.13
0.13
0.14
CorWatt	PkgWatt
9.94	159.01
0.08	75.19
0.07
0.08
0.07
0.07
0.07
0.07
0.07
0.06
0.06
0.06
0.06
0.06
0.06
0.06
0.06
0.07
0.07
0.07
0.07
0.08
0.07
0.07
0.07
0.06
0.06
0.06
0.06
0.06
0.06
0.06
0.06
0.14	83.92
0.14
0.14
0.14
0.19
3.45
0.20
0.19
0.13
0.13
0.13
0.13
0.13
0.13
0.13
0.13
0.14
0.14
0.14
0.14
0.14
0.15
0.14
0.14
0.14
0.14
0.14
0.14
0.13
0.13
0.13
0.13
CorWatt	PkgWatt
3.89	150.27
0.07	75.02
0.07
0.07
0.07
0.07
0.07
0.07
0.07
0.06
0.06
0.06
0.06
0.06
0.06
0.06
0.06
0.07
0.07
0.07
0.07
0.08
0.07
0.07
0.07
0.06
0.06
0.06
0.06
0.06
0.06
0.06
0.06
0.06	75.19
0.06
0.06
0.06
0.06
0.06
0.06
0.06
0.05
0.05
0.06
0.05
0.05
0.05
0.06
0.05
0.06
0.06
0.06
0.06
0.07
0.07
0.07
0.07
0.05
0.05
0.05
0.05
0.05
0.05
0.05
0.06
CorWatt	PkgWatt
4.11	150.77
0.08	75.43
0.08
0.08
0.08
0.07
0.08
0.08
0.07
0.06
0.06
0.06
0.06
0.06
0.06
0.06
0.06
0.08
0.08
0.08
0.08
0.08
0.07
0.07
0.07
0.07
0.07
0.07
0.07
0.06
0.06
0.06
0.06
0.06	75.27
0.06
0.06
0.06
0.06
0.06
0.06
0.06
0.05
0.06
0.06
0.05
0.05
0.05
0.05
0.05
0.06
0.06
0.06
0.06
0.07
0.07
0.07
0.07
0.06
0.06
0.06
0.06
0.05
0.05
0.05
0.05
CorWatt	PkgWatt
4.14	150.85
0.08	75.54
0.07
0.08
0.07
0.07
0.07
0.07
0.07
0.06
0.06
0.06
0.06
0.06
0.06
0.06
0.06
0.08
0.07
0.07
0.07
0.08
0.07
0.07
0.07
0.06
0.06
0.06
0.06
0.06
0.06
0.06
0.06
0.06	75.41
0.06
0.06
0.06
0.06
0.06
0.06
0.06
0.06
0.06
0.06
0.06
0.06
0.06
0.06
0.06
0.06
0.06
0.06
0.06
0.07
0.07
0.07
0.07
0.06
0.06
0.06
0.06
0.14
0.06
0.06
0.06
CorWatt	PkgWatt
9.47	160.28
0.08	76.56
0.08
0.08
0.08
0.07
0.07
0.07
0.07
0.06
0.06
0.06
0.06
0.06
0.06
0.06
0.06
0.07
0.07
0.07
0.07
0.08
0.07
0.07
0.07
0.06
0.06
0.06
0.06
0.06
0.06
0.06
0.06
0.14	83.60
0.14
0.14
0.14
0.14
0.14
0.14
0.14
0.13
0.13
0.13
0.13
0.13
0.13
0.13
0.13
0.14
0.14
0.14
0.14
0.15
0.15
0.15
0.15
0.14
0.14
0.14
0.14
2.88
0.18
0.18
0.18
CorWatt	PkgWatt
8.94	158.37
0.08	75.28
0.08
0.08
0.08
0.07
0.07
0.07
0.07
0.06
0.06
0.06
0.06
0.06
0.06
0.06
0.06
0.07
0.07
0.07
0.07
0.08
0.07
0.07
0.07
0.07
0.06
0.06
0.06
0.06
0.06
0.06
0.06
0.14	83.13
0.14
0.14
0.14
0.14
0.14
0.14
0.14
0.13
0.14
0.14
0.13
0.13
0.13
0.13
0.13
0.14
0.14
0.14
0.14
0.15
0.15
0.15
0.15
0.14
0.14
0.14
0.14
2.29
0.18
0.18
0.18
CorWatt	PkgWatt
9.71	159.14
0.09	75.59
0.08
0.08
0.08
0.07
0.08
0.08
0.07
0.07
0.07
0.07
0.07
0.07
0.06
0.06
0.06
0.08
0.08
0.08
0.08
0.09
0.08
0.07
0.08
0.07
0.07
0.07
0.07
0.07
0.07
0.07
0.06
0.14	83.59
0.14
0.14
0.14
0.14
0.15
0.14
0.14
0.13
0.14
0.14
0.13
0.13
0.13
0.13
0.13
0.15
0.14
0.15
0.14
0.15
0.15
0.15
0.15
0.14
0.14
0.14
0.14
2.87
0.18
0.18
0.18
CorWatt	PkgWatt
10.68	159.94
0.08	75.19
0.08
0.08
0.08
0.07
0.07
0.07
0.07
0.06
0.06
0.06
0.06
0.06
0.06
0.06
0.06
0.07
0.07
0.07
0.07
0.08
0.07
0.07
0.07
0.06
0.06
0.06
0.06
0.06
0.06
0.06
0.06
0.14	84.72
0.14
0.14
0.14
0.14
0.14
0.14
0.14
0.13
0.13
0.13
0.13
0.13
0.13
0.13
0.13
0.14
0.14
0.14
0.14
0.15
0.15
0.14
0.14
0.14
0.14
0.14
0.14
4.12
0.18
0.18
0.18
CorWatt	PkgWatt
10.51	159.60
0.08	75.06
0.07
0.08
0.07
0.07
0.07
0.07
0.06
0.06
0.06
0.06
0.06
0.06
0.06
0.06
0.06
0.07
0.07
0.07
0.07
0.07
0.06
0.06
0.07
0.06
0.06
0.06
0.06
0.06
0.06
0.06
0.06
0.14	84.51
0.14
0.14
0.14
0.14
0.14
0.14
0.14
0.13
0.13
0.13
0.13
0.13
0.13
0.13
0.12
0.14
0.14
0.14
0.14
0.14
0.15
0.14
0.14
0.14
0.14
0.14
0.14
4.12
0.18
0.18
0.18
CorWatt	PkgWatt
9.80	158.93
0.08	75.31
0.08
0.08
0.08
0.07
0.07
0.07
0.07
0.06
0.06
0.06
0.06
0.06
0.06
0.13
0.06
0.08
0.08
0.07
0.07
0.08
0.07
0.07
0.07
0.07
0.06
0.06
0.06
0.06
0.06
0.06
0.06
0.14	83.75
0.14
0.15
0.14
0.14
0.14
0.14
0.14
0.13
0.14
0.13
0.13
0.13
0.13
0.13
0.13
0.14
0.14
0.14
0.14
0.15
0.15
0.15
0.15
0.14
0.14
0.14
0.14
3.06
0.18
0.18
0.19
CorWatt	PkgWatt
8.91	158.69
0.09	75.47
0.08
0.08
0.08
0.07
0.08
0.07
0.07
0.06
0.06
0.06
0.07
0.06
0.06
0.06
0.06
0.08
0.08
0.08
0.08
0.08
0.07
0.07
0.07
0.07
0.07
0.07
0.07
0.06
0.06
0.06
0.06
0.14	83.10
0.14
0.15
0.14
0.14
0.14
0.14
0.15
0.14
0.14
0.14
0.14
0.14
0.13
0.13
0.13
0.15
0.14
0.15
0.14
0.15
0.16
0.15
0.15
0.14
0.14
0.14
0.14
2.11
0.18
0.18
0.18
CorWatt	PkgWatt
8.75	158.12
0.08	75.23
0.08
0.08
0.08
0.07
0.07
0.07
0.07
0.06
0.06
0.06
0.06
0.06
0.06
0.06
0.06
0.07
0.07
0.07
0.07
0.08
0.07
0.07
0.07
0.06
0.06
0.06
0.06
0.06
0.06
0.06
0.06
0.14	82.89
0.14
0.14
0.14
0.14
0.14
0.14
0.14
0.14
0.14
0.14
0.14
0.13
0.13
0.13
0.13
0.14
0.14
0.14
0.14
0.15
0.15
0.15
0.15
0.14
0.14
0.14
0.14
2.11
0.18
0.18
0.18
CorWatt	PkgWatt
8.74	158.05
0.08	75.14
0.08
0.08
0.08
0.07
0.07
0.07
0.07
0.06
0.06
0.06
0.06
0.06
0.06
0.06
0.06
0.07
0.07
0.07
0.07
0.08
0.07
0.07
0.07
0.06
0.06
0.06
0.06
0.06
0.06
0.06
0.06
0.14	83.01
0.14
0.14
0.14
0.14
0.14
0.14
0.14
0.14
0.14
0.14
0.14
0.13
0.13
0.13
0.13
0.14
0.14
0.14
0.14
0.15
0.16
0.15
0.15
0.14
0.14
0.14
0.14
2.11
0.18
0.18
0.18
CorWatt	PkgWatt
9.28	158.79
0.09	75.32
0.08
0.08
0.08
0.07
0.07
0.07
0.07
0.06
0.06
0.06
0.06
0.06
0.06
0.06
0.06
0.08
0.08
0.08
0.08
0.08
0.07
0.07
0.07
0.06
0.06
0.06
0.06
0.06
0.06
0.06
0.06
0.14	83.39
0.14
0.15
0.14
0.14
0.14
0.14
0.14
0.13
0.13
0.13
0.13
0.13
0.13
0.13
0.13
0.14
0.14
0.15
0.14
0.15
0.15
0.15
0.15
0.14
0.14
0.14
0.14
2.61
0.18
0.18
0.18
CorWatt	PkgWatt
10.18	159.54
0.08	75.31
0.08
0.08
0.08
0.07
0.07
0.07
0.07
0.06
0.06
0.06
0.06
0.06
0.06
0.06
0.06
0.08
0.08
0.08
0.08
0.08
0.07
0.07
0.07
0.06
0.06
0.06
0.06
0.06
0.06
0.06
0.06
0.14	84.27
0.14
0.14
0.14
0.14
0.14
0.14
0.14
0.13
0.13
0.13
0.13
0.13
0.13
0.13
0.13
0.14
0.14
0.15
0.14
0.15
0.15
0.15
0.15
0.14
0.14
0.14
0.14
3.54
0.18
0.18
0.18
CorWatt	PkgWatt
8.61	157.07
0.08	75.14
0.08
0.08
0.08
0.07
0.07
0.07
0.07
0.06
0.06
0.06
0.06
0.06
0.06
0.06
0.06
0.07
0.07
0.07
0.07
0.08
0.07
0.07
0.07
0.06
0.06
0.06
0.06
0.06
0.06
0.06
0.06
0.12	81.98
0.12
0.13
0.13
0.12
0.12
0.12
0.13
0.11
0.12
0.11
0.11
0.11
0.11
0.11
0.11
0.12
0.12
0.12
0.12
0.13
0.13
0.13
0.13
0.12
0.12
0.12
0.12
2.65
0.16
0.15
0.15
CorWatt	PkgWatt
3.87	150.37
0.08	75.13
0.07
0.07
0.07
0.07
0.07
0.07
0.07
0.06
0.06
0.06
0.06
0.06
0.06
0.06
0.06
0.07
0.07
0.07
0.07
0.08
0.07
0.07
0.07
0.06
0.06
0.06
0.06
0.06
0.06
0.06
0.06
0.06	75.14
0.06
0.06
0.06
0.06
0.06
0.06
0.06
0.05
0.06
0.05
0.05
0.05
0.05
0.05
0.05
0.05
0.05
0.06
0.05
0.07
0.07
0.07
0.07
0.05
0.05
0.05
0.05
0.06
0.05
0.05
0.05
CorWatt	PkgWatt
3.78	150.04
0.07	74.93
0.07
0.07
0.07
0.06
0.07
0.07
0.06
0.06
0.06
0.06
0.06
0.06
0.06
0.05
0.06
0.07
0.07
0.07
0.07
0.07
0.06
0.06
0.06
0.06
0.06
0.06
0.06
0.06
0.06
0.06
0.06
0.06	75.12
0.06
0.06
0.06
0.06
0.06
0.06
0.05
0.05
0.05
0.05
0.05
0.05
0.05
0.05
0.05
0.05
0.05
0.06
0.05
0.07
0.07
0.07
0.07
0.05
0.05
0.05
0.05
0.05
0.05
0.05
0.05
CorWatt	PkgWatt
5.55	152.81
0.08	75.41
0.08
0.08
0.08
0.07
0.08
0.07
0.07
0.06
0.06
0.06
0.06
0.06
0.06
0.06
0.06
0.08
0.08
0.08
0.08
0.08
0.07
0.07
0.07
0.07
0.07
0.07
0.07
0.06
0.06
0.07
0.06
0.08	77.41
0.08
0.09
0.08
0.08
0.08
0.08
0.08
0.09
0.76
0.09
0.09
0.08
0.08
0.08
0.07
0.08
0.08
0.08
0.08
0.09
0.09
0.09
0.09
0.08
0.08
0.08
0.08
0.08
0.08
0.08
0.08
CorWatt	PkgWatt
9.48	158.95
0.08	75.26
0.08
0.08
0.08
0.07
0.07
0.07
0.07
0.06
0.06
0.06
0.06
0.06
0.06
0.13
0.06
0.07
0.07
0.07
0.07
0.08
0.07
0.07
0.07
0.06
0.06
0.06
0.06
0.06
0.06
0.06
0.06
0.14	83.65
0.14
0.14
0.14
0.14
0.14
0.14
0.14
0.18
2.77
0.18
0.18
0.13
0.13
0.13
0.13
0.14
0.14
0.14
0.14
0.15
0.15
0.15
0.15
0.14
0.14
0.14
0.14
0.14
0.14
0.14
0.14
CorWatt	PkgWatt
8.93	158.18
0.08	75.10
0.07
0.07
0.07
0.07
0.07
0.07
0.07
0.06
0.06
0.06
0.06
0.06
0.06
0.06
0.06
0.07
0.07
0.07
0.07
0.08
0.07
0.07
0.07
0.06
0.06
0.06
0.06
0.06
0.06
0.06
0.06
0.14	83.21
0.14
0.15
0.14
0.15
0.14
0.15
0.14
0.18
2.29
0.18
0.18
0.14
0.14
0.14
0.14
0.15
0.14
0.15
0.14
0.16
0.16
0.15
0.15
0.14
0.14
0.14
0.14
0.14
0.14
0.14
0.14
CorWatt	PkgWatt
9.92	159.30
0.08	75.11
0.07
0.07
0.08
0.07
0.07
0.07
0.07
0.06
0.06
0.06
0.06
0.06
0.06
0.06
0.06
0.07
0.07
0.07
0.07
0.08
0.07
0.07
0.07
0.06
0.06
0.06
0.06
0.06
0.06
0.06
0.06
0.14	84.06
0.14
0.14
0.14
0.14
0.14
0.14
0.14
0.18
3.31
0.18
0.18
0.14
0.13
0.13
0.13
0.14
0.14
0.14
0.14
0.15
0.15
0.15
0.15
0.14
0.14
0.14
0.14
0.14
0.14
0.14
0.14
CorWatt	PkgWatt
11.00	160.45
0.09	75.46
0.08
0.08
0.08
0.08
0.08
0.07
0.07
0.07
0.07
0.07
0.06
0.06
0.06
0.06
0.06
0.08
0.08
0.08
0.08
0.09
0.07
0.07
0.07
0.07
0.07
0.07
0.07
0.06
0.06
0.06
0.06
0.15	85.01
0.14
0.15
0.14
0.14
0.14
0.14
0.14
0.18
4.15
0.18
0.18
0.13
0.13
0.13
0.13
0.14
0.14
0.15
0.14
0.16
0.16
0.15
0.16
0.14
0.14
0.14
0.14
0.14
0.14
0.14
0.14
CorWatt	PkgWatt
10.83	160.21
0.08	75.28
0.08
0.08
0.08
0.07
0.07
0.07
0.07
0.06
0.06
0.06
0.06
0.06
0.06
0.06
0.06
0.08
0.07
0.07
0.07
0.08
0.07
0.07
0.07
0.06
0.06
0.06
0.06
0.06
0.06
0.06
0.06
0.14	84.91
0.14
0.15
0.14
0.14
0.14
0.14
0.14
0.18
4.15
0.18
0.18
0.13
0.13
0.13
0.13
0.14
0.14
0.14
0.14
0.15
0.15
0.15
0.15
0.14
0.14
0.14
0.14
0.14
0.14
0.14
0.14
CorWatt	PkgWatt
9.22	158.68
0.08	75.20
0.08
0.08
0.08
0.07
0.07
0.07
0.07
0.06
0.06
0.06
0.06
0.06
0.06
0.06
0.06
0.07
0.07
0.07
0.07
0.08
0.07
0.07
0.07
0.06
0.06
0.06
0.06
0.06
0.06
0.06
0.06
0.14	83.47
0.14
0.14
0.14
0.14
0.14
0.14
0.14
0.18
2.59
0.18
0.18
0.14
0.14
0.14
0.13
0.14
0.14
0.14
0.14
0.15
0.15
0.15
0.15
0.14
0.14
0.14
0.14
0.14
0.14
0.14
0.14
CorWatt	PkgWatt
8.81	158.11
0.08	75.24
0.08
0.08
0.08
0.07
0.07
0.07
0.07
0.06
0.06
0.06
0.06
0.06
0.06
0.06
0.06
0.07
0.07
0.07
0.07
0.08
0.07
0.07
0.07
0.06
0.06
0.06
0.06
0.06
0.06
0.06
0.06
0.14	82.99
0.14
0.14
0.14
0.14
0.14
0.14
0.14
0.18
2.10
0.18
0.18
0.14
0.14
0.14
0.14
0.15
0.14
0.14
0.14
0.15
0.15
0.15
0.15
0.14
0.14
0.14
0.14
0.14
0.14
0.14
0.14
CorWatt	PkgWatt
9.03	158.71
0.09	75.51
0.08
0.08
0.08
0.07
0.08
0.08
0.08
0.07
0.07
0.07
0.07
0.06
0.06
0.06
0.06
0.08
0.08
0.08
0.08
0.08
0.07
0.07
0.07
0.07
0.07
0.07
0.07
0.07
0.07
0.07
0.07
0.14	83.08
0.14
0.15
0.14
0.15
0.15
0.15
0.14
0.18
2.10
0.18
0.18
0.14
0.14
0.14
0.14
0.15
0.15
0.15
0.14
0.16
0.16
0.16
0.16
0.14
0.14
0.14
0.14
0.14
0.14
0.14
0.14
CorWatt	PkgWatt
8.77	158.14
0.08	75.18
0.08
0.08
0.08
0.07
0.07
0.07
0.07
0.06
0.06
0.06
0.06
0.06
0.06
0.06
0.06
0.07
0.07
0.07
0.07
0.08
0.07
0.07
0.07
0.06
0.06
0.06
0.06
0.06
0.06
0.06
0.06
0.14	82.99
0.14
0.14
0.14
0.14
0.15
0.14
0.14
0.18
2.11
0.18
0.18
0.14
0.14
0.14
0.14
0.15
0.14
0.14
0.14
0.15
0.15
0.15
0.15
0.14
0.14
0.14
0.14
0.14
0.14
0.14
0.14
CorWatt	PkgWatt
9.61	158.98
0.08	75.27
0.08
0.08
0.08
0.07
0.07
0.07
0.07
0.06
0.06
0.06
0.06
0.06
0.06
0.06
0.06
0.07
0.07
0.07
0.07
0.08
0.07
0.07
0.07
0.06
0.06
0.06
0.06
0.06
0.06
0.06
0.06
0.14	83.77
0.14
0.14
0.14
0.14
0.14
0.14
0.14
0.18
2.95
0.18
0.18
0.13
0.13
0.13
0.13
0.14
0.14
0.15
0.14
0.15
0.15
0.15
0.16
0.14
0.14
0.14
0.14
0.14
0.14
0.14
0.14
CorWatt	PkgWatt
10.22	159.67
0.08	75.33
0.08
0.08
0.08
0.07
0.07
0.07
0.07
0.06
0.06
0.06
0.06
0.06
0.06
0.13
0.06
0.07
0.07
0.07
0.07
0.08
0.07
0.07
0.07
0.06
0.06
0.06
0.06
0.06
0.06
0.06
0.06
0.14	84.27
0.14
0.14
0.14
0.14
0.14
0.14
0.14
0.18
3.53
0.18
0.18
0.13
0.13
0.13
0.13
0.14
0.14
0.14
0.14
0.15
0.15
0.15
0.15
0.14
0.14
0.14
0.14
0.14
0.14
0.14
0.14
CorWatt	PkgWatt
7.55	155.74
0.09	75.69
0.08
0.09
0.08
0.08
0.08
0.08
0.08
0.07
0.07
0.07
0.07
0.07
0.07
0.07
0.07
0.08
0.08
0.08
0.08
0.09
0.08
0.08
0.08
0.07
0.07
0.07
0.07
0.07
0.07
0.07
0.07
0.11	80.14
0.11
0.11
0.11
0.11
0.11
0.11
0.11
0.12
1.79
0.13
0.13
0.11
0.10
0.10
0.10
0.11
0.11
0.11
0.11
0.12
0.12
0.12
0.12
0.10
0.11
0.10
0.10
0.10
0.10
0.10
0.10
CorWatt	PkgWatt
3.86	150.21
0.07	75.02
0.07
0.07
0.07
0.06
0.07
0.07
0.07
0.06
0.06
0.06
0.06
0.06
0.06
0.06
0.06
0.07
0.07
0.07
0.07
0.07
0.06
0.06
0.07
0.06
0.06
0.06
0.06
0.06
0.06
0.06
0.06
0.06	75.12
0.06
0.06
0.06
0.06
0.06
0.06
0.05
0.05
0.06
0.05
0.05
0.06
0.06
0.05
0.05
0.06
0.06
0.06
0.06
0.07
0.07
0.07
0.07
0.05
0.05
0.05
0.05
0.05
0.05
0.05
0.05
CorWatt	PkgWatt
3.81	150.17
0.08	75.11
0.07
0.08
0.07
0.07
0.07
0.07
0.07
0.06
0.06
0.06
0.06
0.06
0.06
0.06
0.06
0.07
0.07
0.07
0.07
0.08
0.07
0.07
0.07
0.06
0.06
0.06
0.06
0.06
0.06
0.06
0.06
0.06	75.03
0.05
0.05
0.05
0.06
0.05
0.05
0.05
0.05
0.05
0.05
0.05
0.05
0.05
0.05
0.05
0.05
0.05
0.05
0.05
0.06
0.06
0.06
0.06
0.05
0.05
0.05
0.05
0.05
0.05
0.05
0.05
CorWatt	PkgWatt
7.25	154.90
0.12	79.65
0.11
0.11
0.11
0.12
0.12
0.88
0.13
0.11
1.30
0.11
0.11
0.09
0.09
0.09
0.09
0.11
0.11
0.11
0.11
0.12
0.11
0.11
0.11
0.10
0.10
0.10
0.10
0.09
0.10
0.09
0.09
0.06	75.39
0.06
0.06
0.06
0.06
0.06
0.06
0.06
0.06
0.06
0.06
0.06
0.06
0.06
0.06
0.06
0.06
0.06
0.07
0.07
0.07
0.07
0.07
0.07
0.06
0.06
0.06
0.06
0.06
0.06
0.05
0.06
CorWatt	PkgWatt
10.50	159.85
0.16	84.53
0.15
0.15
0.15
0.16
0.16
0.16
0.19
0.16
2.48
0.16
0.16
0.14
0.14
0.14
0.93
0.15
0.16
0.15
0.86
0.16
0.15
0.15
0.15
0.14
0.14
0.14
0.14
0.13
0.13
0.13
0.13
0.06	75.29
0.06
0.06
0.06
0.06
0.06
0.06
0.06
0.05
0.06
0.06
0.06
0.06
0.05
0.05
0.05
0.06
0.06
0.06
0.06
0.07
0.07
0.07
0.07
0.06
0.06
0.06
0.06
0.06
0.05
0.05
0.06
CorWatt	PkgWatt
10.87	160.44
0.08	75.78
0.08
0.08
0.08
0.08
0.09
0.11
0.09
0.07
0.07
0.07
0.07
0.07
0.07
0.06
0.07
0.08
0.08
0.08
0.09
0.09
0.08
0.08
0.08
0.07
0.07
0.07
0.08
0.07
0.07
0.07
0.07
0.18	84.54
0.18
0.19
4.14
0.14
0.14
0.14
0.14
0.13
0.13
0.13
0.13
0.13
0.13
0.12
0.12
0.14
0.14
0.14
0.14
0.14
0.14
0.14
0.14
0.13
0.13
0.13
0.13
0.13
0.13
0.13
0.13
CorWatt	PkgWatt
10.78	160.13
0.08	75.79
0.09
0.08
0.08
0.08
0.09
0.11
0.08
0.07
0.07
0.08
0.07
0.07
0.07
0.06
0.07
0.08
0.08
0.08
0.08
0.09
0.08
0.08
0.08
0.07
0.07
0.07
0.07
0.07
0.07
0.07
0.07
0.14	84.48
0.14
0.14
0.15
0.19
0.19
0.19
3.99
0.13
0.13
0.13
0.13
0.13
0.13
0.13
0.13
0.14
0.14
0.14
0.14
0.14
0.14
0.14
0.14
0.13
0.14
0.13
0.13
0.13
0.13
0.13
0.13
CorWatt	PkgWatt
11.05	168.71
0.09	79.81
0.08
0.08
0.08
0.09
0.09
0.09
0.11
0.07
0.07
0.07
0.07
0.07
0.07
0.07
0.07
0.08
0.08
0.08
0.08
0.09
0.08
0.08
0.08
0.07
0.07
0.07
0.07
0.07
0.07
0.07
0.07
0.14	88.78
0.14
0.14
0.14
0.14
0.14
0.14
0.14
0.15
1.60
0.15
0.15
0.13
0.13
0.13
0.13
0.16
0.16
0.16
1.65
0.16
0.16
0.16
1.22
0.13
0.13
0.13
0.13
0.13
0.13
0.13
0.13
CorWatt	PkgWatt
11.19	181.14
0.09	85.94
0.09
0.09
0.09
0.09
0.09
0.09
0.11
0.07
0.07
0.07
0.07
0.07
0.07
0.07
0.07
0.08
0.08
0.08
0.08
0.09
0.08
0.08
0.08
0.08
0.08
0.08
0.08
0.07
0.07
0.07
0.07
0.14	95.15
0.14
0.14
0.14
0.14
0.14
0.14
0.14
0.13
0.13
0.13
0.13
0.13
0.13
0.13
0.13
0.14
0.14
0.15
0.14
0.15
0.15
0.15
0.16
0.16
0.16
0.16
1.74
0.16
0.16
0.16
2.59
CorWatt	PkgWatt
11.13	162.74
0.09	76.23
0.09
0.08
0.09
0.09
0.09
0.09
0.11
0.07
0.07
0.07
0.07
0.07
0.07
0.14
0.07
0.08
0.08
0.08
0.08
0.09
0.08
0.08
0.08
0.07
0.07
0.07
0.07
0.07
0.07
0.07
0.07
0.18	86.67
0.18
0.19
4.18
0.14
0.14
0.14
0.14
0.13
0.13
0.13
0.13
0.13
0.13
0.13
0.13
0.14
0.14
0.14
0.14
0.14
0.14
0.14
0.14
0.14
0.14
0.14
0.14
0.13
0.13
0.13
0.14
CorWatt	PkgWatt
10.79	160.44
0.08	75.78
0.08
0.08
0.08
0.08
0.09
0.09
0.11
0.07
0.07
0.07
0.07
0.07
0.07
0.07
0.07
0.08
0.08
0.08
0.08
0.09
0.08
0.08
0.08
0.07
0.07
0.07
0.07
0.07
0.07
0.07
0.07
0.14	84.51
0.14
0.14
0.15
0.19
0.19
0.19
4.04
0.13
0.13
0.13
0.13
0.13
0.13
0.13
0.12
0.14
0.14
0.14
0.14
0.14
0.14
0.14
0.14
0.13
0.13
0.13
0.13
0.13
0.13
0.13
0.13
CorWatt	PkgWatt
11.16	164.45
0.08	77.50
0.08
0.08
0.08
0.08
0.09
0.11
0.08
0.07
0.07
0.07
0.07
0.07
0.07
0.07
0.07
0.08
0.08
0.08
0.08
0.09
0.08
0.08
0.08
0.07
0.07
0.07
0.07
0.07
0.07
0.07
0.07
0.14	86.98
0.14
0.14
0.14
0.14
0.14
0.14
0.15
0.13
0.13
0.13
0.13
0.17
0.17
3.52
0.17
0.14
0.14
0.15
0.14
0.16
0.16
0.16
0.90
0.14
0.14
0.14
0.14
0.14
0.14
0.13
0.14
CorWatt	PkgWatt
11.54	173.47
0.11	81.46
0.09
0.09
0.09
0.09
0.10
0.12
0.09
0.08
0.08
0.08
0.08
0.08
0.08
0.08
0.08
0.09
0.09
0.09
0.09
0.10
0.09
0.09
0.09
0.08
0.08
0.08
0.08
0.08
0.08
0.08
0.08
0.16	92.04
0.16
0.16
1.52
0.14
0.15
0.15
0.15
0.13
0.13
0.13
0.13
0.13
0.14
0.13
0.13
0.15
0.14
0.15
0.15
0.15
0.15
0.15
0.16
0.15
0.15
0.15
0.75
0.16
0.16
0.16
2.22
CorWatt	PkgWatt
11.09	174.71
0.09	82.03
0.08
0.09
0.08
0.09
0.09
0.11
0.09
0.07
0.07
0.07
0.07
0.07
0.07
0.07
0.07
0.08
0.08
0.08
0.08
0.09
0.08
0.08
0.08
0.07
0.07
0.07
0.07
0.07
0.07
0.07
0.07
0.14	92.79
0.14
0.14
0.15
0.19
0.19
0.19
4.24
0.13
0.13
0.13
0.13
0.13
0.13
0.13
0.13
0.14
0.14
0.14
0.14
0.14
0.14
0.14
0.14
0.14
0.14
0.14
0.14
0.13
0.13
0.13
0.13
CorWatt	PkgWatt
11.10	167.47
0.11	79.03
0.08
0.08
0.08
0.08
0.09
0.11
0.08
0.07
0.07
0.07
0.07
0.07
0.07
0.06
0.06
0.08
0.08
0.08
0.08
0.09
0.08
0.08
0.08
0.07
0.07
0.07
0.07
0.07
0.07
0.07
0.07
0.14	88.30
0.14
0.14
0.14
0.15
0.15
0.15
0.15
0.14
0.14
0.88
0.15
1.30
0.15
0.15
0.14
0.16
0.16
1.38
0.16
0.16
0.16
0.16
1.03
0.14
0.14
0.14
0.14
0.14
0.13
0.13
0.14
CorWatt	PkgWatt
10.97	164.06
0.09	78.36
0.08
0.08
0.08
0.08
0.09
0.09
0.11
0.07
0.07
0.07
0.07
0.07
0.07
0.06
0.06
0.08
0.08
0.08
0.08
0.09
0.08
0.08
0.08
0.07
0.07
0.07
0.07
0.07
0.07
0.07
0.07
0.18	85.70
0.17
0.18
3.16
0.15
0.15
0.15
1.18
0.13
0.13
0.13
0.13
0.13
0.13
0.13
0.13
0.14
0.14
0.14
0.15
0.14
0.14
0.14
0.15
0.14
0.14
0.14
0.14
0.13
0.13
0.13
0.13
CorWatt	PkgWatt
11.47	165.34
0.09	77.18
0.09
0.09
0.09
0.09
0.09
0.09
0.11
0.07
0.07
0.07
0.07
0.07
0.07
0.07
0.07
0.08
0.08
0.08
0.08
0.09
0.08
0.08
0.08
0.08
0.08
0.08
0.08
0.07
0.07
0.07
0.07
0.15	88.22
0.14
0.15
0.15
0.15
0.15
0.15
0.15
0.18
0.18
3.67
0.18
0.14
0.14
0.47
0.14
0.15
0.15
0.15
0.44
0.16
0.16
0.15
0.16
0.14
0.14
0.14
0.14
0.14
0.14
0.14
0.14
CorWatt	PkgWatt
10.92	160.54
0.09	75.70
0.08
0.08
0.08
0.08
0.09
0.08
0.11
0.07
0.07
0.07
0.07
0.07
0.07
0.07
0.06
0.08
0.08
0.08
0.08
0.09
0.08
0.08
0.08
0.07
0.07
0.07
0.07
0.07
0.07
0.07
0.07
0.14	84.78
0.14
0.14
0.14
0.14
0.14
0.14
0.14
0.13
0.13
0.13
0.13
0.13
0.13
0.13
0.13
0.14
0.14
0.14
0.16
0.19
0.19
0.19
4.14
0.14
0.14
0.14
0.14
0.13
0.13
0.13
0.13
CorWatt	PkgWatt
11.25	196.10
0.09	93.40
0.09
0.09
0.09
0.09
0.09
0.09
0.11
0.07
0.07
0.07
0.07
0.07
0.07
0.07
0.07
0.08
0.08
0.08
0.08
0.09
0.08
0.08
0.08
0.08
0.08
0.08
0.11
0.07
0.07
0.07
0.08
0.14	102.79
0.14
0.14
0.14
0.14
0.14
0.14
0.14
0.13
0.13
0.13
0.13
0.13
0.13
0.13
0.13
0.14
0.14
0.14
0.14
0.15
0.15
0.14
0.16
0.14
0.14
0.14
0.14
0.18
0.18
0.18
4.24
CorWatt	PkgWatt
11.08	162.86
0.09	76.32
0.09
0.09
0.09
0.09
0.09
0.09
0.11
0.07
0.07
0.07
0.07
0.07
0.07
0.14
0.07
0.08
0.08
0.08
0.08
0.09
0.08
0.08
0.08
0.08
0.08
0.08
0.08
0.08
0.07
0.07
0.09
0.19	86.59
0.18
0.19
4.04
0.14
0.14
0.14
0.14
0.13
0.13
0.13
0.13
0.13
0.13
0.13
0.13
0.14
0.14
0.15
0.14
0.14
0.14
0.15
0.15
0.14
0.14
0.14
0.14
0.13
0.13
0.13
0.14
CorWatt	PkgWatt
11.03	161.05
0.09	76.24
0.09
0.09
0.09
0.09
0.09
0.09
0.11
0.07
0.08
0.07
0.07
0.07
0.07
0.07
0.07
0.09
0.09
0.09
0.09
0.10
0.08
0.08
0.08
0.08
0.08
0.08
0.08
0.09
0.08
0.08
0.08
0.15	84.65
0.14
0.14
0.15
0.19
0.19
0.19
3.91
0.13
0.13
0.13
0.13
0.13
0.13
0.13
0.13
0.14
0.14
0.14
0.14
0.15
0.15
0.15
0.15
0.14
0.14
0.14
0.14
0.13
0.13
0.13
0.13
CorWatt	PkgWatt
11.59	164.71
0.10	77.85
0.09
0.09
0.09
0.09
0.09
0.09
0.11
0.07
0.07
0.07
0.07
0.07
0.07
0.07
0.07
0.08
0.08
0.09
0.08
0.09
0.08
0.08
0.08
0.08
0.08
0.08
0.08
0.10
0.09
0.08
0.09
0.16	87.11
0.15
0.15
0.16
0.15
0.15
0.15
0.17
0.17
0.18
3.42
0.17
0.14
0.15
0.14
0.14
0.17
0.16
0.88
0.16
0.16
0.16
0.16
0.17
0.14
0.15
0.16
0.15
0.16
0.15
0.14
0.15
CorWatt	PkgWatt
11.17	164.58
0.09	77.64
0.09
0.09
0.09
0.09
0.09
0.09
0.11
0.07
0.07
0.07
0.07
0.07
0.07
0.07
0.07
0.08
0.08
0.08
0.08
0.09
0.08
0.08
0.08
0.07
0.07
0.07
0.07
0.07
0.07
0.07
0.07
0.15	86.87
0.15
0.15
0.15
0.16
0.15
0.15
0.55
0.15
0.15
0.14
0.14
0.18
0.19
3.48
0.18
0.15
0.15
0.15
0.15
0.18
0.19
0.16
0.16
0.14
0.15
0.18
0.15
0.15
0.14
0.14
0.14
CorWatt	PkgWatt
10.99	168.10
0.09	79.44
0.09
0.09
0.09
0.08
0.09
0.09
0.11
0.07
0.07
0.07
0.07
0.07
0.07
0.07
0.07
0.08
0.08
0.08
0.08
0.09
0.08
0.08
0.08
0.07
0.07
0.07
0.07
0.07
0.07
0.07
0.07
0.14	88.57
0.14
0.14
0.14
0.14
0.14
0.14
0.14
0.13
0.13
0.13
0.13
0.13
0.13
0.14
0.13
0.16
0.16
0.16
1.34
0.15
0.15
0.15
0.15
0.14
0.14
0.14
0.14
0.19
2.85
0.16
0.17
CorWatt	PkgWatt
11.25	161.16
0.10	76.26
0.09
0.09
0.09
0.09
0.09
0.09
0.11
0.07
0.07
0.07
0.07
0.08
0.08
0.07
0.07
0.09
0.09
0.09
0.09
0.10
0.09
0.09
0.09
0.08
0.08
0.08
0.08
0.08
0.08
0.07
0.08
0.17	84.87
0.16
0.17
1.79
0.17
2.45
0.17
0.17
0.13
0.13
0.13
0.13
0.13
0.13
0.13
0.13
0.15
0.14
0.14
0.15
0.15
0.15
0.15
0.15
0.14
0.14
0.14
0.14
0.13
0.14
0.13
0.13
CorWatt	PkgWatt
11.14	160.89
0.09	75.85
0.08
0.08
0.09
0.09
0.09
0.09
0.11
0.07
0.07
0.07
0.07
0.07
0.07
0.07
0.07
0.08
0.08
0.08
0.08
0.09
0.08
0.08
0.08
0.07
0.07
0.07
0.08
0.07
0.07
0.07
0.07
0.15	85.18
0.15
0.15
0.15
0.15
0.16
0.15
0.15
0.18
0.18
0.18
4.02
0.14
0.14
0.14
0.14
0.15
0.15
0.14
0.15
0.16
0.16
0.16
0.16
0.14
0.14
0.14
0.14
0.14
0.14
0.14
0.15
CorWatt	PkgWatt
10.42	159.92
0.09	75.93
0.09
0.09
0.09
0.09
0.09
0.09
0.11
0.07
0.07
0.07
0.07
0.07
0.07
0.07
0.07
0.08
0.08
0.08
0.08
0.09
0.08
0.08
0.08
0.08
0.08
0.08
0.08
0.07
0.07
0.07
0.07
0.13	83.86
0.13
0.13
0.13
0.13
0.14
0.13
0.13
0.13
0.13
0.13
0.13
0.13
0.13
0.13
0.13
0.18
0.18
0.18
3.68
0.14
0.18
0.14
0.14
0.13
0.13
0.13
0.13
0.13
0.13
0.12
0.13
CorWatt	PkgWatt
10.82	160.27
0.09	75.82
0.08
0.08
0.09
0.09
0.09
0.09
0.11
0.07
0.07
0.07
0.07
0.07
0.07
0.07
0.07
0.08
0.08
0.08
0.08
0.09
0.08
0.08
0.08
0.07
0.07
0.07
0.07
0.07
0.07
0.07
0.07
0.14	84.57
0.14
0.14
0.14
0.14
0.14
0.14
0.14
0.13
0.13
0.13
0.13
0.13
0.13
0.13
0.13
0.15
0.14
0.14
0.16
0.15
0.16
0.15
0.15
0.18
0.18
0.18
3.93
0.13
0.13
0.13
0.13
CorWatt	PkgWatt
11.42	191.30
0.10	90.21
0.09
0.10
0.10
0.10
0.10
0.10
0.12
0.08
0.08
0.07
0.07
0.08
0.07
0.07
0.08
0.09
0.09
0.09
0.09
0.10
0.09
0.09
0.09
0.08
0.08
0.08
0.08
0.08
0.08
0.08
0.08
0.56	100.91
0.15
0.15
0.15
0.14
0.15
0.14
0.14
0.13
0.13
0.13
0.13
0.13
0.13
0.13
0.13
0.15
0.14
0.14
0.15
0.15
0.15
0.15
0.15
0.14
0.14
0.14
0.15
0.18
0.18
0.18
3.73
CorWatt	PkgWatt
10.33	159.64
0.15	84.31
0.15
0.15
0.15
0.16
0.16
0.19
0.50
0.18
0.18
0.17
3.53
0.13
0.13
0.20
0.13
0.14
0.14
0.14
0.14
0.16
0.15
0.15
0.15
0.13
0.13
0.14
0.14
0.13
0.13
0.13
0.13
0.07	75.36
0.06
0.06
0.06
0.06
0.06
0.06
0.06
0.05
0.05
0.05
0.05
0.05
0.05
0.05
0.05
0.06
0.06
0.05
0.06
0.07
0.07
0.07
0.07
0.05
0.05
0.05
0.05
0.05
0.05
0.05
0.06
CorWatt	PkgWatt
10.55	159.60
0.16	84.69
0.15
0.15
0.15
0.16
0.16
0.19
0.16
0.13
0.13
0.13
0.14
4.18
0.18
0.21
0.18
0.14
0.14
0.14
0.14
0.16
0.15
0.15
0.15
0.14
0.14
0.14
0.14
0.13
0.13
0.13
0.13
0.06	75.04
0.06
0.06
0.06
0.06
0.06
0.06
0.05
0.05
0.05
0.05
0.05
0.05
0.05
0.05
0.05
0.06
0.05
0.05
0.06
0.06
0.06
0.06
0.06
0.05
0.05
0.05
0.05
0.05
0.05
0.05
0.05
CorWatt	PkgWatt
10.67	159.95
0.17	84.72
0.15
0.15
0.16
0.16
0.16
0.17
0.19
0.13
0.13
0.13
0.13
0.20
0.21
4.15
0.18
0.14
0.14
0.14
0.14
0.16
0.15
0.15
0.15
0.14
0.14
0.14
0.14
0.13
0.13
0.13
0.13
0.06	75.15
0.07
0.06
0.06
0.06
0.06
0.06
0.06
0.05
0.05
0.05
0.05
0.05
0.05
0.05
0.05
0.06
0.06
0.05
0.06
0.07
0.07
0.07
0.07
0.05
0.05
0.05
0.05
0.05
0.05
0.05
0.06
CorWatt	PkgWatt
8.98	157.60
0.14	82.25
0.13
0.13
0.14
0.14
0.14
0.14
0.16
0.12
0.12
0.12
0.12
0.12
0.12
0.12
0.11
0.13
0.13
0.13
0.13
2.12
0.15
0.15
0.15
0.12
0.12
0.12
0.14
0.13
1.04
0.14
0.13
0.06	75.30
0.06
0.06
0.06
0.06
0.06
0.06
0.06
0.06
0.05
0.05
0.05
0.05
0.05
0.05
0.05
0.06
0.06
0.06
0.06
0.07
0.07
0.07
0.07
0.06
0.06
0.06
0.06
0.05
0.05
0.05
0.06
CorWatt	PkgWatt
3.94	150.25
0.08	75.35
0.08
0.08
0.08
0.07
0.08
0.08
0.08
0.06
0.06
0.06
0.06
0.07
0.06
0.06
0.06
0.07
0.08
0.07
0.08
0.08
0.07
0.07
0.07
0.06
0.06
0.06
0.06
0.06
0.06
0.06
0.06
0.06	75.03
0.06
0.05
0.05
0.06
0.05
0.05
0.05
0.05
0.05
0.05
0.05
0.05
0.05
0.05
0.05
0.06
0.05
0.05
0.06
0.06
0.06
0.06
0.06
0.05
0.05
0.05
0.05
0.05
0.05
0.05
0.05
CorWatt	PkgWatt
3.75	150.08
0.08	75.06
0.07
0.07
0.07
0.07
0.07
0.07
0.07
0.06
0.06
0.06
0.06
0.06
0.06
0.06
0.06
0.07
0.07
0.07
0.07
0.08
0.07
0.07
0.07
0.06
0.06
0.06
0.06
0.06
0.06
0.06
0.06
0.06	74.89
0.05
0.05
0.05
0.06
0.05
0.05
0.05
0.05
0.05
0.05
0.05
0.05
0.05
0.05
0.05
0.05
0.05
0.05
0.05
0.06
0.06
0.06
0.06
0.05
0.05
0.05
0.05
0.05
0.05
0.05
0.05
CorWatt	PkgWatt
5.62	152.58
0.10	77.68
0.10
0.10
0.09
0.09
0.10
0.10
0.11
0.08
0.08
0.09
0.08
0.09
0.09
1.09
0.09
0.09
0.09
0.09
0.09
0.10
0.09
0.09
0.09
0.08
0.08
0.08
0.08
0.08
0.08
0.08
0.09
0.06	74.99
0.06
0.05
0.05
0.06
0.05
0.05
0.05
0.05
0.05
0.05
0.05
0.05
0.05
0.05
0.05
0.06
0.05
0.05
0.06
0.07
0.07
0.06
0.06
0.05
0.05
0.05
0.05
0.05
0.05
0.05
0.05
CorWatt	PkgWatt
10.58	160.11
0.16	84.69
0.16
0.16
0.15
0.16
0.16
0.16
0.19
0.13
0.13
0.13
0.13
0.14
0.13
0.14
0.13
0.18
0.19
0.19
2.71
0.18
0.17
0.17
1.40
0.14
0.14
0.14
0.14
0.14
0.14
0.13
0.14
0.06	75.30
0.06
0.06
0.06
0.06
0.06
0.06
0.06
0.05
0.06
0.05
0.05
0.05
0.05
0.06
0.05
0.06
0.06
0.06
0.06
0.07
0.07
0.07
0.07
0.06
0.06
0.06
0.06
0.06
0.06
0.05
0.06
CorWatt	PkgWatt
10.65	159.74
0.16	84.88
0.15
0.15
0.15
0.16
0.16
0.16
0.19
0.13
0.14
0.13
0.13
0.13
0.13
0.13
0.13
0.15
0.15
0.15
0.15
0.17
0.15
0.15
0.16
0.16
0.16
0.16
1.74
0.17
2.67
0.17
0.18
0.06	75.01
0.05
0.05
0.05
0.05
0.05
0.05
0.05
0.05
0.05
0.05
0.05
0.05
0.05
0.05
0.05
0.05
0.05
0.05
0.06
0.06
0.06
0.06
0.06
0.05
0.05
0.05
0.05
0.05
0.05
0.05
0.05
CorWatt	PkgWatt
10.40	159.59
0.18	84.54
0.17
0.17
1.54
0.16
0.16
0.16
0.18
0.16
0.16
2.70
0.16
0.13
0.13
0.15
0.13
0.14
0.14
0.14
0.15
0.16
0.15
0.15
0.15
0.14
0.14
0.14
0.14
0.14
0.15
0.14
0.14
0.05	74.92
0.05
0.05
0.05
0.05
0.05
0.05
0.05
0.05
0.05
0.05
0.05
0.05
0.05
0.05
0.05
0.05
0.05
0.05
0.05
0.06
0.06
0.06
0.06
0.05
0.05
0.05
0.05
0.05
0.05
0.05
0.05
CorWatt	PkgWatt
10.52	159.68
0.16	84.68
0.15
0.15
0.15
0.16
0.16
0.16
0.18
0.13
0.13
0.14
0.13
0.14
0.21
0.83
0.14
0.16
0.16
0.16
0.89
2.65
0.18
0.18
0.18
0.14
0.14
0.14
0.14
0.13
0.13
0.13
0.13
0.06	75.03
0.06
0.05
0.05
0.06
0.06
0.05
0.05
0.05
0.05
0.05
0.05
0.05
0.05
0.05
0.05
0.06
0.05
0.05
0.06
0.07
0.07
0.07
0.07
0.05
0.05
0.05
0.05
0.05
0.05
0.05
0.06
CorWatt	PkgWatt
11.16	160.54
0.17	85.24
0.16
0.16
0.16
0.17
0.17
0.17
0.19
0.14
0.14
0.13
0.14
0.13
0.14
0.13
0.13
0.15
0.15
0.15
0.15
0.18
0.16
0.16
0.16
4.21
0.20
0.20
0.37
0.14
0.14
0.14
0.14
0.06	75.39
0.06
0.06
0.06
0.06
0.06
0.06
0.06
0.06
0.06
0.06
0.06
0.06
0.06
0.06
0.06
0.06
0.06
0.06
0.06
0.07
0.07
0.07
0.07
0.06
0.06
0.06
0.06
0.07
0.06
0.06
0.06
CorWatt	PkgWatt
10.59	160.05
0.18	84.90
0.16
0.16
0.16
0.16
0.16
0.17
0.18
0.14
0.13
0.13
0.14
0.13
0.13
0.13
0.13
0.15
0.15
0.15
0.15
0.17
0.15
0.15
0.15
4.12
0.19
0.19
0.20
0.14
0.14
0.14
0.14
0.06	75.01
0.06
0.05
0.05
0.05
0.05
0.05
0.05
0.05
0.05
0.05
0.05
0.05
0.05
0.05
0.05
0.05
0.05
0.05
0.05
0.06
0.06
0.06
0.06
0.05
0.05
0.05
0.05
0.05
0.05
0.05
0.05
CorWatt	PkgWatt
10.57	159.83
0.16	84.90
0.16
0.16
0.16
0.16
0.17
0.16
0.19
0.14
0.14
0.13
0.14
0.13
0.13
0.13
0.13
0.15
0.15
0.15
0.15
0.17
0.15
0.15
0.15
3.65
0.19
0.19
0.19
0.15
0.65
0.15
0.14
0.05	74.95
0.05
0.05
0.05
0.05
0.05
0.05
0.05
0.05
0.05
0.05
0.05
0.05
0.05
0.05
0.05
0.05
0.05
0.05
0.05
0.06
0.06
0.06
0.06
0.05
0.05
0.05
0.05
0.05
0.05
0.05
0.05
CorWatt	PkgWatt
10.35	159.38
0.17	84.51
0.15
0.16
0.32
0.16
0.16
0.16
0.19
3.28
0.18
0.17
0.18
0.62
0.14
0.14
0.13
0.14
0.15
0.14
0.14
0.16
0.15
0.15
0.15
0.14
0.14
0.14
0.14
0.13
0.15
0.13
0.13
0.06	75.00
0.06
0.05
0.05
0.05
0.06
0.06
0.05
0.05
0.05
0.05
0.05
0.05
0.05
0.05
0.05
0.06
0.05
0.05
0.06
0.07
0.07
0.07
0.07
0.05
0.05
0.05
0.05
0.05
0.05
0.05
0.06
CorWatt	PkgWatt
10.62	160.15
0.16	84.73
0.16
0.16
0.16
0.16
0.16
0.17
0.18
0.13
0.13
0.13
0.13
0.14
0.13
0.13
0.13
0.20
0.20
0.21
4.00
0.17
0.15
0.15
0.15
0.15
0.14
0.14
0.14
0.14
0.14
0.13
0.13
0.06	75.33
0.06
0.06
0.06
0.06
0.06
0.06
0.06
0.06
0.06
0.06
0.06
0.06
0.06
0.06
0.06
0.06
0.06
0.06
0.06
0.07
0.07
0.07
0.07
0.06
0.06
0.06
0.06
0.06
0.06
0.06
0.06
CorWatt	PkgWatt
10.74	160.16
0.17	85.08
0.16
0.16
0.16
0.17
0.17
0.20
0.16
0.14
0.14
0.13
0.14
0.13
0.13
0.13
0.13
0.15
0.15
0.15
0.16
0.17
0.16
0.15
0.16
4.20
0.20
0.20
0.20
0.14
0.14
0.14
0.14
0.06	75.02
0.06
0.05
0.05
0.05
0.05
0.05
0.05
0.05
0.05
0.05
0.05
0.05
0.05
0.05
0.05
0.06
0.05
0.05
0.06
0.07
0.07
0.06
0.06
0.05
0.05
0.05
0.05
0.05
0.05
0.05
0.06
CorWatt	PkgWatt
10.35	159.44
0.17	84.56
0.17
0.17
1.39
0.16
0.16
0.19
0.16
0.13
0.13
0.13
0.13
0.13
0.13
0.13
0.13
0.15
0.14
0.14
0.15
0.16
0.15
0.15
0.15
0.15
0.14
0.14
0.14
0.17
2.77
0.17
0.17
0.05	75.00
0.05
0.05
0.05
0.05
0.06
0.05
0.05
0.05
0.05
0.05
0.05
0.05
0.05
0.05
0.05
0.05
0.05
0.05
0.05
0.06
0.06
0.06
0.06
0.05
0.05
0.05
0.05
0.05
0.05
0.05
0.05
CorWatt	PkgWatt
10.37	159.74
0.16	84.53
0.16
0.16
0.16
0.16
0.16
0.19
0.16
0.18
3.90
0.18
0.18
0.13
0.13
0.13
0.13
0.15
0.14
0.14
0.15
0.17
0.15
0.15
0.15
0.14
0.14
0.14
0.14
0.13
0.13
0.13
0.13
0.06	75.14
0.06
0.05
0.05
0.06
0.06
0.06
0.06
0.05
0.05
0.05
0.05
0.05
0.05
0.05
0.05
0.06
0.06
0.06
0.06
0.07
0.07
0.07
0.07
0.05
0.05
0.05
0.05
0.05
0.05
0.05
0.06
CorWatt	PkgWatt
10.66	160.03
0.16	84.70
0.15
0.15
0.15
0.16
0.16
0.19
0.16
0.14
0.14
0.13
0.13
0.13
0.13
0.32
0.14
0.18
0.18
0.18
2.47
1.59
0.17
0.17
0.17
0.14
0.14
0.14
0.14
0.14
0.14
0.14
0.13
0.06	75.27
0.06
0.06
0.06
0.06
0.06
0.06
0.06
0.06
0.06
0.06
0.06
0.06
0.06
0.06
0.06
0.06
0.06
0.06
0.06
0.07
0.07
0.07
0.07
0.06
0.06
0.06
0.06
0.06
0.06
0.06
0.06
CorWatt	PkgWatt
10.86	160.02
0.16	85.09
0.15
0.15
0.15
0.16
0.16
0.19
0.16
0.14
0.14
0.13
0.14
0.13
0.21
0.13
0.13
0.15
0.15
0.15
0.15
0.18
0.16
0.16
0.16
2.40
0.18
0.17
0.31
0.16
1.85
0.16
0.16
0.06	75.12
0.06
0.05
0.05
0.05
0.06
0.06
0.05
0.05
0.05
0.05
0.05
0.05
0.05
0.05
0.05
0.06
0.06
0.06
0.06
0.07
0.07
0.07
0.07
0.05
0.05
0.05
0.05
0.05
0.05
0.05
0.06
CorWatt	PkgWatt
10.33	159.65
0.90	84.55
0.16
0.16
0.16
0.16
0.16
0.19
0.16
0.13
0.28
0.13
0.13
0.13
0.13
0.13
0.13
0.14
0.14
0.14
0.14
0.16
0.15
0.15
0.15
0.14
0.14
0.14
0.14
0.17
3.13
0.17
0.17
0.05	74.93
0.05
0.05
0.05
0.05
0.05
0.05
0.05
0.05
0.05
0.05
0.05
0.05
0.05
0.05
0.05
0.05
0.05
0.05
0.06
0.07
0.06
0.06
0.06
0.05
0.05
0.05
0.05
0.05
0.05
0.05
0.05
CorWatt	PkgWatt
10.50	159.72
0.16	84.67
0.16
0.15
0.15
0.16
0.16
0.19
0.16
0.13
0.14
0.13
0.13
0.18
0.18
4.07
0.18
0.15
0.14
0.14
0.15
0.16
0.15
0.15
0.15
0.14
0.14
0.14
0.14
0.14
0.14
0.13
0.13
0.05	75.06
0.06
0.05
0.05
0.05
0.05
0.05
0.05
0.05
0.05
0.05
0.05
0.06
0.06
0.05
0.05
0.05
0.05
0.05
0.06
0.07
0.07
0.07
0.07
0.05
0.05
0.05
0.05
0.05
0.05
0.05
0.05
CorWatt	PkgWatt
10.64	159.98
0.16	84.83
0.16
0.16
0.16
0.16
0.17
0.19
0.16
0.13
0.14
0.13
0.13
0.14
0.13
0.14
0.13
0.20
0.20
0.21
4.01
0.17
0.16
0.15
0.15
0.14
0.14
0.14
0.14
0.14
0.14
0.14
0.14
0.06	75.20
0.06
0.06
0.06
0.06
0.06
0.06
0.06
0.06
0.05
0.05
0.05
0.05
0.05
0.05
0.05
0.06
0.06
0.06
0.06
0.07
0.07
0.07
0.07
0.06
0.06
0.06
0.06
0.05
0.05
0.05
0.06
CorWatt	PkgWatt
10.26	159.47
0.15	84.41
0.15
0.15
0.15
0.16
0.16
0.19
0.16
0.13
0.13
0.13
0.13
0.13
0.13
0.13
0.13
0.15
0.15
0.15
0.15
2.91
0.18
0.18
0.18
0.14
0.14
0.50
0.14
0.14
0.88
0.14
0.14
0.05	75.00
0.05
0.05
0.05
0.05
0.05
0.05
0.05
0.05
0.05
0.05
0.05
0.05
0.05
0.05
0.05
0.05
0.05
0.05
0.05
0.06
0.06
0.06
0.06
0.05
0.05
0.05
0.05
0.05
0.05
0.05
0.05
CorWatt	PkgWatt
10.31	159.33
0.17	84.64
0.17
0.17
0.93
0.16
0.16
0.19
0.16
0.17
0.17
0.17
3.18
0.13
0.13
0.13
0.13
0.15
0.15
0.15
0.15
0.16
0.15
0.15
0.15
0.14
0.14
0.14
0.14
0.14
0.14
0.13
0.13
0.05	74.81
0.05
0.05
0.05
0.05
0.05
0.05
0.05
0.05
0.05
0.05
0.05
0.05
0.05
0.05
0.05
0.05
0.05
0.05
0.05
0.06
0.06
0.06
0.06
0.05
0.05
0.05
0.05
0.05
0.05
0.05
0.05
CorWatt	PkgWatt
10.43	159.70
0.17	84.64
0.16
0.16
0.15
0.16
0.16
0.19
0.16
0.14
0.14
0.13
0.14
0.22
0.41
0.14
0.14
0.18
0.18
0.19
2.72
1.10
0.16
0.16
0.16
0.14
0.14
0.14
0.14
0.14
0.14
0.14
0.14
0.05	74.99
0.05
0.05
0.05
0.05
0.05
0.05
0.05
0.05
0.05
0.05
0.05
0.05
0.05
0.05
0.05
0.05
0.05
0.05
0.06
0.06
0.06
0.06
0.06
0.05
0.05
0.05
0.05
0.05
0.05
0.05
0.05
CorWatt	PkgWatt
10.78	160.15
0.17	84.90
0.16
0.16
0.24
0.16
0.16
0.19
0.16
0.15
0.15
0.90
0.15
0.14
0.14
0.14
0.71
0.15
0.15
0.15
0.15
0.18
0.16
0.16
0.16
0.16
0.16
1.42
0.17
0.15
0.16
0.16
1.33
0.06	75.31
0.06
0.06
0.06
0.06
0.06
0.06
0.06
0.06
0.06
0.06
0.06
0.06
0.06
0.06
0.06
0.06
0.06
0.06
0.06
0.07
0.07
0.07
0.07
0.06
0.06
0.06
0.06
0.06
0.06
0.06
0.06
CorWatt	PkgWatt
10.41	159.82
0.16	84.68
0.16
0.16
0.16
0.16
0.16
0.19
0.16
0.13
0.13
0.13
0.13
0.13
0.13
0.13
0.14
0.20
0.20
0.21
3.86
0.17
0.15
0.15
0.15
0.14
0.14
0.14
0.14
0.14
0.14
0.14
0.17
0.05	75.09
0.05
0.05
0.05
0.06
0.06
0.05
0.05
0.05
0.05
0.05
0.05
0.05
0.05
0.05
0.05
0.06
0.06
0.06
0.06
0.07
0.07
0.06
0.06
0.05
0.05
0.05
0.05
0.05
0.05
0.05
0.06
CorWatt	PkgWatt
10.67	159.96
0.16	85.13
0.16
0.16
0.16
0.16
0.17
0.19
0.16
0.14
0.14
0.14
0.14
0.14
0.14
0.14
0.13
0.15
0.16
0.15
0.16
0.91
0.17
0.17
0.17
0.18
0.18
0.18
3.46
0.14
0.14
0.14
0.14
0.05	74.78
0.05
0.05
0.05
0.05
0.05
0.05
0.05
0.05
0.05
0.05
0.05
0.05
0.05
0.05
0.05
0.05
0.05
0.05
0.05
0.06
0.06
0.06
0.06
0.05
0.05
0.05
0.05
0.05
0.05
0.05
0.05
CorWatt	PkgWatt
10.66	159.87
0.16	84.70
0.15
0.15
0.15
0.16
0.16
0.19
0.16
0.14
0.14
0.51
0.14
0.13
0.21
0.13
0.13
0.15
0.15
0.14
0.15
0.17
0.15
0.15
0.15
0.14
0.14
0.15
0.16
0.18
0.18
0.18
3.63
0.06	75.31
0.06
0.06
0.06
0.06
0.06
0.06
0.06
0.06
0.06
0.06
0.06
0.05
0.06
0.06
0.05
0.06
0.06
0.06
0.06
0.07
0.07
0.07
0.07
0.06
0.06
0.06
0.06
0.06
0.06
0.06
0.07
CorWatt	PkgWatt
10.53	159.84
0.18	84.56
0.16
0.16
0.15
0.16
0.16
0.19
0.16
0.18
0.18
4.03
0.18
0.13
0.13
0.13
0.13
0.15
0.15
0.15
0.15
0.16
0.15
0.15
0.15
0.14
0.14
0.14
0.14
0.13
0.13
0.13
0.13
0.06	75.13
0.06
0.06
0.06
0.06
0.06
0.06
0.06
0.05
0.05
0.05
0.05
0.05
0.06
0.06
0.05
0.06
0.06
0.06
0.06
0.07
0.07
0.07
0.07
0.05
0.06
0.05
0.05
0.05
0.05
0.05
0.05
CorWatt	PkgWatt
10.51	159.80
0.19	84.85
0.16
0.16
0.16
0.15
0.15
0.16
0.15
0.14
0.14
0.15
0.14
3.77
0.18
0.18
0.18
0.15
0.15
0.15
0.44
0.17
0.15
0.15
0.15
0.14
0.14
0.14
0.14
0.14
0.14
0.13
0.14
0.05	74.95
0.05
0.05
0.05
0.05
0.05
0.05
0.05
0.05
0.05
0.05
0.05
0.05
0.05
0.05
0.05
0.05
0.05
0.05
0.06
0.06
0.06
0.06
0.06
0.05
0.05
0.05
0.05
0.05
0.05
0.05
0.06
CorWatt	PkgWatt
10.82	159.97
0.20	85.26
0.17
0.17
0.17
0.16
0.16
0.16
0.16
0.14
0.14
0.14
0.14
0.14
0.14
0.14
0.14
0.16
0.16
0.16
0.16
0.68
0.17
0.17
0.16
0.19
0.19
0.19
3.77
0.14
0.14
0.14
0.14
0.05	74.83
0.05
0.05
0.05
0.05
0.05
0.05
0.05
0.05
0.05
0.05
0.05
0.05
0.05
0.05
0.05
0.05
0.05
0.05
0.05
0.06
0.06
0.06
0.06
0.05
0.05
0.05
0.05
0.05
0.05
0.05
0.05
CorWatt	PkgWatt
10.53	159.91
0.20	84.70
0.16
0.17
0.16
0.16
0.15
0.15
0.15
0.13
0.13
0.13
0.13
0.13
0.13
0.13
0.13
0.15
0.15
0.15
0.15
0.16
0.15
0.15
0.15
0.14
0.14
0.14
0.15
0.18
0.19
0.19
4.03
0.06	75.12
0.06
0.06
0.06
0.06
0.06
0.06
0.06
0.05
0.05
0.05
0.05
0.05
0.05
0.05
0.05
0.06
0.06
0.06
0.06
0.06
0.06
0.06
0.06
0.05
0.05
0.05
0.05
0.05
0.05
0.05
0.06
CorWatt	PkgWatt
10.31	159.55
0.19	84.39
0.16
0.17
0.16
0.18
0.18
0.18
2.32
0.15
0.15
1.65
0.15
0.13
0.13
0.13
0.13
0.15
0.15
0.15
0.15
0.16
0.15
0.15
0.15
0.14
0.14
0.14
0.14
0.14
0.14
0.14
0.14
0.06	75.11
0.06
0.06
0.06
0.06
0.06
0.06
0.06
0.05
0.05
0.05
0.05
0.05
0.05
0.05
0.05
0.06
0.06
0.06
0.06
0.07
0.07
0.07
0.07
0.06
0.06
0.05
0.05
0.05
0.05
0.05
0.05
CorWatt	PkgWatt
7.95	157.75
0.15	81.18
0.13
0.13
0.13
0.13
0.12
0.12
0.12
0.11
0.11
0.12
0.11
0.14
0.13
2.48
0.14
0.12
0.12
0.13
0.12
0.14
0.12
0.12
0.12
0.11
0.11
0.12
0.12
0.11
0.11
0.11
0.11
0.05	76.73
0.05
0.05
0.05
0.05
0.05
0.05
0.05
0.05
0.05
0.05
0.05
0.05
0.05
0.05
0.05
0.05
0.05
0.05
0.05
0.06
0.06
0.06
0.06
0.05
0.05
0.05
0.05
0.05
0.05
0.05
0.05
CorWatt	PkgWatt
3.90	150.25
0.08	75.32
0.08
0.08
0.07
0.08
0.08
0.07
0.08
0.07
0.06
0.06
0.06
0.06
0.06
0.06
0.06
0.07
0.07
0.08
0.07
0.08
0.08
0.07
0.07
0.07
0.07
0.07
0.07
0.06
0.06
0.06
0.06
0.05	74.81
0.05
0.05
0.05
0.05
0.05
0.05
0.05
0.05
0.05
0.05
0.05
0.05
0.05
0.05
0.05
0.05
0.05
0.05
0.05
0.06
0.06
0.06
0.06
0.05
0.05
0.05
0.05
0.05
0.05
0.05
0.05
CorWatt	PkgWatt
3.79	150.08
0.07	75.22
0.07
0.07
0.07
0.07
0.07
0.07
0.07
0.06
0.06
0.06
0.06
0.06
0.06
0.06
0.06
0.07
0.07
0.07
0.07
0.08
0.07
0.07
0.07
0.06
0.07
0.06
0.07
0.06
0.06
0.06
0.06
0.05	74.86
0.05
0.05
0.05
0.05
0.05
0.05
0.05
0.05
0.05
0.05
0.05
0.05
0.05
0.05
0.05
0.05
0.05
0.05
0.06
0.06
0.06
0.06
0.06
0.05
0.05
0.05
0.05
0.05
0.05
0.05
0.05
CorWatt	PkgWatt
6.92	154.52
0.13	79.41
0.11
0.12
0.11
0.11
0.11
0.11
0.11
0.10
0.09
0.09
0.09
0.11
0.10
0.10
0.10
0.11
0.11
0.12
0.11
0.13
0.11
0.11
0.12
0.10
0.10
0.10
0.11
1.70
0.12
0.12
0.12
0.06	75.17
0.06
0.06
0.06
0.06
0.06
0.06
0.06
0.05
0.05
0.05
0.05
0.05
0.05
0.05
0.05
0.06
0.06
0.06
0.06
0.07
0.07
0.06
0.07
0.06
0.06
0.06
0.06
0.06
0.05
0.05
0.06
CorWatt	PkgWatt
10.25	159.50
0.22	84.53
0.16
0.16
0.16
0.15
0.15
0.15
0.15
0.13
0.13
0.13
0.13
0.13
0.20
0.13
0.13
0.15
0.15
0.15
0.14
0.16
0.15
0.15
0.15
0.14
0.13
0.14
0.14
3.89
0.19
0.18
0.18
0.05	74.92
0.05
0.05
0.05
0.05
0.05
0.05
0.05
0.05
0.05
0.05
0.05
0.05
0.05
0.05
0.05
0.05
0.05
0.05
0.05
0.06
0.06
0.06
0.06
0.05
0.05
0.05
0.05
0.05
0.05
0.05
0.06
CorWatt	PkgWatt
10.19	159.17
0.20	84.44
0.16
0.16
0.16
0.15
0.15
0.15
0.15
0.13
0.13
0.13
0.14
0.13
0.13
0.13
0.13
0.15
0.15
0.15
0.14
0.16
0.15
0.15
0.15
0.14
0.13
0.14
0.14
3.92
0.19
0.18
0.18
0.05	74.85
0.05
0.05
0.05
0.05
0.05
0.05
0.05
0.05
0.05
0.05
0.05
0.05
0.05
0.05
0.05
0.05
0.05
0.05
0.05
0.06
0.06
0.06
0.06
0.05
0.05
0.05
0.05
0.05
0.05
0.05
0.05
CorWatt	PkgWatt
10.01	159.11
0.19	84.10
0.16
0.16
0.16
0.19
0.19
0.19
3.79
0.13
0.13
0.13
0.13
0.13
0.13
0.13
0.13
0.14
0.14
0.14
0.14
0.16
0.15
0.15
0.15
0.13
0.13
0.14
0.14
0.14
0.13
0.13
0.13
0.05	74.90
0.05
0.05
0.05
0.05
0.05
0.05
0.05
0.05
0.05
0.05
0.05
0.05
0.05
0.05
0.05
0.05
0.05
0.05
0.06
0.06
0.06
0.06
0.06
0.05
0.05
0.05
0.05
0.05
0.05
0.05
0.05
CorWatt	PkgWatt
10.79	160.23
0.20	85.00
0.17
0.17
0.17
0.16
0.16
0.16
0.16
0.15
0.15
0.52
0.15
0.18
3.72
0.18
0.18
0.15
0.15
0.15
0.15
0.17
0.16
0.15
0.16
0.15
0.14
0.14
0.15
0.14
0.14
0.14
0.14
0.06	75.17
0.06
0.06
0.06
0.06
0.06
0.06
0.06
0.06
0.06
0.05
0.06
0.06
0.06
0.06
0.05
0.06
0.06
0.06
0.06
0.07
0.07
0.06
0.07
0.06
0.06
0.06
0.06
0.06
0.06
0.06
0.06
CorWatt	PkgWatt
10.46	159.40
0.19	84.74
0.16
0.16
0.16
0.15
0.15
0.15
0.15
0.13
0.13
0.13
0.13
0.13
0.14
0.13
0.13
0.16
0.16
0.16
1.03
3.28
0.19
0.19
0.19
0.14
0.14
0.14
0.14
0.14
0.14
0.13
0.13
0.05	74.80
0.05
0.05
0.05
0.05
0.05
0.05
0.05
0.05
0.05
0.05
0.05
0.05
0.05
0.05
0.05
0.05
0.05
0.05
0.05
0.06
0.06
0.06
0.06
0.05
0.05
0.05
0.05
0.05
0.05
0.05
0.05
CorWatt	PkgWatt
10.24	159.36
0.19	84.35
0.16
0.16
0.16
0.15
0.15
0.15
0.15
0.13
0.13
0.13
0.13
0.13
0.13
0.13
0.13
0.14
0.14
0.14
0.14
0.17
0.15
0.15
0.15
0.13
0.13
0.13
0.14
4.03
0.19
0.18
0.18
0.05	74.88
0.05
0.05
0.05
0.05
0.05
0.05
0.05
0.05
0.05
0.05
0.05
0.05
0.05
0.05
0.05
0.05
0.05
0.05
0.05
0.06
0.06
0.06
0.06
0.05
0.05
0.05
0.05
0.05
0.05
0.05
0.05
CorWatt	PkgWatt
10.28	159.45
0.19	84.58
0.16
0.16
0.16
0.19
0.17
0.17
1.25
0.17
0.17
0.17
2.84
0.13
0.13
0.13
0.13
0.15
0.15
0.15
0.15
0.16
0.15
0.15
0.15
0.14
0.14
0.14
0.14
0.14
0.14
0.14
0.13
0.05	74.86
0.05
0.05
0.05
0.05
0.05
0.05
0.05
0.05
0.05
0.05
0.05
0.05
0.05
0.05
0.05
0.05
0.05
0.05
0.06
0.06
0.06
0.06
0.06
0.05
0.05
0.05
0.05
0.05
0.05
0.05
0.05
CorWatt	PkgWatt
11.10	164.24
0.16	82.32
0.14
0.14
0.13
0.13
0.13
0.13
0.13
0.11
0.12
0.11
0.12
0.13
0.13
1.84
0.13
0.12
0.12
0.12
0.12
0.13
0.12
0.12
0.12
0.12
0.12
0.12
0.12
0.11
0.11
0.11
0.11
0.11	82.09
0.10
0.10
0.11
0.11
0.11
0.10
0.10
0.10
0.10
0.10
0.09
0.10
0.10
0.10
0.09
0.11
0.11
0.10
0.11
0.11
0.11
0.11
0.11
2.20
0.12
0.12
0.12
0.10
0.10
0.10
0.10
CorWatt	PkgWatt
10.77	163.68
0.12	77.86
0.09
0.09
0.09
0.09
0.09
0.08
0.08
0.08
0.07
0.07
0.07
0.07
0.07
0.08
0.07
0.08
0.08
0.09
0.09
0.10
0.09
0.09
0.09
0.08
0.09
0.08
0.08
0.07
0.07
0.08
0.08
0.13	85.73
0.14
0.14
0.48
0.13
0.13
0.13
0.14
0.12
0.13
0.12
0.12
0.12
0.13
0.13
0.12
0.17
0.17
0.17
3.04
0.15
0.63
0.14
0.15
0.14
0.13
0.13
0.13
0.13
0.13
0.13
0.14
CorWatt	PkgWatt
11.07	160.61
0.12	76.16
0.09
0.09
0.09
0.09
0.09
0.09
0.09
0.08
0.07
0.07
0.07
0.07
0.07
0.07
0.07
0.09
0.08
0.08
0.08
0.10
0.09
0.09
0.09
0.08
0.08
0.08
0.08
0.07
0.07
0.07
0.07
0.14	84.49
0.14
0.14
0.14
0.14
0.14
0.14
0.14
0.13
0.13
0.13
0.13
0.13
0.13
0.13
0.13
0.14
0.14
0.13
0.14
0.15
0.15
0.14
0.14
0.18
0.17
0.18
3.62
0.63
0.13
0.13
0.13
CorWatt	PkgWatt
11.38	164.59
0.12	78.12
0.10
0.09
0.09
0.09
0.09
0.09
0.09
0.08
0.08
0.08
0.08
0.08
0.15
0.08
0.07
0.09
0.09
0.09
0.09
0.10
0.09
0.09
0.09
0.08
0.08
0.08
0.09
0.07
0.08
0.08
0.08
0.15	86.46
0.16
0.16
0.94
0.15
0.15
0.15
0.14
0.13
0.13
0.13
0.14
0.14
0.14
0.14
0.13
0.15
0.15
0.15
0.14
0.18
0.18
0.18
3.27
0.14
0.14
0.13
0.13
0.14
0.14
0.14
0.14
CorWatt	PkgWatt
11.29	160.80
0.13	76.49
0.10
0.10
0.10
0.09
0.09
0.09
0.09
0.08
0.08
0.08
0.08
0.08
0.08
0.08
0.08
0.09
0.09
0.09
0.09
0.10
0.09
0.09
0.09
0.09
0.09
0.09
0.09
0.08
0.08
0.08
0.08
0.14	84.55
0.14
0.14
0.14
0.14
0.14
0.14
0.14
0.13
0.13
0.13
0.13
0.13
0.13
0.13
0.13
0.15
0.14
0.14
0.14
0.19
0.19
0.19
3.51
0.14
0.14
0.14
0.68
0.13
0.13
0.13
0.13
CorWatt	PkgWatt
11.13	161.01
0.12	76.07
0.09
0.09
0.09
0.08
0.09
0.08
0.08
0.08
0.07
0.07
0.07
0.07
0.07
0.07
0.07
0.08
0.08
0.08
0.08
0.09
0.09
0.09
0.09
0.08
0.08
0.08
0.08
0.07
0.07
0.07
0.07
0.18	84.63
0.18
0.19
4.23
0.14
0.14
0.14
0.14
0.13
0.12
0.12
0.12
0.13
0.13
0.13
0.13
0.14
0.14
0.14
0.14
0.14
0.14
0.14
0.14
0.13
0.13
0.13
0.14
0.13
0.13
0.13
0.13
CorWatt	PkgWatt
11.04	160.70
0.12	76.17
0.09
0.09
0.09
0.09
0.09
0.09
0.09
0.08
0.08
0.07
0.07
0.07
0.07
0.07
0.07
0.08
0.08
0.08
0.08
0.10
0.09
0.09
0.09
0.08
0.08
0.08
0.08
0.07
0.07
0.07
0.07
0.14	84.56
0.14
0.14
0.15
0.19
4.05
0.19
0.18
0.13
0.13
0.13
0.13
0.13
0.13
0.13
0.13
0.16
0.14
0.14
0.14
0.14
0.14
0.14
0.14
0.14
0.14
0.14
0.14
0.13
0.13
0.13
0.13
CorWatt	PkgWatt
11.24	160.81
0.12	76.02
0.09
0.09
0.09
0.08
0.09
0.08
0.08
0.08
0.07
0.07
0.07
0.07
0.07
0.07
0.07
0.08
0.08
0.08
0.08
0.09
0.08
0.08
0.08
0.08
0.08
0.08
0.08
0.07
0.07
0.07
0.07
0.14	84.89
0.14
0.14
0.14
0.14
0.15
0.14
0.14
0.18
0.18
0.18
4.23
0.13
0.13
0.13
0.13
0.15
0.14
0.14
0.14
0.15
0.15
0.14
0.15
0.14
0.14
0.14
0.14
0.13
0.13
0.13
0.13
CorWatt	PkgWatt
11.47	161.53
0.12	76.44
0.10
0.10
0.10
0.09
0.09
0.09
0.09
0.08
0.08
0.07
0.08
0.08
0.08
0.08
0.07
0.09
0.09
0.09
0.09
0.10
0.09
0.09
0.09
0.08
0.09
0.08
0.08
0.08
0.08
0.08
0.08
0.14	84.97
0.14
0.14
0.14
0.15
0.15
0.14
0.14
0.13
0.13
0.13
0.14
0.14
0.85
0.14
0.14
0.15
0.15
0.14
0.14
0.16
0.16
0.16
1.01
0.14
0.21
0.14
0.14
2.54
0.16
0.16
0.16
CorWatt	PkgWatt
11.09	160.64
0.12	75.99
0.09
0.09
0.09
0.08
0.08
0.08
0.08
0.07
0.07
0.07
0.07
0.07
0.07
0.07
0.07
0.08
0.08
0.08
0.08
0.09
0.08
0.08
0.08
0.08
0.08
0.08
0.08
0.07
0.07
0.07
0.07
0.18	84.65
0.18
0.18
3.71
0.15
0.15
0.15
0.65
0.13
0.13
0.13
0.13
0.13
0.13
0.13
0.13
0.15
0.14
0.14
0.14
0.14
0.14
0.14
0.14
0.13
0.13
0.13
0.13
0.13
0.13
0.13
0.13
CorWatt	PkgWatt
11.07	160.71
0.12	76.09
0.09
0.09
0.09
0.09
0.09
0.09
0.08
0.08
0.07
0.07
0.07
0.07
0.07
0.07
0.07
0.09
0.08
0.08
0.09
0.10
0.09
0.09
0.09
0.08
0.08
0.08
0.08
0.07
0.07
0.07
0.07
0.14	84.72
0.14
0.14
0.14
0.15
0.15
0.14
0.15
0.18
0.18
0.18
3.98
0.13
0.13
0.13
0.13
0.15
0.14
0.14
0.14
0.15
0.15
0.14
0.15
0.14
0.14
0.14
0.14
0.13
0.13
0.13
0.13
CorWatt	PkgWatt
11.27	169.12
0.12	79.97
0.09
0.09
0.09
0.08
0.08
0.08
0.08
0.07
0.07
0.07
0.07
0.07
0.07
0.07
0.07
0.08
0.08
0.08
0.08
0.09
0.08
0.08
0.08
0.08
0.08
0.08
0.08
0.07
0.07
0.07
0.07
0.14	89.17
0.14
0.14
0.14
0.14
0.14
0.14
0.14
0.13
0.14
0.14
0.15
0.18
4.20
0.18
0.18
0.15
0.14
0.14
0.14
0.15
0.15
0.15
0.15
0.14
0.14
0.14
0.14
0.14
0.14
0.14
0.14
CorWatt	PkgWatt
11.26	161.70
0.12	76.78
0.10
0.10
0.10
0.09
0.09
0.09
0.09
0.08
0.08
0.08
0.08
0.08
0.14
0.08
0.08
0.09
0.09
0.09
0.09
0.10
0.09
0.09
0.09
0.08
0.09
0.08
0.08
0.08
0.08
0.08
0.08
0.14	84.77
0.14
0.14
0.14
0.14
0.14
0.14
0.14
0.13
0.13
0.13
0.13
0.13
0.14
0.13
0.13
0.15
0.14
0.14
0.14
0.19
0.19
0.19
3.99
0.14
0.14
0.14
0.14
0.13
0.13
0.13
0.13
CorWatt	PkgWatt
11.06	160.45
0.12	76.06
0.09
0.09
0.09
0.09
0.09
0.08
0.08
0.07
0.07
0.07
0.07
0.07
0.08
0.07
0.07
0.08
0.08
0.08
0.08
0.09
0.08
0.08
0.08
0.08
0.08
0.08
0.08
0.07
0.07
0.07
0.07
0.14	84.53
0.14
0.13
0.14
0.14
0.14
0.14
0.14
0.13
0.13
0.13
0.13
0.13
0.13
0.13
0.13
0.14
0.14
0.14
0.14
0.14
0.14
0.14
0.15
0.18
0.18
4.17
0.18
0.13
0.13
0.13
0.13
CorWatt	PkgWatt
11.07	195.41
0.12	93.02
0.09
0.09
0.09
0.08
0.08
0.08
0.08
0.07
0.07
0.07
0.07
0.07
0.07
0.07
0.07
0.08
0.08
0.08
0.08
0.09
0.08
0.08
0.08
0.08
0.08
0.08
0.08
0.07
0.07
0.07
0.07
0.14	102.24
0.14
0.14
0.14
0.14
0.14
0.14
0.14
0.13
0.13
0.13
0.13
0.13
0.13
0.13
0.13
0.14
0.14
0.14
0.14
0.14
0.14
0.14
0.14
0.14
0.14
0.15
0.14
0.18
0.18
0.18
4.14
CorWatt	PkgWatt
10.73	160.59
0.11	76.14
0.09
0.09
0.09
0.08
0.08
0.08
0.08
0.07
0.07
0.07
0.07
0.07
0.07
0.07
0.07
0.08
0.08
0.08
0.08
0.09
0.08
0.08
0.08
0.08
0.08
0.08
0.08
0.07
0.07
0.07
0.07
0.14	84.44
0.14
0.14
0.14
0.18
0.19
0.19
3.93
0.13
0.12
0.12
0.12
0.12
0.12
0.12
0.12
0.14
0.14
0.14
0.14
0.14
0.14
0.14
0.14
0.13
0.13
0.13
0.13
0.13
0.13
0.13
0.13
CorWatt	PkgWatt
11.30	170.33
0.13	80.08
0.10
0.10
0.10
0.09
0.09
0.09
0.09
0.08
0.08
0.08
0.08
0.07
0.08
0.08
0.07
0.09
0.09
0.09
0.09
0.10
0.09
0.09
0.09
0.08
0.09
0.08
0.09
0.08
0.08
0.08
0.08
0.14	90.34
0.14
0.14
0.14
0.15
0.15
0.15
0.15
0.15
0.15
0.15
1.43
0.14
0.14
0.93
0.14
0.70
0.15
0.15
0.15
0.16
0.17
0.16
1.38
0.14
0.14
0.14
0.14
0.14
0.13
0.13
0.14
CorWatt	PkgWatt
10.94	160.48
0.12	76.00
0.09
0.09
0.09
0.08
0.09
0.08
0.08
0.07
0.07
0.07
0.07
0.07
0.07
0.07
0.07
0.08
0.08
0.08
0.08
0.09
0.09
0.08
0.08
0.08
0.08
0.08
0.08
0.07
0.07
0.07
0.07
0.13	84.41
0.13
0.13
0.13
0.14
0.14
0.14
0.14
0.13
0.13
0.13
0.13
0.13
0.13
0.13
0.12
0.14
0.14
0.13
0.14
0.14
0.14
0.14
0.15
0.18
0.18
4.08
0.18
0.13
0.13
0.13
0.13
CorWatt	PkgWatt
11.06	172.69
0.12	81.97
0.09
0.09
0.09
0.08
0.08
0.08
0.08
0.07
0.07
0.07
0.07
0.07
0.07
0.07
0.07
0.08
0.08
0.08
0.08
0.09
0.09
0.08
0.08
0.08
0.08
0.08
0.08
0.07
0.07
0.07
0.07
0.17	90.71
0.16
0.17
2.64
0.14
0.14
0.14
0.14
0.13
0.13
0.13
0.13
0.13
0.13
0.13
0.13
0.14
0.14
0.14
0.14
0.14
0.14
0.14
0.14
0.14
0.14
0.14
0.14
0.15
0.15
0.15
1.67
CorWatt	PkgWatt
11.05	169.38
0.11	80.29
0.09
0.09
0.09
0.09
0.08
0.08
0.08
0.07
0.07
0.07
0.07
0.07
0.07
0.07
0.07
0.08
0.08
0.08
0.08
0.09
0.08
0.08
0.08
0.08
0.08
0.08
0.08
0.07
0.07
0.07
0.07
0.14	89.24
0.14
0.14
0.15
0.16
0.16
0.16
1.29
0.16
0.16
0.16
2.95
0.13
0.13
0.13
0.13
0.15
0.14
0.14
0.14
0.15
0.15
0.15
0.15
0.14
0.14
0.14
0.14
0.13
0.13
0.13
0.13
CorWatt	PkgWatt
11.33	163.14
0.12	78.03
0.10
0.10
0.10
0.09
0.09
0.09
0.09
0.08
0.08
0.07
0.08
0.07
0.07
0.07
0.07
0.09
0.09
0.09
0.09
0.10
0.09
0.09
0.09
0.08
0.09
0.08
0.08
0.08
0.08
0.08
0.07
0.14	84.97
0.14
0.14
0.14
0.14
0.14
0.14
0.14
0.13
0.14
0.13
0.14
0.18
0.18
0.18
4.07
0.15
0.14
0.14
0.14
0.15
0.16
0.15
0.15
0.14
0.14
0.14
0.14
0.14
0.14
0.14
0.14
CorWatt	PkgWatt
10.67	159.88
0.12	76.04
0.09
0.09
0.09
0.08
0.08
0.08
0.08
0.07
0.07
0.07
0.07
0.07
0.07
0.07
0.07
0.08
0.08
0.08
0.08
0.09
0.09
0.09
0.08
0.08
0.08
0.08
0.08
0.07
0.07
0.07
0.07
0.13	83.98
0.13
0.13
0.13
0.13
0.13
0.13
0.13
0.12
0.12
0.12
0.12
0.12
0.12
0.12
0.13
0.18
3.91
0.18
0.18
0.14
0.14
0.14
0.19
0.13
0.13
0.13
0.13
0.13
0.13
0.13
0.13
CorWatt	PkgWatt
7.43	159.21
0.11	77.89
0.09
0.09
0.09
0.08
0.09
0.08
0.09
0.07
0.07
0.07
0.07
0.07
0.14
0.07
0.07
0.08
0.08
0.08
0.08
0.09
0.09
0.08
0.08
0.08
0.08
0.08
0.08
0.07
0.07
0.07
0.07
0.10	81.25
0.10
0.10
0.10
0.10
0.10
0.09
0.09
0.09
0.09
0.09
0.09
0.09
0.09
0.09
0.09
0.10
0.10
0.09
0.10
0.11
0.11
0.10
0.11
0.12
0.11
1.77
0.12
0.10
0.09
0.09
0.09
CorWatt	PkgWatt
4.06	150.42
0.08	75.29
0.08
0.08
0.08
0.07
0.07
0.07
0.07
0.06
0.06
0.06
0.06
0.06
0.06
0.06
0.06
0.07
0.07
0.07
0.07
0.08
0.07
0.07
0.07
0.07
0.07
0.07
0.07
0.06
0.06
0.06
0.06
0.06	75.22
0.06
0.06
0.06
0.06
0.06
0.06
0.06
0.05
0.05
0.05
0.05
0.05
0.05
0.05
0.05
0.07
0.06
0.06
0.06
0.07
0.07
0.07
0.07
0.06
0.06
0.06
0.06
0.06
0.05
0.05
0.06
CorWatt	PkgWatt
4.12	150.70
0.08	75.39
0.08
0.08
0.08
0.08
0.08
0.08
0.08
0.07
0.07
0.06
0.06
0.06
0.06
0.06
0.06
0.08
0.08
0.08
0.08
0.08
0.08
0.08
0.07
0.07
0.07
0.07
0.07
0.06
0.06
0.06
0.06
0.06	75.17
0.06
0.06
0.06
0.06
0.06
0.06
0.06
0.05
0.05
0.05
0.05
0.05
0.05
0.05
0.06
0.06
0.06
0.06
0.06
0.07
0.07
0.07
0.07
0.06
0.06
0.06
0.06
0.05
0.05
0.05
0.06
CorWatt	PkgWatt
3.98	153.93
0.08	77.12
0.07
0.08
0.07
0.07
0.08
0.07
0.07
0.06
0.06
0.06
0.06
0.06
0.06
0.06
0.06
0.07
0.07
0.07
0.07
0.08
0.07
0.07
0.07
0.07
0.07
0.07
0.07
0.06
0.06
0.06
0.06
0.06	76.85
0.06
0.06
0.06
0.06
0.06
0.06
0.06
0.05
0.05
0.05
0.05
0.05
0.05
0.05
0.05
0.05
0.05
0.05
0.05
0.06
0.07
0.06
0.07
0.06
0.05
0.06
0.05
0.06
0.06
0.05
0.06
CorWatt	PkgWatt
3.84	150.02
0.08	75.16
0.07
0.08
0.07
0.07
0.07
0.07
0.07
0.06
0.06
0.06
0.06
0.06
0.06
0.06
0.06
0.07
0.07
0.07
0.07
0.08
0.07
0.07
0.07
0.06
0.07
0.06
0.07
0.06
0.06
0.06
0.06
0.05	74.89
0.05
0.05
0.05
0.05
0.05
0.05
0.05
0.05
0.05
0.05
0.05
0.05
0.05
0.05
0.05
0.05
0.05
0.05
0.05
0.06
0.06
0.06
0.06
0.05
0.05
0.05
0.05
0.05
0.05
0.05
0.05
CorWatt	PkgWatt
3.97	150.45
0.08	75.34
0.08
0.08
0.08
0.08
0.08
0.07
0.08
0.06
0.06
0.06
0.06
0.06
0.06
0.06
0.06
0.07
0.07
0.07
0.07
0.08
0.08
0.07
0.07
0.07
0.07
0.07
0.07
0.06
0.06
0.06
0.06
0.06	75.08
0.06
0.06
0.06
0.05
0.06
0.05
0.06
0.05
0.05
0.05
0.05
0.05
0.05
0.05
0.05
0.06
0.05
0.05
0.06
0.06
0.06
0.06
0.06
0.05
0.05
0.05
0.05
0.05
0.05
0.05
0.05
CorWatt	PkgWatt
4.13	150.65
0.08	75.45
0.08
0.08
0.08
0.08
0.08
0.08
0.08
0.06
0.06
0.06
0.06
0.06
0.06
0.06
0.06
0.08
0.08
0.08
0.08
0.09
0.08
0.07
0.07
0.07
0.07
0.07
0.07
0.06
0.06
0.06
0.06
0.06	75.16
0.06
0.06
0.06
0.06
0.06
0.06
0.06
0.06
0.05
0.05
0.05
0.05
0.05
0.06
0.06
0.06
0.06
0.06
0.06
0.07
0.07
0.07
0.07
0.06
0.06
0.06
0.06
0.06
0.05
0.05
0.06
CorWatt	PkgWatt
7.52	155.28
0.08	75.34
0.08
0.08
0.08
0.08
0.08
0.07
0.08
0.06
0.06
0.06
0.06
0.06
0.06
0.06
0.06
0.07
0.07
0.07
0.07
0.08
0.08
0.07
0.07
0.07
0.07
0.07
0.07
0.06
0.06
0.06
0.06
0.10	80.05
0.10
0.10
0.10
0.12
0.13
0.13
2.23
0.09
0.09
0.09
0.09
0.09
0.09
0.09
0.09
0.10
0.10
0.10
0.10
0.11
0.11
0.10
0.11
0.09
0.10
0.09
0.09
0.09
0.09
0.09
0.09
CorWatt	PkgWatt
10.43	159.54
0.09	75.33
0.08
0.08
0.08
0.07
0.08
0.07
0.08
0.07
0.06
0.06
0.06
0.06
0.06
0.06
0.06
0.07
0.07
0.07
0.07
0.08
0.07
0.07
0.07
0.07
0.07
0.07
0.07
0.06
0.06
0.06
0.06
0.14	84.10
0.13
0.13
0.13
0.19
0.19
0.19
3.97
0.13
0.12
0.12
0.12
0.12
0.12
0.13
0.13
0.14
0.14
0.13
0.14
0.14
0.14
0.14
0.14
0.13
0.13
0.13
0.13
0.13
0.13
0.13
0.13
CorWatt	PkgWatt
6.85	154.53
0.08	75.52
0.08
0.08
0.08
0.08
0.08
0.07
0.08
0.06
0.06
0.06
0.06
0.06
0.06
0.06
0.06
0.07
0.07
0.07
0.07
0.08
0.07
0.07
0.07
0.06
0.07
0.07
0.07
0.06
0.06
0.06
0.06
0.09	79.14
0.10
0.09
0.10
0.12
0.12
0.12
1.77
0.08
0.08
0.08
0.08
0.09
0.09
0.09
0.08
0.09
0.09
0.09
0.09
0.10
0.10
0.10
0.10
0.09
0.09
0.09
0.09
0.09
0.09
0.09
0.09
CorWatt	PkgWatt
4.30	151.10
0.08	75.79
0.08
0.08
0.08
0.08
0.08
0.08
0.08
0.07
0.07
0.06
0.07
0.07
0.14
0.07
0.07
0.08
0.08
0.08
0.08
0.09
0.08
0.08
0.08
0.07
0.07
0.07
0.08
0.07
0.07
0.07
0.07
0.06	75.20
0.06
0.06
0.06
0.06
0.06
0.06
0.06
0.05
0.05
0.05
0.06
0.05
0.05
0.06
0.06
0.06
0.06
0.06
0.06
0.07
0.07
0.07
0.07
0.06
0.06
0.06
0.06
0.06
0.05
0.05
0.06
CorWatt	PkgWatt
3.89	150.11
0.08	75.15
0.07
0.07
0.07
0.07
0.07
0.07
0.07
0.06
0.06
0.06
0.06
0.06
0.06
0.06
0.06
0.07
0.07
0.07
0.07
0.08
0.07
0.07
0.07
0.06
0.07
0.06
0.06
0.06
0.06
0.06
0.06
0.06	74.97
0.06
0.06
0.06
0.06
0.06
0.05
0.06
0.05
0.05
0.05
0.05
0.05
0.05
0.05
0.05
0.05
0.05
0.05
0.05
0.06
0.06
0.06
0.06
0.05
0.05
0.05
0.05
0.05
0.05
0.05
0.06
CorWatt	PkgWatt
3.74	149.86
0.08	75.09
0.07
0.07
0.07
0.07
0.07
0.07
0.07
0.06
0.06
0.06
0.06
0.06
0.06
0.06
0.06
0.07
0.07
0.07
0.07
0.08
0.07
0.07
0.07
0.06
0.06
0.06
0.06
0.06
0.06
0.06
0.06
0.05	74.87
0.05
0.05
0.05
0.05
0.05
0.05
0.05
0.05
0.05
0.05
0.05
0.05
0.05
0.05
0.05
0.05
0.05
0.05
0.05
0.06
0.06
0.06
0.06
0.05
0.05
0.05
0.05
0.05
0.05
0.05
0.05
CorWatt	PkgWatt
7.71	155.74
0.08	75.35
0.08
0.08
0.08
0.07
0.08
0.07
0.07
0.06
0.06
0.06
0.06
0.06
0.06
0.06
0.06
0.07
0.07
0.07
0.07
0.08
0.07
0.07
0.07
0.07
0.07
0.07
0.07
0.06
0.06
0.06
0.06
0.10	80.29
0.10
0.10
0.10
0.13
0.13
0.13
2.33
0.09
0.09
0.09
0.09
0.10
0.10
0.10
0.10
0.10
0.10
0.10
0.10
0.11
0.11
0.11
0.11
0.10
0.10
0.10
0.10
0.10
0.09
0.09
0.10
CorWatt	PkgWatt
10.62	159.79
0.08	75.54
0.08
0.08
0.08
0.08
0.08
0.08
0.08
0.07
0.06
0.06
0.06
0.06
0.06
0.06
0.06
0.08
0.08
0.08
0.08
0.08
0.08
0.07
0.07
0.07
0.07
0.07
0.07
0.06
0.06
0.06
0.06
0.14	84.22
0.14
0.14
0.14
0.19
0.19
0.19
4.04
0.13
0.13
0.13
0.13
0.13
0.13
0.13
0.13
0.14
0.14
0.13
0.14
0.14
0.14
0.14
0.14
0.13
0.13
0.13
0.13
0.13
0.13
0.13
0.13
CorWatt	PkgWatt
6.68	154.08
0.08	75.28
0.08
0.08
0.08
0.07
0.07
0.07
0.07
0.06
0.06
0.06
0.06
0.06
0.06
0.06
0.06
0.07
0.07
0.07
0.07
0.08
0.07
0.07
0.07
0.06
0.07
0.06
0.07
0.06
0.06
0.06
0.06
0.09	78.95
0.09
0.09
0.09
0.11
0.11
0.11
1.73
0.08
0.08
0.08
0.08
0.08
0.08
0.08
0.08
0.09
0.09
0.09
0.09
0.10
0.10
0.10
0.10
0.08
0.09
0.08
0.08
0.08
0.08
0.08
0.09
CorWatt	PkgWatt
3.82	150.14
0.08	75.15
0.07
0.07
0.07
0.07
0.07
0.07
0.07
0.06
0.06
0.06
0.06
0.06
0.06
0.06
0.06
0.07
0.07
0.07
0.07
0.08
0.07
0.07
0.07
0.06
0.07
0.06
0.06
0.06
0.06
0.06
0.06
0.05	74.88
0.05
0.05
0.05
0.05
0.05
0.05
0.06
0.05
0.05
0.05
0.05
0.05
0.05
0.05
0.05
0.05
0.05
0.05
0.05
0.06
0.06
0.06
0.06
0.05
0.05
0.05
0.05
0.05
0.05
0.05
0.05
CorWatt	PkgWatt
3.81	150.12
0.08	75.21
0.07
0.07
0.07
0.07
0.07
0.07
0.07
0.06
0.06
0.06
0.06
0.06
0.06
0.06
0.06
0.07
0.07
0.07
0.07
0.08
0.07
0.07
0.07
0.06
0.06
0.06
0.06
0.06
0.06
0.06
0.06
0.05	74.93
0.06
0.06
0.05
0.05
0.06
0.05
0.06
0.05
0.05
0.05
0.05
0.05
0.05
0.05
0.05
0.05
0.05
0.05
0.05
0.06
0.06
0.06
0.06
0.05
0.05
0.05
0.05
0.05
0.05
0.05
0.05
CorWatt	PkgWatt
8.11	156.14
0.09	75.63
0.08
0.08
0.08
0.08
0.08
0.08
0.08
0.07
0.07
0.07
0.07
0.07
0.07
0.07
0.06
0.08
0.08
0.08
0.08
0.09
0.08
0.08
0.08
0.07
0.07
0.07
0.07
0.07
0.07
0.07
0.07
0.11	80.59
0.11
0.11
0.11
0.14
0.14
0.14
2.38
0.10
0.10
0.10
0.10
0.10
0.10
0.10
0.10
0.11
0.11
0.10
0.11
0.11
0.11
0.11
0.11
0.10
0.11
0.10
0.10
0.10
0.10
0.10
0.10
CorWatt	PkgWatt
10.49	159.69
0.09	75.40
0.08
0.08
0.08
0.08
0.08
0.08
0.08
0.07
0.06
0.06
0.06
0.06
0.06
0.06
0.06
0.08
0.08
0.07
0.07
0.08
0.07
0.07
0.07
0.07
0.07
0.07
0.07
0.06
0.06
0.06
0.06
0.14	84.20
0.14
0.14
0.13
0.19
0.19
0.19
4.00
0.12
0.12
0.12
0.12
0.12
0.13
0.13
0.12
0.14
0.14
0.13
0.14
0.14
0.14
0.14
0.14
0.13
0.13
0.13
0.13
0.13
0.13
0.13
0.13
CorWatt	PkgWatt
10.56	159.80
0.09	75.62
0.08
0.08
0.08
0.08
0.08
0.08
0.08
0.06
0.06
0.06
0.06
0.07
0.14
0.06
0.06
0.08
0.08
0.08
0.08
0.09
0.08
0.07
0.07
0.07
0.07
0.07
0.07
0.06
0.06
0.06
0.06
0.13	84.13
0.13
0.13
0.13
0.18
0.19
0.19
4.00
0.12
0.12
0.12
0.12
0.12
0.12
0.12
0.12
0.14
0.14
0.13
0.14
0.14
0.14
0.14
0.14
0.13
0.13
0.13
0.13
0.13
0.12
0.12
0.13
CorWatt	PkgWatt
10.51	159.47
0.08	75.41
0.08
0.08
0.08
0.08
0.08
0.08
0.08
0.06
0.06
0.06
0.06
0.06
0.06
0.06
0.06
0.08
0.08
0.08
0.08
0.09
0.08
0.07
0.07
0.07
0.07
0.07
0.07
0.06
0.06
0.06
0.06
0.14	84.16
0.13
0.14
0.13
0.19
0.19
0.19
4.00
0.13
0.13
0.13
0.13
0.13
0.13
0.13
0.13
0.14
0.14
0.13
0.14
0.14
0.14
0.14
0.14
0.13
0.13
0.13
0.13
0.13
0.13
0.13
0.13
CorWatt	PkgWatt
10.72	159.86
0.09	75.65
0.08
0.08
0.08
0.09
0.08
0.08
0.08
0.07
0.07
0.07
0.07
0.07
0.07
0.06
0.06
0.08
0.08
0.08
0.08
0.09
0.08
0.08
0.08
0.07
0.07
0.07
0.07
0.07
0.07
0.07
0.07
0.14	84.23
0.14
0.14
0.14
0.19
0.19
0.19
4.00
0.13
0.13
0.13
0.13
0.13
0.13
0.13
0.13
0.14
0.14
0.14
0.14
0.14
0.14
0.14
0.14
0.13
0.13
0.13
0.13
0.13
0.13
0.13
0.13
CorWatt	PkgWatt
10.39	159.72
0.08	75.46
0.08
0.08
0.08
0.08
0.08
0.07
0.07
0.06
0.06
0.06
0.06
0.06
0.06
0.06
0.06
0.07
0.07
0.07
0.07
0.08
0.07
0.07
0.07
0.06
0.06
0.06
0.06
0.06
0.06
0.06
0.06
0.14	84.17
0.13
0.14
0.14
0.19
0.19
0.19
3.99
0.12
0.12
0.12
0.12
0.12
0.12
0.13
0.12
0.14
0.14
0.13
0.14
0.14
0.14
0.14
0.14
0.13
0.13
0.13
0.13
0.13
0.13
0.13
0.13
CorWatt	PkgWatt
10.41	159.57
0.08	75.36
0.08
0.08
0.08
0.08
0.08
0.08
0.08
0.06
0.06
0.06
0.06
0.06
0.06
0.06
0.06
0.07
0.07
0.07
0.07
0.08
0.07
0.07
0.07
0.06
0.06
0.06
0.06
0.06
0.06
0.06
0.06
0.14	84.19
0.14
0.14
0.14
0.19
0.19
0.19
4.00
0.12
0.12
0.12
0.12
0.12
0.12
0.12
0.12
0.14
0.14
0.13
0.14
0.14
0.14
0.14
0.14
0.13
0.13
0.13
0.13
0.12
0.12
0.12
0.13
CorWatt	PkgWatt
10.41	159.24
0.08	75.23
0.07
0.07
0.07
0.07
0.07
0.07
0.08
0.06
0.06
0.06
0.06
0.06
0.06
0.06
0.06
0.07
0.07
0.07
0.07
0.08
0.07
0.07
0.07
0.06
0.06
0.06
0.06
0.06
0.06
0.06
0.06
0.14	84.14
0.14
0.14
0.14
0.19
0.19
0.19
4.00
0.13
0.13
0.13
0.13
0.13
0.12
0.13
0.13
0.14
0.14
0.14
0.14
0.14
0.14
0.14
0.14
0.13
0.13
0.13
0.13
0.13
0.13
0.13
0.13
CorWatt	PkgWatt
10.51	159.85
0.08	75.47
0.08
0.08
0.08
0.08
0.08
0.08
0.08
0.06
0.07
0.06
0.06
0.06
0.06
0.06
0.06
0.08
0.08
0.08
0.08
0.08
0.07
0.07
0.07
0.07
0.07
0.06
0.07
0.06
0.06
0.06
0.06
0.14	84.23
0.14
0.14
0.14
0.19
0.19
0.19
4.00
0.13
0.13
0.13
0.13
0.13
0.13
0.13
0.13
0.14
0.14
0.14
0.14
0.14
0.14
0.14
0.14
0.13
0.13
0.13
0.13
0.13
0.13
0.13
0.13
CorWatt	PkgWatt
10.52	159.54
0.09	75.36
0.08
0.08
0.08
0.08
0.08
0.08
0.08
0.06
0.06
0.06
0.07
0.06
0.06
0.06
0.06
0.08
0.08
0.08
0.08
0.08
0.07
0.07
0.07
0.07
0.07
0.07
0.07
0.06
0.06
0.06
0.06
0.14	84.24
0.14
0.14
0.14
0.19
0.19
0.19
4.00
0.12
0.12
0.12
0.12
0.13
0.12
0.13
0.12
0.14
0.14
0.14
0.15
0.14
0.14
0.14
0.14
0.13
0.13
0.13
0.13
0.13
0.13
0.13
0.13
CorWatt	PkgWatt
10.48	159.57
0.08	75.43
0.08
0.08
0.08
0.07
0.08
0.08
0.08
0.06
0.06
0.06
0.06
0.06
0.06
0.06
0.06
0.07
0.07
0.07
0.07
0.08
0.07
0.07
0.07
0.06
0.07
0.06
0.07
0.06
0.06
0.06
0.06
0.14	84.22
0.14
0.15
0.14
0.19
0.19
0.19
4.00
0.13
0.13
0.12
0.12
0.13
0.12
0.13
0.13
0.14
0.14
0.14
0.14
0.14
0.14
0.14
0.14
0.13
0.13
0.13
0.13
0.13
0.13
0.13
0.13
CorWatt	PkgWatt
10.50	159.87
0.09	75.51
0.08
0.08
0.08
0.08
0.08
0.08
0.08
0.06
0.06
0.06
0.06
0.06
0.06
0.06
0.06
0.08
0.07
0.07
0.07
0.08
0.07
0.07
0.07
0.07
0.07
0.06
0.06
0.06
0.06
0.06
0.06
0.14	84.26
0.14
0.14
0.14
0.19
0.19
0.19
4.00
0.13
0.12
0.12
0.12
0.13
0.12
0.13
0.12
0.14
0.14
0.14
0.14
0.14
0.14
0.14
0.14
0.13
0.13
0.13
0.13
0.13
0.13
0.13
0.13
CorWatt	PkgWatt
10.77	160.08
0.09	75.83
0.08
0.08
0.08
0.08
0.08
0.08
0.08
0.07
0.07
0.07
0.07
0.07
0.14
0.07
0.07
0.08
0.08
0.08
0.08
0.09
0.08
0.08
0.08
0.07
0.07
0.07
0.07
0.07
0.07
0.07
0.07
0.14	84.23
0.14
0.14
0.14
0.19
0.19
0.19
4.00
0.13
0.13
0.13
0.13
0.13
0.13
0.13
0.13
0.14
0.14
0.14
0.14
0.14
0.14
0.14
0.14
0.13
0.13
0.13
0.13
0.13
0.13
0.13
0.13
CorWatt	PkgWatt
10.42	159.38
0.08	75.23
0.08
0.08
0.08
0.07
0.07
0.07
0.08
0.06
0.06
0.06
0.06
0.06
0.06
0.06
0.06
0.07
0.07
0.07
0.07
0.08
0.07
0.07
0.07
0.06
0.06
0.06
0.06
0.06
0.06
0.06
0.06
0.14	84.27
0.14
0.14
0.14
0.19
0.19
0.19
4.00
0.13
0.12
0.12
0.12
0.13
0.12
0.13
0.13
0.14
0.14
0.14
0.14
0.14
0.14
0.14
0.14
0.13
0.13
0.13
0.13
0.13
0.13
0.13
0.13
CorWatt	PkgWatt
10.40	159.49
0.08	75.22
0.07
0.07
0.07
0.07
0.07
0.07
0.08
0.06
0.06
0.06
0.06
0.06
0.06
0.06
0.06
0.07
0.07
0.07
0.07
0.08
0.07
0.07
0.07
0.06
0.06
0.06
0.06
0.06
0.06
0.06
0.06
0.14	84.18
0.14
0.14
0.14
0.19
0.19
0.19
3.99
0.12
0.12
0.12
0.12
0.13
0.12
0.13
0.13
0.14
0.14
0.14
0.14
0.14
0.14
0.14
0.14
0.13
0.13
0.13
0.13
0.13
0.12
0.12
0.13
CorWatt	PkgWatt
10.44	159.54
0.08	75.32
0.08
0.08
0.08
0.07
0.08
0.08
0.08
0.06
0.06
0.06
0.06
0.06
0.06
0.06
0.06
0.07
0.07
0.07
0.07
0.08
0.07
0.07
0.07
0.06
0.06
0.06
0.06
0.06
0.06
0.06
0.06
0.14	84.21
0.14
0.14
0.14
0.19
0.19
0.19
4.00
0.12
0.12
0.12
0.12
0.12
0.12
0.13
0.12
0.14
0.14
0.14
0.14
0.14
0.14
0.14
0.14
0.13
0.13
0.13
0.13
0.13
0.13
0.13
0.13
CorWatt	PkgWatt
10.67	159.82
0.09	75.62
0.08
0.08
0.08
0.08
0.08
0.08
0.08
0.07
0.07
0.06
0.07
0.06
0.07
0.07
0.06
0.08
0.08
0.08
0.08
0.09
0.08
0.07
0.07
0.07
0.07
0.07
0.07
0.06
0.06
0.07
0.06
0.14	84.26
0.14
0.14
0.14
0.19
0.19
0.19
4.00
0.13
0.13
0.13
0.13
0.13
0.13
0.13
0.13
0.14
0.14
0.14
0.14
0.14
0.14
0.14
0.14
0.13
0.13
0.13
0.13
0.13
0.13
0.13
0.13
CorWatt	PkgWatt
10.49	159.62
0.08	75.26
0.08
0.08
0.08
0.07
0.08
0.07
0.07
0.06
0.06
0.06
0.06
0.06
0.06
0.06
0.06
0.07
0.07
0.07
0.07
0.08
0.07
0.07
0.07
0.06
0.06
0.07
0.07
0.06
0.06
0.06
0.06
0.14	84.33
0.14
0.14
0.14
0.19
0.19
0.19
3.99
0.13
0.13
0.13
0.13
0.13
0.13
0.13
0.13
0.14
0.14
0.14
0.14
0.14
0.14
0.14
0.14
0.13
0.13
0.13
0.13
0.13
0.13
0.13
0.13
CorWatt	PkgWatt
10.38	159.41
0.08	75.26
0.08
0.08
0.08
0.08
0.08
0.07
0.07
0.06
0.06
0.06
0.06
0.06
0.06
0.06
0.06
0.07
0.07
0.07
0.07
0.08
0.07
0.07
0.07
0.06
0.06
0.06
0.06
0.06
0.06
0.06
0.06
0.14	84.20
0.14
0.14
0.14
0.19
0.19
0.19
3.99
0.13
0.13
0.12
0.12
0.12
0.12
0.13
0.12
0.14
0.14
0.14
0.14
0.14
0.14
0.14
0.14
0.13
0.13
0.13
0.13
0.13
0.12
0.12
0.13
CorWatt	PkgWatt
10.51	159.64
0.08	75.42
0.08
0.08
0.08
0.08
0.08
0.08
0.08
0.06
0.06
0.06
0.06
0.06
0.06
0.06
0.06
0.08
0.08
0.08
0.08
0.08
0.07
0.07
0.07
0.07
0.07
0.07
0.07
0.06
0.06
0.06
0.06
0.14	84.19
0.14
0.14
0.14
0.19
0.19
0.19
3.99
0.13
0.13
0.13
0.13
0.13
0.12
0.13
0.13
0.14
0.14
0.14
0.15
0.14
0.14
0.14
0.14
0.13
0.13
0.13
0.13
0.13
0.13
0.13
0.13
CorWatt	PkgWatt
10.63	159.88
0.08	75.48
0.08
0.08
0.08
0.08
0.08
0.08
0.08
0.08
0.07
0.06
0.06
0.06
0.06
0.06
0.06
0.08
0.08
0.08
0.08
0.08
0.07
0.07
0.07
0.07
0.07
0.07
0.07
0.06
0.06
0.06
0.06
0.14	84.37
0.14
0.15
0.14
0.19
0.19
0.19
3.99
0.13
0.13
0.13
0.13
0.13
0.13
0.13
0.13
0.14
0.14
0.14
0.14
0.14
0.14
0.14
0.14
0.13
0.13
0.13
0.13
0.13
0.13
0.13
0.13
CorWatt	PkgWatt
10.39	159.69
0.08	75.47
0.08
0.08
0.08
0.07
0.07
0.07
0.07
0.06
0.06
0.06
0.06
0.06
0.06
0.06
0.06
0.07
0.07
0.07
0.07
0.08
0.07
0.07
0.07
0.06
0.06
0.06
0.06
0.06
0.06
0.06
0.06
0.14	84.19
0.14
0.14
0.14
0.19
0.19
0.19
3.99
0.13
0.12
0.12
0.12
0.13
0.13
0.13
0.12
0.14
0.14
0.14
0.14
0.14
0.14
0.14
0.14
0.13
0.13
0.13
0.13
0.13
0.13
0.13
0.13
CorWatt	PkgWatt
10.61	159.66
0.09	75.53
0.08
0.08
0.08
0.08
0.08
0.08
0.08
0.07
0.06
0.06
0.06
0.06
0.14
0.06
0.06
0.08
0.08
0.08
0.08
0.08
0.07
0.07
0.07
0.07
0.07
0.07
0.07
0.06
0.06
0.06
0.06
0.14	84.26
0.14
0.14
0.14
0.19
0.19
0.19
3.99
0.12
0.13
0.13
0.13
0.13
0.13
0.13
0.13
0.14
0.14
0.14
0.14
0.14
0.14
0.14
0.14
0.13
0.13
0.13
0.13
0.13
0.13
0.13
0.13
CorWatt	PkgWatt
10.46	159.67
0.08	75.28
0.08
0.08
0.08
0.07
0.08
0.07
0.07
0.06
0.06
0.06
0.06
0.06
0.06
0.06
0.06
0.07
0.07
0.07
0.07
0.08
0.07
0.07
0.07
0.06
0.06
0.07
0.06
0.06
0.06
0.06
0.06
0.14	84.29
0.14
0.14
0.14
0.19
0.19
0.19
3.99
0.13
0.12
0.12
0.12
0.13
0.13
0.13
0.13
0.14
0.14
0.14
0.14
0.14
0.14
0.14
0.14
0.13
0.13
0.13
0.13
0.13
0.13
0.13
0.13
CorWatt	PkgWatt
10.58	159.71
0.08	75.50
0.08
0.08
0.08
0.08
0.08
0.08
0.08
0.07
0.06
0.06
0.06
0.06
0.06
0.06
0.06
0.08
0.08
0.08
0.08
0.08
0.07
0.07
0.07
0.07
0.07
0.07
0.07
0.06
0.06
0.06
0.06
0.14	84.31
0.14
0.14
0.14
0.19
0.19
0.19
3.99
0.13
0.13
0.13
0.13
0.13
0.13
0.13
0.13
0.14
0.14
0.14
0.14
0.14
0.14
0.14
0.14
0.13
0.13
0.13
0.13
0.13
0.13
0.13
0.13
CorWatt	PkgWatt
10.57	159.71
0.09	75.46
0.08
0.08
0.08
0.08
0.08
0.08
0.08
0.07
0.06
0.06
0.06
0.06
0.06
0.06
0.06
0.08
0.08
0.08
0.08
0.08
0.07
0.07
0.07
0.07
0.07
0.07
0.07
0.06
0.06
0.06
0.06
0.14	84.23
0.14
0.14
0.14
0.19
0.19
0.19
3.99
0.13
0.13
0.13
0.13
0.13
0.13
0.14
0.13
0.14
0.14
0.14
0.14
0.14
0.14
0.14
0.14
0.13
0.13
0.13
0.13
0.13
0.13
0.13
0.13
CorWatt	PkgWatt
10.39	159.74
0.08	75.39
0.07
0.08
0.07
0.07
0.07
0.07
0.07
0.06
0.06
0.06
0.06
0.06
0.06
0.06
0.06
0.07
0.07
0.07
0.07
0.08
0.07
0.07
0.07
0.06
0.06
0.06
0.06
0.06
0.06
0.06
0.06
0.14	84.25
0.14
0.14
0.14
0.19
0.19
0.19
3.99
0.13
0.12
0.12
0.12
0.13
0.13
0.13
0.13
0.14
0.14
0.14
0.14
0.14
0.14
0.14
0.14
0.13
0.13
0.13
0.13
0.13
0.13
0.13
0.13
CorWatt	PkgWatt
10.63	159.78
0.09	75.52
0.08
0.08
0.08
0.08
0.08
0.08
0.08
0.07
0.06
0.06
0.06
0.06
0.06
0.06
0.06
0.08
0.08
0.08
0.08
0.08
0.07
0.07
0.07
0.07
0.07
0.07
0.07
0.06
0.06
0.06
0.06
0.14	84.39
0.14
0.14
0.14
0.19
0.19
0.19
3.99
0.13
0.13
0.13
0.13
0.13
0.13
0.13
0.13
0.14
0.14
0.14
0.15
0.14
0.14
0.14
0.14
0.13
0.13
0.13
0.13
0.13
0.13
0.13
0.13
CorWatt	PkgWatt
10.56	159.82
0.08	75.43
0.08
0.08
0.08
0.08
0.08
0.08
0.08
0.07
0.06
0.06
0.06
0.06
0.06
0.06
0.06
0.08
0.08
0.08
0.08
0.08
0.07
0.07
0.07
0.07
0.07
0.07
0.07
0.06
0.06
0.06
0.06
0.14	84.29
0.14
0.14
0.14
0.19
0.19
0.19
3.99
0.13
0.13
0.13
0.13
0.13
0.13
0.13
0.13
0.14
0.14
0.14
0.14
0.14
0.14
0.14
0.14
0.13
0.13
0.13
0.13
0.13
0.13
0.13
0.13
CorWatt	PkgWatt
10.41	159.47
0.08	75.25
0.08
0.08
0.08
0.07
0.07
0.07
0.07
0.06
0.06
0.06
0.06
0.06
0.06
0.06
0.06
0.07
0.07
0.07
0.07
0.08
0.07
0.07
0.07
0.06
0.06
0.06
0.06
0.06
0.06
0.06
0.06
0.14	84.23
0.14
0.14
0.14
0.19
0.19
0.19
3.99
0.12
0.12
0.12
0.12
0.12
0.13
0.13
0.12
0.14
0.14
0.14
0.14
0.14
0.14
0.14
0.14
0.13
0.13
0.13
0.13
0.13
0.13
0.13
0.13
CorWatt	PkgWatt
5.90	152.98
0.08	75.22
0.07
0.08
0.07
0.07
0.07
0.07
0.07
0.06
0.06
0.06
0.06
0.06
0.06
0.06
0.06
0.07
0.07
0.07
0.07
0.08
0.07
0.07
0.07
0.06
0.06
0.06
0.06
0.06
0.06
0.06
0.06
0.09	77.92
0.08
0.09
0.08
0.11
0.11
0.10
1.21
0.08
0.08
0.08
0.08
0.08
0.08
0.08
0.08
0.08
0.08
0.08
0.08
0.09
0.09
0.09
0.09
0.08
0.08
0.08
0.08
0.08
0.07
0.07
0.08
CorWatt	PkgWatt
4.00	152.28
0.08	75.17
0.08
0.08
0.08
0.07
0.07
0.07
0.07
0.06
0.06
0.06
0.06
0.06
0.06
0.06
0.06
0.07
0.07
0.07
0.07
0.08
0.07
0.07
0.07
0.06
0.06
0.06
0.06
0.06
0.06
0.06
0.06
0.06	76.99
0.06
0.06
0.06
0.06
0.06
0.06
0.06
0.06
0.05
0.05
0.06
0.06
0.05
0.06
0.06
0.06
0.06
0.06
0.06
0.07
0.07
0.07
0.07
0.06
0.06
0.06
0.05
0.05
0.05
0.05
0.06
CorWatt	PkgWatt
4.17	150.77
0.08	75.54
0.08
0.08
0.08
0.08
0.08
0.08
0.08
0.07
0.06
0.06
0.06
0.06
0.14
0.06
0.06
0.08
0.08
0.08
0.08
0.08
0.07
0.07
0.07
0.07
0.07
0.07
0.07
0.06
0.06
0.06
0.06
0.06	75.22
0.06
0.06
0.06
0.06
0.06
0.06
0.06
0.05
0.05
0.05
0.06
0.05
0.05
0.05
0.05
0.06
0.06
0.06
0.06
0.07
0.07
0.07
0.07
0.06
0.06
0.06
0.06
0.05
0.05
0.05
0.05
CorWatt	PkgWatt
4.02	150.26
0.08	75.22
0.08
0.08
0.08
0.07
0.08
0.07
0.07
0.06
0.06
0.06
0.06
0.06
0.06
0.06
0.06
0.07
0.07
0.07
0.07
0.08
0.07
0.07
0.07
0.06
0.06
0.06
0.06
0.06
0.06
0.06
0.06
0.06	75.14
0.06
0.06
0.05
0.06
0.06
0.06
0.06
0.06
0.06
0.05
0.06
0.06
0.06
0.05
0.06
0.06
0.06
0.05
0.06
0.07
0.07
0.07
0.07
0.06
0.06
0.06
0.05
0.05
0.05
0.05
0.06
CorWatt	PkgWatt
3.75	150.17
0.08	75.13
0.07
0.07
0.07
0.07
0.07
0.07
0.07
0.06
0.06
0.06
0.06
0.06
0.06
0.06
0.06
0.07
0.07
0.07
0.07
0.08
0.07
0.07
0.07
0.06
0.06
0.06
0.06
0.06
0.06
0.06
0.06
0.05	74.93
0.05
0.05
0.05
0.05
0.05
0.05
0.05
0.05
0.05
0.05
0.05
0.05
0.05
0.05
0.05
0.05
0.05
0.05
0.05
0.06
0.06
0.06
0.06
0.05
0.05
0.05
0.05
0.05
0.05
0.05
0.05
CorWatt	PkgWatt
3.87	150.20
0.08	75.24
0.08
0.08
0.07
0.07
0.07
0.07
0.07
0.06
0.06
0.06
0.06
0.06
0.06
0.06
0.06
0.07
0.07
0.07
0.07
0.08
0.07
0.07
0.07
0.06
0.06
0.06
0.06
0.06
0.06
0.06
0.06
0.06	74.96
0.05
0.05
0.05
0.05
0.05
0.05
0.05
0.05
0.05
0.05
0.05
0.05
0.05
0.05
0.05
0.05
0.05
0.05
0.05
0.06
0.06
0.06
0.07
0.05
0.05
0.05
0.05
0.05
0.05
0.05
0.05
CorWatt	PkgWatt
4.02	150.37
0.08	75.30
0.08
0.08
0.08
0.07
0.08
0.07
0.07
0.06
0.06
0.06
0.06
0.06
0.06
0.06
0.06
0.07
0.07
0.07
0.07
0.08
0.07
0.07
0.07
0.06
0.06
0.06
0.06
0.06
0.06
0.06
0.06
0.06	75.18
0.06
0.06
0.06
0.06
0.06
0.06
0.06
0.05
0.05
0.05
0.06
0.05
0.05
0.05
0.05
0.06
0.06
0.06
0.06
0.07
0.07
0.07
0.07
0.06
0.06
0.06
0.06
0.06
0.05
0.05
0.06
CorWatt	PkgWatt
8.38	156.88
0.09	75.42
0.08
0.08
0.08
0.08
0.08
0.08
0.08
0.06
0.06
0.06
0.06
0.06
0.06
0.06
0.06
0.08
0.08
0.08
0.08
0.08
0.07
0.07
0.07
0.07
0.07
0.07
0.07
0.06
0.06
0.06
0.06
0.11	81.34
0.11
0.11
0.11
0.12
0.12
0.11
0.12
0.11
0.10
0.10
0.10
0.10
0.10
0.10
0.11
0.12
0.11
0.11
0.12
0.16
0.16
0.16
2.58
0.11
0.11
0.11
0.11
0.11
0.10
0.10
0.11
CorWatt	PkgWatt
9.98	159.10
0.08	75.32
0.08
0.08
0.08
0.08
0.08
0.07
0.07
0.06
0.06
0.06
0.06
0.06
0.06
0.06
0.06
0.07
0.07
0.07
0.07
0.08
0.07
0.07
0.07
0.06
0.06
0.06
0.06
0.06
0.06
0.06
0.06
0.14	83.74
0.14
0.14
0.14
0.14
0.14
0.14
0.14
0.13
0.13
0.13
0.13
0.12
0.12
0.13
0.12
0.14
0.14
0.14
0.14
0.19
0.19
0.19
3.54
0.13
0.13
0.13
0.13
0.13
0.13
0.13
0.13
CorWatt	PkgWatt
5.61	152.79
0.08	75.41
0.08
0.08
0.08
0.07
0.07
0.07
0.07
0.06
0.06
0.06
0.06
0.06
0.06
0.06
0.06
0.07
0.07
0.07
0.07
0.08
0.07
0.07
0.07
0.06
0.06
0.06
0.06
0.06
0.06
0.06
0.06
0.09	77.51
0.08
0.08
0.08
0.08
0.08
0.08
0.08
0.07
0.07
0.07
0.07
0.07
0.07
0.07
0.08
0.08
0.08
0.08
0.08
0.10
0.10
0.10
1.02
0.08
0.08
0.08
0.07
0.07
0.07
0.07
0.08
CorWatt	PkgWatt
4.07	150.80
0.08	75.41
0.08
0.08
0.08
0.08
0.08
0.07
0.08
0.07
0.06
0.06
0.06
0.06
0.06
0.06
0.06
0.08
0.08
0.08
0.08
0.08
0.07
0.07
0.07
0.07
0.06
0.06
0.06
0.06
0.06
0.06
0.06
0.06	75.29
0.06
0.06
0.06
0.06
0.06
0.06
0.06
0.05
0.05
0.05
0.05
0.05
0.05
0.05
0.05
0.06
0.06
0.06
0.06
0.07
0.07
0.07
0.07
0.06
0.06
0.06
0.06
0.05
0.05
0.05
0.05
CorWatt	PkgWatt
3.81	150.06
0.08	75.18
0.07
0.07
0.07
0.07
0.07
0.07
0.07
0.06
0.06
0.06
0.06
0.06
0.06
0.06
0.06
0.07
0.07
0.07
0.07
0.08
0.07
0.07
0.07
0.06
0.06
0.06
0.06
0.06
0.06
0.06
0.06
0.05	74.91
0.05
0.05
0.05
0.05
0.05
0.05
0.05
0.05
0.05
0.05
0.05
0.05
0.05
0.05
0.05
0.05
0.05
0.05
0.05
0.06
0.06
0.06
0.06
0.05
0.05
0.05
0.05
0.05
0.05
0.05
0.05
CorWatt	PkgWatt
3.97	150.21
0.08	75.48
0.08
0.08
0.08
0.08
0.08
0.08
0.08
0.07
0.06
0.06
0.06
0.06
0.14
0.07
0.06
0.08
0.08
0.08
0.07
0.09
0.07
0.07
0.07
0.07
0.07
0.07
0.07
0.06
0.06
0.06
0.06
0.05	74.84
0.05
0.05
0.05
0.05
0.05
0.05
0.05
0.05
0.05
0.05
0.05
0.05
0.05
0.05
0.05
0.05
0.05
0.05
0.05
0.06
0.06
0.06
0.06
0.05
0.05
0.05
0.05
0.05
0.05
0.05
0.05
CorWatt	PkgWatt
8.51	157.11
0.08	75.43
0.08
0.08
0.08
0.08
0.08
0.08
0.07
0.07
0.06
0.06
0.06
0.06
0.06
0.06
0.06
0.08
0.08
0.08
0.08
0.09
0.07
0.07
0.07
0.07
0.07
0.07
0.07
0.06
0.06
0.06
0.06
0.11	81.52
0.11
0.11
0.11
0.12
0.12
0.12
0.12
0.11
0.10
0.10
0.10
0.11
0.10
0.11
0.11
0.12
0.12
0.12
0.12
0.16
0.16
0.16
2.68
0.11
0.11
0.11
0.11
0.11
0.11
0.11
0.11
CorWatt	PkgWatt
10.26	159.37
0.08	75.54
0.08
0.08
0.08
0.08
0.08
0.08
0.08
0.07
0.06
0.06
0.07
0.06
0.07
0.06
0.06
0.08
0.08
0.08
0.08
0.09
0.08
0.07
0.07
0.07
0.07
0.07
0.07
0.06
0.06
0.06
0.06
0.14	83.99
0.14
0.14
0.14
0.14
0.14
0.14
0.14
0.13
0.13
0.13
0.13
0.13
0.13
0.13
0.13
0.14
0.14
0.14
0.14
0.19
0.19
0.19
3.61
0.14
0.14
0.13
0.13
0.13
0.13
0.13
0.13
CorWatt	PkgWatt
5.48	152.68
0.08	75.29
0.08
0.08
0.08
0.07
0.07
0.07
0.07
0.06
0.06
0.06
0.06
0.06
0.06
0.06
0.06
0.07
0.07
0.07
0.07
0.08
0.07
0.07
0.07
0.06
0.06
0.06
0.06
0.06
0.06
0.06
0.06
0.08	77.28
0.07
0.08
0.07
0.08
0.08
0.08
0.07
0.07
0.07
0.07
0.07
0.07
0.07
0.07
0.07
0.07
0.07
0.07
0.07
0.10
0.10
0.10
0.97
0.07
0.07
0.07
0.07
0.07
0.07
0.07
0.07
CorWatt	PkgWatt
3.95	150.24
0.12	75.48
0.08
0.08
0.08
0.08
0.08
0.08
0.08
0.06
0.06
0.06
0.06
0.06
0.06
0.06
0.06
0.08
0.08
0.08
0.08
0.09
0.07
0.07
0.07
0.07
0.07
0.07
0.07
0.07
0.06
0.06
0.06
0.05	74.86
0.05
0.05
0.05
0.05
0.05
0.05
0.05
0.05
0.05
0.05
0.05
0.05
0.05
0.05
0.05
0.05
0.05
0.05
0.05
0.06
0.06
0.06
0.06
0.05
0.05
0.05
0.05
0.05
0.05
0.05
0.05
CorWatt	PkgWatt
3.98	150.39
0.08	75.40
0.08
0.08
0.08
0.08
0.08
0.08
0.08
0.06
0.06
0.06
0.06
0.06
0.06
0.06
0.06
0.08
0.08
0.08
0.08
0.08
0.07
0.07
0.07
0.07
0.07
0.07
0.07
0.06
0.06
0.06
0.06
0.05	74.97
0.05
0.06
0.05
0.05
0.05
0.05
0.05
0.05
0.05
0.05
0.05
0.05
0.05
0.05
0.05
0.05
0.05
0.05
0.05
0.06
0.06
0.06
0.07
0.05
0.05
0.05
0.05
0.05
0.05
0.05
0.05
CorWatt	PkgWatt
8.83	157.52
0.09	75.46
0.08
0.08
0.08
0.09
0.09
0.08
0.08
0.06
0.06
0.06
0.06
0.06
0.06
0.06
0.06
0.08
0.08
0.08
0.08
0.08
0.07
0.07
0.07
0.07
0.07
0.07
0.07
0.07
0.07
0.06
0.07
0.12	81.92
0.12
0.12
0.12
0.12
0.12
0.12
0.12
0.11
0.11
0.11
0.11
0.11
0.11
0.11
0.11
0.12
0.12
0.12
0.12
0.16
0.16
0.16
2.75
0.12
0.12
0.12
0.12
0.11
0.11
0.11
0.11
CorWatt	PkgWatt
10.48	159.67
0.10	75.90
0.09
0.09
0.09
0.09
0.10
0.09
0.09
0.07
0.07
0.07
0.07
0.07
0.07
0.07
0.07
0.08
0.08
0.08
0.08
0.09
0.08
0.08
0.08
0.07
0.07
0.07
0.08
0.07
0.07
0.07
0.07
0.14	83.92
0.14
0.14
0.14
0.14
0.14
0.14
0.14
0.13
0.13
0.13
0.13
0.13
0.13
0.13
0.13
0.14
0.14
0.14
0.14
0.19
0.19
0.19
3.61
0.13
0.14
0.13
0.13
0.13
0.13
0.13
0.14
CorWatt	PkgWatt
10.12	159.42
0.08	75.41
0.08
0.08
0.08
0.08
0.08
0.07
0.07
0.06
0.06
0.06
0.06
0.06
0.06
0.06
0.06
0.08
0.08
0.08
0.07
0.08
0.07
0.07
0.07
0.07
0.07
0.07
0.07
0.06
0.06
0.06
0.06
0.14	83.87
0.14
0.14
0.14
0.14
0.14
0.14
0.14
0.13
0.13
0.13
0.12
0.13
0.13
0.13
0.13
0.14
0.14
0.14
0.14
0.19
0.19
0.19
3.61
0.13
0.13
0.13
0.13
0.13
0.13
0.13
0.13
CorWatt	PkgWatt
10.10	159.19
0.08	75.32
0.08
0.08
0.08
0.07
0.08
0.07
0.07
0.06
0.06
0.06
0.06
0.06
0.06
0.06
0.06
0.08
0.07
0.07
0.07
0.08
0.07
0.07
0.07
0.06
0.06
0.07
0.07
0.06
0.06
0.06
0.06
0.14	83.87
0.14
0.14
0.14
0.14
0.14
0.14
0.14
0.13
0.13
0.12
0.12
0.13
0.13
0.13
0.13
0.14
0.14
0.14
0.14
0.19
0.19
0.19
3.61
0.13
0.13
0.13
0.13
0.13
0.13
0.13
0.13
CorWatt	PkgWatt
10.37	159.55
0.09	75.63
0.08
0.08
0.08
0.08
0.08
0.09
0.08
0.06
0.06
0.06
0.06
0.07
0.14
0.07
0.07
0.08
0.08
0.08
0.08
0.09
0.07
0.08
0.08
0.07
0.07
0.07
0.07
0.07
0.07
0.07
0.06
0.14	83.98
0.14
0.14
0.14
0.14
0.14
0.14
0.14
0.13
0.13
0.13
0.13
0.13
0.13
0.13
0.13
0.14
0.14
0.14
0.14
0.19
0.19
0.19
3.61
0.13
0.14
0.13
0.13
0.13
0.13
0.13
0.13
CorWatt	PkgWatt
10.12	159.56
0.08	75.56
0.08
0.08
0.08
0.07
0.08
0.08
0.07
0.06
0.06
0.06
0.06
0.06
0.06
0.06
0.06
0.08
0.07
0.07
0.07
0.08
0.07
0.07
0.07
0.07
0.07
0.06
0.07
0.06
0.06
0.06
0.06
0.14	83.96
0.14
0.14
0.14
0.14
0.14
0.14
0.14
0.13
0.13
0.13
0.13
0.13
0.13
0.13
0.13
0.14
0.14
0.14
0.14
0.19
0.19
0.19
3.61
0.13
0.13
0.13
0.13
0.13
0.13
0.13
0.13
CorWatt	PkgWatt
10.11	159.16
0.08	75.36
0.08
0.08
0.08
0.08
0.08
0.08
0.07
0.06
0.06
0.06
0.06
0.06
0.06
0.06
0.06
0.08
0.07
0.07
0.07
0.08
0.07
0.07
0.07
0.06
0.06
0.06
0.07
0.06
0.06
0.06
0.06
0.14	83.90
0.14
0.14
0.14
0.14
0.14
0.14
0.14
0.13
0.13
0.13
0.13
0.13
0.13
0.13
0.13
0.14
0.14
0.14
0.14
0.19
0.19
0.19
3.61
0.13
0.14
0.13
0.13
0.13
0.13
0.13
0.13
CorWatt	PkgWatt
10.33	159.70
0.09	75.63
0.08
0.08
0.08
0.08
0.08
0.08
0.08
0.07
0.07
0.07
0.06
0.06
0.07
0.06
0.06
0.08
0.08
0.08
0.08
0.09
0.08
0.07
0.07
0.07
0.07
0.07
0.07
0.07
0.07
0.06
0.07
0.14	83.94
0.14
0.14
0.14
0.14
0.14
0.14
0.14
0.13
0.13
0.13
0.13
0.13
0.13
0.13
0.13
0.14
0.14
0.14
0.16
0.19
0.19
0.19
3.62
0.13
0.14
0.13
0.13
0.13
0.13
0.13
0.13
CorWatt	PkgWatt
10.09	159.20
0.08	75.19
0.08
0.08
0.07
0.07
0.07
0.07
0.07
0.06
0.06
0.06
0.06
0.06
0.06
0.06
0.06
0.07
0.07
0.07
0.07
0.08
0.07
0.07
0.07
0.06
0.06
0.06
0.06
0.06
0.06
0.06
0.06
0.14	84.02
0.14
0.14
0.14
0.14
0.14
0.14
0.14
0.13
0.13
0.13
0.13
0.13
0.13
0.13
0.13
0.14
0.14
0.14
0.14
0.19
0.19
0.19
3.61
0.13
0.14
0.13
0.13
0.13
0.13
0.13
0.13
CorWatt	PkgWatt
10.16	159.16
0.08	75.35
0.08
0.08
0.08
0.07
0.08
0.08
0.07
0.06
0.06
0.06
0.06
0.06
0.06
0.06
0.06
0.08
0.08
0.07
0.07
0.08
0.07
0.07
0.07
0.07
0.07
0.06
0.07
0.06
0.06
0.06
0.06
0.14	83.91
0.14
0.14
0.14
0.14
0.14
0.14
0.14
0.13
0.13
0.13
0.13
0.13
0.13
0.13
0.13
0.14
0.14
0.14
0.14
0.19
0.19
0.19
3.61
0.13
0.14
0.13
0.13
0.13
0.13
0.13
0.13
CorWatt	PkgWatt
10.01	159.19
0.08	75.20
0.07
0.08
0.07
0.07
0.07
0.07
0.07
0.06
0.06
0.06
0.06
0.06
0.06
0.06
0.06
0.07
0.07
0.07
0.07
0.08
0.07
0.07
0.07
0.06
0.06
0.06
0.06
0.06
0.06
0.06
0.06
0.14	83.90
0.14
0.14
0.14
0.14
0.14
0.14
0.14
0.13
0.13
0.13
0.12
0.13
0.13
0.13
0.13
0.14
0.14
0.14
0.14
0.19
0.19
0.19
3.61
0.13
0.13
0.13
0.13
0.13
0.13
0.13
0.13
CorWatt	PkgWatt
10.33	159.67
0.09	75.51
0.08
0.08
0.08
0.08
0.08
0.08
0.08
0.06
0.06
0.06
0.06
0.06
0.06
0.07
0.06
0.08
0.08
0.08
0.08
0.09
0.07
0.07
0.07
0.07
0.07
0.07
0.07
0.06
0.06
0.06
0.06
0.14	84.13
0.15
0.15
0.14
0.14
0.14
0.14
0.14
0.13
0.13
0.13
0.13
0.13
0.13
0.13
0.14
0.14
0.14
0.14
0.18
0.19
0.19
0.19
3.61
0.14
0.14
0.13
0.13
0.13
0.13
0.13
0.13
CorWatt	PkgWatt
10.16	159.23
0.08	75.31
0.08
0.08
0.08
0.07
0.07
0.07
0.07
0.06
0.06
0.06
0.06
0.06
0.06
0.06
0.06
0.07
0.07
0.07
0.07
0.08
0.07
0.07
0.07
0.06
0.06
0.06
0.07
0.06
0.06
0.06
0.06
0.14	84.02
0.14
0.14
0.14
0.14
0.14
0.14
0.14
0.13
0.13
0.13
0.13
0.13
0.13
0.13
0.13
0.14
0.14
0.14
0.14
0.19
0.19
0.19
3.61
0.14
0.14
0.14
0.13
0.13
0.13
0.13
0.13
CorWatt	PkgWatt
10.30	159.56
0.09	75.57
0.09
0.08
0.08
0.08
0.08
0.08
0.08
0.07
0.07
0.06
0.06
0.06
0.06
0.07
0.06
0.08
0.08
0.08
0.08
0.08
0.08
0.07
0.07
0.07
0.07
0.07
0.07
0.07
0.07
0.07
0.07
0.14	83.93
0.14
0.14
0.14
0.14
0.14
0.14
0.14
0.13
0.13
0.13
0.13
0.13
0.13
0.13
0.13
0.14
0.14
0.14
0.14
0.19
0.19
0.19
3.61
0.13
0.14
0.13
0.13
0.13
0.13
0.13
0.13
CorWatt	PkgWatt
10.38	159.84
0.09	75.85
0.09
0.09
0.08
0.08
0.08
0.08
0.08
0.07
0.07
0.07
0.07
0.07
0.14
0.07
0.07
0.08
0.08
0.08
0.08
0.09
0.08
0.08
0.08
0.07
0.07
0.07
0.07
0.07
0.07
0.07
0.07
0.14	83.93
0.14
0.14
0.14
0.14
0.14
0.14
0.14
0.12
0.12
0.12
0.12
0.12
0.12
0.13
0.13
0.14
0.14
0.14
0.14
0.19
0.19
0.19
3.61
0.13
0.14
0.13
0.13
0.13
0.13
0.13
0.13
CorWatt	PkgWatt
10.35	159.48
0.09	75.55
0.08
0.08
0.08
0.08
0.08
0.08
0.08
0.06
0.06
0.06
0.06
0.06
0.06
0.06
0.06
0.08
0.08
0.08
0.08
0.08
0.08
0.08
0.07
0.07
0.07
0.07
0.07
0.06
0.07
0.06
0.07
0.14	84.04
0.14
0.14
0.14
0.14
0.14
0.14
0.14
0.13
0.13
0.13
0.13
0.13
0.13
0.13
0.13
0.14
0.14
0.14
0.14
0.20
0.20
0.20
3.61
0.14
0.14
0.14
0.13
0.13
0.13
0.13
0.14
CorWatt	PkgWatt
10.26	159.61
0.09	75.46
0.08
0.08
0.08
0.08
0.08
0.08
0.08
0.06
0.06
0.06
0.06
0.06
0.06
0.06
0.06
0.08
0.08
0.08
0.08
0.08
0.07
0.07
0.07
0.07
0.07
0.07
0.07
0.06
0.06
0.06
0.06
0.14	84.04
0.14
0.14
0.14
0.14
0.14
0.14
0.14
0.13
0.13
0.13
0.13
0.13
0.13
0.13
0.13
0.15
0.14
0.14
0.15
0.19
0.19
0.19
3.61
0.13
0.14
0.13
0.13
0.13
0.13
0.13
0.13
CorWatt	PkgWatt
10.10	159.23
0.08	75.29
0.08
0.08
0.08
0.07
0.07
0.07
0.07
0.06
0.06
0.06
0.06
0.06
0.06
0.06
0.06
0.07
0.07
0.07
0.07
0.08
0.07
0.07
0.07
0.06
0.06
0.06
0.06
0.06
0.06
0.06
0.06
0.14	83.97
0.14
0.14
0.14
0.14
0.14
0.14
0.14
0.13
0.13
0.13
0.13
0.13
0.13
0.13
0.13
0.14
0.14
0.14
0.14
0.19
0.19
0.19
3.61
0.13
0.14
0.13
0.13
0.13
0.13
0.13
0.13
CorWatt	PkgWatt
10.06	159.07
0.08	75.20
0.07
0.08
0.07
0.07
0.07
0.07
0.07
0.06
0.06
0.06
0.06
0.06
0.06
0.06
0.06
0.07
0.07
0.07
0.07
0.08
0.07
0.07
0.07
0.06
0.06
0.06
0.06
0.06
0.06
0.06
0.06
0.14	83.97
0.14
0.14
0.14
0.14
0.14
0.14
0.14
0.13
0.13
0.13
0.13
0.13
0.13
0.13
0.13
0.14
0.14
0.14
0.14
0.19
0.19
0.19
3.61
0.13
0.14
0.13
0.13
0.13
0.13
0.13
0.13
CorWatt	PkgWatt
10.26	159.53
0.09	75.44
0.08
0.08
0.08
0.08
0.08
0.08
0.08
0.06
0.06
0.06
0.06
0.06
0.06
0.06
0.06
0.08
0.08
0.08
0.08
0.08
0.07
0.07
0.07
0.07
0.07
0.07
0.07
0.06
0.06
0.06
0.06
0.14	84.05
0.14
0.14
0.14
0.14
0.14
0.14
0.14
0.13
0.13
0.13
0.13
0.13
0.13
0.13
0.13
0.14
0.14
0.14
0.14
0.19
0.19
0.19
3.61
0.14
0.14
0.14
0.14
0.13
0.13
0.13
0.14
CorWatt	PkgWatt
10.13	159.34
0.08	75.28
0.08
0.08
0.08
0.07
0.07
0.07
0.07
0.06
0.06
0.06
0.06
0.06
0.06
0.06
0.06
0.07
0.07
0.07
0.07
0.08
0.07
0.07
0.07
0.07
0.06
0.06
0.06
0.06
0.06
0.06
0.06
0.14	84.01
0.14
0.14
0.14
0.14
0.14
0.14
0.14
0.13
0.13
0.13
0.13
0.13
0.13
0.13
0.13
0.14
0.14
0.14
0.14
0.19
0.19
0.19
3.61
0.14
0.14
0.14
0.14
0.13
0.13
0.13
0.13
CorWatt	PkgWatt
10.05	159.15
0.08	75.21
0.07
0.07
0.07
0.07
0.07
0.07
0.07
0.06
0.06
0.06
0.06
0.06
0.06
0.06
0.06
0.07
0.07
0.07
0.07
0.08
0.07
0.07
0.07
0.07
0.06
0.06
0.06
0.06
0.06
0.06
0.06
0.14	83.92
0.14
0.14
0.14
0.14
0.14
0.14
0.14
0.13
0.13
0.13
0.12
0.13
0.13
0.13
0.13
0.14
0.14
0.14
0.14
0.19
0.19
0.19
3.61
0.13
0.14
0.13
0.13
0.13
0.13
0.13
0.13
CorWatt	PkgWatt
10.24	159.39
0.09	75.55
0.08
0.08
0.08
0.08
0.08
0.08
0.08
0.06
0.06
0.06
0.07
0.07
0.07
0.07
0.07
0.08
0.08
0.08
0.08
0.09
0.07
0.07
0.07
0.07
0.07
0.07
0.07
0.06
0.06
0.06
0.06
0.14	83.96
0.14
0.14
0.14
0.14
0.14
0.14
0.14
0.13
0.13
0.13
0.13
0.13
0.13
0.13
0.13
0.14
0.14
0.14
0.14
0.19
0.19
0.19
3.61
0.13
0.14
0.13
0.13
0.13
0.13
0.13
0.13
CorWatt	PkgWatt
10.25	159.52
0.09	75.42
0.08
0.08
0.08
0.07
0.08
0.08
0.08
0.06
0.06
0.06
0.07
0.06
0.06
0.06
0.06
0.08
0.08
0.08
0.08
0.08
0.07
0.07
0.07
0.07
0.07
0.07
0.07
0.06
0.06
0.06
0.06
0.14	83.98
0.14
0.15
0.14
0.14
0.14
0.14
0.14
0.13
0.13
0.13
0.13
0.13
0.13
0.13
0.13
0.14
0.14
0.14
0.14
0.19
0.19
0.19
3.61
0.14
0.14
0.14
0.14
0.13
0.13
0.13
0.13
CorWatt	PkgWatt
10.27	159.51
0.08	75.52
0.08
0.08
0.08
0.08
0.08
0.08
0.07
0.06
0.06
0.06
0.06
0.07
0.14
0.07
0.06
0.08
0.08
0.08
0.08
0.08
0.07
0.07
0.07
0.07
0.07
0.07
0.07
0.06
0.06
0.06
0.06
0.14	84.01
0.14
0.14
0.14
0.14
0.14
0.14
0.14
0.13
0.13
0.13
0.13
0.13
0.13
0.13
0.13
0.14
0.14
0.14
0.14
0.19
0.19
0.19
3.61
0.14
0.14
0.14
0.13
0.13
0.13
0.13
0.13
CorWatt	PkgWatt
10.13	159.17
0.08	75.34
0.08
0.08
0.08
0.07
0.08
0.07
0.07
0.06
0.06
0.06
0.06
0.06
0.06
0.06
0.06
0.07
0.07
0.07
0.07
0.08
0.07
0.07
0.07
0.07
0.06
0.06
0.06
0.06
0.06
0.06
0.06
0.14	83.94
0.14
0.15
0.14
0.14
0.14
0.14
0.14
0.13
0.13
0.13
0.13
0.13
0.13
0.13
0.13
0.14
0.14
0.14
0.14
0.19
0.19
0.19
3.61
0.14
0.14
0.14
0.14
0.13
0.13
0.13
0.13
CorWatt	PkgWatt
10.04	159.45
0.08	75.36
0.07
0.07
0.07
0.07
0.07
0.07
0.07
0.06
0.06
0.06
0.06
0.06
0.06
0.06
0.06
0.07
0.07
0.07
0.07
0.08
0.07
0.07
0.07
0.06
0.06
0.06
0.06
0.06
0.06
0.06
0.06
0.14	83.98
0.14
0.14
0.14
0.14
0.14
0.14
0.14
0.13
0.13
0.13
0.13
0.13
0.13
0.13
0.13
0.14
0.14
0.14
0.14
0.19
0.19
0.19
3.61
0.14
0.14
0.14
0.13
0.13
0.13
0.13
0.13
CorWatt	PkgWatt
10.25	159.59
0.09	75.49
0.08
0.08
0.08
0.08
0.08
0.08
0.08
0.06
0.06
0.06
0.06
0.06
0.06
0.06
0.06
0.08
0.08
0.08
0.08
0.09
0.08
0.07
0.07
0.07
0.07
0.07
0.07
0.06
0.06
0.06
0.06
0.14	84.08
0.14
0.14
0.14
0.14
0.14
0.14
0.14
0.13
0.13
0.13
0.13
0.13
0.13
0.13
0.13
0.14
0.14
0.14
0.14
0.19
0.19
0.19
3.61
0.14
0.14
0.14
0.14
0.13
0.13
0.13
0.13
CorWatt	PkgWatt
10.15	159.13
0.08	75.32
0.08
0.08
0.08
0.07
0.08
0.07
0.07
0.06
0.06
0.06
0.06
0.06
0.06
0.06
0.06
0.08
0.08
0.08
0.08
0.08
0.07
0.07
0.07
0.07
0.06
0.06
0.07
0.06
0.06
0.06
0.06
0.14	83.92
0.14
0.14
0.14
0.14
0.14
0.14
0.14
0.13
0.13
0.13
0.13
0.13
0.13
0.13
0.13
0.14
0.14
0.14
0.14
0.19
0.19
0.19
3.61
0.14
0.14
0.14
0.14
0.13
0.13
0.13
0.13
CorWatt	PkgWatt
10.13	159.40
0.08	75.30
0.08
0.08
0.08
0.07
0.07
0.07
0.07
0.06
0.06
0.06
0.06
0.06
0.06
0.06
0.06
0.07
0.07
0.07
0.07
0.08
0.07
0.07
0.07
0.07
0.06
0.06
0.07
0.06
0.06
0.06
0.06
0.14	84.03
0.14
0.14
0.14
0.14
0.14
0.14
0.14
0.13
0.13
0.13
0.13
0.13
0.13
0.13
0.13
0.14
0.14
0.14
0.14
0.19
0.19
0.19
3.61
0.14
0.14
0.13
0.13
0.13
0.13
0.13
0.13
CorWatt	PkgWatt
4.63	151.27
0.08	75.06
0.07
0.07
0.07
0.07
0.07
0.07
0.07
0.06
0.06
0.06
0.06
0.06
0.06
0.06
0.06
0.07
0.07
0.07
0.07
0.08
0.07
0.07
0.07
0.06
0.06
0.06
0.06
0.06
0.06
0.06
0.06
0.07	76.23
0.07
0.07
0.07
0.07
0.07
0.07
0.07
0.06
0.06
0.06
0.06
0.06
0.06
0.06
0.06
0.07
0.06
0.06
0.06
0.09
0.09
0.08
0.52
0.06
0.06
0.06
0.07
0.06
0.06
0.06
0.07
CorWatt	PkgWatt
4.07	150.55
0.08	75.27
0.08
0.08
0.08
0.07
0.07
0.07
0.07
0.06
0.06
0.06
0.06
0.06
0.06
0.06
0.06
0.07
0.07
0.07
0.07
0.08
0.07
0.07
0.07
0.07
0.06
0.06
0.06
0.06
0.06
0.06
0.06
0.06	75.33
0.06
0.06
0.06
0.06
0.06
0.06
0.06
0.05
0.05
0.05
0.05
0.05
0.05
0.05
0.06
0.06
0.06
0.06
0.06
0.07
0.07
0.07
0.07
0.06
0.06
0.06
0.06
0.06
0.06
0.06
0.06
CorWatt	PkgWatt
4.27	157.88
0.09	78.99
0.08
0.08
0.08
0.08
0.08
0.08
0.08
0.06
0.07
0.07
0.06
0.06
0.07
0.07
0.07
0.08
0.08
0.08
0.08
0.08
0.08
0.07
0.07
0.06
0.07
0.06
0.07
0.06
0.06
0.07
0.07
0.06	78.86
0.06
0.06
0.06
0.07
0.06
0.06
0.07
0.06
0.06
0.06
0.06
0.05
0.05
0.06
0.05
0.06
0.06
0.06
0.06
0.07
0.07
0.07
0.07
0.06
0.06
0.06
0.06
0.06
0.06
0.05
0.06
CorWatt	PkgWatt
4.08	150.47
0.10	75.35
0.08
0.08
0.08
0.07
0.07
0.07
0.07
0.06
0.06
0.06
0.06
0.06
0.06
0.06
0.06
0.07
0.07
0.07
0.07
0.08
0.07
0.07
0.07
0.06
0.07
0.06
0.06
0.06
0.06
0.06
0.06
0.06	75.22
0.06
0.06
0.06
0.06
0.06
0.06
0.06
0.05
0.05
0.05
0.05
0.05
0.05
0.05
0.05
0.06
0.06
0.05
0.05
0.07
0.07
0.07
0.07
0.06
0.05
0.06
0.06
0.05
0.05
0.05
0.06
CorWatt	PkgWatt
3.91	150.40
0.08	75.33
0.08
0.08
0.07
0.07
0.07
0.07
0.07
0.06
0.06
0.06
0.06
0.06
0.13
0.06
0.06
0.07
0.07
0.07
0.07
0.08
0.07
0.07
0.07
0.06
0.06
0.06
0.06
0.06
0.06
0.06
0.06
0.05	74.96
0.05
0.05
0.05
0.05
0.05
0.05
0.05
0.05
0.05
0.05
0.05
0.05
0.05
0.05
0.05
0.05
0.05
0.05
0.05
0.06
0.06
0.06
0.06
0.05
0.05
0.05
0.05
0.05
0.05
0.05
0.05
CorWatt	PkgWatt
4.23	154.31
0.08	77.27
0.08
0.08
0.08
0.07
0.08
0.08
0.08
0.07
0.06
0.07
0.07
0.07
0.06
0.07
0.06
0.08
0.08
0.08
0.08
0.08
0.08
0.08
0.07
0.07
0.07
0.07
0.07
0.06
0.06
0.07
0.07
0.06	77.03
0.06
0.06
0.06
0.07
0.06
0.06
0.06
0.05
0.05
0.05
0.05
0.06
0.06
0.06
0.06
0.06
0.06
0.06
0.06
0.07
0.07
0.07
0.07
0.06
0.06
0.06
0.06
0.06
0.06
0.06
0.06
CorWatt	PkgWatt
3.89	150.05
0.07	75.05
0.07
0.07
0.07
0.07
0.07
0.07
0.07
0.06
0.06
0.06
0.06
0.06
0.06
0.06
0.06
0.07
0.07
0.07
0.07
0.08
0.07
0.07
0.07
0.06
0.06
0.06
0.06
0.06
0.06
0.06
0.06
0.06	75.10
0.06
0.06
0.06
0.06
0.06
0.06
0.06
0.05
0.05
0.05
0.05
0.05
0.05
0.05
0.05
0.06
0.06
0.05
0.06
0.07
0.07
0.07
0.07
0.05
0.05
0.05
0.05
0.05
0.05
0.05
0.05
CorWatt	PkgWatt
9.74	158.79
0.08	75.38
0.08
0.08
0.08
0.07
0.07
0.07
0.08
0.06
0.06
0.06
0.06
0.06
0.06
0.06
0.06
0.08
0.07
0.07
0.07
0.08
0.07
0.07
0.07
0.06
0.06
0.06
0.06
0.06
0.06
0.06
0.06
0.13	83.30
0.13
0.13
0.13
0.18
0.17
0.18
3.51
0.12
0.12
0.12
0.12
0.12
0.12
0.12
0.12
0.13
0.13
0.13
0.13
0.14
0.14
0.14
0.13
0.12
0.13
0.12
0.12
0.12
0.12
0.12
0.12
CorWatt	PkgWatt
10.30	159.31
0.08	75.14
0.07
0.07
0.07
0.07
0.07
0.07
0.07
0.06
0.06
0.06
0.06
0.06
0.06
0.06
0.06
0.07
0.07
0.07
0.07
0.08
0.07
0.07
0.07
0.06
0.06
0.06
0.06
0.06
0.06
0.06
0.06
0.14	84.13
0.14
0.14
0.14
0.19
0.19
0.19
3.96
0.13
0.13
0.12
0.12
0.12
0.12
0.13
0.12
0.14
0.14
0.14
0.14
0.14
0.14
0.14
0.14
0.13
0.13
0.13
0.13
0.13
0.13
0.13
0.13
CorWatt	PkgWatt
4.86	151.75
0.08	75.59
0.08
0.08
0.08
0.07
0.08
0.08
0.08
0.06
0.06
0.07
0.06
0.06
0.06
0.06
0.06
0.08
0.08
0.08
0.08
0.09
0.07
0.07
0.07
0.07
0.07
0.07
0.07
0.06
0.06
0.06
0.06
0.07	76.25
0.07
0.07
0.07
0.08
0.08
0.08
0.49
0.06
0.06
0.06
0.06
0.06
0.06
0.06
0.06
0.07
0.07
0.07
0.07
0.08
0.08
0.08
0.08
0.06
0.07
0.07
0.06
0.06
0.06
0.06
0.07
CorWatt	PkgWatt
3.82	150.26
0.07	75.08
0.07
0.07
0.07
0.07
0.07
0.07
0.07
0.06
0.06
0.06
0.06
0.06
0.06
0.06
0.06
0.07
0.07
0.07
0.07
0.07
0.07
0.06
0.07
0.06
0.06
0.06
0.06
0.06
0.06
0.06
0.06
0.06	75.11
0.06
0.06
0.06
0.06
0.06
0.06
0.06
0.05
0.05
0.05
0.05
0.05
0.05
0.05
0.05
0.05
0.05
0.05
0.05
0.07
0.07
0.07
0.07
0.05
0.05
0.05
0.05
0.05
0.05
0.05
0.05
CorWatt	PkgWatt
3.86	150.09
0.07	75.08
0.07
0.07
0.07
0.07
0.07
0.07
0.07
0.06
0.06
0.06
0.06
0.06
0.06
0.06
0.06
0.07
0.07
0.07
0.07
0.08
0.07
0.07
0.07
0.06
0.06
0.06
0.06
0.06
0.06
0.06
0.06
0.06	75.12
0.05
0.06
0.06
0.06
0.06
0.06
0.06
0.05
0.05
0.05
0.05
0.05
0.05
0.05
0.05
0.05
0.05
0.05
0.05
0.07
0.07
0.07
0.07
0.05
0.05
0.05
0.05
0.05
0.05
0.05
0.05
CorWatt	PkgWatt
3.78	150.11
0.07	75.07
0.07
0.07
0.07
0.07
0.07
0.07
0.07
0.06
0.06
0.06
0.06
0.06
0.06
0.06
0.06
0.07
0.07
0.07
0.07
0.08
0.07
0.07
0.07
0.06
0.06
0.06
0.06
0.06
0.06
0.06
0.06
0.05	74.93
0.05
0.05
0.05
0.06
0.05
0.05
0.06
0.05
0.05
0.05
0.05
0.05
0.05
0.05
0.05
0.05
0.05
0.05
0.05
0.06
0.06
0.06
0.06
0.05
0.05
0.05
0.05
0.05
0.05
0.05
0.05
CorWatt	PkgWatt
9.98	158.93
0.08	75.54
0.08
0.08
0.08
0.08
0.08
0.08
0.08
0.06
0.06
0.06
0.06
0.06
0.06
0.06
0.06
0.08
0.08
0.08
0.08
0.09
0.07
0.07
0.07
0.07
0.07
0.07
0.07
0.06
0.06
0.06
0.06
0.13	83.47
0.13
0.13
0.13
0.18
0.18
0.18
3.65
0.12
0.12
0.12
0.12
0.12
0.12
0.12
0.12
0.13
0.13
0.13
0.13
0.14
0.14
0.14
0.14
0.12
0.13
0.12
0.12
0.12
0.12
0.12
0.12
CorWatt	PkgWatt
10.67	159.92
0.09	75.57
0.08
0.08
0.08
0.07
0.08
0.08
0.08
0.06
0.06
0.06
0.06
0.07
0.14
0.06
0.06
0.08
0.08
0.08
0.08
0.09
0.07
0.07
0.07
0.07
0.07
0.07
0.07
0.06
0.06
0.06
0.06
0.14	84.29
0.14
0.14
0.14
0.19
0.19
0.19
4.03
0.13
0.13
0.13
0.13
0.13
0.13
0.13
0.13
0.14
0.14
0.14
0.14
0.14
0.14
0.14
0.14
0.13
0.13
0.13
0.13
0.13
0.13
0.13
0.13
CorWatt	PkgWatt
4.48	151.03
0.08	75.14
0.07
0.08
0.07
0.07
0.07
0.07
0.07
0.06
0.06
0.06
0.06
0.06
0.06
0.06
0.06
0.07
0.07
0.07
0.07
0.08
0.07
0.07
0.07
0.06
0.06
0.06
0.06
0.06
0.06
0.06
0.06
0.06	75.87
0.06
0.06
0.07
0.07
0.07
0.07
0.42
0.06
0.06
0.06
0.06
0.06
0.06
0.06
0.06
0.06
0.06
0.06
0.06
0.07
0.07
0.07
0.07
0.06
0.06
0.06
0.06
0.06
0.06
0.06
0.06
CorWatt	PkgWatt
3.77	150.08
0.07	75.11
0.07
0.07
0.07
0.07
0.07
0.07
0.07
0.06
0.06
0.06
0.06
0.06
0.06
0.06
0.06
0.07
0.07
0.07
0.07
0.08
0.07
0.07
0.07
0.06
0.06
0.06
0.06
0.06
0.06
0.06
0.06
0.05	74.97
0.05
0.05
0.05
0.06
0.05
0.05
0.06
0.05
0.05
0.05
0.05
0.05
0.05
0.05
0.05
0.05
0.05
0.05
0.05
0.06
0.06
0.06
0.06
0.05
0.05
0.05
0.05
0.05
0.05
0.05
0.05
CorWatt	PkgWatt
4.12	150.55
0.08	75.35
0.08
0.08
0.08
0.07
0.08
0.08
0.08
0.06
0.06
0.06
0.06
0.06
0.06
0.06
0.06
0.08
0.08
0.08
0.08
0.08
0.07
0.07
0.07
0.07
0.07
0.07
0.06
0.06
0.06
0.06
0.06
0.06	75.25
0.06
0.06
0.06
0.06
0.06
0.06
0.06
0.06
0.06
0.05
0.06
0.06
0.06
0.06
0.06
0.06
0.06
0.06
0.06
0.07
0.07
0.07
0.07
0.06
0.06
0.06
0.06
0.06
0.06
0.06
0.06
CorWatt	PkgWatt
9.95	158.88
0.09	75.26
0.08
0.08
0.08
0.07
0.07
0.07
0.07
0.06
0.06
0.06
0.06
0.06
0.06
0.06
0.06
0.07
0.07
0.07
0.07
0.08
0.07
0.07
0.07
0.06
0.06
0.06
0.06
0.06
0.06
0.06
0.06
0.13	83.55
0.13
0.13
0.13
0.18
0.18
0.18
3.68
0.12
0.12
0.12
0.12
0.12
0.12
0.12
0.12
0.13
0.13
0.13
0.13
0.14
0.14
0.14
0.14
0.13
0.13
0.12
0.13
0.12
0.12
0.12
0.12
CorWatt	PkgWatt
10.46	159.52
0.08	75.30
0.08
0.08
0.08
0.07
0.07
0.07
0.08
0.06
0.06
0.06
0.06
0.06
0.06
0.06
0.06
0.07
0.07
0.07
0.07
0.08
0.07
0.07
0.07
0.06
0.06
0.06
0.06
0.06
0.06
0.06
0.06
0.14	84.32
0.14
0.14
0.14
0.19
0.19
0.19
4.00
0.13
0.13
0.13
0.13
0.13
0.13
0.13
0.13
0.14
0.14
0.14
0.14
0.14
0.14
0.14
0.14
0.13
0.13
0.13
0.13
0.13
0.13
0.13
0.13
CorWatt	PkgWatt
10.40	159.54
0.08	75.20
0.08
0.08
0.08
0.07
0.07
0.07
0.07
0.06
0.06
0.06
0.06
0.06
0.06
0.06
0.06
0.07
0.07
0.07
0.07
0.08
0.07
0.07
0.07
0.06
0.06
0.06
0.06
0.06
0.06
0.06
0.06
0.14	84.22
0.14
0.14
0.14
0.19
0.19
0.19
4.00
0.13
0.13
0.13
0.13
0.12
0.12
0.13
0.12
0.14
0.14
0.14
0.14
0.14
0.14
0.14
0.14
0.13
0.13
0.13
0.13
0.13
0.13
0.13
0.13
CorWatt	PkgWatt
10.61	159.77
0.09	75.52
0.08
0.08
0.08
0.07
0.08
0.08
0.08
0.06
0.06
0.07
0.06
0.06
0.06
0.06
0.06
0.08
0.08
0.08
0.08
0.09
0.07
0.07
0.07
0.07
0.07
0.07
0.07
0.06
0.06
0.06
0.06
0.14	84.24
0.14
0.14
0.14
0.19
0.19
0.19
4.01
0.13
0.13
0.13
0.13
0.13
0.13
0.13
0.13
0.14
0.14
0.14
0.14
0.14
0.14
0.14
0.14
0.13
0.13
0.13
0.13
0.13
0.13
0.13
0.13
CorWatt	PkgWatt
10.41	159.29
0.08	75.17
0.07
0.07
0.07
0.07
0.07
0.08
0.07
0.06
0.06
0.06
0.06
0.06
0.06
0.06
0.06
0.07
0.07
0.07
0.07
0.08
0.07
0.07
0.07
0.06
0.06
0.06
0.06
0.06
0.06
0.06
0.06
0.14	84.27
0.14
0.14
0.14
0.19
0.19
0.19
3.99
0.13
0.13
0.13
0.13
0.13
0.13
0.13
0.13
0.14
0.14
0.14
0.14
0.14
0.14
0.14
0.14
0.13
0.13
0.13
0.13
0.13
0.13
0.13
0.13
CorWatt	PkgWatt
10.50	159.98
0.09	75.58
0.08
0.08
0.08
0.07
0.08
0.08
0.08
0.06
0.06
0.06
0.06
0.06
0.06
0.06
0.06
0.08
0.08
0.08
0.08
0.08
0.07
0.07
0.07
0.07
0.06
0.06
0.06
0.06
0.06
0.06
0.06
0.14	84.29
0.14
0.14
0.14
0.19
0.19
0.19
3.99
0.13
0.13
0.13
0.12
0.13
0.13
0.13
0.12
0.14
0.14
0.14
0.14
0.14
0.14
0.14
0.14
0.13
0.13
0.13
0.13
0.13
0.13
0.13
0.13
CorWatt	PkgWatt
10.57	159.83
0.09	75.55
0.08
0.08
0.08
0.07
0.08
0.08
0.07
0.06
0.06
0.06
0.06
0.06
0.14
0.06
0.06
0.08
0.08
0.08
0.08
0.08
0.07
0.07
0.07
0.07
0.07
0.07
0.07
0.06
0.06
0.06
0.06
0.14	84.25
0.14
0.14
0.14
0.19
0.19
0.19
4.00
0.12
0.12
0.12
0.12
0.12
0.12
0.12
0.12
0.14
0.14
0.14
0.14
0.14
0.14
0.14
0.14
0.13
0.13
0.13
0.13
0.13
0.12
0.12
0.13
CorWatt	PkgWatt
10.64	159.75
0.09	75.51
0.08
0.08
0.08
0.07
0.08
0.08
0.08
0.06
0.07
0.07
0.06
0.06
0.06
0.06
0.06
0.08
0.08
0.08
0.08
0.09
0.07
0.07
0.08
0.07
0.07
0.07
0.07
0.07
0.07
0.06
0.07
0.14	84.31
0.14
0.14
0.14
0.19
0.19
0.19
4.00
0.13
0.13
0.13
0.13
0.13
0.13
0.13
0.13
0.14
0.14
0.14
0.14
0.14
0.14
0.14
0.14
0.13
0.13
0.13
0.13
0.13
0.13
0.13
0.14
CorWatt	PkgWatt
10.41	159.54
0.08	75.23
0.08
0.08
0.07
0.07
0.07
0.07
0.07
0.06
0.06
0.06
0.06
0.06
0.06
0.06
0.06
0.07
0.07
0.07
0.07
0.08
0.07
0.07
0.07
0.06
0.06
0.06
0.06
0.06
0.06
0.06
0.06
0.14	84.26
0.14
0.14
0.14
0.19
0.19
0.19
4.00
0.13
0.13
0.13
0.13
0.13
0.12
0.13
0.12
0.14
0.14
0.14
0.14
0.14
0.14
0.14
0.14
0.13
0.13
0.13
0.13
0.13
0.13
0.13
0.13
CorWatt	PkgWatt
10.52	159.69
0.09	75.44
0.08
0.08
0.08
0.08
0.08
0.08
0.07
0.06
0.06
0.06
0.06
0.06
0.06
0.06
0.06
0.08
0.08
0.08
0.08
0.08
0.07
0.07
0.07
0.07
0.07
0.07
0.07
0.06
0.06
0.06
0.06
0.14	84.24
0.14
0.14
0.14
0.19
0.19
0.19
4.00
0.12
0.12
0.12
0.12
0.12
0.12
0.13
0.12
0.14
0.14
0.14
0.14
0.14
0.14
0.14
0.14
0.13
0.13
0.13
0.13
0.13
0.13
0.13
0.13
CorWatt	PkgWatt
10.43	159.41
0.08	75.28
0.08
0.08
0.08
0.07
0.07
0.07
0.07
0.06
0.06
0.06
0.06
0.06
0.06
0.06
0.06
0.07
0.07
0.07
0.07
0.08
0.07
0.07
0.07
0.06
0.06
0.06
0.06
0.06
0.06
0.06
0.06
0.14	84.26
0.14
0.14
0.14
0.19
0.19
0.19
3.99
0.13
0.13
0.13
0.13
0.13
0.13
0.13
0.13
0.14
0.14
0.14
0.14
0.14
0.14
0.14
0.14
0.13
0.13
0.13
0.13
0.13
0.13
0.13
0.13
CorWatt	PkgWatt
10.65	159.95
0.09	75.52
0.08
0.08
0.08
0.08
0.08
0.08
0.08
0.06
0.06
0.06
0.06
0.06
0.06
0.06
0.06
0.08
0.08
0.08
0.08
0.09
0.08
0.07
0.08
0.07
0.07
0.07
0.07
0.07
0.07
0.06
0.07
0.14	84.29
0.14
0.14
0.14
0.19
0.19
0.19
4.00
0.13
0.13
0.13
0.13
0.13
0.13
0.13
0.13
0.14
0.14
0.14
0.14
0.14
0.14
0.14
0.14
0.13
0.13
0.13
0.13
0.13
0.13
0.13
0.13
CorWatt	PkgWatt
10.38	159.47
0.08	75.17
0.08
0.08
0.07
0.07
0.07
0.07
0.07
0.06
0.06
0.06
0.06
0.06
0.06
0.06
0.06
0.07
0.07
0.07
0.07
0.08
0.07
0.07
0.07
0.06
0.06
0.06
0.06
0.06
0.06
0.06
0.06
0.14	84.30
0.14
0.14
0.14
0.19
0.19
0.19
3.99
0.12
0.12
0.12
0.12
0.12
0.12
0.13
0.12
0.14
0.14
0.14
0.14
0.14
0.14
0.14
0.14
0.13
0.13
0.13
0.13
0.13
0.13
0.13
0.13
CorWatt	PkgWatt
10.45	159.40
0.08	75.29
0.08
0.08
0.08
0.07
0.07
0.07
0.07
0.06
0.06
0.06
0.06
0.06
0.06
0.06
0.06
0.07
0.07
0.07
0.07
0.08
0.07
0.07
0.07
0.06
0.06
0.06
0.06
0.06
0.06
0.06
0.06
0.14	84.23
0.14
0.14
0.14
0.19
0.19
0.19
4.00
0.13
0.13
0.13
0.13
0.13
0.13
0.13
0.12
0.14
0.14
0.14
0.14
0.14
0.14
0.14
0.14
0.13
0.13
0.13
0.13
0.13
0.13
0.13
0.13
CorWatt	PkgWatt
10.42	159.49
0.08	75.26
0.08
0.08
0.08
0.07
0.07
0.07
0.07
0.06
0.06
0.06
0.06
0.06
0.06
0.06
0.06
0.07
0.07
0.07
0.07
0.08
0.07
0.07
0.07
0.06
0.06
0.06
0.06
0.06
0.06
0.06
0.06
0.14	84.28
0.14
0.14
0.14
0.19
0.19
0.19
3.99
0.13
0.13
0.13
0.13
0.13
0.13
0.13
0.13
0.14
0.14
0.14
0.14
0.14
0.14
0.14
0.14
0.13
0.13
0.13
0.13
0.13
0.13
0.13
0.13
CorWatt	PkgWatt
10.64	160.04
0.08	75.46
0.08
0.08
0.08
0.08
0.08
0.08
0.08
0.06
0.06
0.06
0.06
0.06
0.06
0.06
0.06
0.08
0.08
0.08
0.08
0.08
0.07
0.07
0.07
0.07
0.07
0.07
0.07
0.06
0.06
0.07
0.07
0.14	84.40
0.14
0.14
0.14
0.19
0.19
0.19
4.00
0.13
0.13
0.13
0.13
0.13
0.13
0.13
0.13
0.14
0.14
0.14
0.14
0.15
0.14
0.14
0.14
0.13
0.13
0.13
0.13
0.13
0.13
0.13
0.13
CorWatt	PkgWatt
10.51	159.56
0.08	75.36
0.08
0.08
0.08
0.07
0.07
0.07
0.07
0.06
0.06
0.06
0.06
0.06
0.13
0.06
0.06
0.07
0.07
0.07
0.07
0.08
0.07
0.07
0.07
0.06
0.06
0.06
0.06
0.06
0.06
0.06
0.06
0.14	84.23
0.14
0.14
0.14
0.19
0.19
0.19
3.99
0.12
0.12
0.12
0.12
0.12
0.13
0.13
0.12
0.14
0.14
0.14
0.14
0.14
0.14
0.14
0.14
0.13
0.13
0.13
0.13
0.13
0.13
0.13
0.13
CorWatt	PkgWatt
10.48	159.42
0.08	75.26
0.08
0.08
0.08
0.07
0.07
0.07
0.07
0.06
0.06
0.06
0.06
0.06
0.06
0.06
0.06
0.07
0.07
0.07
0.08
0.08
0.07
0.07
0.07
0.06
0.06
0.06
0.06
0.06
0.06
0.06
0.06
0.14	84.28
0.14
0.14
0.15
0.19
0.19
0.19
4.00
0.13
0.13
0.13
0.13
0.13
0.13
0.13
0.13
0.14
0.14
0.14
0.14
0.14
0.14
0.14
0.14
0.13
0.13
0.13
0.13
0.13
0.13
0.13
0.13
CorWatt	PkgWatt
10.37	159.65
0.08	75.16
0.07
0.07
0.07
0.07
0.07
0.07
0.07
0.06
0.06
0.06
0.06
0.06
0.06
0.06
0.06
0.07
0.07
0.07
0.07
0.08
0.07
0.07
0.07
0.06
0.06
0.06
0.06
0.06
0.06
0.06
0.06
0.14	84.38
0.14
0.14
0.14
0.19
0.19
0.19
4.00
0.13
0.13
0.13
0.13
0.13
0.13
0.13
0.13
0.14
0.14
0.14
0.14
0.14
0.14
0.14
0.14
0.13
0.13
0.13
0.13
0.13
0.13
0.13
0.13
CorWatt	PkgWatt
10.64	159.91
0.09	75.53
0.08
0.08
0.08
0.08
0.08
0.08
0.08
0.06
0.07
0.07
0.06
0.06
0.06
0.06
0.06
0.08
0.08
0.08
0.08
0.09
0.08
0.07
0.07
0.07
0.07
0.07
0.07
0.07
0.07
0.07
0.07
0.14	84.33
0.14
0.14
0.14
0.19
0.19
0.19
4.00
0.13
0.13
0.13
0.13
0.13
0.13
0.13
0.13
0.14
0.14
0.14
0.14
0.14
0.14
0.14
0.14
0.13
0.14
0.13
0.13
0.13
0.13
0.13
0.13
CorWatt	PkgWatt
10.37	159.17
0.08	75.10
0.07
0.07
0.07
0.07
0.07
0.07
0.07
0.06
0.06
0.06
0.06
0.06
0.06
0.06
0.06
0.07
0.07
0.07
0.07
0.08
0.07
0.07
0.07
0.06
0.06
0.06
0.06
0.06
0.06
0.06
0.06
0.14	84.23
0.14
0.14
0.14
0.19
0.19
0.19
4.00
0.13
0.13
0.13
0.13
0.13
0.12
0.13
0.12
0.14
0.14
0.14
0.14
0.14
0.14
0.14
0.14
0.13
0.13
0.13
0.13
0.13
0.13
0.13
0.13
CorWatt	PkgWatt
10.43	159.65
0.08	75.19
0.08
0.08
0.08
0.07
0.07
0.07
0.07
0.06
0.06
0.06
0.06
0.06
0.06
0.06
0.06
0.07
0.07
0.07
0.07
0.08
0.07
0.07
0.07
0.06
0.06
0.06
0.06
0.06
0.06
0.06
0.06
0.14	84.34
0.14
0.14
0.14
0.19
0.19
0.19
4.00
0.13
0.13
0.13
0.13
0.13
0.13
0.13
0.12
0.14
0.14
0.14
0.14
0.14
0.14
0.14
0.14
0.13
0.13
0.13
0.13
0.13
0.13
0.13
0.13
CorWatt	PkgWatt
10.29	159.28
0.08	75.06
0.07
0.07
0.07
0.07
0.07
0.07
0.07
0.06
0.06
0.06
0.06
0.06
0.06
0.06
0.06
0.07
0.07
0.07
0.07
0.07
0.06
0.06
0.07
0.06
0.06
0.06
0.06
0.06
0.06
0.06
0.06
0.14	84.21
0.14
0.14
0.14
0.19
0.19
0.19
4.00
0.12
0.13
0.12
0.12
0.12
0.12
0.12
0.12
0.14
0.14
0.14
0.14
0.14
0.14
0.14
0.14
0.13
0.13
0.13
0.13
0.13
0.12
0.13
0.13
CorWatt	PkgWatt
10.77	160.13
0.09	75.66
0.08
0.08
0.08
0.08
0.08
0.08
0.08
0.07
0.07
0.07
0.07
0.07
0.06
0.06
0.06
0.08
0.08
0.08
0.08
0.09
0.08
0.08
0.08
0.07
0.07
0.07
0.07
0.07
0.07
0.07
0.07
0.14	84.52
0.14
0.14
0.15
0.19
0.19
0.20
4.00
0.13
0.13
0.13
0.13
0.13
0.13
0.13
0.13
0.14
0.14
0.14
0.14
0.15
0.14
0.14
0.14
0.14
0.14
0.13
0.13
0.13
0.13
0.13
0.13
CorWatt	PkgWatt
10.43	159.47
0.08	75.21
0.07
0.07
0.07
0.07
0.07
0.07
0.07
0.06
0.06
0.06
0.06
0.06
0.06
0.06
0.06
0.07
0.07
0.07
0.07
0.08
0.07
0.07
0.07
0.06
0.06
0.06
0.06
0.06
0.06
0.06
0.06
0.14	84.24
0.14
0.14
0.14
0.19
0.19
0.19
4.00
0.13
0.13
0.13
0.13
0.13
0.13
0.13
0.12
0.14
0.14
0.14
0.14
0.14
0.14
0.14
0.14
0.13
0.13
0.13
0.13
0.13
0.13
0.13
0.13
CorWatt	PkgWatt
10.44	159.60
0.08	75.22
0.08
0.08
0.08
0.07
0.07
0.07
0.07
0.06
0.06
0.06
0.06
0.06
0.06
0.06
0.06
0.07
0.07
0.07
0.07
0.08
0.07
0.07
0.07
0.06
0.06
0.06
0.06
0.06
0.06
0.06
0.06
0.14	84.37
0.14
0.14
0.14
0.19
0.19
0.19
4.00
0.12
0.13
0.12
0.12
0.13
0.13
0.13
0.12
0.14
0.14
0.14
0.14
0.14
0.14
0.14
0.14
0.13
0.13
0.13
0.13
0.13
0.13
0.13
0.13
CorWatt	PkgWatt
10.68	159.76
0.09	75.65
0.08
0.08
0.08
0.07
0.08
0.08
0.08
0.06
0.06
0.07
0.06
0.07
0.14
0.07
0.07
0.08
0.08
0.08
0.08
0.09
0.07
0.08
0.07
0.07
0.07
0.07
0.07
0.06
0.06
0.06
0.06
0.14	84.23
0.14
0.14
0.14
0.19
0.19
0.19
4.00
0.13
0.13
0.13
0.13
0.13
0.13
0.13
0.13
0.14
0.14
0.14
0.14
0.14
0.14
0.14
0.14
0.13
0.14
0.13
0.13
0.13
0.13
0.13
0.13
CorWatt	PkgWatt
10.67	160.05
0.09	75.42
0.08
0.08
0.08
0.07
0.08
0.08
0.08
0.06
0.06
0.07
0.06
0.06
0.06
0.06
0.06
0.08
0.08
0.08
0.08
0.08
0.07
0.07
0.07
0.07
0.07
0.07
0.07
0.06
0.06
0.06
0.06
0.14	84.49
0.14
0.14
0.14
0.19
0.19
0.19
4.01
0.13
0.13
0.13
0.13
0.13
0.13
0.13
0.13
0.14
0.14
0.14
0.14
0.14
0.14
0.14
0.15
0.13
0.14
0.13
0.13
0.13
0.13
0.13
0.13
CorWatt	PkgWatt
10.39	159.37
0.08	75.19
0.07
0.07
0.07
0.07
0.07
0.07
0.07
0.06
0.06
0.06
0.06
0.06
0.06
0.06
0.06
0.07
0.07
0.07
0.07
0.08
0.07
0.07
0.07
0.06
0.06
0.06
0.06
0.06
0.06
0.06
0.06
0.14	84.32
0.14
0.14
0.14
0.19
0.19
0.19
4.00
0.13
0.13
0.13
0.13
0.12
0.13
0.13
0.12
0.14
0.14
0.14
0.14
0.14
0.14
0.14
0.14
0.13
0.13
0.13
0.13
0.13
0.13
0.13
0.13
CorWatt	PkgWatt
10.42	160.63
0.09	75.88
0.08
0.08
0.08
0.08
0.08
0.08
0.07
0.06
0.06
0.06
0.06
0.06
0.06
0.06
0.06
0.08
0.08
0.08
0.08
0.09
0.07
0.07
0.07
0.07
0.07
0.07
0.07
0.06
0.06
0.06
0.06
0.14	84.69
0.14
0.14
0.15
0.20
0.20
0.19
3.86
0.13
0.13
0.12
0.13
0.13
0.12
0.12
0.12
0.14
0.14
0.14
0.14
0.14
0.14
0.14
0.14
0.13
0.13
0.13
0.13
0.13
0.12
0.12
0.13
CorWatt	PkgWatt
3.84	152.72
0.08	76.34
0.07
0.07
0.07
0.07
0.07
0.07
0.07
0.06
0.06
0.06
0.06
0.06
0.06
0.06
0.06
0.07
0.07
0.07
0.07
0.07
0.07
0.06
0.07
0.06
0.06
0.06
0.06
0.06
0.06
0.06
0.06
0.06	76.36
0.06
0.06
0.06
0.06
0.06
0.06
0.06
0.05
0.05
0.05
0.05
0.05
0.05
0.05
0.06
0.06
0.05
0.05
0.05
0.07
0.07
0.07
0.07
0.05
0.05
0.05
0.05
0.05
0.05
0.05
0.05
CorWatt	PkgWatt
4.15	150.56
0.08	75.30
0.08
0.08
0.08
0.07
0.07
0.07
0.07
0.06
0.06
0.06
0.06
0.06
0.06
0.06
0.06
0.08
0.08
0.08
0.08
0.08
0.07
0.07
0.07
0.07
0.07
0.07
0.07
0.06
0.06
0.06
0.06
0.06	75.31
0.06
0.06
0.06
0.06
0.06
0.06
0.06
0.06
0.06
0.06
0.06
0.06
0.06
0.06
0.06
0.06
0.06
0.06
0.06
0.07
0.07
0.07
0.07
0.06
0.06
0.06
0.06
0.06
0.06
0.06
0.06
CorWatt	PkgWatt
3.80	150.13
0.07	75.01
0.07
0.07
0.07
0.07
0.07
0.07
0.07
0.06
0.06
0.06
0.06
0.06
0.06
0.06
0.06
0.07
0.07
0.07
0.07
0.08
0.07
0.07
0.07
0.06
0.06
0.06
0.06
0.06
0.06
0.06
0.06
0.06	75.04
0.05
0.05
0.05
0.06
0.06
0.05
0.06
0.05
0.05
0.05
0.06
0.05
0.05
0.05
0.05
0.05
0.05
0.05
0.06
0.06
0.07
0.06
0.06
0.05
0.05
0.05
0.05
0.05
0.05
0.05
0.05
CorWatt	PkgWatt
3.76	150.09
0.07	75.09
0.07
0.07
0.07
0.07
0.07
0.07
0.07
0.06
0.06
0.06
0.06
0.06
0.06
0.06
0.06
0.07
0.07
0.07
0.07
0.08
0.07
0.06
0.07
0.06
0.06
0.06
0.06
0.06
0.06
0.06
0.06
0.06	74.99
0.05
0.05
0.05
0.06
0.06
0.05
0.06
0.05
0.05
0.05
0.05
0.05
0.05
0.05
0.05
0.05
0.05
0.05
0.05
0.06
0.06
0.06
0.06
0.05
0.05
0.05
0.05
0.05
0.05
0.05
0.05
CorWatt	PkgWatt
3.81	149.88
0.07	75.03
0.07
0.07
0.07
0.07
0.07
0.07
0.07
0.06
0.06
0.06
0.06
0.06
0.06
0.06
0.06
0.07
0.07
0.07
0.07
0.08
0.07
0.07
0.07
0.06
0.06
0.06
0.06
0.06
0.06
0.06
0.06
0.06	75.00
0.05
0.05
0.05
0.06
0.06
0.05
0.05
0.05
0.05
0.05
0.05
0.05
0.05
0.05
0.05
0.05
0.05
0.05
0.06
0.06
0.06
0.06
0.06
0.05
0.05
0.05
0.05
0.05
0.05
0.05
0.05
CorWatt	PkgWatt
4.13	150.86
0.08	75.30
0.08
0.08
0.08
0.07
0.07
0.07
0.07
0.06
0.06
0.06
0.06
0.06
0.06
0.06
0.06
0.08
0.08
0.08
0.08
0.08
0.07
0.07
0.07
0.06
0.06
0.06
0.06
0.06
0.06
0.06
0.06
0.06	75.39
0.06
0.06
0.06
0.06
0.06
0.06
0.06
0.06
0.06
0.06
0.06
0.06
0.06
0.06
0.06
0.06
0.06
0.06
0.06
0.07
0.07
0.07
0.07
0.06
0.06
0.06
0.06
0.06
0.06
0.06
0.06
CorWatt	PkgWatt
4.17	150.53
0.08	75.38
0.08
0.08
0.08
0.07
0.07
0.07
0.07
0.06
0.06
0.06
0.06
0.06
0.13
0.06
0.06
0.07
0.07
0.07
0.07
0.08
0.07
0.07
0.07
0.06
0.06
0.06
0.06
0.06
0.06
0.06
0.06
0.06	75.27
0.05
0.05
0.05
0.05
0.06
0.05
0.06
0.05
0.05
0.05
0.05
0.05
0.05
0.05
0.05
0.06
0.06
0.06
0.20
0.07
0.07
0.07
0.07
0.05
0.05
0.05
0.05
0.05
0.05
0.05
0.05
CorWatt	PkgWatt
9.59	158.63
0.09	75.24
0.08
0.08
0.08
0.07
0.07
0.07
0.07
0.06
0.06
0.06
0.06
0.06
0.06
0.06
0.06
0.07
0.07
0.07
0.07
0.08
0.07
0.07
0.07
0.06
0.06
0.06
0.06
0.06
0.06
0.06
0.06
0.13	83.27
0.13
0.13
0.13
0.13
0.13
0.13
0.13
0.13
0.13
0.12
0.12
0.12
0.12
0.12
0.12
0.18
0.18
0.18
3.31
0.14
0.14
0.14
0.14
0.13
0.13
0.13
0.13
0.13
0.13
0.13
0.13
CorWatt	PkgWatt
9.29	157.88
0.08	75.21
0.08
0.08
0.08
0.07
0.07
0.07
0.07
0.06
0.06
0.06
0.06
0.06
0.06
0.06
0.06
0.08
0.07
0.07
0.07
0.08
0.07
0.07
0.07
0.06
0.06
0.06
0.06
0.06
0.06
0.06
0.06
0.13	82.83
0.12
0.12
0.12
0.13
0.12
0.12
0.12
0.12
0.12
0.12
0.12
0.12
0.12
0.12
0.11
0.17
0.17
0.17
3.14
0.14
0.14
0.14
0.14
0.12
0.12
0.12
0.12
0.12
0.12
0.12
0.12
CorWatt	PkgWatt
4.12	151.01
0.08	75.54
0.08
0.08
0.08
0.07
0.07
0.07
0.07
0.06
0.06
0.06
0.06
0.06
0.06
0.06
0.06
0.08
0.08
0.08
0.08
0.08
0.07
0.07
0.07
0.06
0.06
0.06
0.06
0.06
0.06
0.06
0.06
0.06	75.32
0.06
0.06
0.06
0.06
0.06
0.06
0.06
0.06
0.06
0.06
0.06
0.06
0.06
0.06
0.06
0.06
0.06
0.06
0.06
0.07
0.07
0.07
0.07
0.06
0.06
0.06
0.06
0.06
0.06
0.06
0.06
CorWatt	PkgWatt
3.71	149.93
0.08	75.02
0.07
0.07
0.07
0.07
0.07
0.07
0.07
0.06
0.06
0.06
0.06
0.06
0.06
0.06
0.06
0.07
0.07
0.07
0.07
0.07
0.07
0.07
0.07
0.06
0.06
0.06
0.06
0.06
0.06
0.06
0.06
0.06	74.93
0.05
0.05
0.05
0.05
0.05
0.05
0.05
0.05
0.05
0.05
0.05
0.05
0.05
0.05
0.05
0.05
0.05
0.05
0.05
0.06
0.06
0.06
0.06
0.05
0.05
0.05
0.05
0.05
0.05
0.05
0.05
CorWatt	PkgWatt
3.86	150.10
0.08	75.22
0.07
0.07
0.07
0.07
0.07
0.07
0.07
0.06
0.06
0.06
0.06
0.06
0.06
0.06
0.06
0.07
0.07
0.07
0.07
0.08
0.07
0.07
0.07
0.06
0.06
0.06
0.06
0.06
0.06
0.06
0.06
0.06	75.01
0.05
0.05
0.05
0.06
0.05
0.05
0.05
0.05
0.05
0.05
0.05
0.05
0.05
0.05
0.05
0.05
0.05
0.05
0.06
0.06
0.06
0.06
0.06
0.05
0.05
0.05
0.05
0.05
0.05
0.05
0.05
CorWatt	PkgWatt
4.08	150.54
0.07	75.01
0.07
0.07
0.07
0.07
0.07
0.07
0.07
0.06
0.06
0.06
0.06
0.06
0.06
0.06
0.06
0.07
0.07
0.07
0.07
0.08
0.07
0.07
0.07
0.06
0.06
0.06
0.06
0.06
0.06
0.06
0.06
0.06	75.37
0.05
0.06
0.05
0.06
0.06
0.06
0.06
0.05
0.05
0.05
0.05
0.05
0.05
0.05
0.05
0.06
0.06
0.06
0.27
0.07
0.07
0.07
0.07
0.05
0.05
0.05
0.05
0.05
0.05
0.05
0.05
CorWatt	PkgWatt
9.80	158.84
0.09	75.52
0.08
0.08
0.08
0.08
0.08
0.07
0.07
0.06
0.07
0.06
0.06
0.06
0.06
0.06
0.06
0.08
0.08
0.08
0.08
0.09
0.08
0.07
0.07
0.07
0.07
0.07
0.07
0.06
0.06
0.06
0.07
0.13	83.32
0.13
0.13
0.13
0.13
0.13
0.13
0.13
0.13
0.13
0.13
0.13
0.12
0.12
0.12
0.12
0.18
0.18
0.18
3.34
0.14
0.14
0.14
0.14
0.13
0.13
0.13
0.13
0.13
0.13
0.13
0.13
CorWatt	PkgWatt
9.11	157.61
0.08	75.16
0.07
0.07
0.07
0.07
0.07
0.07
0.07
0.06
0.06
0.06
0.06
0.06
0.06
0.06
0.06
0.07
0.07
0.07
0.07
0.08
0.07
0.07
0.07
0.06
0.06
0.06
0.06
0.06
0.06
0.06
0.06
0.12	82.58
0.12
0.12
0.12
0.13
0.12
0.12
0.12
0.12
0.12
0.12
0.12
0.12
0.12
0.12
0.11
0.17
0.17
0.17
3.09
0.13
0.13
0.13
0.13
0.12
0.12
0.12
0.12
0.12
0.12
0.12
0.12
CorWatt	PkgWatt
3.87	150.34
0.08	75.16
0.07
0.07
0.07
0.07
0.07
0.07
0.07
0.06
0.06
0.06
0.06
0.06
0.06
0.06
0.06
0.07
0.07
0.07
0.07
0.08
0.07
0.07
0.07
0.06
0.06
0.06
0.06
0.06
0.06
0.06
0.06
0.06	75.07
0.05
0.05
0.05
0.06
0.06
0.05
0.06
0.05
0.05
0.05
0.05
0.05
0.05
0.05
0.05
0.05
0.05
0.05
0.05
0.07
0.07
0.06
0.07
0.05
0.05
0.05
0.05
0.05
0.05
0.05
0.05
CorWatt	PkgWatt
3.91	150.20
0.08	75.32
0.08
0.08
0.08
0.07
0.07
0.07
0.07
0.06
0.08
0.06
0.06
0.06
0.13
0.06
0.06
0.07
0.07
0.07
0.07
0.08
0.07
0.07
0.07
0.06
0.06
0.06
0.06
0.06
0.06
0.06
0.06
0.05	74.91
0.05
0.05
0.05
0.05
0.05
0.05
0.05
0.05
0.05
0.05
0.05
0.05
0.05
0.05
0.05
0.05
0.05
0.05
0.05
0.06
0.06
0.06
0.06
0.05
0.05
0.05
0.05
0.05
0.05
0.05
0.05
CorWatt	PkgWatt
4.70	151.55
0.08	75.51
0.08
0.08
0.08
0.08
0.08
0.08
0.07
0.06
0.07
0.06
0.06
0.06
0.06
0.06
0.06
0.08
0.08
0.08
0.08
0.09
0.08
0.07
0.08
0.07
0.07
0.07
0.07
0.06
0.06
0.06
0.07
0.07	76.07
0.07
0.07
0.07
0.07
0.07
0.07
0.07
0.06
0.06
0.06
0.06
0.06
0.06
0.06
0.06
0.07
0.07
0.07
0.34
0.08
0.08
0.08
0.08
0.06
0.06
0.07
0.06
0.06
0.06
0.06
0.07
CorWatt	PkgWatt
9.53	158.31
0.08	75.13
0.07
0.07
0.07
0.07
0.07
0.07
0.07
0.06
0.06
0.06
0.06
0.06
0.06
0.06
0.06
0.07
0.07
0.07
0.07
0.08
0.07
0.07
0.07
0.06
0.06
0.06
0.06
0.06
0.06
0.06
0.06
0.13	83.14
0.13
0.13
0.13
0.13
0.13
0.13
0.13
0.12
0.12
0.12
0.12
0.13
0.12
0.12
0.11
0.18
0.18
0.17
3.34
0.14
0.14
0.14
0.14
0.12
0.12
0.13
0.12
0.12
0.12
0.12
0.13
CorWatt	PkgWatt
9.60	158.55
0.08	75.24
0.08
0.08
0.08
0.07
0.07
0.07
0.07
0.06
0.06
0.06
0.06
0.06
0.06
0.06
0.06
0.07
0.07
0.07
0.07
0.08
0.07
0.07
0.07
0.06
0.06
0.06
0.06
0.06
0.06
0.06
0.06
0.13	83.29
0.13
0.13
0.13
0.13
0.13
0.13
0.13
0.12
0.12
0.12
0.12
0.12
0.12
0.12
0.12
0.18
0.18
0.18
3.35
0.14
0.14
0.14
0.14
0.12
0.12
0.12
0.12
0.13
0.12
0.12
0.13
CorWatt	PkgWatt
9.60	158.36
0.08	75.32
0.08
0.08
0.08
0.07
0.07
0.07
0.07
0.06
0.06
0.06
0.06
0.06
0.06
0.06
0.06
0.08
0.07
0.07
0.07
0.08
0.07
0.07
0.07
0.06
0.06
0.06
0.06
0.06
0.06
0.06
0.06
0.13	83.14
0.13
0.13
0.13
0.13
0.13
0.13
0.13
0.12
0.12
0.12
0.12
0.12
0.12
0.12
0.12
0.18
0.18
0.18
3.34
0.14
0.14
0.14
0.14
0.13
0.12
0.13
0.12
0.12
0.12
0.12
0.13
CorWatt	PkgWatt
9.81	158.98
0.09	75.44
0.08
0.08
0.08
0.07
0.08
0.08
0.07
0.06
0.06
0.06
0.06
0.07
0.06
0.06
0.06
0.08
0.08
0.08
0.08
0.08
0.07
0.07
0.07
0.07
0.07
0.07
0.07
0.06
0.06
0.06
0.06
0.13	83.41
0.13
0.13
0.13
0.13
0.13
0.13
0.13
0.13
0.13
0.13
0.13
0.13
0.12
0.12
0.12
0.18
0.18
0.18
3.35
0.14
0.14
0.14
0.14
0.13
0.13
0.13
0.13
0.13
0.13
0.13
0.13
CorWatt	PkgWatt
9.55	158.63
0.08	75.45
0.08
0.08
0.08
0.07
0.07
0.07
0.07
0.06
0.06
0.06
0.06
0.06
0.06
0.06
0.06
0.07
0.07
0.07
0.07
0.08
0.07
0.07
0.07
0.06
0.06
0.06
0.06
0.06
0.06
0.06
0.06
0.13	83.20
0.13
0.13
0.13
0.13
0.13
0.13
0.13
0.12
0.12
0.12
0.12
0.12
0.12
0.13
0.12
0.18
0.18
0.17
3.35
0.14
0.14
0.14
0.14
0.12
0.12
0.13
0.12
0.12
0.12
0.12
0.13
CorWatt	PkgWatt
9.69	158.77
0.08	75.53
0.08
0.08
0.08
0.07
0.07
0.07
0.07
0.06
0.06
0.06
0.06
0.06
0.06
0.06
0.06
0.08
0.08
0.07
0.07
0.09
0.07
0.07
0.07
0.06
0.06
0.06
0.07
0.06
0.06
0.06
0.06
0.13	83.36
0.13
0.13
0.13
0.13
0.13
0.13
0.13
0.12
0.12
0.12
0.12
0.12
0.13
0.13
0.12
0.18
0.18
0.18
3.35
0.14
0.14
0.14
0.14
0.13
0.13
0.13
0.13
0.13
0.13
0.13
0.13
CorWatt	PkgWatt
9.51	158.44
0.08	75.09
0.07
0.07
0.07
0.07
0.07
0.07
0.07
0.06
0.06
0.06
0.06
0.06
0.06
0.06
0.06
0.07
0.07
0.07
0.07
0.08
0.07
0.07
0.07
0.06
0.06
0.06
0.06
0.06
0.06
0.06
0.06
0.13	83.25
0.13
0.13
0.13
0.13
0.13
0.13
0.13
0.12
0.12
0.12
0.12
0.12
0.12
0.12
0.12
0.18
0.18
0.17
3.35
0.14
0.14
0.14
0.14
0.13
0.13
0.12
0.12
0.12
0.12
0.12
0.12
CorWatt	PkgWatt
9.95	158.91
0.09	75.64
0.08
0.08
0.08
0.11
0.08
0.08
0.08
0.07
0.07
0.07
0.07
0.07
0.06
0.06
0.06
0.08
0.08
0.08
0.08
0.09
0.08
0.08
0.08
0.07
0.07
0.07
0.07
0.07
0.07
0.07
0.07
0.13	83.38
0.13
0.13
0.13
0.14
0.13
0.13
0.13
0.13
0.13
0.13
0.13
0.13
0.13
0.13
0.12
0.18
0.18
0.18
3.35
0.14
0.14
0.14
0.14
0.13
0.13
0.13
0.13
0.13
0.13
0.13
0.13
CorWatt	PkgWatt
9.86	159.01
0.09	75.69
0.08
0.08
0.08
0.08
0.08
0.08
0.08
0.06
0.07
0.06
0.06
0.07
0.14
0.07
0.07
0.08
0.08
0.08
0.08
0.09
0.08
0.08
0.08
0.07
0.07
0.07
0.07
0.07
0.07
0.06
0.06
0.13	83.23
0.13
0.13
0.13
0.13
0.13
0.13
0.13
0.12
0.12
0.12
0.12
0.12
0.12
0.12
0.12
0.18
0.18
0.17
3.35
0.14
0.14
0.14
0.14
0.12
0.12
0.13
0.12
0.13
0.12
0.12
0.13
CorWatt	PkgWatt
9.67	158.63
0.08	75.37
0.08
0.08
0.08
0.08
0.07
0.08
0.07
0.06
0.07
0.06
0.06
0.06
0.06
0.06
0.06
0.08
0.08
0.07
0.08
0.08
0.07
0.07
0.07
0.06
0.06
0.06
0.06
0.06
0.06
0.06
0.06
0.13	83.35
0.13
0.13
0.13
0.13
0.13
0.13
0.13
0.13
0.13
0.12
0.12
0.12
0.12
0.12
0.12
0.18
0.18
0.18
3.35
0.14
0.14
0.14
0.14
0.13
0.13
0.13
0.13
0.13
0.12
0.12
0.13
CorWatt	PkgWatt
9.59	158.71
0.08	75.33
0.08
0.07
0.07
0.07
0.07
0.07
0.07
0.06
0.06
0.06
0.06
0.06
0.06
0.06
0.06
0.07
0.07
0.07
0.07
0.08
0.07
0.07
0.07
0.06
0.06
0.06
0.06
0.06
0.06
0.06
0.06
0.13	83.29
0.13
0.13
0.13
0.13
0.13
0.13
0.13
0.12
0.12
0.12
0.12
0.12
0.12
0.13
0.12
0.18
0.18
0.18
3.35
0.14
0.14
0.14
0.14
0.13
0.12
0.13
0.12
0.12
0.12
0.12
0.13
CorWatt	PkgWatt
9.94	159.00
0.09	75.70
0.08
0.08
0.08
0.08
0.08
0.08
0.08
0.07
0.09
0.07
0.07
0.07
0.07
0.06
0.06
0.08
0.08
0.08
0.08
0.09
0.08
0.08
0.08
0.07
0.07
0.07
0.07
0.07
0.07
0.07
0.07
0.13	83.33
0.13
0.13
0.13
0.14
0.13
0.13
0.13
0.13
0.13
0.13
0.13
0.13
0.13
0.13
0.12
0.18
0.18
0.18
3.35
0.14
0.14
0.14
0.14
0.13
0.13
0.13
0.13
0.13
0.13
0.13
0.13
CorWatt	PkgWatt
9.89	160.75
0.09	75.62
0.08
0.08
0.08
0.08
0.08
0.08
0.08
0.07
0.08
0.08
0.08
0.06
0.06
0.06
0.06
0.08
0.08
0.08
0.08
0.09
0.08
0.08
0.08
0.07
0.07
0.07
0.07
0.07
0.07
0.07
0.07
0.13	85.20
0.13
0.13
0.13
0.14
0.13
0.13
0.13
0.12
0.12
0.12
0.13
0.13
0.12
0.12
0.12
0.18
0.18
0.18
3.35
0.14
0.14
0.14
0.14
0.13
0.13
0.13
0.13
0.13
0.13
0.13
0.13
CorWatt	PkgWatt
9.61	158.63
0.08	75.27
0.08
0.08
0.08
0.07
0.07
0.07
0.07
0.06
0.06
0.06
0.06
0.06
0.06
0.06
0.06
0.07
0.07
0.07
0.07
0.08
0.07
0.07
0.07
0.06
0.06
0.06
0.06
0.06
0.06
0.06
0.06
0.13	83.24
0.13
0.13
0.13
0.13
0.13
0.13
0.13
0.12
0.12
0.12
0.12
0.12
0.12
0.12
0.12
0.18
0.18
0.18
3.35
0.14
0.14
0.14
0.14
0.13
0.13
0.13
0.13
0.12
0.12
0.12
0.13
CorWatt	PkgWatt
9.64	158.57
0.08	75.28
0.08
0.08
0.08
0.07
0.07
0.07
0.07
0.06
0.06
0.06
0.06
0.06
0.07
0.06
0.06
0.08
0.07
0.07
0.08
0.08
0.07
0.07
0.07
0.06
0.06
0.06
0.06
0.06
0.06
0.06
0.06
0.13	83.28
0.13
0.13
0.13
0.13
0.13
0.13
0.13
0.12
0.12
0.12
0.12
0.12
0.12
0.12
0.12
0.18
0.18
0.18
3.35
0.14
0.14
0.14
0.14
0.13
0.13
0.13
0.12
0.12
0.12
0.12
0.12
CorWatt	PkgWatt
9.84	158.84
0.08	75.48
0.08
0.08
0.08
0.07
0.08
0.07
0.07
0.06
0.07
0.07
0.07
0.06
0.06
0.06
0.06
0.08
0.08
0.08
0.08
0.09
0.07
0.07
0.07
0.07
0.07
0.07
0.07
0.06
0.07
0.06
0.07
0.13	83.40
0.13
0.13
0.13
0.14
0.13
0.13
0.13
0.13
0.13
0.13
0.13
0.13
0.13
0.13
0.12
0.18
0.18
0.18
3.35
0.14
0.14
0.14
0.14
0.13
0.13
0.13
0.13
0.13
0.13
0.13
0.13
CorWatt	PkgWatt
9.59	158.54
0.08	75.19
0.08
0.08
0.08
0.07
0.07
0.07
0.07
0.06
0.06
0.06
0.06
0.06
0.06
0.06
0.06
0.07
0.07
0.07
0.07
0.08
0.07
0.07
0.07
0.06
0.06
0.06
0.06
0.06
0.06
0.06
0.06
0.13	83.32
0.13
0.13
0.13
0.14
0.13
0.13
0.13
0.12
0.12
0.12
0.12
0.12
0.12
0.13
0.12
0.18
0.18
0.18
3.35
0.14
0.14
0.14
0.14
0.13
0.13
0.13
0.13
0.12
0.12
0.12
0.13
CorWatt	PkgWatt
9.63	158.37
0.08	75.23
0.08
0.08
0.08
0.07
0.07
0.07
0.07
0.06
0.06
0.06
0.07
0.06
0.06
0.06
0.06
0.07
0.07
0.07
0.07
0.08
0.07
0.07
0.07
0.06
0.06
0.06
0.06
0.06
0.06
0.06
0.06
0.13	83.25
0.13
0.13
0.13
0.13
0.13
0.13
0.13
0.12
0.13
0.12
0.12
0.12
0.12
0.12
0.12
0.18
0.18
0.18
3.35
0.14
0.14
0.14
0.14
0.13
0.13
0.13
0.13
0.13
0.13
0.13
0.13
CorWatt	PkgWatt
9.84	159.11
0.09	75.66
0.08
0.08
0.08
0.07
0.08
0.08
0.07
0.06
0.06
0.06
0.06
0.07
0.14
0.07
0.07
0.08
0.08
0.08
0.08
0.09
0.07
0.07
0.07
0.07
0.07
0.07
0.07
0.06
0.07
0.06
0.07
0.13	83.35
0.13
0.13
0.13
0.13
0.13
0.13
0.13
0.12
0.12
0.12
0.12
0.12
0.12
0.12
0.12
0.18
0.18
0.18
3.35
0.14
0.14
0.14
0.14
0.12
0.13
0.13
0.12
0.13
0.12
0.12
0.13
CorWatt	PkgWatt
9.80	158.83
0.09	75.42
0.08
0.08
0.08
0.07
0.08
0.08
0.07
0.06
0.06
0.06
0.06
0.06
0.06
0.06
0.06
0.08
0.08
0.08
0.08
0.08
0.07
0.07
0.07
0.07
0.07
0.07
0.07
0.06
0.06
0.06
0.07
0.13	83.39
0.13
0.13
0.13
0.14
0.13
0.13
0.13
0.13
0.13
0.13
0.13
0.13
0.12
0.12
0.12
0.18
0.18
0.18
3.35
0.14
0.14
0.14
0.14
0.13
0.13
0.13
0.13
0.13
0.13
0.13
0.13
CorWatt	PkgWatt
9.57	158.43
0.08	75.25
0.08
0.08
0.08
0.07
0.07
0.07
0.07
0.06
0.06
0.06
0.06
0.06
0.06
0.06
0.06
0.07
0.07
0.07
0.07
0.08
0.07
0.07
0.07
0.06
0.06
0.06
0.06
0.06
0.06
0.06
0.06
0.13	83.28
0.13
0.13
0.13
0.13
0.13
0.13
0.13
0.12
0.12
0.12
0.12
0.12
0.12
0.12
0.12
0.18
0.18
0.18
3.35
0.14
0.14
0.14
0.14
0.12
0.12
0.12
0.12
0.12
0.12
0.12
0.13
CorWatt	PkgWatt
9.63	158.54
0.08	75.21
0.08
0.08
0.08
0.07
0.07
0.07
0.07
0.06
0.06
0.06
0.06
0.06
0.06
0.06
0.06
0.07
0.07
0.07
0.07
0.08
0.07
0.07
0.07
0.06
0.06
0.06
0.06
0.06
0.06
0.06
0.06
0.13	83.27
0.13
0.13
0.13
0.14
0.13
0.13
0.13
0.13
0.13
0.12
0.12
0.12
0.12
0.12
0.12
0.18
0.18
0.18
3.35
0.14
0.14
0.14
0.14
0.13
0.13
0.13
0.13
0.13
0.13
0.13
0.13
CorWatt	PkgWatt
9.54	158.40
0.08	75.07
0.08
0.07
0.07
0.07
0.07
0.07
0.07
0.06
0.06
0.06
0.06
0.06
0.06
0.06
0.06
0.07
0.07
0.07
0.07
0.08
0.07
0.07
0.07
0.06
0.06
0.06
0.06
0.06
0.06
0.06
0.06
0.14	83.30
0.13
0.13
0.13
0.13
0.13
0.13
0.13
0.12
0.12
0.12
0.12
0.12
0.12
0.12
0.12
0.18
0.18
0.17
3.35
0.14
0.14
0.14
0.14
0.12
0.13
0.13
0.12
0.12
0.12
0.12
0.13
CorWatt	PkgWatt
9.80	158.89
0.08	75.50
0.08
0.08
0.08
0.07
0.08
0.08
0.07
0.06
0.06
0.06
0.06
0.06
0.06
0.06
0.06
0.08
0.08
0.08
0.08
0.09
0.07
0.07
0.07
0.07
0.07
0.07
0.07
0.06
0.06
0.06
0.06
0.13	83.45
0.13
0.13
0.13
0.14
0.13
0.13
0.13
0.13
0.13
0.13
0.12
0.12
0.12
0.12
0.12
0.18
0.18
0.18
3.35
0.14
0.14
0.14
0.14
0.13
0.13
0.13
0.13
0.13
0.13
0.13
0.13
CorWatt	PkgWatt
9.60	158.48
0.08	75.26
0.08
0.08
0.08
0.07
0.07
0.07
0.07
0.06
0.06
0.06
0.06
0.06
0.06
0.06
0.06
0.07
0.07
0.07
0.07
0.08
0.07
0.07
0.07
0.06
0.06
0.06
0.06
0.06
0.06
0.06
0.06
0.13	83.18
0.13
0.13
0.13
0.13
0.13
0.13
0.13
0.12
0.12
0.12
0.12
0.12
0.12
0.12
0.12
0.18
0.18
0.17
3.34
0.14
0.14
0.14
0.14
0.13
0.13
0.13
0.12
0.12
0.12
0.12
0.13
CorWatt	PkgWatt
9.54	158.48
0.08	75.10
0.08
0.07
0.07
0.07
0.07
0.07
0.07
0.06
0.06
0.06
0.06
0.06
0.06
0.06
0.06
0.07
0.07
0.07
0.07
0.08
0.07
0.07
0.07
0.06
0.06
0.06
0.06
0.06
0.06
0.06
0.06
0.13	83.37
0.13
0.13
0.13
0.13
0.13
0.13
0.13
0.12
0.12
0.12
0.12
0.12
0.12
0.12
0.12
0.18
0.18
0.18
3.35
0.14
0.14
0.14
0.14
0.12
0.13
0.12
0.12
0.13
0.12
0.12
0.13
CorWatt	PkgWatt
9.61	158.47
0.08	75.28
0.08
0.08
0.08
0.07
0.07
0.07
0.07
0.06
0.06
0.06
0.06
0.06
0.06
0.06
0.06
0.07
0.07
0.07
0.07
0.08
0.07
0.07
0.07
0.06
0.06
0.06
0.06
0.06
0.06
0.06
0.06
0.13	83.29
0.13
0.13
0.13
0.13
0.13
0.13
0.13
0.12
0.12
0.12
0.12
0.12
0.12
0.12
0.12
0.18
0.18
0.18
3.34
0.14
0.14
0.14
0.14
0.13
0.13
0.13
0.13
0.13
0.13
0.13
0.13
CorWatt	PkgWatt
9.78	158.86
0.08	75.38
0.08
0.08
0.08
0.07
0.07
0.07
0.07
0.06
0.06
0.06
0.06
0.06
0.06
0.06
0.06
0.08
0.08
0.08
0.08
0.08
0.07
0.07
0.07
0.07
0.07
0.07
0.07
0.06
0.06
0.06
0.06
0.13	83.38
0.13
0.13
0.13
0.14
0.13
0.13
0.13
0.13
0.13
0.13
0.13
0.13
0.13
0.13
0.12
0.18
0.18
0.18
3.35
0.14
0.14
0.14
0.14
0.13
0.13
0.13
0.13
0.13
0.13
0.13
0.13
CorWatt	PkgWatt
9.82	158.89
0.09	75.56
0.08
0.08
0.08
0.08
0.08
0.08
0.07
0.06
0.06
0.06
0.06
0.07
0.14
0.06
0.07
0.08
0.08
0.08
0.08
0.09
0.07
0.07
0.07
0.07
0.07
0.07
0.07
0.06
0.06
0.06
0.06
0.14	83.32
0.13
0.13
0.13
0.13
0.13
0.13
0.13
0.12
0.12
0.12
0.12
0.12
0.12
0.12
0.12
0.18
0.18
0.17
3.35
0.14
0.14
0.14
0.14
0.13
0.13
0.13
0.12
0.12
0.12
0.12
0.13
CorWatt	PkgWatt
8.56	156.86
0.08	75.22
0.08
0.08
0.08
0.07
0.07
0.07
0.07
0.06
0.06
0.06
0.06
0.06
0.06
0.06
0.06
0.07
0.07
0.07
0.07
0.08
0.07
0.07
0.07
0.06
0.06
0.06
0.06
0.06
0.06
0.06
0.06
0.12	81.76
0.11
0.11
0.11
0.12
0.12
0.12
0.12
0.11
0.11
0.11
0.11
0.11
0.11
0.11
0.11
0.16
0.16
0.15
2.67
0.13
0.13
0.13
0.13
0.11
0.11
0.11
0.12
0.11
0.11
0.11
0.12
CorWatt	PkgWatt
3.91	150.44
0.08	75.14
0.07
0.07
0.07
0.07
0.07
0.07
0.07
0.06
0.06
0.06
0.06
0.06
0.06
0.06
0.06
0.07
0.07
0.07
0.07
0.08
0.07
0.07
0.07
0.06
0.06
0.06
0.06
0.06
0.06
0.06
0.06
0.06	75.23
0.06
0.06
0.06
0.06
0.06
0.06
0.06
0.05
0.05
0.05
0.05
0.05
0.05
0.05
0.05
0.06
0.06
0.05
0.06
0.07
0.07
0.07
0.07
0.05
0.05
0.05
0.06
0.06
0.05
0.05
0.05
CorWatt	PkgWatt
4.13	150.62
0.08	75.33
0.08
0.08
0.08
0.07
0.07
0.07
0.07
0.06
0.06
0.06
0.07
0.06
0.06
0.06
0.06
0.08
0.08
0.08
0.08
0.08
0.07
0.07
0.07
0.07
0.07
0.07
0.07
0.06
0.06
0.06
0.06
0.07	75.30
0.06
0.06
0.06
0.06
0.06
0.06
0.06
0.06
0.06
0.05
0.06
0.06
0.06
0.06
0.06
0.06
0.06
0.06
0.06
0.07
0.07
0.07
0.07
0.06
0.06
0.06
0.06
0.06
0.06
0.06
0.06
CorWatt	PkgWatt
3.88	150.27
0.08	75.14
0.07
0.07
0.07
0.07
0.07
0.07
0.07
0.06
0.06
0.06
0.06
0.06
0.06
0.06
0.06
0.07
0.07
0.07
0.07
0.08
0.07
0.07
0.07
0.06
0.06
0.06
0.06
0.06
0.06
0.06
0.06
0.06	75.11
0.05
0.05
0.06
0.06
0.06
0.06
0.05
0.05
0.05
0.05
0.05
0.05
0.05
0.05
0.05
0.05
0.06
0.05
0.06
0.07
0.07
0.07
0.07
0.06
0.05
0.05
0.06
0.05
0.05
0.05
0.05
CorWatt	PkgWatt
3.83	149.90
0.08	75.08
0.07
0.07
0.07
0.07
0.07
0.07
0.07
0.06
0.06
0.06
0.06
0.06
0.06
0.06
0.06
0.07
0.07
0.07
0.07
0.08
0.07
0.07
0.07
0.06
0.06
0.06
0.06
0.06
0.06
0.06
0.06
0.06	74.93
0.05
0.05
0.06
0.06
0.05
0.05
0.05
0.05
0.05
0.05
0.05
0.05
0.05
0.05
0.05
0.05
0.05
0.05
0.05
0.07
0.06
0.06
0.06
0.05
0.05
0.05
0.05
0.05
0.05
0.05
0.05
CorWatt	PkgWatt
3.68	150.09
0.07	74.96
0.07
0.07
0.07
0.06
0.07
0.07
0.06
0.06
0.06
0.06
0.06
0.06
0.06
0.05
0.06
0.07
0.07
0.07
0.07
0.07
0.06
0.06
0.06
0.06
0.06
0.06
0.06
0.06
0.06
0.06
0.06
0.06	75.00
0.05
0.05
0.05
0.05
0.05
0.05
0.05
0.05
0.05
0.05
0.05
0.05
0.05
0.05
0.05
0.05
0.05
0.05
0.05
0.06
0.06
0.06
0.06
0.05
0.05
0.05
0.05
0.05
0.05
0.05
0.05
CorWatt	PkgWatt
4.18	150.78
0.08	75.45
0.08
0.08
0.08
0.07
0.08
0.07
0.07
0.07
0.07
0.06
0.07
0.06
0.06
0.06
0.06
0.08
0.08
0.08
0.08
0.08
0.07
0.07
0.07
0.07
0.07
0.07
0.07
0.06
0.06
0.06
0.07
0.06	75.33
0.06
0.06
0.06
0.06
0.06
0.06
0.06
0.06
0.06
0.05
0.06
0.06
0.06
0.06
0.06
0.06
0.06
0.06
0.06
0.07
0.07
0.07
0.07
0.06
0.06
0.06
0.06
0.06
0.06
0.06
0.06
CorWatt	PkgWatt
5.18	151.88
0.08	75.12
0.07
0.07
0.07
0.07
0.07
0.07
0.07
0.06
0.06
0.06
0.06
0.06
0.06
0.06
0.06
0.07
0.07
0.07
0.07
0.08
0.07
0.07
0.07
0.06
0.06
0.06
0.06
0.06
0.06
0.06
0.06
0.08	76.88
0.08
0.08
0.88
0.07
0.07
0.07
0.07
0.07
0.07
0.07
0.07
0.07
0.07
0.07
0.07
0.07
0.07
0.07
0.07
0.08
0.08
0.08
0.08
0.07
0.07
0.07
0.07
0.07
0.07
0.07
0.07
CorWatt	PkgWatt
10.36	159.59
0.08	75.16
0.08
0.07
0.07
0.07
0.07
0.07
0.07
0.06
0.06
0.06
0.06
0.06
0.06
0.06
0.06
0.07
0.07
0.07
0.07
0.08
0.07
0.07
0.07
0.06
0.06
0.06
0.06
0.06
0.06
0.06
0.06
0.18	84.27
0.18
0.19
3.95
0.14
0.14
0.14
0.14
0.13
0.13
0.13
0.13
0.13
0.12
0.13
0.12
0.14
0.14
0.14
0.14
0.14
0.14
0.14
0.14
0.13
0.14
0.13
0.13
0.13
0.13
0.13
0.13
CorWatt	PkgWatt
9.21	157.78
0.09	75.65
0.08
0.08
0.08
0.08
0.08
0.07
0.07
0.06
0.07
0.06
0.07
0.07
0.14
0.07
0.07
0.08
0.08
0.08
0.08
0.09
0.08
0.08
0.07
0.07
0.07
0.07
0.07
0.06
0.07
0.06
0.07
0.16	82.21
0.16
0.16
3.08
0.12
0.12
0.12
0.12
0.11
0.11
0.11
0.11
0.11
0.11
0.11
0.11
0.12
0.12
0.12
0.12
0.12
0.12
0.12
0.13
0.12
0.12
0.11
0.11
0.11
0.11
0.11
0.11
CorWatt	PkgWatt
4.18	150.95
0.08	75.56
0.08
0.08
0.08
0.07
0.08
0.07
0.07
0.06
0.06
0.06
0.07
0.06
0.06
0.06
0.06
0.08
0.08
0.08
0.08
0.09
0.07
0.07
0.07
0.07
0.07
0.07
0.07
0.06
0.06
0.06
0.07
0.07	75.40
0.06
0.06
0.06
0.06
0.06
0.06
0.06
0.06
0.06
0.06
0.06
0.06
0.06
0.06
0.06
0.06
0.06
0.06
0.06
0.07
0.07
0.07
0.07
0.06
0.06
0.06
0.06
0.06
0.06
0.06
0.06
CorWatt	PkgWatt
3.76	150.05
0.07	75.06
0.07
0.07
0.07
0.07
0.07
0.07
0.07
0.06
0.06
0.06
0.06
0.06
0.06
0.06
0.06
0.07
0.07
0.07
0.07
0.08
0.07
0.07
0.07
0.06
0.06
0.06
0.06
0.06
0.06
0.06
0.06
0.06	74.97
0.05
0.05
0.06
0.05
0.05
0.05
0.05
0.05
0.05
0.05
0.05
0.05
0.05
0.05
0.05
0.05
0.05
0.05
0.05
0.06
0.06
0.06
0.06
0.05
0.05
0.05
0.05
0.05
0.05
0.05
0.05
CorWatt	PkgWatt
3.74	149.94
0.07	74.98
0.07
0.07
0.07
0.07
0.07
0.07
0.07
0.06
0.06
0.06
0.06
0.06
0.06
0.06
0.06
0.07
0.07
0.07
0.07
0.07
0.06
0.06
0.06
0.06
0.06
0.06
0.06
0.06
0.06
0.06
0.06
0.06	74.95
0.05
0.05
0.05
0.05
0.05
0.05
0.05
0.05
0.05
0.05
0.05
0.05
0.05
0.05
0.05
0.05
0.05
0.05
0.05
0.06
0.06
0.06
0.06
0.05
0.05
0.05
0.05
0.05
0.05
0.05
0.05
CorWatt	PkgWatt
5.25	152.05
0.07	75.06
0.07
0.07
0.07
0.07
0.07
0.07
0.07
0.06
0.06
0.06
0.06
0.06
0.06
0.06
0.06
0.07
0.07
0.07
0.07
0.08
0.07
0.07
0.07
0.06
0.06
0.06
0.06
0.06
0.06
0.06
0.06
0.08	77.05
0.08
0.08
0.96
0.07
0.07
0.07
0.07
0.07
0.07
0.07
0.07
0.07
0.07
0.07
0.07
0.07
0.07
0.07
0.07
0.08
0.08
0.08
0.08
0.07
0.07
0.07
0.07
0.07
0.07
0.07
0.07
CorWatt	PkgWatt
10.66	160.01
0.09	75.54
0.08
0.08
0.08
0.08
0.08
0.08
0.08
0.07
0.07
0.07
0.07
0.06
0.06
0.06
0.06
0.08
0.08
0.08
0.08
0.08
0.07
0.07
0.08
0.07
0.07
0.07
0.07
0.06
0.06
0.06
0.06
0.19	84.38
0.18
0.19
3.96
0.14
0.14
0.14
0.14
0.13
0.13
0.13
0.13
0.13
0.13
0.13
0.13
0.14
0.14
0.14
0.14
0.15
0.15
0.15
0.15
0.13
0.14
0.13
0.13
0.13
0.13
0.13
0.13
CorWatt	PkgWatt
8.74	157.02
0.08	75.05
0.07
0.07
0.07
0.07
0.07
0.07
0.07
0.06
0.06
0.06
0.06
0.06
0.06
0.06
0.06
0.07
0.07
0.07
0.07
0.08
0.07
0.07
0.07
0.06
0.06
0.06
0.06
0.06
0.06
0.06
0.06
0.15	81.97
0.15
0.16
3.01
0.12
0.12
0.12
0.12
0.11
0.11
0.11
0.11
0.11
0.11
0.11
0.11
0.12
0.12
0.12
0.12
0.12
0.12
0.12
0.12
0.11
0.11
0.11
0.11
0.11
0.11
0.11
0.11
CorWatt	PkgWatt
3.78	150.06
0.07	75.10
0.07
0.07
0.07
0.07
0.07
0.07
0.07
0.06
0.06
0.06
0.06
0.06
0.06
0.06
0.06
0.07
0.07
0.07
0.07
0.08
0.07
0.07
0.07
0.06
0.06
0.06
0.06
0.06
0.06
0.06
0.06
0.06	75.06
0.05
0.05
0.06
0.06
0.06
0.05
0.05
0.05
0.05
0.05
0.05
0.05
0.05
0.05
0.05
0.05
0.05
0.05
0.05
0.07
0.07
0.06
0.07
0.05
0.05
0.05
0.05
0.05
0.05
0.05
0.05
CorWatt	PkgWatt
3.75	149.97
0.07	74.97
0.07
0.07
0.07
0.07
0.07
0.07
0.07
0.06
0.06
0.06
0.06
0.06
0.06
0.06
0.06
0.07
0.07
0.07
0.07
0.07
0.07
0.07
0.07
0.06
0.06
0.06
0.06
0.06
0.06
0.06
0.06
0.06	74.94
0.05
0.06
0.06
0.05
0.05
0.05
0.05
0.05
0.05
0.05
0.05
0.05
0.05
0.05
0.05
0.05
0.05
0.05
0.05
0.06
0.06
0.06
0.06
0.05
0.05
0.05
0.05
0.05
0.05
0.05
0.05
CorWatt	PkgWatt
5.70	152.97
0.08	75.38
0.08
0.08
0.08
0.07
0.07
0.07
0.07
0.06
0.06
0.06
0.06
0.06
0.06
0.06
0.06
0.08
0.08
0.08
0.08
0.08
0.07
0.07
0.07
0.07
0.06
0.06
0.06
0.06
0.06
0.06
0.06
0.09	77.51
0.09
0.09
1.03
0.08
0.08
0.08
0.08
0.07
0.07
0.07
0.07
0.07
0.07
0.07
0.07
0.08
0.08
0.08
0.08
0.09
0.09
0.09
0.09
0.08
0.08
0.08
0.08
0.07
0.07
0.07
0.08
CorWatt	PkgWatt
10.55	159.54
0.09	75.44
0.08
0.08
0.08
0.07
0.08
0.07
0.07
0.06
0.06
0.06
0.06
0.06
0.14
0.06
0.06
0.08
0.08
0.08
0.08
0.08
0.07
0.07
0.07
0.07
0.07
0.06
0.07
0.06
0.06
0.06
0.06
0.19	84.24
0.18
0.19
3.95
0.14
0.14
0.14
0.14
0.13
0.12
0.12
0.12
0.13
0.13
0.13
0.12
0.14
0.14
0.14
0.14
0.14
0.14
0.14
0.14
0.13
0.14
0.13
0.13
0.13
0.13
0.13
0.13
CorWatt	PkgWatt
10.38	159.57
0.08	75.17
0.08
0.08
0.08
0.07
0.07
0.07
0.07
0.06
0.06
0.06
0.06
0.06
0.06
0.06
0.06
0.07
0.07
0.07
0.07
0.08
0.07
0.07
0.07
0.06
0.06
0.06
0.06
0.06
0.06
0.06
0.06
0.18	84.30
0.18
0.19
3.96
0.14
0.14
0.14
0.14
0.13
0.13
0.13
0.13
0.13
0.13
0.13
0.12
0.14
0.14
0.14
0.14
0.14
0.14
0.14
0.14
0.13
0.13
0.13
0.13
0.13
0.13
0.13
0.13
CorWatt	PkgWatt
10.34	159.34
0.08	75.21
0.08
0.08
0.08
0.07
0.07
0.07
0.07
0.06
0.06
0.06
0.06
0.06
0.06
0.06
0.06
0.07
0.07
0.07
0.07
0.08
0.07
0.07
0.07
0.06
0.06
0.06
0.06
0.06
0.06
0.06
0.06
0.18	84.22
0.18
0.19
3.95
0.14
0.14
0.14
0.14
0.13
0.13
0.12
0.12
0.13
0.13
0.13
0.12
0.14
0.14
0.14
0.14
0.14
0.14
0.14
0.14
0.13
0.13
0.13
0.13
0.13
0.13
0.13
0.13
CorWatt	PkgWatt
10.63	159.89
0.09	75.49
0.08
0.08
0.08
0.08
0.08
0.08
0.07
0.07
0.07
0.06
0.07
0.06
0.06
0.06
0.06
0.08
0.08
0.08
0.08
0.09
0.07
0.07
0.07
0.07
0.07
0.07
0.07
0.07
0.07
0.06
0.07
0.19	84.31
0.18
0.19
3.95
0.14
0.14
0.14
0.14
0.13
0.13
0.13
0.13
0.13
0.13
0.13
0.13
0.14
0.14
0.14
0.14
0.15
0.14
0.14
0.14
0.13
0.14
0.13
0.13
0.13
0.13
0.13
0.14
CorWatt	PkgWatt
10.37	159.63
0.08	75.46
0.08
0.08
0.08
0.07
0.07
0.07
0.07
0.06
0.06
0.06
0.06
0.06
0.06
0.06
0.06
0.07
0.07
0.07
0.07
0.08
0.07
0.07
0.07
0.06
0.06
0.06
0.06
0.06
0.06
0.06
0.06
0.18	84.17
0.18
0.19
3.95
0.14
0.14
0.14
0.14
0.12
0.12
0.12
0.12
0.12
0.12
0.12
0.12
0.14
0.14
0.14
0.14
0.14
0.14
0.14
0.14
0.13
0.13
0.13
0.13
0.13
0.13
0.13
0.13
CorWatt	PkgWatt
10.37	159.34
0.08	75.15
0.08
0.08
0.07
0.07
0.07
0.07
0.07
0.06
0.06
0.06
0.06
0.06
0.06
0.06
0.06
0.07
0.07
0.07
0.07
0.08
0.07
0.07
0.07
0.06
0.06
0.06
0.06
0.06
0.06
0.06
0.06
0.19	84.29
0.18
0.19
3.95
0.14
0.14
0.14
0.14
0.13
0.13
0.13
0.13
0.13
0.13
0.13
0.13
0.14
0.14
0.14
0.14
0.14
0.14
0.14
0.14
0.13
0.13
0.13
0.13
0.13
0.13
0.13
0.13
CorWatt	PkgWatt
10.37	159.53
0.08	75.20
0.08
0.08
0.08
0.07
0.07
0.07
0.07
0.06
0.06
0.06
0.06
0.06
0.06
0.06
0.06
0.08
0.07
0.07
0.07
0.08
0.07
0.07
0.07
0.06
0.06
0.06
0.06
0.06
0.06
0.06
0.06
0.18	84.22
0.18
0.19
3.95
0.14
0.14
0.14
0.14
0.12
0.13
0.12
0.12
0.12
0.12
0.13
0.12
0.14
0.14
0.14
0.14
0.14
0.14
0.14
0.14
0.13
0.13
0.13
0.13
0.13
0.13
0.13
0.13
CorWatt	PkgWatt
10.73	163.53
0.09	77.40
0.09
0.09
0.08
0.08
0.08
0.08
0.08
0.07
0.07
0.07
0.07
0.07
0.07
0.07
0.06
0.08
0.08
0.08
0.08
0.08
0.07
0.07
0.07
0.07
0.07
0.07
0.07
0.07
0.07
0.07
0.07
0.19	86.15
0.18
0.19
3.95
0.15
0.15
0.14
0.14
0.13
0.13
0.13
0.13
0.13
0.13
0.13
0.13
0.14
0.14
0.14
0.14
0.15
0.15
0.14
0.15
0.13
0.14
0.13
0.14
0.13
0.13
0.13
0.14
CorWatt	PkgWatt
10.62	164.08
0.09	77.25
0.08
0.08
0.08
0.08
0.08
0.07
0.07
0.06
0.07
0.07
0.07
0.06
0.06
0.07
0.07
0.08
0.08
0.08
0.08
0.09
0.08
0.07
0.07
0.07
0.07
0.06
0.07
0.06
0.06
0.07
0.07
0.18	86.97
0.19
0.19
3.94
0.15
0.14
0.14
0.14
0.13
0.13
0.13
0.13
0.13
0.13
0.13
0.13
0.14
0.14
0.14
0.14
0.15
0.14
0.15
0.15
0.13
0.14
0.14
0.14
0.13
0.13
0.13
0.13
CorWatt	PkgWatt
10.44	160.63
0.08	75.31
0.08
0.08
0.08
0.07
0.07
0.07
0.07
0.06
0.06
0.06
0.06
0.06
0.06
0.06
0.06
0.08
0.07
0.08
0.07
0.08
0.07
0.07
0.07
0.06
0.06
0.06
0.06
0.06
0.06
0.06
0.06
0.18	85.19
0.18
0.19
3.94
0.14
0.14
0.14
0.14
0.13
0.13
0.13
0.13
0.12
0.13
0.13
0.12
0.14
0.14
0.14
0.14
0.14
0.14
0.14
0.14
0.13
0.13
0.13
0.13
0.13
0.13
0.13
0.13
CorWatt	PkgWatt
10.53	159.92
0.08	75.65
0.08
0.08
0.08
0.07
0.07
0.07
0.07
0.06
0.06
0.06
0.06
0.06
0.14
0.06
0.06
0.08
0.08
0.08
0.08
0.08
0.07
0.07
0.07
0.06
0.07
0.06
0.06
0.06
0.06
0.06
0.06
0.18	84.28
0.18
0.20
3.95
0.14
0.14
0.14
0.14
0.13
0.13
0.13
0.13
0.13
0.13
0.13
0.12
0.14
0.14
0.14
0.14
0.14
0.14
0.14
0.14
0.13
0.13
0.13
0.13
0.13
0.13
0.13
0.13
CorWatt	PkgWatt
10.69	159.90
0.09	75.64
0.08
0.08
0.08
0.08
0.08
0.08
0.08
0.07
0.07
0.07
0.07
0.07
0.07
0.07
0.07
0.08
0.08
0.08
0.08
0.09
0.08
0.08
0.08
0.07
0.07
0.07
0.07
0.07
0.07
0.07
0.07
0.19	84.30
0.19
0.19
3.95
0.14
0.14
0.14
0.14
0.13
0.13
0.13
0.13
0.13
0.13
0.13
0.13
0.14
0.14
0.14
0.14
0.14
0.14
0.14
0.15
0.13
0.14
0.13
0.13
0.13
0.13
0.13
0.13
CorWatt	PkgWatt
10.45	159.62
0.08	75.33
0.08
0.08
0.08
0.07
0.07
0.07
0.07
0.06
0.08
0.06
0.06
0.06
0.06
0.06
0.07
0.08
0.07
0.07
0.07
0.08
0.07
0.07
0.07
0.06
0.06
0.06
0.06
0.06
0.06
0.06
0.06
0.18	84.26
0.18
0.19
3.95
0.14
0.14
0.14
0.14
0.13
0.13
0.13
0.13
0.13
0.13
0.13
0.13
0.14
0.14
0.14
0.14
0.14
0.14
0.14
0.14
0.13
0.13
0.13
0.13
0.13
0.13
0.13
0.13
CorWatt	PkgWatt
10.39	159.48
0.08	75.26
0.08
0.08
0.08
0.07
0.07
0.07
0.07
0.06
0.06
0.06
0.06
0.06
0.06
0.06
0.06
0.07
0.07
0.07
0.07
0.08
0.07
0.07
0.07
0.06
0.06
0.06
0.06
0.06
0.06
0.06
0.06
0.18	84.19
0.18
0.19
3.94
0.14
0.14
0.14
0.14
0.13
0.12
0.13
0.12
0.13
0.13
0.13
0.12
0.14
0.14
0.14
0.14
0.14
0.14
0.14
0.14
0.13
0.13
0.13
0.13
0.13
0.13
0.13
0.13
CorWatt	PkgWatt
10.39	159.40
0.08	75.29
0.08
0.08
0.08
0.07
0.07
0.07
0.07
0.06
0.06
0.06
0.06
0.06
0.06
0.06
0.06
0.07
0.07
0.07
0.07
0.08
0.07
0.07
0.07
0.06
0.06
0.06
0.06
0.06
0.06
0.06
0.06
0.19	84.24
0.18
0.19
3.94
0.14
0.14
0.14
0.14
0.13
0.13
0.13
0.13
0.13
0.13
0.13
0.12
0.14
0.14
0.14
0.14
0.14
0.14
0.14
0.14
0.13
0.14
0.13
0.13
0.13
0.13
0.13
0.13
CorWatt	PkgWatt
10.77	163.85
0.09	77.54
0.08
0.08
0.08
0.07
0.08
0.07
0.08
0.07
0.07
0.07
0.07
0.07
0.07
0.07
0.06
0.08
0.08
0.08
0.09
0.09
0.08
0.08
0.08
0.07
0.07
0.07
0.07
0.07
0.07
0.07
0.07
0.19	86.20
0.19
0.19
3.94
0.15
0.14
0.15
0.14
0.13
0.13
0.13
0.13
0.14
0.14
0.14
0.13
0.14
0.15
0.14
0.14
0.14
0.15
0.15
0.14
0.13
0.14
0.13
0.13
0.13
0.14
0.14
0.14
CorWatt	PkgWatt
10.41	159.52
0.08	75.33
0.08
0.08
0.08
0.07
0.08
0.07
0.07
0.06
0.06
0.06
0.06
0.06
0.06
0.06
0.06
0.07
0.07
0.07
0.08
0.08
0.07
0.07
0.07
0.06
0.06
0.06
0.06
0.06
0.06
0.06
0.06
0.18	84.17
0.18
0.19
3.94
0.14
0.14
0.14
0.14
0.13
0.13
0.13
0.13
0.13
0.13
0.13
0.13
0.14
0.14
0.14
0.14
0.14
0.14
0.14
0.14
0.13
0.13
0.13
0.13
0.13
0.13
0.13
0.13
CorWatt	PkgWatt
10.44	159.37
0.08	75.25
0.08
0.08
0.08
0.07
0.07
0.07
0.07
0.06
0.06
0.06
0.06
0.06
0.06
0.06
0.06
0.08
0.08
0.07
0.08
0.08
0.07
0.07
0.07
0.06
0.06
0.06
0.07
0.06
0.06
0.06
0.06
0.19	84.29
0.18
0.19
3.94
0.14
0.14
0.14
0.14
0.13
0.13
0.13
0.13
0.13
0.13
0.13
0.13
0.14
0.14
0.14
0.14
0.14
0.14
0.14
0.14
0.14
0.14
0.13
0.13
0.13
0.13
0.13
0.13
CorWatt	PkgWatt
10.38	159.66
0.08	75.25
0.08
0.08
0.08
0.07
0.07
0.07
0.07
0.06
0.06
0.06
0.06
0.06
0.06
0.06
0.06
0.07
0.07
0.07
0.08
0.08
0.07
0.07
0.07
0.06
0.06
0.06
0.06
0.06
0.06
0.06
0.06
0.19	84.25
0.18
0.19
3.94
0.14
0.14
0.14
0.14
0.13
0.13
0.13
0.12
0.12
0.12
0.13
0.13
0.14
0.14
0.14
0.14
0.14
0.14
0.14
0.14
0.13
0.14
0.13
0.13
0.13
0.13
0.13
0.13
CorWatt	PkgWatt
10.61	159.67
0.09	75.51
0.08
0.08
0.08
0.07
0.08
0.07
0.07
0.07
0.07
0.06
0.06
0.06
0.06
0.06
0.06
0.08
0.08
0.08
0.08
0.09
0.08
0.08
0.08
0.07
0.07
0.07
0.07
0.07
0.07
0.07
0.07
0.19	84.28
0.18
0.19
3.94
0.14
0.14
0.14
0.14
0.13
0.13
0.13
0.13
0.13
0.13
0.13
0.13
0.14
0.14
0.14
0.14
0.14
0.14
0.14
0.14
0.14
0.14
0.13
0.13
0.13
0.13
0.13
0.13
CorWatt	PkgWatt
10.54	159.89
0.09	75.59
0.08
0.08
0.08
0.07
0.08
0.07
0.07
0.06
0.06
0.06
0.06
0.07
0.14
0.06
0.06
0.08
0.08
0.08
0.08
0.08
0.07
0.07
0.07
0.07
0.07
0.06
0.06
0.06
0.06
0.06
0.06
0.19	84.20
0.18
0.19
3.94
0.14
0.14
0.14
0.14
0.13
0.13
0.13
0.13
0.13
0.13
0.13
0.13
0.14
0.14
0.14
0.14
0.14
0.14
0.14
0.14
0.13
0.14
0.13
0.13
0.13
0.13
0.13
0.13
CorWatt	PkgWatt
10.42	159.76
0.09	75.44
0.08
0.08
0.08
0.07
0.07
0.07
0.07
0.06
0.06
0.06
0.06
0.06
0.06
0.06
0.06
0.08
0.08
0.07
0.08
0.08
0.07
0.07
0.07
0.06
0.06
0.06
0.06
0.06
0.06
0.06
0.06
0.18	84.29
0.18
0.19
3.94
0.14
0.14
0.14
0.14
0.13
0.12
0.12
0.12
0.12
0.12
0.13
0.13
0.14
0.14
0.14
0.14
0.14
0.14
0.14
0.14
0.13
0.13
0.13
0.13
0.13
0.13
0.13
0.13
CorWatt	PkgWatt
10.32	159.12
0.08	75.09
0.07
0.07
0.07
0.07
0.07
0.07
0.07
0.06
0.06
0.06
0.06
0.06
0.06
0.06
0.06
0.07
0.07
0.07
0.07
0.08
0.07
0.07
0.07
0.06
0.06
0.06
0.06
0.06
0.06
0.06
0.06
0.18	84.16
0.18
0.19
3.94
0.14
0.14
0.14
0.14
0.13
0.13
0.13
0.13
0.13
0.13
0.13
0.13
0.14
0.14
0.14
0.14
0.14
0.14
0.14
0.14
0.13
0.14
0.13
0.13
0.13
0.13
0.13
0.13
CorWatt	PkgWatt
10.58	160.02
0.09	75.54
0.08
0.08
0.08
0.07
0.08
0.07
0.07
0.07
0.07
0.06
0.06
0.06
0.07
0.06
0.06
0.08
0.08
0.08
0.08
0.09
0.08
0.07
0.07
0.07
0.07
0.07
0.07
0.06
0.06
0.07
0.06
0.19	84.34
0.18
0.19
3.94
0.14
0.14
0.14
0.14
0.13
0.13
0.13
0.13
0.13
0.13
0.13
0.13
0.14
0.14
0.14
0.14
0.14
0.14
0.14
0.14
0.13
0.14
0.13
0.13
0.13
0.13
0.13
0.13
CorWatt	PkgWatt
10.33	159.43
0.08	75.28
0.08
0.08
0.08
0.07
0.08
0.07
0.07
0.06
0.06
0.06
0.06
0.06
0.06
0.06
0.06
0.07
0.07
0.07
0.08
0.08
0.07
0.07
0.07
0.06
0.06
0.06
0.06
0.06
0.06
0.06
0.06
0.18	84.15
0.18
0.19
3.93
0.14
0.14
0.14
0.14
0.13
0.12
0.12
0.12
0.12
0.12
0.12
0.12
0.14
0.14
0.14
0.14
0.14
0.14
0.14
0.14
0.13
0.13
0.13
0.13
0.13
0.13
0.13
0.13
CorWatt	PkgWatt
10.41	159.51
0.08	75.32
0.07
0.07
0.07
0.07
0.07
0.07
0.07
0.06
0.06
0.06
0.06
0.06
0.06
0.06
0.06
0.07
0.07
0.07
0.07
0.08
0.07
0.07
0.07
0.06
0.06
0.06
0.06
0.06
0.06
0.06
0.06
0.19	84.34
0.18
0.19
3.94
0.14
0.14
0.14
0.14
0.13
0.13
0.13
0.13
0.13
0.13
0.13
0.13
0.14
0.14
0.14
0.14
0.14
0.14
0.14
0.14
0.13
0.14
0.13
0.13
0.13
0.13
0.13
0.13
CorWatt	PkgWatt
10.31	159.50
0.08	75.19
0.07
0.07
0.07
0.07
0.07
0.07
0.07
0.06
0.06
0.06
0.06
0.06
0.06
0.06
0.06
0.07
0.07
0.07
0.07
0.08
0.07
0.07
0.07
0.06
0.06
0.06
0.06
0.06
0.06
0.06
0.06
0.18	84.17
0.18
0.19
3.93
0.14
0.14
0.14
0.14
0.12
0.12
0.12
0.12
0.12
0.12
0.13
0.13
0.14
0.14
0.14
0.14
0.14
0.14
0.14
0.14
0.13
0.13
0.13
0.13
0.13
0.12
0.13
0.13
CorWatt	PkgWatt
10.62	159.77
0.08	75.53
0.08
0.08
0.08
0.07
0.08
0.08
0.08
0.07
0.07
0.06
0.06
0.06
0.06
0.06
0.07
0.08
0.08
0.08
0.08
0.09
0.08
0.08
0.08
0.07
0.07
0.07
0.07
0.06
0.07
0.06
0.06
0.19	84.32
0.18
0.19
3.94
0.14
0.14
0.14
0.14
0.13
0.13
0.13
0.13
0.13
0.13
0.13
0.13
0.14
0.14
0.14
0.14
0.14
0.14
0.14
0.14
0.13
0.14
0.13
0.13
0.13
0.13
0.13
0.13
CorWatt	PkgWatt
10.38	159.55
0.08	75.22
0.08
0.08
0.08
0.07
0.07
0.07
0.07
0.06
0.06
0.06
0.06
0.06
0.06
0.06
0.06
0.07
0.07
0.07
0.08
0.08
0.07
0.07
0.07
0.06
0.06
0.06
0.06
0.06
0.06
0.06
0.06
0.20	84.27
0.18
0.19
3.94
0.14
0.14
0.14
0.14
0.13
0.13
0.13
0.13
0.12
0.12
0.13
0.13
0.14
0.14
0.14
0.14
0.14
0.14
0.14
0.14
0.13
0.13
0.13
0.13
0.13
0.13
0.13
0.13
CorWatt	PkgWatt
8.24	156.25
0.08	75.43
0.08
0.08
0.08
0.07
0.08
0.07
0.07
0.06
0.06
0.06
0.06
0.06
0.13
0.06
0.06
0.08
0.08
0.08
0.08
0.08
0.07
0.07
0.07
0.07
0.06
0.06
0.06
0.06
0.06
0.06
0.06
0.15	80.98
0.14
0.15
2.50
0.11
0.12
0.11
0.11
0.10
0.10
0.10
0.11
0.10
0.10
0.10
0.10
0.11
0.11
0.11
0.11
0.12
0.12
0.11
0.11
0.11
0.11
0.11
0.10
0.10
0.10
0.10
0.11
CorWatt	PkgWatt
3.89	150.39
0.08	75.19
0.07
0.07
0.07
0.07
0.07
0.07
0.07
0.06
0.06
0.06
0.06
0.06
0.06
0.06
0.06
0.07
0.07
0.07
0.07
0.08
0.07
0.07
0.07
0.06
0.06
0.06
0.06
0.06
0.06
0.06
0.06
0.06	75.09
0.06
0.06
0.06
0.06
0.06
0.06
0.05
0.05
0.05
0.05
0.06
0.05
0.05
0.05
0.05
0.05
0.05
0.05
0.06
0.07
0.07
0.07
0.07
0.05
0.05
0.05
0.05
0.05
0.05
0.05
0.05
CorWatt	PkgWatt
4.09	150.65
0.08	75.24
0.08
0.08
0.08
0.07
0.07
0.07
0.07
0.06
0.06
0.06
0.06
0.06
0.06
0.06
0.06
0.08
0.07
0.08
0.08
0.08
0.07
0.07
0.07
0.07
0.06
0.06
0.07
0.06
0.06
0.06
0.06
0.06	75.39
0.06
0.06
0.06
0.06
0.06
0.06
0.06
0.06
0.05
0.05
0.06
0.06
0.06
0.06
0.06
0.06
0.06
0.06
0.06
0.07
0.07
0.07
0.07
0.06
0.06
0.06
0.06
0.06
0.06
0.06
0.06
CorWatt	PkgWatt
3.94	150.20
0.08	75.21
0.07
0.07
0.07
0.07
0.08
0.07
0.07
0.06
0.06
0.06
0.06
0.06
0.06
0.06
0.06
0.07
0.07
0.07
0.08
0.08
0.07
0.07
0.07
0.06
0.06
0.06
0.06
0.06
0.06
0.06
0.06
0.06	75.12
0.06
0.06
0.06
0.06
0.06
0.06
0.05
0.05
0.05
0.05
0.06
0.06
0.05
0.05
0.06
0.05
0.05
0.05
0.06
0.07
0.07
0.07
0.07
0.05
0.05
0.05
0.05
0.05
0.05
0.05
0.05
CorWatt	PkgWatt
3.76	150.14
0.07	75.03
0.07
0.07
0.07
0.06
0.07
0.07
0.07
0.06
0.06
0.06
0.06
0.06
0.06
0.06
0.06
0.07
0.07
0.07
0.07
0.08
0.07
0.07
0.07
0.06
0.06
0.06
0.06
0.06
0.06
0.06
0.06
0.05	74.97
0.05
0.05
0.05
0.06
0.06
0.06
0.05
0.05
0.05
0.05
0.05
0.05
0.05
0.05
0.05
0.05
0.05
0.05
0.05
0.06
0.06
0.06
0.06
0.05
0.05
0.05
0.05
0.05
0.05
0.05
0.05
CorWatt	PkgWatt
3.71	149.95
0.07	74.98
0.07
0.07
0.07
0.06
0.07
0.06
0.06
0.06
0.06
0.06
0.06
0.06
0.06
0.06
0.06
0.07
0.07
0.07
0.07
0.07
0.06
0.06
0.07
0.06
0.06
0.06
0.06
0.06
0.06
0.06
0.06
0.06	74.99
0.05
0.06
0.06
0.05
0.05
0.05
0.05
0.05
0.05
0.05
0.05
0.05
0.05
0.05
0.05
0.05
0.05
0.05
0.05
0.06
0.06
0.06
0.06
0.05
0.05
0.05
0.05
0.05
0.05
0.05
0.05
CorWatt	PkgWatt
4.12	150.48
0.08	75.30
0.08
0.08
0.08
0.07
0.07
0.07
0.07
0.06
0.06
0.06
0.06
0.06
0.06
0.06
0.06
0.08
0.08
0.08
0.08
0.08
0.07
0.07
0.07
0.07
0.07
0.07
0.07
0.06
0.06
0.06
0.06
0.06	75.26
0.06
0.06
0.06
0.06
0.06
0.06
0.06
0.06
0.06
0.06
0.06
0.06
0.06
0.06
0.06
0.06
0.06
0.06
0.06
0.07
0.07
0.07
0.07
0.06
0.06
0.06
0.06
0.06
0.06
0.06
0.06
CorWatt	PkgWatt
6.15	153.75
0.08	75.12
0.07
0.07
0.07
0.07
0.07
0.07
0.07
0.06
0.06
0.06
0.06
0.06
0.06
0.06
0.06
0.07
0.07
0.07
0.07
0.08
0.07
0.07
0.07
0.06
0.06
0.06
0.06
0.06
0.06
0.06
0.06
0.09	78.51
0.09
0.09
0.09
0.09
0.09
0.09
0.08
0.08
0.08
0.08
0.08
1.36
0.10
0.10
0.10
0.09
0.08
0.08
0.09
0.10
0.10
0.10
0.10
0.08
0.08
0.08
0.08
0.08
0.08
0.08
0.08
CorWatt	PkgWatt
10.10	159.42
0.08	75.20
0.08
0.08
0.08
0.07
0.07
0.07
0.07
0.06
0.06
0.06
0.06
0.06
0.06
0.06
0.06
0.07
0.07
0.07
0.07
0.08
0.07
0.07
0.07
0.06
0.06
0.06
0.06
0.06
0.06
0.06
0.06
0.14	84.20
0.14
0.14
0.14
0.14
0.14
0.14
0.14
0.14
0.14
0.14
0.14
3.46
0.18
0.18
0.18
0.14
0.14
0.14
0.14
0.15
0.15
0.15
0.15
0.14
0.14
0.14
0.14
0.14
0.14
0.14
0.14
CorWatt	PkgWatt
7.72	155.87
0.08	75.30
0.07
0.07
0.07
0.07
0.07
0.07
0.07
0.06
0.06
0.06
0.06
0.06
0.06
0.06
0.06
0.07
0.07
0.07
0.07
0.08
0.07
0.07
0.07
0.06
0.06
0.06
0.06
0.06
0.06
0.06
0.06
0.11	80.72
0.11
0.11
0.11
0.11
0.11
0.11
0.11
0.11
0.11
0.11
0.11
2.14
0.13
0.13
0.13
0.11
0.11
0.11
0.11
0.12
0.12
0.12
0.12
0.11
0.11
0.11
0.11
0.11
0.11
0.11
0.11
CorWatt	PkgWatt
4.22	151.02
0.08	75.63
0.08
0.08
0.08
0.07
0.08
0.07
0.07
0.06
0.06
0.06
0.06
0.06
0.14
0.06
0.06
0.08
0.08
0.08
0.08
0.08
0.07
0.07
0.07
0.07
0.07
0.07
0.07
0.06
0.06
0.07
0.06
0.06	75.28
0.06
0.06
0.06
0.06
0.06
0.06
0.06
0.05
0.05
0.05
0.06
0.06
0.06
0.06
0.06
0.06
0.06
0.06
0.06
0.07
0.07
0.07
0.07
0.06
0.06
0.06
0.06
0.06
0.05
0.05
0.06
CorWatt	PkgWatt
3.67	149.88
0.07	75.01
0.07
0.07
0.07
0.07
0.07
0.07
0.06
0.06
0.06
0.06
0.06
0.06
0.06
0.06
0.06
0.07
0.07
0.07
0.07
0.08
0.06
0.06
0.07
0.06
0.06
0.06
0.06
0.06
0.06
0.06
0.06
0.05	74.83
0.05
0.05
0.05
0.05
0.05
0.05
0.05
0.05
0.05
0.05
0.05
0.05
0.05
0.05
0.05
0.05
0.05
0.05
0.05
0.06
0.06
0.06
0.06
0.05
0.05
0.05
0.05
0.05
0.05
0.05
0.05
CorWatt	PkgWatt
3.74	149.83
0.07	75.01
0.07
0.07
0.07
0.07
0.07
0.07
0.07
0.06
0.06
0.06
0.06
0.06
0.06
0.06
0.06
0.07
0.07
0.07
0.07
0.08
0.07
0.07
0.07
0.06
0.06
0.06
0.06
0.06
0.06
0.06
0.06
0.06	74.97
0.05
0.05
0.06
0.05
0.05
0.05
0.05
0.05
0.05
0.05
0.05
0.05
0.05
0.05
0.05
0.05
0.05
0.05
0.05
0.06
0.06
0.06
0.06
0.05
0.05
0.05
0.05
0.05
0.05
0.05
0.05
CorWatt	PkgWatt
6.35	153.95
0.08	75.10
0.07
0.07
0.07
0.07
0.07
0.07
0.07
0.06
0.06
0.06
0.06
0.06
0.06
0.06
0.06
0.07
0.07
0.07
0.07
0.08
0.07
0.07
0.07
0.06
0.06
0.06
0.06
0.06
0.06
0.06
0.06
0.09	78.69
0.09
0.09
0.09
0.09
0.09
0.09
0.09
0.09
0.09
0.08
0.08
1.44
0.10
0.10
0.10
0.09
0.09
0.09
0.09
0.10
0.10
0.10
0.10
0.09
0.09
0.09
0.09
0.09
0.09
0.08
0.09
CorWatt	PkgWatt
10.40	159.92
0.09	75.60
0.08
0.08
0.08
0.08
0.08
0.08
0.08
0.07
0.07
0.07
0.06
0.06
0.07
0.06
0.07
0.08
0.08
0.08
0.08
0.09
0.08
0.08
0.08
0.07
0.07
0.07
0.07
0.07
0.07
0.07
0.07
0.14	84.32
0.14
0.14
0.15
0.14
0.14
0.14
0.14
0.14
0.14
0.14
0.14
3.51
0.18
0.18
0.18
0.14
0.14
0.14
0.14
0.15
0.16
0.15
0.15
0.14
0.14
0.14
0.14
0.14
0.14
0.14
0.15
CorWatt	PkgWatt
7.58	155.55
0.08	75.20
0.07
0.08
0.07
0.07
0.07
0.07
0.07
0.06
0.06
0.06
0.06
0.06
0.06
0.06
0.06
0.07
0.07
0.07
0.07
0.08
0.07
0.07
0.07
0.06
0.06
0.06
0.06
0.06
0.06
0.06
0.06
0.11	80.52
0.11
0.11
0.11
0.11
0.11
0.11
0.11
0.10
0.10
0.10
0.10
2.09
0.13
0.13
0.13
0.11
0.10
0.11
0.11
0.12
0.12
0.12
0.12
0.10
0.10
0.10
0.10
0.10
0.10
0.10
0.10
CorWatt	PkgWatt
3.71	150.08
0.07	74.98
0.07
0.07
0.07
0.07
0.07
0.07
0.07
0.06
0.06
0.06
0.06
0.06
0.06
0.06
0.06
0.07
0.07
0.07
0.07
0.07
0.07
0.07
0.07
0.06
0.06
0.06
0.06
0.06
0.06
0.06
0.06
0.06	74.96
0.05
0.05
0.05
0.05
0.05
0.05
0.05
0.05
0.05
0.05
0.05
0.05
0.05
0.05
0.05
0.05
0.05
0.05
0.05
0.06
0.06
0.06
0.06
0.05
0.05
0.05
0.05
0.05
0.05
0.05
0.05
CorWatt	PkgWatt
3.74	149.87
0.07	75.04
0.07
0.07
0.07
0.07
0.07
0.07
0.07
0.06
0.06
0.06
0.06
0.06
0.06
0.06
0.06
0.07
0.07
0.07
0.07
0.08
0.07
0.07
0.07
0.06
0.06
0.06
0.06
0.06
0.06
0.06
0.06
0.06	74.96
0.05
0.05
0.05
0.05
0.05
0.05
0.05
0.05
0.05
0.05
0.05
0.05
0.05
0.05
0.05
0.05
0.05
0.05
0.05
0.06
0.06
0.06
0.06
0.05
0.05
0.05
0.05
0.05
0.05
0.05
0.05
CorWatt	PkgWatt
6.80	154.68
0.08	75.41
0.08
0.08
0.08
0.07
0.07
0.08
0.07
0.06
0.06
0.06
0.06
0.06
0.06
0.06
0.06
0.08
0.08
0.08
0.08
0.08
0.07
0.07
0.07
0.07
0.07
0.07
0.07
0.06
0.06
0.07
0.06
0.10	79.14
0.10
0.10
0.10
0.10
0.10
0.10
0.10
0.09
0.09
0.09
0.09
1.50
0.11
0.11
0.11
0.10
0.10
0.10
0.10
0.11
0.11
0.11
0.11
0.10
0.10
0.10
0.10
0.09
0.09
0.09
0.10
CorWatt	PkgWatt
10.17	159.34
0.08	75.21
0.08
0.08
0.08
0.07
0.07
0.07
0.07
0.06
0.06
0.06
0.06
0.06
0.06
0.06
0.06
0.07
0.07
0.07
0.07
0.08
0.07
0.07
0.07
0.06
0.06
0.06
0.07
0.06
0.06
0.06
0.06
0.14	84.23
0.14
0.14
0.14
0.14
0.14
0.14
0.14
0.13
0.14
0.13
0.14
3.50
0.18
0.18
0.18
0.14
0.14
0.14
0.14
0.15
0.15
0.15
0.15
0.14
0.14
0.14
0.14
0.14
0.14
0.14
0.14
CorWatt	PkgWatt
10.36	159.92
0.09	75.51
0.08
0.08
0.08
0.07
0.07
0.07
0.07
0.06
0.06
0.06
0.06
0.07
0.14
0.06
0.07
0.08
0.08
0.08
0.08
0.08
0.07
0.07
0.07
0.07
0.07
0.07
0.07
0.06
0.06
0.06
0.06
0.14	84.31
0.14
0.14
0.14
0.14
0.14
0.14
0.14
0.14
0.14
0.14
0.14
3.50
0.18
0.18
0.18
0.14
0.14
0.14
0.14
0.15
0.15
0.15
0.15
0.14
0.14
0.14
0.14
0.14
0.14
0.14
0.15
CorWatt	PkgWatt
10.13	159.52
0.08	75.24
0.08
0.08
0.08
0.07
0.07
0.07
0.07
0.06
0.06
0.06
0.06
0.06
0.06
0.06
0.06
0.07
0.07
0.07
0.07
0.08
0.07
0.07
0.07
0.06
0.06
0.06
0.06
0.06
0.06
0.06
0.06
0.15	84.26
0.14
0.14
0.14
0.14
0.14
0.14
0.14
0.14
0.14
0.14
0.14
3.49
0.18
0.18
0.17
0.14
0.14
0.14
0.14
0.15
0.15
0.15
0.15
0.14
0.14
0.14
0.14
0.14
0.14
0.14
0.14
CorWatt	PkgWatt
10.32	159.62
0.08	75.40
0.08
0.08
0.08
0.07
0.07
0.07
0.08
0.06
0.06
0.06
0.06
0.06
0.06
0.06
0.06
0.08
0.08
0.08
0.08
0.08
0.07
0.07
0.07
0.07
0.07
0.07
0.07
0.06
0.06
0.07
0.06
0.15	84.29
0.14
0.14
0.15
0.14
0.14
0.14
0.14
0.14
0.14
0.14
0.14
3.50
0.18
0.18
0.18
0.14
0.14
0.14
0.14
0.16
0.16
0.15
0.15
0.14
0.14
0.14
0.14
0.14
0.14
0.14
0.14
CorWatt	PkgWatt
10.15	159.72
0.08	75.38
0.08
0.08
0.07
0.07
0.07
0.07
0.07
0.06
0.06
0.06
0.06
0.06
0.06
0.06
0.06
0.07
0.07
0.07
0.07
0.08
0.07
0.07
0.07
0.06
0.06
0.06
0.06
0.06
0.06
0.06
0.06
0.14	84.28
0.14
0.14
0.15
0.14
0.14
0.14
0.14
0.14
0.14
0.14
0.14
3.49
0.18
0.18
0.18
0.14
0.14
0.14
0.14
0.15
0.15
0.15
0.15
0.14
0.14
0.14
0.14
0.14
0.14
0.14
0.14
CorWatt	PkgWatt
10.15	159.60
0.08	75.31
0.08
0.08
0.08
0.07
0.07
0.07
0.07
0.06
0.06
0.06
0.06
0.06
0.06
0.06
0.06
0.07
0.07
0.07
0.07
0.08
0.07
0.07
0.07
0.06
0.06
0.06
0.06
0.06
0.06
0.06
0.06
0.14	84.27
0.14
0.14
0.14
0.14
0.14
0.14
0.14
0.14
0.14
0.14
0.14
3.50
0.18
0.18
0.18
0.14
0.14
0.14
0.14
0.15
0.15
0.15
0.15
0.14
0.14
0.14
0.14
0.14
0.14
0.14
0.14
CorWatt	PkgWatt
10.12	159.27
0.08	75.17
0.07
0.07
0.07
0.07
0.07
0.07
0.07
0.06
0.06
0.06
0.06
0.06
0.06
0.06
0.06
0.07
0.07
0.07
0.07
0.08
0.07
0.07
0.07
0.06
0.06
0.06
0.06
0.06
0.06
0.06
0.06
0.14	84.21
0.14
0.14
0.14
0.14
0.14
0.14
0.14
0.14
0.14
0.14
0.14
3.50
0.18
0.18
0.18
0.14
0.14
0.14
0.14
0.15
0.15
0.15
0.15
0.14
0.14
0.14
0.14
0.14
0.14
0.14
0.14
CorWatt	PkgWatt
10.31	159.81
0.08	75.32
0.08
0.08
0.08
0.07
0.07
0.07
0.07
0.06
0.06
0.06
0.06
0.06
0.06
0.06
0.06
0.08
0.08
0.08
0.08
0.08
0.07
0.07
0.07
0.07
0.07
0.07
0.07
0.06
0.06
0.06
0.06
0.15	84.40
0.14
0.14
0.15
0.14
0.15
0.14
0.14
0.14
0.14
0.14
0.14
3.50
0.18
0.18
0.18
0.14
0.14
0.14
0.14
0.15
0.15
0.15
0.15
0.14
0.14
0.14
0.14
0.14
0.14
0.14
0.14
CorWatt	PkgWatt
10.11	159.41
0.08	75.20
0.08
0.07
0.07
0.07
0.07
0.07
0.07
0.06
0.06
0.06
0.06
0.06
0.06
0.06
0.06
0.07
0.07
0.07
0.07
0.08
0.07
0.07
0.07
0.06
0.06
0.06
0.06
0.06
0.06
0.06
0.06
0.14	84.21
0.14
0.14
0.14
0.14
0.14
0.14
0.14
0.14
0.14
0.14
0.14
3.49
0.18
0.18
0.17
0.14
0.14
0.14
0.14
0.15
0.15
0.15
0.15
0.14
0.14
0.14
0.14
0.14
0.14
0.14
0.14
CorWatt	PkgWatt
10.34	159.79
0.09	75.53
0.08
0.08
0.08
0.08
0.07
0.07
0.07
0.06
0.06
0.06
0.07
0.07
0.06
0.06
0.06
0.09
0.08
0.08
0.09
0.08
0.07
0.07
0.07
0.07
0.07
0.07
0.07
0.06
0.06
0.06
0.06
0.14	84.36
0.14
0.14
0.14
0.14
0.14
0.14
0.14
0.14
0.14
0.14
0.14
3.50
0.18
0.18
0.18
0.14
0.14
0.14
0.14
0.15
0.15
0.15
0.15
0.14
0.14
0.14
0.14
0.14
0.14
0.14
0.15
CorWatt	PkgWatt
10.16	159.70
0.08	75.33
0.08
0.08
0.08
0.07
0.07
0.07
0.07
0.06
0.06
0.06
0.06
0.06
0.06
0.06
0.06
0.07
0.07
0.07
0.07
0.08
0.07
0.07
0.07
0.06
0.06
0.06
0.06
0.06
0.06
0.06
0.06
0.14	84.29
0.14
0.14
0.14
0.14
0.14
0.14
0.14
0.14
0.14
0.14
0.14
3.50
0.18
0.18
0.18
0.14
0.14
0.14
0.14
0.15
0.15
0.15
0.15
0.14
0.14
0.14
0.14
0.14
0.14
0.14
0.14
CorWatt	PkgWatt
10.53	160.11
0.09	75.77
0.08
0.08
0.08
0.08
0.08
0.08
0.08
0.07
0.07
0.07
0.07
0.07
0.14
0.07
0.07
0.08
0.08
0.08
0.08
0.09
0.08
0.08
0.08
0.07
0.07
0.07
0.07
0.07
0.07
0.07
0.07
0.14	84.34
0.14
0.14
0.14
0.14
0.14
0.15
0.14
0.14
0.14
0.14
0.14
3.50
0.18
0.18
0.18
0.14
0.14
0.14
0.14
0.15
0.15
0.15
0.15
0.14
0.14
0.14
0.14
0.14
0.14
0.14
0.15
CorWatt	PkgWatt
10.21	159.50
0.08	75.29
0.08
0.08
0.08
0.07
0.07
0.07
0.07
0.06
0.06
0.06
0.06
0.06
0.06
0.06
0.06
0.08
0.07
0.07
0.07
0.08
0.07
0.07
0.07
0.06
0.06
0.06
0.06
0.06
0.06
0.06
0.06
0.14	84.32
0.14
0.14
0.14
0.14
0.14
0.14
0.14
0.14
0.14
0.14
0.14
3.50
0.18
0.18
0.18
0.14
0.14
0.14
0.14
0.15
0.15
0.15
0.15
0.14
0.14
0.14
0.14
0.14
0.14
0.14
0.14
CorWatt	PkgWatt
10.15	159.62
0.08	75.20
0.08
0.08
0.08
0.07
0.07
0.07
0.07
0.06
0.06
0.06
0.06
0.06
0.06
0.06
0.06
0.07
0.07
0.07
0.07
0.08
0.07
0.07
0.07
0.06
0.06
0.06
0.06
0.06
0.06
0.06
0.06
0.14	84.31
0.14
0.14
0.14
0.14
0.14
0.14
0.14
0.14
0.14
0.14
0.14
3.50
0.18
0.18
0.18
0.14
0.14
0.14
0.14
0.15
0.16
0.15
0.15
0.14
0.14
0.14
0.14
0.14
0.14
0.14
0.14
CorWatt	PkgWatt
10.21	159.35
0.08	75.24
0.08
0.08
0.08
0.07
0.07
0.07
0.07
0.06
0.06
0.06
0.06
0.06
0.06
0.06
0.06
0.07
0.07
0.07
0.07
0.08
0.07
0.07
0.07
0.06
0.06
0.06
0.06
0.06
0.06
0.06
0.06
0.14	84.24
0.14
0.14
0.14
0.14
0.14
0.14
0.14
0.14
0.14
0.14
0.14
3.50
0.18
0.18
0.18
0.14
0.14
0.14
0.14
0.15
0.16
0.15
0.16
0.14
0.14
0.14
0.14
0.14
0.14
0.14
0.14
CorWatt	PkgWatt
10.30	160.09
0.08	75.53
0.08
0.08
0.08
0.07
0.07
0.07
0.07
0.06
0.06
0.06
0.06
0.06
0.06
0.06
0.06
0.08
0.08
0.08
0.08
0.08
0.07
0.07
0.07
0.07
0.07
0.06
0.06
0.06
0.06
0.06
0.06
0.15	84.41
0.14
0.14
0.14
0.14
0.14
0.14
0.14
0.14
0.14
0.14
0.14
3.50
0.18
0.18
0.18
0.14
0.14
0.14
0.14
0.16
0.16
0.16
0.15
0.14
0.14
0.14
0.14
0.14
0.14
0.14
0.14
CorWatt	PkgWatt
10.27	159.72
0.09	75.46
0.08
0.08
0.08
0.08
0.07
0.07
0.07
0.07
0.06
0.06
0.10
0.06
0.06
0.06
0.06
0.08
0.08
0.08
0.08
0.08
0.07
0.07
0.07
0.07
0.07
0.06
0.06
0.06
0.06
0.06
0.06
0.14	84.27
0.14
0.14
0.14
0.14
0.14
0.14
0.14
0.14
0.14
0.14
0.14
3.50
0.18
0.18
0.18
0.14
0.14
0.14
0.14
0.15
0.15
0.15
0.15
0.14
0.14
0.14
0.14
0.14
0.14
0.14
0.14
CorWatt	PkgWatt
10.18	159.41
0.08	75.16
0.08
0.08
0.07
0.07
0.07
0.07
0.07
0.06
0.06
0.06
0.06
0.06
0.06
0.06
0.06
0.07
0.07
0.07
0.07
0.08
0.07
0.07
0.07
0.06
0.06
0.06
0.06
0.06
0.06
0.06
0.06
0.14	84.39
0.14
0.14
0.14
0.14
0.14
0.14
0.14
0.14
0.14
0.14
0.14
3.50
0.18
0.18
0.18
0.14
0.14
0.14
0.14
0.16
0.16
0.15
0.15
0.14
0.14
0.14
0.14
0.14
0.14
0.14
0.14
CorWatt	PkgWatt
10.15	159.60
0.08	75.17
0.08
0.08
0.08
0.07
0.07
0.07
0.07
0.06
0.06
0.06
0.06
0.06
0.06
0.06
0.06
0.07
0.07
0.07
0.07
0.08
0.07
0.07
0.07
0.06
0.06
0.06
0.06
0.06
0.06
0.06
0.06
0.14	84.28
0.14
0.14
0.14
0.14
0.14
0.14
0.14
0.14
0.14
0.14
0.14
3.50
0.18
0.18
0.18
0.14
0.14
0.14
0.14
0.15
0.15
0.15
0.15
0.14
0.14
0.14
0.14
0.14
0.14
0.14
0.14
CorWatt	PkgWatt
10.41	159.95
0.09	75.56
0.08
0.08
0.08
0.08
0.08
0.08
0.08
0.07
0.07
0.07
0.07
0.06
0.07
0.06
0.06
0.08
0.08
0.08
0.08
0.09
0.07
0.07
0.07
0.07
0.07
0.07
0.07
0.07
0.07
0.07
0.06
0.14	84.39
0.14
0.14
0.14
0.15
0.15
0.15
0.14
0.14
0.14
0.14
0.14
3.50
0.18
0.18
0.18
0.14
0.14
0.14
0.14
0.15
0.16
0.15
0.16
0.14
0.14
0.14
0.14
0.14
0.14
0.14
0.15
CorWatt	PkgWatt
10.21	159.52
0.08	75.26
0.08
0.08
0.08
0.07
0.07
0.07
0.07
0.06
0.06
0.06
0.06
0.06
0.06
0.06
0.06
0.07
0.07
0.07
0.07
0.08
0.07
0.07
0.07
0.06
0.06
0.06
0.06
0.06
0.06
0.06
0.06
0.14	84.38
0.14
0.14
0.14
0.14
0.14
0.15
0.14
0.14
0.14
0.14
0.14
3.50
0.18
0.18
0.18
0.14
0.14
0.14
0.14
0.15
0.15
0.15
0.15
0.14
0.14
0.14
0.14
0.14
0.14
0.14
0.14
CorWatt	PkgWatt
10.34	159.85
0.09	75.50
0.08
0.08
0.08
0.07
0.07
0.07
0.07
0.06
0.06
0.06
0.06
0.06
0.14
0.06
0.06
0.08
0.08
0.08
0.08
0.08
0.07
0.07
0.07
0.07
0.07
0.07
0.07
0.06
0.06
0.06
0.06
0.14	84.24
0.14
0.14
0.14
0.14
0.14
0.14
0.14
0.14
0.14
0.14
0.14
3.49
0.18
0.18
0.18
0.14
0.14
0.14
0.14
0.15
0.15
0.15
0.15
0.14
0.14
0.14
0.14
0.14
0.14
0.14
0.14
CorWatt	PkgWatt
10.17	159.38
0.08	75.12
0.07
0.07
0.07
0.07
0.07
0.07
0.07
0.06
0.06
0.06
0.06
0.06
0.06
0.06
0.06
0.07
0.07
0.07
0.07
0.08
0.07
0.07
0.07
0.06
0.06
0.06
0.06
0.06
0.06
0.06
0.06
0.14	84.38
0.14
0.14
0.14
0.14
0.14
0.15
0.14
0.14
0.14
0.14
0.14
3.50
0.18
0.18
0.18
0.14
0.14
0.14
0.14
0.16
0.16
0.15
0.15
0.14
0.14
0.14
0.14
0.14
0.14
0.14
0.14
CorWatt	PkgWatt
10.37	160.02
0.08	75.45
0.08
0.08
0.08
0.08
0.08
0.07
0.08
0.06
0.06
0.06
0.06
0.06
0.06
0.06
0.06
0.08
0.08
0.08
0.08
0.08
0.07
0.07
0.07
0.07
0.07
0.07
0.07
0.06
0.06
0.06
0.06
0.15	84.44
0.14
0.14
0.14
0.15
0.15
0.15
0.14
0.14
0.14
0.14
0.14
3.50
0.18
0.18
0.18
0.14
0.14
0.14
0.14
0.15
0.16
0.16
0.16
0.14
0.14
0.14
0.14
0.14
0.14
0.14
0.14
CorWatt	PkgWatt
10.26	159.56
0.08	75.33
0.08
0.08
0.08
0.08
0.07
0.07
0.08
0.06
0.06
0.06
0.06
0.06
0.06
0.06
0.06
0.07
0.07
0.07
0.07
0.08
0.07
0.07
0.07
0.06
0.06
0.06
0.06
0.06
0.06
0.06
0.06
0.14	84.38
0.14
0.14
0.14
0.14
0.14
0.15
0.14
0.14
0.14
0.14
0.14
3.50
0.18
0.18
0.18
0.14
0.14
0.14
0.14
0.15
0.16
0.15
0.15
0.14
0.14
0.14
0.14
0.14
0.14
0.14
0.14
CorWatt	PkgWatt
10.20	159.94
0.08	75.44
0.08
0.08
0.08
0.07
0.07
0.07
0.09
0.06
0.06
0.06
0.06
0.06
0.06
0.06
0.06
0.07
0.07
0.07
0.07
0.08
0.07
0.07
0.07
0.06
0.06
0.06
0.06
0.06
0.06
0.06
0.06
0.14	84.36
0.14
0.14
0.14
0.14
0.14
0.15
0.14
0.14
0.14
0.14
0.14
3.50
0.18
0.18
0.18
0.14
0.14
0.14
0.14
0.15
0.16
0.15
0.15
0.14
0.14
0.14
0.14
0.14
0.14
0.14
0.14
CorWatt	PkgWatt
10.14	159.40
0.08	75.09
0.07
0.07
0.07
0.07
0.07
0.07
0.07
0.06
0.06
0.06
0.06
0.06
0.06
0.06
0.06
0.07
0.07
0.07
0.07
0.08
0.07
0.07
0.07
0.06
0.06
0.06
0.06
0.06
0.06
0.06
0.06
0.14	84.32
0.14
0.14
0.14
0.14
0.14
0.15
0.14
0.14
0.14
0.14
0.14
3.50
0.18
0.18
0.18
0.14
0.14
0.14
0.14
0.15
0.15
0.15
0.15
0.14
0.14
0.14
0.14
0.14
0.14
0.14
0.14
CorWatt	PkgWatt
10.33	159.71
0.08	75.45
0.08
0.08
0.08
0.07
0.07
0.07
0.07
0.06
0.06
0.06
0.06
0.06
0.06
0.06
0.06
0.08
0.08
0.08
0.08
0.08
0.07
0.07
0.07
0.07
0.07
0.06
0.07
0.06
0.06
0.06
0.06
0.14	84.37
0.14
0.14
0.15
0.15
0.15
0.15
0.14
0.14
0.14
0.14
0.14
3.50
0.18
0.18
0.18
0.14
0.14
0.14
0.14
0.16
0.16
0.16
0.16
0.14
0.14
0.14
0.14
0.14
0.14
0.14
0.15
CorWatt	PkgWatt
10.14	159.66
0.08	75.10
0.07
0.07
0.07
0.07
0.07
0.07
0.07
0.06
0.06
0.06
0.06
0.06
0.06
0.06
0.06
0.07
0.07
0.07
0.07
0.08
0.07
0.07
0.07
0.06
0.06
0.06
0.06
0.06
0.06
0.06
0.06
0.14	84.45
0.14
0.14
0.14
0.15
0.14
0.15
0.14
0.14
0.14
0.14
0.14
3.50
0.18
0.18
0.18
0.14
0.14
0.14
0.14
0.15
0.15
0.15
0.15
0.14
0.14
0.14
0.14
0.14
0.14
0.14
0.14
CorWatt	PkgWatt
6.99	158.29
0.08	77.02
0.08
0.08
0.08
0.07
0.07
0.07
0.07
0.06
0.06
0.06
0.06
0.06
0.06
0.06
0.06
0.08
0.08
0.07
0.08
0.08
0.07
0.07
0.07
0.07
0.07
0.06
0.07
0.06
0.06
0.07
0.06
0.10	81.33
0.10
0.10
0.10
0.10
0.10
0.10
0.10
0.09
0.09
0.09
0.09
1.65
0.12
0.12
0.12
0.10
0.10
0.10
0.10
0.11
0.11
0.11
0.11
0.10
0.10
0.09
0.10
0.10
0.10
0.10
0.11
CorWatt	PkgWatt
3.88	150.11
0.08	75.11
0.07
0.07
0.07
0.07
0.07
0.07
0.07
0.06
0.06
0.06
0.06
0.06
0.06
0.06
0.06
0.07
0.07
0.07
0.07
0.08
0.07
0.07
0.07
0.06
0.06
0.06
0.06
0.06
0.06
0.06
0.06
0.06	75.07
0.06
0.06
0.06
0.06
0.06
0.05
0.05
0.05
0.05
0.05
0.05
0.05
0.05
0.05
0.05
0.06
0.05
0.06
0.05
0.07
0.07
0.07
0.07
0.05
0.05
0.05
0.05
0.05
0.05
0.05
0.05
CorWatt	PkgWatt
4.21	150.88
0.08	75.49
0.08
0.08
0.08
0.07
0.07
0.07
0.07
0.06
0.06
0.06
0.06
0.06
0.14
0.06
0.06
0.08
0.08
0.08
0.08
0.08
0.07
0.07
0.07
0.07
0.07
0.07
0.07
0.06
0.07
0.06
0.06
0.06	75.31
0.06
0.06
0.06
0.06
0.06
0.06
0.06
0.05
0.05
0.05
0.06
0.06
0.05
0.06
0.06
0.06
0.06
0.06
0.06
0.07
0.07
0.07
0.07
0.06
0.06
0.06
0.06
0.06
0.05
0.05
0.06
CorWatt	PkgWatt
3.90	150.29
0.08	75.15
0.08
0.07
0.07
0.07
0.07
0.07
0.07
0.06
0.06
0.06
0.06
0.06
0.06
0.06
0.06
0.07
0.07
0.07
0.07
0.08
0.07
0.07
0.07
0.06
0.06
0.06
0.06
0.06
0.06
0.06
0.06
0.06	75.14
0.06
0.06
0.06
0.06
0.06
0.05
0.05
0.05
0.05
0.05
0.05
0.05
0.05
0.05
0.05
0.06
0.05
0.06
0.06
0.07
0.07
0.06
0.07
0.05
0.06
0.05
0.05
0.05
0.05
0.05
0.05
CorWatt	PkgWatt
3.78	149.84
0.07	75.04
0.07
0.07
0.07
0.07
0.07
0.07
0.07
0.06
0.06
0.06
0.06
0.06
0.06
0.06
0.06
0.07
0.07
0.07
0.07
0.08
0.07
0.07
0.07
0.06
0.06
0.06
0.06
0.06
0.06
0.06
0.06
0.06	74.90
0.05
0.05
0.05
0.05
0.05
0.05
0.05
0.05
0.05
0.05
0.05
0.05
0.05
0.05
0.05
0.05
0.05
0.05
0.05
0.06
0.06
0.06
0.06
0.05
0.05
0.05
0.05
0.05
0.05
0.05
0.05
CorWatt	PkgWatt
3.82	150.31
0.08	75.17
0.08
0.07
0.07
0.07
0.07
0.07
0.07
0.06
0.06
0.06
0.06
0.06
0.06
0.06
0.06
0.07
0.07
0.07
0.07
0.08
0.07
0.07
0.07
0.06
0.06
0.06
0.06
0.06
0.06
0.06
0.06
0.06	75.04
0.05
0.05
0.05
0.06
0.05
0.05
0.05
0.05
0.05
0.05
0.05
0.05
0.05
0.05
0.05
0.05
0.05
0.05
0.05
0.06
0.06
0.06
0.06
0.05
0.05
0.05
0.05
0.05
0.05
0.05
0.05
CorWatt	PkgWatt
3.99	150.46
0.08	75.22
0.08
0.08
0.07
0.07
0.07
0.07
0.07
0.06
0.06
0.06
0.06
0.06
0.06
0.06
0.06
0.07
0.08
0.07
0.07
0.08
0.07
0.07
0.07
0.06
0.06
0.06
0.06
0.06
0.06
0.06
0.06
0.06	75.21
0.06
0.06
0.06
0.06
0.06
0.06
0.06
0.05
0.05
0.05
0.05
0.05
0.05
0.05
0.05
0.06
0.06
0.06
0.06
0.07
0.07
0.07
0.07
0.06
0.06
0.06
0.06
0.05
0.05
0.05
0.06
CorWatt	PkgWatt
7.57	155.35
0.08	75.35
0.08
0.08
0.08
0.07
0.07
0.07
0.07
0.06
0.06
0.06
0.06
0.06
0.06
0.06
0.06
0.08
0.08
0.08
0.08
0.08
0.07
0.07
0.07
0.07
0.07
0.06
0.06
0.06
0.06
0.06
0.06
0.10	80.14
0.10
0.10
0.10
0.10
0.10
0.10
0.10
0.09
0.09
0.09
0.09
0.09
0.09
0.09
0.09
0.10
0.10
0.10
0.10
0.11
0.11
0.11
0.11
0.12
2.28
0.12
0.12
0.09
0.09
0.09
0.09
CorWatt	PkgWatt
10.54	159.89
0.08	75.23
0.08
0.08
0.08
0.07
0.07
0.07
0.07
0.06
0.06
0.06
0.06
0.06
0.06
0.06
0.06
0.07
0.07
0.07
0.07
0.08
0.07
0.07
0.07
0.06
0.06
0.06
0.06
0.06
0.06
0.06
0.06
0.14	84.51
0.14
0.14
0.14
0.14
0.14
0.14
0.14
0.13
0.13
0.12
0.12
0.13
0.13
0.13
0.12
0.14
0.14
0.14
0.14
0.14
0.14
0.14
0.14
0.18
4.11
0.17
0.18
0.13
0.13
0.13
0.13
CorWatt	PkgWatt
6.82	156.23
0.08	75.18
0.07
0.07
0.07
0.07
0.07
0.07
0.07
0.06
0.06
0.06
0.06
0.06
0.06
0.06
0.06
0.07
0.07
0.07
0.07
0.08
0.07
0.07
0.07
0.06
0.06
0.06
0.06
0.06
0.06
0.06
0.06
0.11	81.09
0.09
0.10
0.09
0.10
0.09
0.09
0.09
0.09
0.08
0.08
0.08
0.09
0.08
0.09
0.08
0.09
0.09
0.09
0.09
0.10
0.10
0.10
0.10
0.11
1.85
0.11
0.11
0.09
0.09
0.09
0.09
CorWatt	PkgWatt
4.03	150.56
0.08	75.38
0.08
0.08
0.08
0.07
0.07
0.07
0.07
0.06
0.06
0.06
0.06
0.06
0.06
0.06
0.06
0.07
0.07
0.07
0.07
0.08
0.07
0.07
0.07
0.06
0.06
0.06
0.06
0.06
0.06
0.06
0.06
0.06	75.24
0.06
0.06
0.06
0.06
0.06
0.06
0.06
0.06
0.06
0.06
0.05
0.06
0.05
0.06
0.06
0.06
0.06
0.06
0.06
0.07
0.07
0.07
0.07
0.06
0.06
0.06
0.06
0.06
0.06
0.05
0.06
CorWatt	PkgWatt
3.80	151.89
0.08	75.07
0.07
0.07
0.07
0.07
0.07
0.07
0.07
0.06
0.06
0.06
0.06
0.06
0.06
0.06
0.06
0.07
0.07
0.07
0.07
0.08
0.07
0.07
0.07
0.06
0.06
0.06
0.06
0.06
0.06
0.06
0.06
0.06	76.77
0.05
0.06
0.05
0.06
0.05
0.05
0.05
0.05
0.05
0.05
0.05
0.05
0.05
0.05
0.05
0.05
0.05
0.05
0.05
0.06
0.07
0.06
0.06
0.05
0.06
0.05
0.05
0.05
0.05
0.05
0.05
CorWatt	PkgWatt
3.91	150.06
0.08	75.16
0.08
0.07
0.07
0.07
0.07
0.07
0.07
0.06
0.06
0.06
0.06
0.06
0.13
0.06
0.06
0.07
0.07
0.07
0.07
0.08
0.07
0.07
0.07
0.06
0.06
0.06
0.06
0.06
0.06
0.06
0.06
0.06	75.02
0.05
0.05
0.05
0.06
0.05
0.05
0.05
0.05
0.05
0.05
0.05
0.05
0.05
0.05
0.05
0.06
0.05
0.05
0.05
0.06
0.06
0.06
0.06
0.05
0.05
0.05
0.05
0.05
0.05
0.05
0.06
CorWatt	PkgWatt
7.72	155.91
0.08	75.25
0.08
0.08
0.08
0.07
0.07
0.07
0.07
0.06
0.06
0.06
0.06
0.06
0.06
0.06
0.06
0.08
0.07
0.07
0.08
0.08
0.07
0.07
0.07
0.06
0.06
0.06
0.06
0.06
0.06
0.06
0.06
0.10	80.47
0.10
0.10
0.10
0.10
0.10
0.10
0.10
0.09
0.09
0.09
0.09
0.09
0.09
0.09
0.09
0.10
0.10
0.10
0.10
0.11
0.11
0.11
0.11
0.12
2.48
0.12
0.12
0.09
0.09
0.09
0.09
CorWatt	PkgWatt
10.97	160.08
0.08	75.32
0.08
0.08
0.08
0.07
0.08
0.07
0.07
0.06
0.06
0.06
0.06
0.06
0.06
0.06
0.06
0.08
0.08
0.07
0.08
0.08
0.07
0.07
0.07
0.06
0.06
0.06
0.07
0.06
0.06
0.06
0.06
0.14	84.89
0.14
0.14
0.14
0.14
0.14
0.14
0.14
0.13
0.13
0.13
0.13
0.13
0.13
0.13
0.13
0.14
0.14
0.14
0.14
0.14
0.14
0.14
0.14
0.18
4.42
0.18
0.18
0.13
0.13
0.13
0.13
CorWatt	PkgWatt
6.90	154.55
0.08	75.17
0.08
0.07
0.07
0.07
0.07
0.07
0.07
0.06
0.06
0.06
0.06
0.06
0.06
0.06
0.06
0.07
0.07
0.07
0.07
0.08
0.07
0.07
0.07
0.06
0.06
0.06
0.06
0.06
0.06
0.06
0.06
0.10	79.31
0.09
0.09
0.09
0.09
0.09
0.09
0.09
0.08
0.08
0.08
0.08
0.08
0.08
0.08
0.08
0.09
0.09
0.09
0.09
0.10
0.10
0.10
0.10
0.11
1.95
0.11
0.11
0.08
0.08
0.08
0.09
CorWatt	PkgWatt
3.75	150.09
0.08	75.11
0.07
0.07
0.07
0.07
0.07
0.07
0.07
0.06
0.06
0.06
0.06
0.06
0.06
0.06
0.06
0.07
0.07
0.07
0.07
0.08
0.07
0.07
0.07
0.06
0.06
0.06
0.06
0.06
0.06
0.06
0.06
0.06	74.98
0.05
0.05
0.05
0.05
0.05
0.05
0.05
0.05
0.05
0.05
0.05
0.05
0.05
0.05
0.05
0.05
0.05
0.05
0.05
0.06
0.06
0.06
0.06
0.05
0.05
0.05
0.05
0.05
0.05
0.05
0.05
CorWatt	PkgWatt
3.85	150.01
0.08	75.20
0.07
0.07
0.07
0.07
0.07
0.07
0.07
0.06
0.06
0.06
0.06
0.06
0.06
0.06
0.06
0.07
0.07
0.07
0.07
0.08
0.07
0.07
0.07
0.06
0.06
0.06
0.06
0.06
0.06
0.06
0.06
0.06	74.88
0.05
0.06
0.05
0.05
0.05
0.05
0.05
0.05
0.05
0.05
0.05
0.05
0.05
0.05
0.05
0.05
0.05
0.05
0.05
0.06
0.06
0.06
0.06
0.05
0.05
0.05
0.05
0.05
0.05
0.05
0.05
CorWatt	PkgWatt
7.96	156.19
0.08	75.28
0.08
0.08
0.08
0.07
0.08
0.07
0.07
0.06
0.06
0.06
0.06
0.06
0.06
0.06
0.06
0.08
0.08
0.08
0.08
0.08
0.07
0.07
0.07
0.07
0.07
0.07
0.07
0.06
0.06
0.06
0.06
0.11	80.81
0.11
0.11
0.11
0.11
0.11
0.11
0.11
0.10
0.10
0.10
0.10
0.10
0.10
0.10
0.10
0.11
0.11
0.11
0.11
0.11
0.11
0.11
0.11
0.13
2.41
0.13
0.13
0.10
0.10
0.10
0.10
CorWatt	PkgWatt
10.51	159.73
0.08	75.14
0.07
0.07
0.07
0.07
0.07
0.07
0.07
0.06
0.06
0.06
0.06
0.06
0.06
0.06
0.06
0.07
0.07
0.07
0.07
0.08
0.07
0.07
0.07
0.06
0.06
0.06
0.06
0.06
0.06
0.06
0.06
0.14	84.58
0.14
0.14
0.14
0.14
0.14
0.14
0.14
0.12
0.12
0.12
0.12
0.12
0.12
0.12
0.12
0.14
0.14
0.14
0.14
0.14
0.14
0.14
0.14
0.17
4.19
0.18
0.18
0.13
0.13
0.13
0.13
CorWatt	PkgWatt
10.55	159.57
0.08	75.09
0.07
0.07
0.07
0.07
0.07
0.07
0.07
0.06
0.06
0.06
0.06
0.06
0.06
0.06
0.06
0.07
0.07
0.07
0.07
0.08
0.07
0.07
0.07
0.06
0.06
0.06
0.06
0.06
0.06
0.06
0.06
0.14	84.58
0.14
0.14
0.14
0.14
0.14
0.14
0.14
0.13
0.13
0.13
0.13
0.13
0.13
0.13
0.13
0.14
0.14
0.14
0.14
0.14
0.14
0.14
0.14
0.18
4.19
0.18
0.18
0.13
0.13
0.13
0.13
CorWatt	PkgWatt
10.74	160.12
0.09	75.45
0.08
0.08
0.08
0.08
0.08
0.08
0.07
0.06
0.06
0.06
0.06
0.07
0.06
0.06
0.06
0.08
0.08
0.08
0.08
0.09
0.07
0.08
0.08
0.07
0.07
0.07
0.07
0.06
0.06
0.07
0.06
0.14	84.60
0.14
0.14
0.14
0.14
0.14
0.14
0.14
0.13
0.13
0.13
0.13
0.13
0.13
0.13
0.12
0.14
0.14
0.14
0.14
0.14
0.14
0.14
0.14
0.18
4.18
0.18
0.18
0.13
0.13
0.13
0.13
CorWatt	PkgWatt
11.10	160.85
0.09	76.05
0.09
0.09
0.09
0.08
0.08
0.08
0.11
0.07
0.07
0.07
0.07
0.07
0.15
0.07
0.07
0.08
0.08
0.08
0.08
0.09
0.08
0.08
0.08
0.07
0.07
0.07
0.07
0.07
0.07
0.07
0.07
0.14	84.88
0.14
0.14
0.14
0.14
0.14
0.14
0.14
0.13
0.13
0.13
0.13
0.13
0.13
0.13
0.13
0.14
0.14
0.14
0.14
0.14
0.15
0.14
0.14
0.18
4.17
0.18
0.18
0.13
0.13
0.13
0.14
CorWatt	PkgWatt
10.48	163.23
0.08	76.96
0.07
0.07
0.07
0.07
0.07
0.07
0.07
0.06
0.06
0.06
0.06
0.06
0.06
0.06
0.06
0.07
0.07
0.07
0.07
0.08
0.07
0.07
0.07
0.06
0.06
0.06
0.06
0.06
0.06
0.06
0.06
0.14	86.17
0.14
0.14
0.14
0.14
0.14
0.14
0.14
0.12
0.12
0.12
0.12
0.12
0.12
0.13
0.12
0.14
0.14
0.14
0.14
0.14
0.14
0.14
0.14
0.17
4.17
0.17
0.18
0.13
0.13
0.13
0.13
CorWatt	PkgWatt
10.51	159.61
0.08	75.07
0.07
0.07
0.07
0.07
0.07
0.07
0.07
0.06
0.06
0.06
0.06
0.06
0.06
0.06
0.06
0.07
0.07
0.07
0.07
0.08
0.07
0.07
0.07
0.06
0.06
0.06
0.06
0.06
0.06
0.06
0.06
0.14	84.55
0.14
0.14
0.14
0.14
0.14
0.14
0.14
0.13
0.12
0.12
0.12
0.13
0.12
0.13
0.12
0.14
0.14
0.14
0.14
0.14
0.14
0.14
0.14
0.18
4.18
0.18
0.18
0.13
0.13
0.13
0.13
CorWatt	PkgWatt
10.70	159.85
0.08	75.30
0.08
0.08
0.08
0.07
0.07
0.07
0.07
0.06
0.06
0.06
0.06
0.06
0.06
0.06
0.06
0.08
0.08
0.08
0.08
0.08
0.07
0.07
0.07
0.07
0.07
0.07
0.07
0.06
0.06
0.06
0.06
0.14	84.65
0.14
0.14
0.14
0.14
0.14
0.14
0.14
0.13
0.13
0.13
0.13
0.13
0.13
0.13
0.13
0.14
0.14
0.14
0.14
0.14
0.15
0.14
0.14
0.18
4.18
0.18
0.18
0.13
0.13
0.13
0.13
CorWatt	PkgWatt
10.70	160.09
0.08	75.29
0.08
0.08
0.08
0.07
0.07
0.07
0.07
0.06
0.06
0.06
0.06
0.06
0.06
0.06
0.06
0.08
0.07
0.08
0.07
0.08
0.07
0.07
0.07
0.06
0.06
0.06
0.06
0.06
0.06
0.06
0.06
0.14	84.71
0.14
0.14
0.14
0.14
0.14
0.14
0.14
0.13
0.13
0.13
0.13
0.13
0.13
0.13
0.13
0.14
0.14
0.14
0.14
0.15
0.15
0.14
0.14
0.18
4.18
0.18
0.18
0.13
0.13
0.13
0.13
CorWatt	PkgWatt
10.57	159.80
0.08	75.25
0.08
0.08
0.08
0.07
0.07
0.07
0.07
0.06
0.06
0.06
0.06
0.06
0.06
0.06
0.06
0.07
0.07
0.07
0.07
0.08
0.07
0.07
0.07
0.06
0.06
0.06
0.06
0.06
0.06
0.06
0.06
0.14	84.54
0.14
0.14
0.14
0.14
0.14
0.14
0.14
0.13
0.13
0.12
0.12
0.13
0.12
0.13
0.12
0.14
0.14
0.14
0.14
0.14
0.14
0.14
0.14
0.17
4.18
0.17
0.18
0.13
0.13
0.13
0.13
CorWatt	PkgWatt
10.63	159.74
0.08	75.17
0.08
0.08
0.08
0.07
0.07
0.07
0.07
0.06
0.06
0.06
0.06
0.06
0.06
0.06
0.06
0.07
0.07
0.07
0.07
0.08
0.07
0.07
0.07
0.06
0.06
0.06
0.07
0.06
0.06
0.06
0.06
0.14	84.70
0.14
0.14
0.14
0.14
0.14
0.14
0.14
0.13
0.13
0.13
0.13
0.13
0.13
0.13
0.13
0.14
0.14
0.14
0.14
0.14
0.14
0.14
0.14
0.18
4.18
0.18
0.18
0.13
0.13
0.13
0.13
CorWatt	PkgWatt
10.79	160.24
0.08	75.52
0.08
0.08
0.08
0.08
0.07
0.07
0.07
0.07
0.07
0.07
0.07
0.06
0.06
0.07
0.06
0.08
0.08
0.08
0.08
0.09
0.08
0.08
0.08
0.07
0.07
0.07
0.07
0.06
0.07
0.06
0.06
0.14	84.59
0.14
0.14
0.14
0.14
0.14
0.14
0.14
0.13
0.12
0.12
0.12
0.13
0.12
0.13
0.12
0.14
0.14
0.14
0.14
0.14
0.14
0.14
0.14
0.18
4.18
0.18
0.18
0.13
0.13
0.13
0.13
CorWatt	PkgWatt
10.73	160.05
0.08	75.34
0.08
0.08
0.08
0.07
0.07
0.07
0.07
0.06
0.06
0.06
0.06
0.06
0.06
0.06
0.06
0.08
0.08
0.08
0.08
0.08
0.07
0.07
0.07
0.07
0.06
0.06
0.07
0.06
0.06
0.06
0.06
0.14	84.70
0.14
0.14
0.14
0.14
0.14
0.14
0.14
0.13
0.13
0.13
0.13
0.13
0.13
0.13
0.13
0.14
0.14
0.14
0.14
0.14
0.14
0.14
0.14
0.18
4.19
0.18
0.18
0.13
0.13
0.13
0.13
CorWatt	PkgWatt
10.63	159.73
0.08	75.26
0.08
0.08
0.08
0.07
0.07
0.07
0.07
0.06
0.06
0.06
0.06
0.06
0.06
0.06
0.06
0.07
0.07
0.07
0.07
0.08
0.07
0.07
0.07
0.06
0.06
0.06
0.06
0.06
0.06
0.06
0.06
0.14	84.63
0.14
0.14
0.14
0.14
0.14
0.14
0.14
0.13
0.13
0.13
0.13
0.13
0.13
0.13
0.12
0.14
0.14
0.14
0.14
0.14
0.14
0.14
0.14
0.18
4.18
0.18
0.18
0.13
0.13
0.13
0.13
CorWatt	PkgWatt
10.87	160.38
0.09	75.59
0.09
0.08
0.08
0.08
0.07
0.08
0.07
0.06
0.06
0.06
0.06
0.07
0.14
0.07
0.07
0.08
0.08
0.08
0.08
0.08
0.07
0.07
0.07
0.07
0.07
0.07
0.07
0.06
0.07
0.06
0.06
0.14	84.66
0.14
0.14
0.14
0.14
0.14
0.14
0.14
0.13
0.13
0.13
0.13
0.13
0.13
0.13
0.12
0.14
0.14
0.14
0.14
0.14
0.14
0.14
0.14
0.18
4.18
0.18
0.18
0.13
0.13
0.13
0.14
CorWatt	PkgWatt
10.67	160.01
0.08	75.43
0.08
0.08
0.08
0.08
0.07
0.07
0.07
0.06
0.06
0.06
0.06
0.06
0.06
0.06
0.06
0.08
0.08
0.08
0.08
0.08
0.07
0.07
0.07
0.07
0.07
0.06
0.07
0.06
0.07
0.06
0.06
0.14	84.56
0.14
0.14
0.14
0.14
0.14
0.14
0.14
0.13
0.13
0.12
0.12
0.13
0.13
0.13
0.12
0.14
0.14
0.14
0.14
0.14
0.14
0.14
0.14
0.17
4.18
0.17
0.18
0.13
0.13
0.13
0.13
CorWatt	PkgWatt
10.77	159.94
0.08	75.29
0.08
0.08
0.08
0.07
0.07
0.07
0.07
0.06
0.06
0.06
0.06
0.06
0.06
0.06
0.06
0.08
0.08
0.08
0.07
0.08
0.07
0.07
0.07
0.07
0.07
0.07
0.07
0.06
0.06
0.06
0.06
0.14	84.76
0.14
0.14
0.14
0.14
0.14
0.14
0.14
0.13
0.13
0.13
0.13
0.13
0.13
0.13
0.13
0.14
0.14
0.14
0.14
0.15
0.15
0.14
0.15
0.18
4.19
0.18
0.18
0.13
0.13
0.13
0.13
CorWatt	PkgWatt
10.73	159.92
0.08	75.33
0.08
0.08
0.08
0.07
0.07
0.07
0.07
0.06
0.06
0.06
0.07
0.06
0.06
0.06
0.06
0.08
0.08
0.08
0.08
0.08
0.07
0.07
0.07
0.07
0.07
0.07
0.07
0.06
0.06
0.06
0.06
0.14	84.61
0.14
0.14
0.14
0.14
0.14
0.14
0.14
0.13
0.13
0.13
0.13
0.13
0.13
0.13
0.13
0.14
0.14
0.14
0.14
0.14
0.14
0.14
0.14
0.18
4.17
0.18
0.18
0.13
0.13
0.13
0.13
CorWatt	PkgWatt
10.58	159.94
0.08	75.17
0.08
0.08
0.08
0.07
0.07
0.07
0.07
0.06
0.06
0.06
0.06
0.06
0.06
0.06
0.06
0.07
0.07
0.07
0.07
0.08
0.07
0.07
0.07
0.06
0.06
0.06
0.06
0.06
0.06
0.06
0.06
0.14	84.65
0.14
0.14
0.14
0.14
0.14
0.14
0.14
0.13
0.13
0.12
0.12
0.13
0.13
0.13
0.13
0.14
0.14
0.14
0.14
0.14
0.14
0.14
0.14
0.18
4.18
0.18
0.18
0.13
0.13
0.13
0.13
CorWatt	PkgWatt
10.63	159.92
0.08	75.30
0.08
0.08
0.08
0.07
0.07
0.07
0.07
0.06
0.06
0.06
0.06
0.06
0.06
0.06
0.06
0.08
0.07
0.07
0.08
0.08
0.07
0.07
0.07
0.06
0.06
0.06
0.06
0.06
0.06
0.06
0.06
0.14	84.58
0.14
0.14
0.14
0.14
0.14
0.14
0.14
0.13
0.13
0.12
0.12
0.13
0.13
0.13
0.12
0.14
0.14
0.14
0.14
0.14
0.14
0.14
0.14
0.18
4.19
0.18
0.18
0.13
0.13
0.13
0.13
CorWatt	PkgWatt
10.74	159.97
0.08	75.33
0.08
0.08
0.08
0.07
0.07
0.07
0.07
0.06
0.06
0.06
0.06
0.06
0.06
0.06
0.06
0.08
0.08
0.08
0.08
0.08
0.07
0.07
0.07
0.07
0.06
0.06
0.07
0.06
0.06
0.06
0.06
0.14	84.77
0.14
0.16
0.14
0.14
0.14
0.14
0.14
0.13
0.13
0.13
0.13
0.13
0.13
0.13
0.13
0.14
0.14
0.14
0.14
0.15
0.14
0.14
0.14
0.18
4.18
0.18
0.18
0.13
0.13
0.13
0.13
CorWatt	PkgWatt
10.52	159.98
0.08	75.24
0.07
0.07
0.07
0.07
0.07
0.07
0.07
0.06
0.06
0.06
0.06
0.06
0.06
0.06
0.06
0.07
0.07
0.07
0.07
0.08
0.07
0.07
0.07
0.06
0.06
0.06
0.06
0.06
0.06
0.06
0.06
0.14	84.62
0.14
0.14
0.14
0.14
0.14
0.14
0.14
0.13
0.12
0.12
0.12
0.13
0.12
0.13
0.12
0.14
0.14
0.14
0.14
0.14
0.14
0.14
0.14
0.18
4.18
0.18
0.18
0.13
0.13
0.13
0.13
CorWatt	PkgWatt
10.67	159.93
0.08	75.28
0.08
0.08
0.08
0.07
0.07
0.07
0.07
0.06
0.06
0.06
0.06
0.06
0.06
0.06
0.06
0.07
0.07
0.07
0.07
0.08
0.07
0.07
0.07
0.07
0.06
0.06
0.07
0.06
0.06
0.06
0.06
0.14	84.68
0.14
0.14
0.14
0.14
0.14
0.14
0.14
0.13
0.13
0.13
0.13
0.13
0.13
0.13
0.13
0.14
0.14
0.14
0.14
0.14
0.14
0.14
0.14
0.18
4.18
0.18
0.18
0.13
0.13
0.13
0.14
CorWatt	PkgWatt
10.70	159.99
0.08	75.36
0.08
0.08
0.08
0.07
0.07
0.07
0.07
0.06
0.06
0.06
0.06
0.06
0.06
0.06
0.06
0.08
0.08
0.08
0.08
0.08
0.07
0.07
0.07
0.06
0.06
0.06
0.07
0.06
0.06
0.06
0.06
0.14	84.67
0.14
0.14
0.14
0.14
0.14
0.14
0.14
0.13
0.13
0.13
0.13
0.13
0.13
0.13
0.13
0.14
0.14
0.14
0.14
0.14
0.14
0.14
0.14
0.18
4.18
0.18
0.18
0.13
0.13
0.13
0.13
CorWatt	PkgWatt
10.85	160.19
0.08	75.49
0.08
0.08
0.08
0.07
0.08
0.07
0.07
0.06
0.06
0.06
0.06
0.07
0.14
0.06
0.07
0.08
0.08
0.08
0.08
0.08
0.07
0.07
0.07
0.07
0.07
0.07
0.07
0.06
0.06
0.06
0.06
0.14	84.66
0.14
0.14
0.14
0.14
0.14
0.14
0.14
0.13
0.13
0.13
0.13
0.13
0.13
0.13
0.13
0.14
0.14
0.14
0.14
0.14
0.14
0.14
0.14
0.18
4.18
0.18
0.18
0.13
0.13
0.13
0.13
CorWatt	PkgWatt
10.55	162.05
0.08	76.21
0.08
0.07
0.07
0.07
0.07
0.07
0.07
0.06
0.06
0.06
0.06
0.06
0.06
0.06
0.06
0.07
0.07
0.07
0.07
0.08
0.07
0.07
0.07
0.06
0.06
0.06
0.06
0.06
0.06
0.06
0.06
0.15	85.81
0.14
0.24
0.14
0.14
0.14
0.14
0.14
0.13
0.12
0.12
0.12
0.13
0.13
0.13
0.12
0.14
0.14
0.14
0.14
0.14
0.14
0.14
0.14
0.18
4.07
0.18
0.18
0.13
0.13
0.13
0.13
CorWatt	PkgWatt
10.54	180.90
0.08	85.19
0.07
0.07
0.07
0.07
0.07
0.06
0.07
0.06
0.06
0.06
0.06
0.06
0.06
0.06
0.06
0.07
0.07
0.07
0.07
0.07
0.06
0.07
0.06
0.06
0.06
0.06
0.06
0.06
0.06
0.06
0.06
0.18	95.83
0.18
0.81
0.18
0.14
0.14
0.14
0.14
0.13
0.13
0.13
0.13
0.13
0.13
0.13
0.13
0.14
0.14
0.14
0.14
0.15
0.15
0.15
0.15
0.18
3.32
0.18
0.18
0.13
0.13
0.13
0.14
CorWatt	PkgWatt
10.67	160.24
0.08	75.44
0.08
0.08
0.08
0.07
0.07
0.07
0.07
0.06
0.06
0.06
0.06
0.06
0.06
0.06
0.06
0.08
0.07
0.07
0.07
0.08
0.07
0.07
0.07
0.06
0.06
0.06
0.06
0.06
0.06
0.06
0.06
0.14	84.69
0.14
0.14
0.14
0.14
0.14
0.14
0.14
0.13
0.13
0.13
0.13
0.13
0.13
0.13
0.13
0.14
0.14
0.14
0.14
0.14
0.14
0.14
0.14
0.18
4.18
0.18
0.18
0.13
0.13
0.13
0.13
CorWatt	PkgWatt
10.68	159.97
0.08	75.27
0.08
0.08
0.08
0.07
0.07
0.07
0.07
0.06
0.06
0.06
0.06
0.06
0.06
0.06
0.06
0.08
0.07
0.07
0.07
0.08
0.07
0.07
0.07
0.06
0.06
0.06
0.06
0.06
0.06
0.06
0.06
0.14	84.71
0.14
0.15
0.14
0.14
0.14
0.14
0.14
0.13
0.13
0.13
0.13
0.13
0.13
0.13
0.13
0.14
0.14
0.14
0.14
0.14
0.14
0.14
0.14
0.18
4.19
0.18
0.18
0.13
0.13
0.13
0.13
CorWatt	PkgWatt
10.56	159.65
0.08	75.09
0.07
0.07
0.07
0.07
0.07
0.07
0.07
0.06
0.06
0.06
0.06
0.06
0.06
0.06
0.06
0.07
0.07
0.07
0.07
0.08
0.07
0.07
0.07
0.06
0.06
0.06
0.06
0.06
0.06
0.06
0.06
0.14	84.66
0.14
0.14
0.14
0.14
0.14
0.14
0.14
0.13
0.13
0.13
0.12
0.13
0.12
0.13
0.13
0.14
0.14
0.14
0.14
0.14
0.14
0.14
0.14
0.18
4.18
0.18
0.18
0.13
0.13
0.13
0.13
CorWatt	PkgWatt
6.01	153.38
0.08	75.12
0.08
0.07
0.07
0.07
0.07
0.07
0.07
0.06
0.06
0.06
0.06
0.06
0.06
0.06
0.06
0.07
0.07
0.07
0.07
0.08
0.07
0.07
0.07
0.06
0.06
0.06
0.06
0.06
0.06
0.06
0.06
0.09	78.22
0.09
0.09
0.08
0.09
0.09
0.08
0.08
0.08
0.07
0.07
0.07
0.07
0.07
0.08
0.07
0.08
0.08
0.08
0.08
0.09
0.09
0.09
0.09
0.09
1.34
0.10
0.10
0.08
0.08
0.08
0.09
CorWatt	PkgWatt
3.94	150.29
0.08	75.10
0.07
0.07
0.07
0.07
0.07
0.07
0.07
0.06
0.06
0.06
0.06
0.06
0.06
0.06
0.06
0.07
0.07
0.07
0.07
0.08
0.07
0.07
0.07
0.06
0.06
0.06
0.06
0.06
0.06
0.06
0.06
0.07	75.25
0.06
0.06
0.06
0.06
0.06
0.06
0.06
0.05
0.05
0.05
0.05
0.05
0.05
0.05
0.05
0.06
0.06
0.06
0.06
0.07
0.07
0.07
0.07
0.06
0.06
0.06
0.06
0.06
0.05
0.05
0.06
CorWatt	PkgWatt
4.24	157.82
0.08	78.88
0.08
0.08
0.08
0.07
0.08
0.07
0.07
0.06
0.07
0.07
0.07
0.07
0.06
0.07
0.07
0.07
0.07
0.08
0.07
0.08
0.07
0.07
0.07
0.06
0.07
0.06
0.07
0.06
0.07
0.07
0.07
0.07	78.94
0.07
0.07
0.06
0.07
0.07
0.06
0.06
0.06
0.06
0.05
0.06
0.06
0.05
0.06
0.06
0.06
0.06
0.06
0.06
0.08
0.07
0.07
0.07
0.06
0.06
0.06
0.06
0.06
0.06
0.05
0.06
CorWatt	PkgWatt
3.96	150.39
0.08	75.13
0.08
0.07
0.07
0.07
0.07
0.07
0.07
0.06
0.06
0.06
0.06
0.06
0.06
0.06
0.06
0.07
0.07
0.07
0.07
0.08
0.07
0.07
0.07
0.06
0.06
0.06
0.06
0.06
0.06
0.06
0.06
0.06	75.17
0.06
0.06
0.06
0.06
0.06
0.06
0.06
0.05
0.05
0.05
0.05
0.05
0.05
0.05
0.05
0.06
0.06
0.05
0.05
0.07
0.07
0.07
0.07
0.05
0.06
0.06
0.06
0.06
0.05
0.05
0.06
CorWatt	PkgWatt
3.92	150.26
0.08	75.35
0.08
0.08
0.08
0.07
0.07
0.07
0.07
0.06
0.06
0.06
0.06
0.06
0.13
0.06
0.06
0.07
0.07
0.07
0.07
0.08
0.07
0.07
0.07
0.06
0.06
0.06
0.06
0.06
0.06
0.06
0.06
0.06	74.93
0.05
0.05
0.05
0.06
0.05
0.05
0.05
0.05
0.05
0.05
0.05
0.05
0.05
0.05
0.05
0.05
0.05
0.05
0.05
0.06
0.06
0.06
0.06
0.05
0.05
0.05
0.05
0.05
0.05
0.05
0.05
CorWatt	PkgWatt
4.01	150.41
0.08	75.30
0.08
0.08
0.08
0.07
0.07
0.07
0.07
0.06
0.06
0.06
0.06
0.06
0.06
0.06
0.06
0.08
0.07
0.07
0.07
0.08
0.07
0.07
0.07
0.06
0.06
0.06
0.06
0.06
0.06
0.06
0.06
0.06	75.17
0.06
0.06
0.06
0.06
0.06
0.06
0.06
0.05
0.05
0.05
0.05
0.05
0.05
0.05
0.05
0.06
0.06
0.05
0.06
0.07
0.07
0.07
0.07
0.06
0.06
0.05
0.06
0.05
0.05
0.05
0.05
CorWatt	PkgWatt
3.91	150.37
0.08	75.17
0.08
0.08
0.08
0.07
0.07
0.07
0.07
0.06
0.06
0.06
0.06
0.06
0.06
0.06
0.06
0.07
0.07
0.07
0.07
0.08
0.07
0.07
0.07
0.06
0.06
0.06
0.06
0.06
0.06
0.06
0.06
0.06	75.12
0.05
0.06
0.05
0.06
0.06
0.06
0.05
0.05
0.05
0.05
0.05
0.05
0.05
0.05
0.05
0.05
0.05
0.05
0.05
0.07
0.07
0.07
0.07
0.05
0.06
0.05
0.05
0.05
0.05
0.05
0.05
CorWatt	PkgWatt
8.56	156.74
0.08	75.21
0.08
0.08
0.08
0.07
0.07
0.07
0.07
0.06
0.06
0.06
0.06
0.06
0.06
0.06
0.06
0.07
0.07
0.07
0.07
0.08
0.07
0.07
0.07
0.06
0.06
0.06
0.06
0.06
0.06
0.06
0.06
0.11	81.66
0.11
0.11
0.11
0.15
0.15
0.15
2.91
0.11
0.10
0.10
0.10
0.10
0.10
0.10
0.10
0.11
0.11
0.11
0.11
0.12
0.12
0.12
0.12
0.11
0.11
0.11
0.11
0.11
0.10
0.10
0.11
CorWatt	PkgWatt
10.57	159.89
0.08	75.21
0.08
0.08
0.08
0.07
0.07
0.07
0.07
0.06
0.06
0.06
0.06
0.06
0.06
0.06
0.06
0.07
0.07
0.07
0.07
0.08
0.07
0.07
0.07
0.06
0.06
0.06
0.06
0.06
0.06
0.06
0.06
0.14	84.52
0.14
0.14
0.14
0.19
0.19
0.19
4.14
0.13
0.12
0.12
0.12
0.13
0.12
0.13
0.12
0.14
0.14
0.14
0.14
0.14
0.14
0.14
0.14
0.13
0.13
0.13
0.13
0.13
0.13
0.13
0.13
CorWatt	PkgWatt
6.09	157.06
0.08	77.30
0.08
0.08
0.08
0.07
0.07
0.07
0.07
0.06
0.06
0.06
0.08
0.06
0.06
0.06
0.06
0.08
0.08
0.08
0.08
0.08
0.07
0.07
0.07
0.07
0.06
0.07
0.06
0.06
0.06
0.06
0.06
0.09	79.87
0.10
0.09
0.09
0.10
0.10
0.10
1.26
0.08
0.08
0.08
0.08
0.08
0.08
0.08
0.08
0.08
0.08
0.08
0.08
0.09
0.09
0.09
0.09
0.08
0.08
0.08
0.08
0.08
0.08
0.08
0.08
CorWatt	PkgWatt
3.88	150.35
0.07	75.12
0.07
0.07
0.07
0.07
0.07
0.07
0.07
0.06
0.06
0.06
0.06
0.06
0.06
0.06
0.06
0.07
0.07
0.07
0.07
0.08
0.07
0.07
0.07
0.06
0.06
0.06
0.06
0.06
0.06
0.06
0.06
0.06	75.15
0.06
0.06
0.06
0.06
0.06
0.06
0.06
0.05
0.05
0.05
0.05
0.05
0.05
0.05
0.05
0.05
0.05
0.05
0.05
0.07
0.07
0.07
0.07
0.05
0.06
0.05
0.05
0.05
0.05
0.05
0.06
CorWatt	PkgWatt
3.76	150.05
0.07	75.08
0.07
0.07
0.07
0.07
0.07
0.06
0.07
0.06
0.06
0.06
0.06
0.06
0.06
0.06
0.06
0.07
0.07
0.07
0.07
0.08
0.07
0.07
0.07
0.06
0.06
0.06
0.06
0.06
0.06
0.06
0.06
0.06	74.99
0.06
0.05
0.05
0.06
0.05
0.05
0.06
0.05
0.05
0.05
0.05
0.05
0.05
0.05
0.05
0.05
0.05
0.05
0.05
0.06
0.06
0.06
0.06
0.05
0.05
0.05
0.05
0.05
0.05
0.05
0.05
CorWatt	PkgWatt
3.78	149.90
0.08	75.10
0.08
0.07
0.07
0.07
0.07
0.07
0.07
0.06
0.06
0.06
0.06
0.06
0.06
0.06
0.06
0.07
0.07
0.07
0.07
0.08
0.07
0.07
0.07
0.06
0.06
0.06
0.06
0.06
0.06
0.06
0.06
0.05	74.89
0.05
0.05
0.05
0.05
0.05
0.05
0.05
0.05
0.05
0.05
0.05
0.05
0.05
0.05
0.05
0.05
0.05
0.05
0.05
0.06
0.06
0.06
0.06
0.05
0.05
0.05
0.05
0.05
0.05
0.05
0.05
CorWatt	PkgWatt
8.89	157.50
0.08	75.42
0.08
0.08
0.08
0.07
0.07
0.07
0.07
0.06
0.06
0.06
0.06
0.06
0.06
0.06
0.06
0.08
0.08
0.08
0.08
0.08
0.07
0.07
0.07
0.07
0.07
0.07
0.07
0.06
0.06
0.06
0.06
0.11	81.95
0.11
0.11
0.11
0.15
0.15
0.15
3.15
0.10
0.10
0.10
0.10
0.10
0.10
0.10
0.10
0.11
0.11
0.11
0.11
0.12
0.12
0.12
0.12
0.11
0.11
0.11
0.11
0.10
0.10
0.10
0.11
CorWatt	PkgWatt
11.41	164.39
0.09	77.57
0.09
0.08
0.08
0.08
0.08
0.08
0.08
0.07
0.07
0.07
0.07
0.08
0.15
0.07
0.07
0.09
0.09
0.09
0.09
0.09
0.08
0.08
0.08
0.07
0.07
0.07
0.07
0.07
0.07
0.07
0.07
0.15	86.88
0.14
0.14
0.14
0.20
0.20
0.20
4.43
0.13
0.13
0.13
0.13
0.13
0.13
0.13
0.13
0.14
0.15
0.15
0.14
0.14
0.14
0.15
0.14
0.14
0.13
0.13
0.13
0.13
0.13
0.13
0.14
CorWatt	PkgWatt
5.86	152.89
0.08	75.11
0.07
0.07
0.07
0.07
0.07
0.07
0.07
0.06
0.06
0.06
0.06
0.06
0.06
0.06
0.06
0.07
0.07
0.07
0.07
0.08
0.07
0.07
0.07
0.06
0.06
0.06
0.06
0.06
0.06
0.06
0.06
0.08	77.85
0.08
0.08
0.08
0.10
0.10
0.10
1.31
0.07
0.07
0.07
0.07
0.07
0.07
0.07
0.07
0.08
0.08
0.08
0.08
0.09
0.09
0.09
0.09
0.08
0.08
0.07
0.07
0.07
0.07
0.07
0.07
CorWatt	PkgWatt
3.78	150.07
0.07	75.06
0.07
0.07
0.07
0.07
0.07
0.07
0.07
0.06
0.06
0.06
0.06
0.06
0.06
0.06
0.06
0.07
0.07
0.07
0.07
0.08
0.07
0.07
0.07
0.06
0.06
0.06
0.06
0.06
0.06
0.06
0.06
0.06	74.93
0.05
0.05
0.05
0.06
0.05
0.05
0.05
0.05
0.05
0.05
0.05
0.05
0.05
0.05
0.05
0.05
0.05
0.05
0.05
0.06
0.06
0.06
0.06
0.05
0.05
0.05
0.05
0.05
0.05
0.05
0.05
CorWatt	PkgWatt
4.03	150.46
0.08	75.34
0.08
0.08
0.08
0.07
0.07
0.07
0.07
0.06
0.06
0.06
0.06
0.06
0.06
0.06
0.06
0.08
0.08
0.08
0.08
0.08
0.07
0.07
0.07
0.07
0.06
0.06
0.06
0.06
0.06
0.06
0.07
0.06	75.15
0.06
0.06
0.06
0.06
0.06
0.06
0.06
0.05
0.05
0.05
0.05
0.05
0.05
0.05
0.05
0.06
0.06
0.06
0.06
0.07
0.07
0.07
0.07
0.05
0.06
0.05
0.05
0.05
0.05
0.05
0.05
CorWatt	PkgWatt
8.88	157.46
0.08	75.38
0.08
0.08
0.08
0.07
0.08
0.07
0.07
0.06
0.06
0.06
0.06
0.06
0.06
0.06
0.06
0.08
0.08
0.08
0.08
0.08
0.07
0.07
0.07
0.07
0.06
0.06
0.06
0.06
0.06
0.06
0.06
0.12	82.00
0.12
0.12
0.12
0.15
0.15
0.16
3.06
0.11
0.11
0.11
0.11
0.11
0.11
0.11
0.11
0.12
0.12
0.12
0.12
0.12
0.12
0.12
0.12
0.11
0.11
0.11
0.11
0.11
0.11
0.11
0.11
CorWatt	PkgWatt
10.57	159.74
0.08	75.15
0.08
0.08
0.08
0.07
0.07
0.07
0.07
0.06
0.06
0.06
0.06
0.06
0.06
0.06
0.06
0.07
0.07
0.07
0.07
0.08
0.07
0.07
0.07
0.06
0.06
0.06
0.06
0.06
0.06
0.06
0.06
0.14	84.60
0.14
0.14
0.14
0.19
0.19
0.19
4.20
0.12
0.12
0.12
0.12
0.12
0.12
0.12
0.12
0.14
0.14
0.14
0.14
0.14
0.14
0.14
0.14
0.13
0.13
0.13
0.13
0.13
0.12
0.12
0.13
CorWatt	PkgWatt
10.63	159.65
0.08	75.22
0.08
0.08
0.08
0.07
0.07
0.07
0.07
0.06
0.06
0.06
0.06
0.06
0.06
0.06
0.06
0.07
0.07
0.07
0.07
0.08
0.07
0.07
0.07
0.06
0.06
0.06
0.06
0.06
0.06
0.06
0.06
0.14	84.55
0.14
0.14
0.14
0.19
0.19
0.19
4.20
0.13
0.13
0.13
0.13
0.13
0.12
0.13
0.12
0.14
0.14
0.14
0.14
0.14
0.14
0.14
0.14
0.13
0.13
0.13
0.13
0.13
0.13
0.13
0.13
CorWatt	PkgWatt
10.74	160.24
0.09	75.47
0.08
0.08
0.08
0.07
0.07
0.07
0.07
0.06
0.06
0.06
0.06
0.06
0.06
0.06
0.06
0.08
0.08
0.08
0.08
0.08
0.07
0.07
0.07
0.07
0.07
0.07
0.07
0.06
0.06
0.06
0.06
0.14	84.61
0.14
0.14
0.14
0.19
0.19
0.19
4.20
0.13
0.13
0.13
0.13
0.13
0.12
0.13
0.12
0.14
0.14
0.14
0.14
0.14
0.14
0.14
0.14
0.13
0.13
0.13
0.13
0.13
0.13
0.13
0.13
CorWatt	PkgWatt
10.67	160.32
0.08	75.50
0.08
0.08
0.08
0.07
0.07
0.07
0.10
0.06
0.06
0.06
0.06
0.06
0.06
0.06
0.06
0.07
0.07
0.07
0.07
0.08
0.07
0.07
0.07
0.06
0.06
0.06
0.06
0.06
0.06
0.06
0.06
0.14	84.84
0.14
0.14
0.14
0.19
0.19
0.19
4.19
0.13
0.13
0.12
0.13
0.13
0.13
0.13
0.12
0.14
0.14
0.14
0.14
0.14
0.14
0.14
0.14
0.13
0.13
0.13
0.13
0.13
0.13
0.13
0.13
CorWatt	PkgWatt
10.58	163.01
0.08	76.93
0.08
0.07
0.07
0.07
0.07
0.07
0.07
0.06
0.06
0.06
0.06
0.06
0.06
0.06
0.06
0.07
0.07
0.07
0.07
0.08
0.07
0.07
0.07
0.06
0.06
0.06
0.06
0.06
0.06
0.06
0.06
0.14	86.20
0.14
0.14
0.14
0.19
0.19
0.19
4.19
0.12
0.12
0.12
0.12
0.12
0.12
0.12
0.12
0.14
0.14
0.14
0.14
0.14
0.14
0.14
0.14
0.13
0.13
0.13
0.13
0.13
0.13
0.13
0.13
CorWatt	PkgWatt
10.74	160.14
0.08	75.40
0.08
0.08
0.08
0.07
0.07
0.07
0.07
0.06
0.06
0.06
0.06
0.06
0.13
0.06
0.06
0.08
0.08
0.08
0.08
0.08
0.07
0.07
0.07
0.06
0.06
0.06
0.06
0.06
0.06
0.06
0.06
0.14	84.63
0.14
0.14
0.14
0.19
0.19
0.19
4.19
0.12
0.12
0.12
0.12
0.12
0.12
0.13
0.12
0.14
0.14
0.14
0.14
0.14
0.14
0.14
0.14
0.13
0.13
0.13
0.13
0.13
0.13
0.13
0.13
CorWatt	PkgWatt
10.72	160.05
0.09	75.45
0.08
0.08
0.08
0.07
0.07
0.07
0.07
0.06
0.06
0.06
0.06
0.06
0.06
0.06
0.06
0.08
0.08
0.08
0.08
0.09
0.07
0.07
0.07
0.07
0.07
0.07
0.07
0.06
0.06
0.06
0.06
0.14	84.57
0.14
0.14
0.14
0.19
0.19
0.19
4.20
0.13
0.13
0.13
0.13
0.13
0.12
0.13
0.12
0.14
0.14
0.14
0.14
0.14
0.14
0.14
0.14
0.13
0.13
0.13
0.13
0.13
0.13
0.13
0.13
CorWatt	PkgWatt
10.63	159.74
0.08	75.18
0.08
0.07
0.07
0.07
0.07
0.07
0.07
0.06
0.06
0.06
0.06
0.06
0.06
0.06
0.06
0.07
0.07
0.07
0.07
0.08
0.07
0.07
0.07
0.06
0.06
0.06
0.06
0.06
0.06
0.06
0.06
0.14	84.69
0.14
0.14
0.14
0.19
0.19
0.19
4.20
0.13
0.13
0.13
0.13
0.13
0.13
0.13
0.13
0.14
0.14
0.14
0.14
0.14
0.14
0.14
0.14
0.13
0.14
0.13
0.13
0.13
0.13
0.13
0.13
CorWatt	PkgWatt
10.70	160.02
0.09	75.33
0.08
0.08
0.08
0.08
0.07
0.07
0.07
0.06
0.06
0.06
0.06
0.06
0.06
0.06
0.06
0.08
0.08
0.08
0.08
0.08
0.07
0.07
0.07
0.07
0.07
0.07
0.06
0.06
0.06
0.06
0.06
0.14	84.60
0.14
0.14
0.14
0.19
0.19
0.19
4.20
0.13
0.12
0.12
0.13
0.13
0.12
0.12
0.12
0.14
0.14
0.14
0.14
0.14
0.14
0.14
0.14
0.13
0.14
0.13
0.13
0.13
0.13
0.13
0.13
CorWatt	PkgWatt
10.65	159.98
0.08	75.34
0.08
0.08
0.08
0.07
0.07
0.07
0.07
0.06
0.06
0.06
0.06
0.06
0.06
0.06
0.06
0.08
0.08
0.07
0.08
0.08
0.07
0.07
0.07
0.06
0.06
0.06
0.06
0.06
0.06
0.06
0.06
0.14	84.60
0.14
0.14
0.14
0.19
0.19
0.19
4.21
0.13
0.13
0.12
0.12
0.12
0.12
0.13
0.12
0.14
0.14
0.14
0.14
0.14
0.14
0.14
0.14
0.13
0.13
0.13
0.13
0.13
0.13
0.13
0.13
CorWatt	PkgWatt
10.79	160.07
0.09	75.42
0.08
0.08
0.08
0.08
0.08
0.07
0.07
0.06
0.06
0.06
0.06
0.06
0.06
0.06
0.06
0.08
0.08
0.08
0.08
0.09
0.07
0.07
0.07
0.07
0.07
0.07
0.07
0.06
0.06
0.06
0.06
0.14	84.72
0.15
0.14
0.14
0.19
0.19
0.19
4.20
0.13
0.13
0.13
0.13
0.13
0.13
0.13
0.13
0.14
0.14
0.14
0.14
0.14
0.14
0.14
0.14
0.13
0.14
0.13
0.13
0.13
0.13
0.13
0.13
CorWatt	PkgWatt
10.62	159.66
0.08	75.06
0.08
0.07
0.07
0.07
0.07
0.07
0.07
0.06
0.06
0.06
0.06
0.06
0.06
0.06
0.06
0.07
0.07
0.07
0.07
0.08
0.07
0.07
0.07
0.06
0.06
0.06
0.06
0.06
0.06
0.06
0.06
0.14	84.69
0.14
0.14
0.14
0.19
0.19
0.19
4.20
0.13
0.13
0.13
0.13
0.13
0.13
0.13
0.13
0.14
0.14
0.14
0.14
0.14
0.14
0.14
0.14
0.13
0.14
0.13
0.13
0.13
0.13
0.13
0.13
CorWatt	PkgWatt
10.53	159.89
0.08	75.14
0.07
0.07
0.07
0.07
0.07
0.06
0.07
0.06
0.06
0.06
0.06
0.06
0.06
0.06
0.06
0.07
0.07
0.07
0.07
0.08
0.07
0.07
0.07
0.06
0.06
0.06
0.06
0.06
0.06
0.06
0.06
0.14	84.57
0.14
0.14
0.14
0.19
0.19
0.19
4.19
0.12
0.12
0.12
0.12
0.12
0.12
0.12
0.12
0.14
0.14
0.14
0.14
0.14
0.14
0.14
0.14
0.13
0.13
0.13
0.13
0.12
0.12
0.12
0.13
CorWatt	PkgWatt
10.58	159.79
0.08	75.20
0.08
0.08
0.08
0.07
0.07
0.07
0.07
0.06
0.06
0.06
0.06
0.06
0.06
0.06
0.06
0.07
0.07
0.07
0.07
0.08
0.07
0.07
0.07
0.06
0.06
0.06
0.06
0.06
0.06
0.06
0.06
0.14	84.61
0.14
0.14
0.14
0.19
0.19
0.19
4.19
0.12
0.12
0.12
0.12
0.12
0.12
0.13
0.12
0.14
0.14
0.14
0.14
0.14
0.14
0.14
0.14
0.13
0.13
0.13
0.13
0.13
0.12
0.13
0.13
CorWatt	PkgWatt
10.84	160.02
0.09	75.46
0.08
0.08
0.08
0.08
0.08
0.07
0.08
0.07
0.07
0.06
0.06
0.06
0.06
0.06
0.07
0.08
0.08
0.08
0.08
0.08
0.07
0.08
0.07
0.07
0.07
0.07
0.07
0.07
0.07
0.07
0.07
0.14	84.63
0.14
0.14
0.14
0.19
0.19
0.19
4.20
0.13
0.13
0.13
0.13
0.13
0.13
0.13
0.13
0.14
0.14
0.14
0.14
0.14
0.14
0.14
0.14
0.13
0.14
0.13
0.13
0.13
0.13
0.13
0.13
CorWatt	PkgWatt
10.91	160.49
0.09	75.73
0.09
0.08
0.08
0.08
0.08
0.07
0.08
0.07
0.07
0.06
0.06
0.07
0.14
0.07
0.07
0.08
0.08
0.08
0.08
0.09
0.08
0.08
0.08
0.07
0.07
0.07
0.07
0.06
0.06
0.07
0.07
0.14	84.69
0.14
0.14
0.14
0.19
0.19
0.19
4.19
0.12
0.12
0.12
0.12
0.12
0.13
0.13
0.12
0.14
0.14
0.14
0.14
0.14
0.14
0.14
0.14
0.13
0.13
0.13
0.13
0.13
0.13
0.13
0.13
CorWatt	PkgWatt
10.54	159.59
0.08	75.05
0.07
0.07
0.07
0.07
0.07
0.07
0.07
0.06
0.06
0.06
0.06
0.06
0.06
0.06
0.06
0.07
0.07
0.07
0.07
0.08
0.07
0.07
0.07
0.06
0.06
0.06
0.06
0.06
0.06
0.06
0.06
0.15	84.57
0.14
0.14
0.14
0.19
0.19
0.19
4.19
0.12
0.12
0.12
0.12
0.12
0.13
0.13
0.12
0.14
0.14
0.14
0.14
0.14
0.14
0.14
0.14
0.13
0.13
0.13
0.13
0.13
0.13
0.13
0.13
CorWatt	PkgWatt
10.67	159.93
0.08	75.25
0.08
0.08
0.08
0.07
0.07
0.07
0.07
0.06
0.06
0.06
0.06
0.06
0.06
0.06
0.06
0.07
0.07
0.07
0.07
0.08
0.07
0.07
0.07
0.06
0.06
0.06
0.06
0.06
0.06
0.06
0.06
0.14	84.74
0.14
0.14
0.14
0.19
0.19
0.19
4.20
0.13
0.13
0.13
0.13
0.13
0.13
0.13
0.13
0.14
0.14
0.14
0.14
0.14
0.14
0.14
0.14
0.13
0.14
0.13
0.13
0.13
0.13
0.13
0.14
CorWatt	PkgWatt
10.85	160.34
0.09	75.54
0.08
0.08
0.08
0.08
0.08
0.07
0.08
0.07
0.07
0.07
0.07
0.06
0.06
0.06
0.06
0.08
0.08
0.08
0.08
0.09
0.08
0.08
0.08
0.07
0.07
0.07
0.07
0.07
0.07
0.06
0.07
0.14	84.70
0.14
0.14
0.14
0.19
0.19
0.19
4.20
0.13
0.13
0.13
0.13
0.13
0.13
0.13
0.13
0.14
0.14
0.14
0.14
0.14
0.14
0.14
0.14
0.13
0.14
0.13
0.13
0.13
0.13
0.13
0.13
CorWatt	PkgWatt
10.70	159.93
0.08	75.27
0.08
0.08
0.08
0.07
0.07
0.07
0.07
0.06
0.06
0.06
0.06
0.06
0.06
0.06
0.06
0.07
0.07
0.07
0.07
0.08
0.07
0.07
0.07
0.06
0.06
0.06
0.06
0.06
0.06
0.06
0.06
0.14	84.67
0.14
0.14
0.14
0.19
0.19
0.19
4.20
0.13
0.13
0.13
0.13
0.13
0.13
0.13
0.13
0.14
0.14
0.14
0.14
0.14
0.14
0.14
0.14
0.13
0.14
0.13
0.13
0.13
0.13
0.13
0.13
CorWatt	PkgWatt
10.63	159.82
0.08	75.29
0.08
0.08
0.08
0.07
0.07
0.07
0.07
0.06
0.06
0.06
0.06
0.06
0.06
0.06
0.06
0.07
0.07
0.07
0.07
0.08
0.07
0.07
0.07
0.06
0.06
0.06
0.06
0.06
0.06
0.06
0.06
0.14	84.63
0.14
0.14
0.14
0.19
0.19
0.19
4.19
0.13
0.13
0.13
0.13
0.12
0.12
0.13
0.12
0.14
0.14
0.14
0.14
0.14
0.14
0.14
0.14
0.13
0.13
0.13
0.13
0.13
0.13
0.13
0.13
CorWatt	PkgWatt
10.63	159.87
0.08	75.20
0.08
0.08
0.08
0.07
0.07
0.07
0.07
0.06
0.06
0.06
0.06
0.06
0.06
0.06
0.06
0.07
0.07
0.07
0.07
0.08
0.07
0.07
0.07
0.06
0.06
0.06
0.06
0.06
0.06
0.06
0.06
0.14	84.57
0.14
0.14
0.14
0.19
0.19
0.19
4.20
0.13
0.13
0.13
0.13
0.13
0.12
0.13
0.12
0.14
0.14
0.14
0.14
0.14
0.14
0.14
0.14
0.13
0.13
0.13
0.13
0.13
0.13
0.13
0.13
CorWatt	PkgWatt
10.90	160.37
0.09	75.59
0.08
0.08
0.08
0.08
0.08
0.08
0.07
0.07
0.07
0.07
0.07
0.07
0.06
0.06
0.06
0.08
0.08
0.08
0.08
0.09
0.08
0.08
0.08
0.07
0.07
0.07
0.07
0.07
0.07
0.07
0.07
0.15	84.76
0.14
0.14
0.14
0.19
0.19
0.19
4.20
0.13
0.13
0.13
0.13
0.13
0.13
0.13
0.13
0.14
0.14
0.14
0.14
0.14
0.14
0.14
0.14
0.14
0.14
0.13
0.13
0.13
0.13
0.13
0.13
CorWatt	PkgWatt
10.65	159.75
0.08	75.23
0.08
0.08
0.08
0.07
0.07
0.07
0.07
0.06
0.06
0.06
0.06
0.06
0.06
0.06
0.06
0.07
0.07
0.07
0.07
0.08
0.07
0.07
0.07
0.06
0.06
0.06
0.06
0.06
0.06
0.06
0.06
0.14	84.63
0.14
0.14
0.14
0.19
0.19
0.19
4.20
0.13
0.13
0.13
0.13
0.13
0.12
0.13
0.12
0.14
0.14
0.14
0.14
0.14
0.14
0.14
0.14
0.13
0.14
0.13
0.13
0.13
0.13
0.13
0.13
CorWatt	PkgWatt
11.10	160.79
0.09	76.07
0.09
0.09
0.09
0.08
0.08
0.08
0.08
0.07
0.07
0.07
0.07
0.07
0.07
0.07
0.11
0.09
0.09
0.09
0.11
0.10
0.08
0.08
0.08
0.08
0.08
0.07
0.08
0.07
0.07
0.07
0.07
0.14	84.71
0.14
0.14
0.14
0.19
0.19
0.19
4.19
0.13
0.13
0.13
0.13
0.12
0.12
0.13
0.13
0.14
0.14
0.14
0.14
0.14
0.14
0.14
0.14
0.13
0.14
0.13
0.13
0.13
0.13
0.13
0.13
CorWatt	PkgWatt
11.64	161.34
0.11	76.74
0.11
0.10
0.10
0.09
0.09
0.09
0.09
0.08
0.08
0.08
0.08
0.09
0.16
0.08
0.08
0.10
0.11
0.10
0.10
0.15
0.10
0.10
0.10
0.10
0.09
0.09
0.11
0.08
0.09
0.08
0.12
0.14	84.68
0.14
0.14
0.14
0.19
0.19
0.19
4.19
0.13
0.13
0.13
0.13
0.13
0.13
0.13
0.13
0.14
0.14
0.14
0.14
0.14
0.14
0.14
0.14
0.13
0.14
0.13
0.13
0.13
0.13
0.13
0.13
CorWatt	PkgWatt
11.26	161.03
0.11	76.22
0.11
0.10
0.09
0.09
0.09
0.09
0.08
0.07
0.07
0.07
0.08
0.07
0.07
0.07
0.07
0.09
0.09
0.09
0.09
0.10
0.09
0.09
0.09
0.08
0.09
0.09
0.08
0.08
0.08
0.08
0.08
0.14	84.68
0.14
0.14
0.14
0.19
0.19
0.19
4.20
0.13
0.13
0.13
0.13
0.13
0.13
0.13
0.13
0.14
0.14
0.14
0.14
0.14
0.14
0.14
0.14
0.14
0.14
0.13
0.13
0.13
0.13
0.13
0.13
CorWatt	PkgWatt
11.36	161.18
0.11	76.44
0.14
0.11
0.10
0.09
0.10
0.10
0.09
0.08
0.08
0.07
0.08
0.08
0.08
0.07
0.11
0.09
0.09
0.09
0.09
0.10
0.09
0.09
0.09
0.08
0.08
0.08
0.08
0.08
0.08
0.07
0.08
0.14	84.75
0.14
0.14
0.14
0.19
0.19
0.19
4.19
0.13
0.13
0.13
0.13
0.13
0.13
0.13
0.13
0.14
0.14
0.14
0.14
0.14
0.14
0.14
0.14
0.13
0.14
0.13
0.13
0.13
0.13
0.13
0.13
CorWatt	PkgWatt
11.22	160.67
0.10	76.12
0.09
0.09
0.09
0.08
0.08
0.08
0.08
0.07
0.07
0.07
0.07
0.08
0.07
0.07
0.08
0.09
0.11
0.10
0.09
0.13
0.09
0.08
0.08
0.08
0.08
0.09
0.08
0.07
0.08
0.07
0.07
0.15	84.66
0.14
0.14
0.14
0.19
0.19
0.19
4.19
0.13
0.13
0.13
0.13
0.13
0.13
0.13
0.13
0.14
0.14
0.14
0.14
0.14
0.14
0.14
0.14
0.13
0.14
0.13
0.13
0.13
0.13
0.13
0.13
CorWatt	PkgWatt
5.47	152.76
0.10	75.93
0.08
0.09
0.08
0.08
0.08
0.08
0.08
0.07
0.07
0.07
0.07
0.07
0.07
0.06
0.07
0.08
0.08
0.08
0.08
0.09
0.08
0.08
0.08
0.08
0.07
0.09
0.08
0.07
0.07
0.07
0.10
0.08	76.78
0.08
0.08
0.07
0.09
0.09
0.08
0.72
0.07
0.07
0.07
0.07
0.07
0.07
0.07
0.07
0.07
0.07
0.07
0.07
0.08
0.08
0.08
0.08
0.07
0.07
0.07
0.07
0.07
0.07
0.07
0.07
CorWatt	PkgWatt
4.61	151.61
0.10	76.12
0.09
0.13
0.09
0.09
0.09
0.08
0.09
0.07
0.07
0.07
0.07
0.07
0.07
0.07
0.07
0.09
0.09
0.08
0.09
0.10
0.08
0.08
0.08
0.08
0.08
0.08
0.08
0.08
0.07
0.07
0.07
0.07	75.43
0.07
0.07
0.06
0.07
0.06
0.06
0.06
0.06
0.06
0.06
0.06
0.06
0.06
0.06
0.06
0.06
0.06
0.06
0.06
0.07
0.07
0.07
0.07
0.06
0.06
0.06
0.06
0.06
0.06
0.06
0.06
CorWatt	PkgWatt
3.83	150.00
0.08	75.09
0.07
0.07
0.07
0.07
0.07
0.07
0.07
0.06
0.06
0.06
0.06
0.06
0.06
0.06
0.06
0.07
0.07
0.07
0.07
0.08
0.07
0.07
0.07
0.06
0.06
0.06
0.06
0.06
0.06
0.06
0.06
0.06	75.00
0.06
0.05
0.05
0.06
0.05
0.05
0.06
0.05
0.05
0.05
0.05
0.05
0.05
0.05
0.05
0.05
0.05
0.05
0.05
0.06
0.06
0.06
0.06
0.05
0.05
0.05
0.05
0.05
0.05
0.05
0.05
CorWatt	PkgWatt
3.92	150.41
0.08	75.20
0.07
0.07
0.07
0.07
0.07
0.07
0.07
0.06
0.06
0.06
0.06
0.06
0.06
0.06
0.06
0.07
0.07
0.07
0.07
0.08
0.07
0.07
0.07
0.06
0.06
0.06
0.06
0.06
0.06
0.06
0.06
0.06	75.12
0.06
0.06
0.06
0.06
0.06
0.06
0.06
0.06
0.05
0.05
0.06
0.05
0.05
0.05
0.06
0.05
0.05
0.05
0.06
0.07
0.07
0.07
0.07
0.05
0.05
0.05
0.05
0.05
0.05
0.05
0.05
CorWatt	PkgWatt
3.78	150.14
0.08	75.10
0.07
0.07
0.07
0.07
0.07
0.07
0.07
0.06
0.06
0.06
0.06
0.06
0.06
0.06
0.06
0.07
0.07
0.07
0.07
0.08
0.07
0.07
0.07
0.06
0.06
0.06
0.06
0.06
0.06
0.06
0.06
0.06	75.01
0.05
0.05
0.05
0.05
0.05
0.05
0.05
0.05
0.05
0.05
0.05
0.05
0.05
0.05
0.05
0.05
0.05
0.05
0.05
0.06
0.06
0.06
0.06
0.05
0.05
0.05
0.05
0.05
0.05
0.05
0.05
CorWatt	PkgWatt
4.22	150.72
0.08	75.54
0.08
0.08
0.08
0.08
0.08
0.08
0.08
0.07
0.07
0.06
0.06
0.06
0.06
0.06
0.06
0.08
0.08
0.08
0.08
0.09
0.08
0.08
0.08
0.07
0.07
0.07
0.07
0.07
0.07
0.06
0.07
0.06	75.26
0.07
0.06
0.06
0.06
0.06
0.06
0.06
0.06
0.06
0.06
0.06
0.06
0.06
0.06
0.06
0.06
0.06
0.06
0.06
0.07
0.07
0.07
0.07
0.06
0.06
0.06
0.06
0.06
0.06
0.06
0.06
CorWatt	PkgWatt
3.86	150.18
0.08	75.17
0.07
0.07
0.07
0.07
0.07
0.07
0.07
0.06
0.06
0.06
0.06
0.06
0.13
0.06
0.06
0.07
0.07
0.07
0.07
0.08
0.07
0.07
0.07
0.06
0.06
0.06
0.06
0.06
0.06
0.06
0.06
0.06	74.95
0.05
0.05
0.05
0.05
0.05
0.05
0.05
0.05
0.05
0.05
0.05
0.05
0.05
0.05
0.05
0.05
0.05
0.05
0.05
0.06
0.06
0.06
0.06
0.05
0.05
0.05
0.05
0.05
0.05
0.05
0.05
CorWatt	PkgWatt
9.28	158.19
0.09	75.38
0.08
0.08
0.08
0.07
0.08
0.07
0.07
0.06
0.06
0.06
0.06
0.06
0.06
0.06
0.06
0.08
0.08
0.08
0.08
0.09
0.07
0.07
0.07
0.06
0.06
0.06
0.06
0.06
0.06
0.06
0.06
0.13	82.77
0.13
0.13
0.13
0.13
0.13
0.13
0.13
0.11
0.11
0.11
0.11
0.11
0.11
0.11
0.11
0.13
0.13
0.13
0.13
0.17
0.17
0.17
3.18
0.12
0.12
0.12
0.12
0.12
0.11
0.11
0.12
CorWatt	PkgWatt
10.18	159.19
0.08	75.17
0.08
0.07
0.07
0.07
0.07
0.07
0.07
0.06
0.06
0.06
0.06
0.06
0.06
0.06
0.06
0.07
0.07
0.07
0.07
0.08
0.07
0.07
0.07
0.06
0.06
0.06
0.06
0.06
0.06
0.06
0.06
0.14	84.13
0.14
0.14
0.14
0.14
0.14
0.14
0.14
0.13
0.13
0.13
0.13
0.13
0.13
0.13
0.13
0.14
0.14
0.14
0.14
0.19
0.19
0.19
3.73
0.13
0.14
0.13
0.13
0.13
0.13
0.13
0.13
CorWatt	PkgWatt
5.14	154.28
0.08	75.61
0.08
0.08
0.08
0.08
0.08
0.07
0.07
0.06
0.07
0.06
0.06
0.06
0.06
0.06
0.06
0.08
0.08
0.08
0.08
0.08
0.07
0.07
0.07
0.07
0.07
0.07
0.07
0.06
0.06
0.06
0.06
0.08	78.57
0.08
0.07
0.07
0.08
0.08
0.07
0.08
0.07
0.07
0.07
0.07
0.07
0.07
0.07
0.08
0.07
0.07
0.07
0.07
0.09
0.09
0.09
0.60
0.07
0.07
0.07
0.07
0.07
0.07
0.07
0.07
CorWatt	PkgWatt
3.75	150.08
0.08	75.10
0.07
0.07
0.08
0.07
0.07
0.07
0.07
0.06
0.06
0.06
0.06
0.06
0.06
0.06
0.06
0.07
0.07
0.07
0.07
0.08
0.07
0.07
0.07
0.06
0.06
0.06
0.06
0.06
0.06
0.06
0.06
0.06	74.99
0.05
0.05
0.05
0.05
0.05
0.05
0.05
0.05
0.05
0.05
0.05
0.05
0.05
0.05
0.05
0.05
0.05
0.05
0.05
0.06
0.06
0.06
0.06
0.05
0.05
0.05
0.05
0.05
0.05
0.05
0.05
CorWatt	PkgWatt
3.78	149.97
0.07	75.10
0.07
0.07
0.07
0.07
0.07
0.07
0.07
0.06
0.06
0.06
0.06
0.06
0.06
0.06
0.06
0.07
0.07
0.07
0.07
0.08
0.07
0.07
0.07
0.06
0.06
0.06
0.06
0.06
0.06
0.06
0.06
0.06	74.98
0.06
0.05
0.05
0.05
0.05
0.05
0.05
0.05
0.05
0.05
0.05
0.05
0.05
0.05
0.05
0.05
0.05
0.05
0.05
0.06
0.06
0.06
0.07
0.05
0.05
0.05
0.05
0.05
0.05
0.05
0.05
CorWatt	PkgWatt
3.77	150.09
0.08	75.06
0.07
0.07
0.07
0.07
0.07
0.07
0.07
0.06
0.06
0.06
0.06
0.06
0.06
0.06
0.06
0.07
0.07
0.07
0.07
0.08
0.07
0.07
0.07
0.06
0.06
0.06
0.06
0.06
0.06
0.06
0.06
0.05	74.93
0.05
0.05
0.05
0.05
0.05
0.05
0.05
0.05
0.05
0.05
0.05
0.05
0.05
0.05
0.05
0.05
0.05
0.05
0.05
0.06
0.06
0.06
0.06
0.05
0.05
0.05
0.05
0.05
0.05
0.05
0.05
CorWatt	PkgWatt
9.75	158.75
0.08	75.54
0.08
0.08
0.08
0.08
0.08
0.07
0.07
0.07
0.07
0.06
0.07
0.06
0.06
0.06
0.06
0.08
0.08
0.08
0.08
0.09
0.08
0.08
0.08
0.07
0.07
0.07
0.07
0.06
0.07
0.06
0.06
0.13	83.18
0.13
0.13
0.13
0.13
0.13
0.13
0.13
0.12
0.12
0.12
0.12
0.12
0.12
0.12
0.12
0.13
0.13
0.13
0.13
0.17
0.17
0.17
3.50
0.12
0.12
0.12
0.12
0.12
0.12
0.12
0.12
CorWatt	PkgWatt
10.53	159.77
0.08	75.22
0.08
0.08
0.08
0.07
0.07
0.07
0.07
0.06
0.06
0.06
0.06
0.06
0.06
0.06
0.06
0.07
0.07
0.07
0.07
0.08
0.07
0.07
0.07
0.06
0.06
0.06
0.06
0.06
0.06
0.06
0.06
0.14	84.64
0.14
0.14
0.14
0.14
0.14
0.14
0.14
0.13
0.13
0.12
0.13
0.13
0.13
0.13
0.13
0.14
0.14
0.14
0.14
0.19
0.19
0.19
4.08
0.13
0.14
0.13
0.13
0.13
0.13
0.13
0.13
CorWatt	PkgWatt
4.72	151.44
0.08	75.03
0.07
0.07
0.07
0.07
0.07
0.06
0.07
0.06
0.06
0.06
0.06
0.06
0.06
0.06
0.06
0.07
0.07
0.07
0.07
0.08
0.07
0.07
0.07
0.06
0.06
0.06
0.06
0.06
0.06
0.06
0.06
0.07	76.37
0.07
0.07
0.07
0.07
0.07
0.07
0.07
0.06
0.06
0.06
0.06
0.06
0.06
0.06
0.06
0.07
0.06
0.06
0.07
0.08
0.08
0.08
0.62
0.06
0.06
0.06
0.06
0.06
0.06
0.06
0.06
CorWatt	PkgWatt
3.91	150.04
0.08	75.25
0.08
0.07
0.07
0.07
0.07
0.07
0.07
0.06
0.06
0.06
0.06
0.06
0.13
0.06
0.06
0.07
0.07
0.07
0.07
0.08
0.07
0.07
0.07
0.06
0.06
0.06
0.06
0.06
0.06
0.06
0.06
0.05	74.87
0.05
0.05
0.05
0.05
0.05
0.05
0.05
0.05
0.05
0.05
0.05
0.05
0.05
0.05
0.05
0.05
0.05
0.05
0.05
0.06
0.06
0.06
0.06
0.05
0.05
0.05
0.05
0.05
0.05
0.05
0.05
CorWatt	PkgWatt
4.16	150.92
0.08	75.44
0.08
0.08
0.08
0.08
0.07
0.07
0.07
0.06
0.06
0.06
0.06
0.06
0.06
0.06
0.06
0.08
0.08
0.08
0.08
0.09
0.07
0.07
0.07
0.07
0.07
0.07
0.07
0.06
0.06
0.06
0.06
0.06	75.39
0.07
0.06
0.06
0.06
0.06
0.06
0.06
0.06
0.06
0.06
0.06
0.06
0.06
0.06
0.06
0.06
0.06
0.06
0.06
0.07
0.07
0.07
0.07
0.06
0.06
0.06
0.06
0.06
0.06
0.06
0.06
CorWatt	PkgWatt
9.51	158.40
0.08	75.25
0.08
0.08
0.08
0.07
0.07
0.07
0.07
0.06
0.06
0.06
0.06
0.06
0.06
0.06
0.06
0.07
0.07
0.07
0.07
0.08
0.07
0.07
0.07
0.06
0.06
0.06
0.06
0.06
0.06
0.06
0.06
0.13	83.11
0.13
0.13
0.13
0.13
0.13
0.13
0.13
0.12
0.12
0.12
0.12
0.12
0.12
0.12
0.12
0.13
0.13
0.13
0.13
0.17
0.18
0.17
3.36
0.13
0.12
0.12
0.12
0.12
0.12
0.12
0.12
CorWatt	PkgWatt
10.31	159.44
0.08	75.24
0.08
0.08
0.08
0.07
0.07
0.07
0.07
0.06
0.06
0.06
0.06
0.06
0.06
0.06
0.06
0.07
0.07
0.07
0.07
0.08
0.07
0.07
0.07
0.06
0.06
0.06
0.06
0.06
0.06
0.06
0.06
0.14	84.31
0.14
0.14
0.14
0.14
0.14
0.14
0.14
0.13
0.12
0.13
0.12
0.13
0.12
0.13
0.12
0.14
0.14
0.14
0.14
0.19
0.19
0.19
3.85
0.14
0.14
0.13
0.13
0.13
0.13
0.13
0.13
CorWatt	PkgWatt
10.30	159.66
0.08	75.24
0.08
0.08
0.08
0.07
0.07
0.07
0.07
0.06
0.06
0.06
0.06
0.06
0.06
0.06
0.06
0.07
0.07
0.07
0.07
0.08
0.07
0.07
0.07
0.06
0.06
0.06
0.06
0.06
0.06
0.06
0.06
0.14	84.32
0.14
0.14
0.14
0.14
0.14
0.14
0.14
0.13
0.12
0.12
0.12
0.12
0.12
0.13
0.12
0.14
0.14
0.14
0.14
0.19
0.19
0.19
3.85
0.13
0.13
0.13
0.13
0.13
0.13
0.13
0.13
CorWatt	PkgWatt
10.45	159.86
0.09	75.50
0.08
0.08
0.08
0.08
0.07
0.07
0.07
0.06
0.07
0.06
0.07
0.06
0.06
0.06
0.06
0.08
0.08
0.08
0.08
0.09
0.07
0.07
0.07
0.07
0.07
0.07
0.07
0.06
0.06
0.06
0.06
0.14	84.33
0.14
0.14
0.14
0.14
0.14
0.14
0.14
0.13
0.13
0.13
0.13
0.13
0.13
0.13
0.13
0.14
0.14
0.14
0.14
0.19
0.19
0.19
3.86
0.14
0.14
0.13
0.13
0.13
0.13
0.13
0.13
CorWatt	PkgWatt
10.49	159.90
0.09	75.49
0.08
0.08
0.08
0.08
0.07
0.07
0.10
0.06
0.06
0.06
0.09
0.06
0.06
0.06
0.06
0.08
0.08
0.08
0.08
0.09
0.07
0.07
0.07
0.07
0.07
0.07
0.07
0.06
0.06
0.06
0.06
0.14	84.56
0.14
0.14
0.14
0.14
0.14
0.14
0.14
0.13
0.13
0.13
0.13
0.13
0.13
0.13
0.13
0.14
0.14
0.14
0.14
0.19
0.19
0.19
3.84
0.13
0.14
0.13
0.13
0.13
0.13
0.13
0.13
CorWatt	PkgWatt
10.31	161.47
0.08	75.44
0.08
0.08
0.08
0.07
0.07
0.07
0.07
0.06
0.06
0.06
0.06
0.06
0.06
0.06
0.06
0.07
0.07
0.07
0.07
0.08
0.07
0.07
0.07
0.06
0.06
0.06
0.06
0.06
0.06
0.06
0.06
0.14	85.90
0.14
0.14
0.14
0.14
0.14
0.14
0.14
0.13
0.12
0.12
0.12
0.12
0.12
0.12
0.12
0.14
0.14
0.14
0.14
0.19
0.19
0.19
3.85
0.14
0.14
0.13
0.14
0.13
0.13
0.13
0.13
CorWatt	PkgWatt
10.33	159.46
0.08	75.25
0.08
0.08
0.08
0.07
0.07
0.07
0.07
0.06
0.06
0.06
0.06
0.06
0.06
0.06
0.06
0.07
0.07
0.07
0.07
0.08
0.07
0.07
0.07
0.06
0.06
0.06
0.06
0.06
0.06
0.06
0.06
0.14	84.31
0.14
0.14
0.14
0.14
0.14
0.14
0.14
0.13
0.13
0.13
0.13
0.13
0.13
0.13
0.12
0.14
0.14
0.14
0.14
0.19
0.19
0.19
3.85
0.14
0.14
0.13
0.13
0.13
0.13
0.13
0.13
CorWatt	PkgWatt
10.52	160.11
0.09	75.60
0.08
0.08
0.08
0.08
0.08
0.08
0.07
0.07
0.07
0.06
0.07
0.06
0.06
0.06
0.06
0.08
0.08
0.08
0.08
0.09
0.07
0.08
0.08
0.07
0.07
0.07
0.07
0.06
0.07
0.06
0.07
0.14	84.40
0.14
0.14
0.14
0.14
0.14
0.14
0.14
0.13
0.13
0.13
0.13
0.13
0.13
0.13
0.13
0.14
0.14
0.14
0.14
0.19
0.19
0.19
3.85
0.14
0.14
0.14
0.13
0.13
0.13
0.13
0.13
CorWatt	PkgWatt
10.55	159.89
0.09	75.64
0.08
0.08
0.08
0.08
0.08
0.07
0.07
0.06
0.07
0.06
0.07
0.07
0.14
0.07
0.07
0.08
0.08
0.08
0.08
0.09
0.07
0.07
0.07
0.07
0.07
0.07
0.07
0.06
0.06
0.06
0.07
0.14	84.37
0.14
0.14
0.14
0.14
0.14
0.14
0.14
0.12
0.12
0.12
0.12
0.13
0.12
0.13
0.12
0.14
0.14
0.14
0.14
0.19
0.19
0.19
3.85
0.14
0.14
0.13
0.13
0.13
0.13
0.13
0.13
CorWatt	PkgWatt
10.39	159.75
0.09	75.39
0.08
0.08
0.08
0.07
0.07
0.07
0.07
0.06
0.06
0.06
0.07
0.06
0.06
0.06
0.06
0.08
0.08
0.08
0.08
0.08
0.07
0.07
0.07
0.07
0.07
0.07
0.06
0.06
0.06
0.06
0.06
0.14	84.31
0.14
0.14
0.14
0.14
0.14
0.14
0.14
0.13
0.13
0.12
0.13
0.13
0.12
0.13
0.12
0.14
0.14
0.14
0.14
0.19
0.19
0.19
3.85
0.13
0.14
0.13
0.13
0.13
0.13
0.13
0.13
CorWatt	PkgWatt
10.34	161.56
0.08	75.35
0.08
0.08
0.08
0.07
0.07
0.07
0.07
0.06
0.06
0.06
0.06
0.06
0.06
0.06
0.06
0.07
0.07
0.07
0.07
0.08
0.07
0.07
0.07
0.06
0.06
0.06
0.06
0.06
0.06
0.06
0.06
0.14	86.15
0.15
0.14
0.14
0.14
0.14
0.14
0.14
0.13
0.13
0.13
0.13
0.13
0.13
0.13
0.12
0.14
0.14
0.14
0.14
0.19
0.19
0.19
3.85
0.14
0.14
0.13
0.13
0.13
0.13
0.13
0.13
CorWatt	PkgWatt
10.52	160.00
0.09	75.65
0.08
0.08
0.08
0.08
0.08
0.08
0.07
0.06
0.07
0.06
0.07
0.06
0.06
0.06
0.06
0.08
0.08
0.08
0.08
0.09
0.07
0.07
0.07
0.07
0.07
0.07
0.07
0.06
0.07
0.06
0.07
0.14	84.36
0.14
0.14
0.14
0.14
0.14
0.14
0.14
0.13
0.13
0.13
0.13
0.13
0.13
0.13
0.13
0.14
0.14
0.14
0.14
0.19
0.19
0.19
3.86
0.14
0.14
0.14
0.14
0.13
0.13
0.13
0.13
CorWatt	PkgWatt
10.28	159.46
0.08	75.13
0.07
0.08
0.07
0.07
0.07
0.07
0.07
0.06
0.06
0.06
0.06
0.06
0.06
0.06
0.06
0.07
0.07
0.07
0.07
0.08
0.07
0.07
0.07
0.06
0.06
0.06
0.06
0.06
0.06
0.06
0.06
0.14	84.41
0.14
0.14
0.14
0.14
0.14
0.14
0.14
0.13
0.13
0.13
0.13
0.13
0.13
0.13
0.13
0.14
0.14
0.14
0.14
0.19
0.19
0.19
3.85
0.14
0.14
0.14
0.14
0.13
0.13
0.13
0.13
CorWatt	PkgWatt
10.28	159.60
0.08	75.21
0.08
0.08
0.08
0.07
0.07
0.07
0.07
0.06
0.06
0.06
0.06
0.06
0.06
0.06
0.06
0.07
0.07
0.07
0.07
0.08
0.07
0.07
0.07
0.06
0.06
0.06
0.06
0.06
0.06
0.06
0.06
0.14	84.31
0.14
0.14
0.14
0.14
0.14
0.14
0.14
0.13
0.12
0.12
0.12
0.12
0.12
0.13
0.12
0.14
0.14
0.14
0.14
0.19
0.19
0.19
3.85
0.13
0.14
0.13
0.13
0.13
0.13
0.13
0.13
CorWatt	PkgWatt
10.28	159.35
0.08	75.13
0.08
0.08
0.07
0.07
0.07
0.07
0.07
0.06
0.06
0.06
0.06
0.06
0.06
0.06
0.06
0.07
0.07
0.07
0.07
0.08
0.07
0.07
0.07
0.06
0.06
0.06
0.06
0.06
0.06
0.06
0.06
0.14	84.32
0.14
0.14
0.14
0.14
0.14
0.14
0.14
0.13
0.13
0.13
0.13
0.13
0.13
0.13
0.12
0.14
0.14
0.14
0.14
0.19
0.19
0.19
3.85
0.14
0.14
0.14
0.14
0.13
0.13
0.13
0.13
CorWatt	PkgWatt
10.63	178.79
0.09	82.85
0.08
0.08
0.08
0.08
0.08
0.07
0.08
0.07
0.07
0.06
0.07
0.06
0.06
0.06
0.06
0.08
0.08
0.08
0.08
0.09
0.08
0.07
0.07
0.07
0.07
0.07
0.07
0.07
0.07
0.07
0.07
0.19	95.80
0.88
0.18
0.18
0.14
0.14
0.14
0.14
0.13
0.13
0.13
0.13
0.13
0.13
0.13
0.13
0.14
0.14
0.14
0.14
0.19
0.19
0.19
3.01
0.14
0.14
0.14
0.14
0.14
0.13
0.13
0.13
CorWatt	PkgWatt
10.27	159.79
0.08	75.40
0.08
0.08
0.08
0.07
0.07
0.07
0.07
0.06
0.06
0.06
0.06
0.06
0.06
0.06
0.06
0.07
0.07
0.07
0.07
0.08
0.07
0.07
0.07
0.06
0.06
0.06
0.06
0.06
0.06
0.06
0.06
0.14	84.41
0.14
0.14
0.14
0.14
0.14
0.14
0.14
0.12
0.12
0.12
0.12
0.12
0.12
0.13
0.12
0.14
0.14
0.14
0.14
0.19
0.19
0.19
3.85
0.13
0.13
0.13
0.13
0.13
0.13
0.13
0.13
CorWatt	PkgWatt
10.30	159.31
0.08	75.15
0.07
0.08
0.07
0.07
0.07
0.07
0.07
0.06
0.06
0.06
0.06
0.06
0.06
0.06
0.06
0.07
0.07
0.07
0.07
0.08
0.07
0.07
0.07
0.06
0.06
0.06
0.06
0.06
0.06
0.06
0.06
0.14	84.28
0.14
0.14
0.14
0.14
0.14
0.14
0.14
0.13
0.13
0.13
0.13
0.13
0.13
0.13
0.13
0.14
0.14
0.14
0.14
0.19
0.19
0.19
3.85
0.14
0.14
0.14
0.14
0.13
0.13
0.13
0.13
CorWatt	PkgWatt
10.50	160.03
0.09	75.54
0.08
0.08
0.08
0.07
0.07
0.07
0.07
0.06
0.06
0.06
0.06
0.06
0.14
0.06
0.06
0.08
0.08
0.08
0.08
0.09
0.07
0.07
0.07
0.07
0.07
0.07
0.07
0.06
0.06
0.06
0.07
0.14	84.39
0.14
0.14
0.14
0.14
0.14
0.14
0.14
0.13
0.13
0.13
0.13
0.13
0.13
0.13
0.12
0.14
0.14
0.14
0.14
0.19
0.19
0.19
3.85
0.14
0.14
0.14
0.13
0.13
0.13
0.13
0.14
CorWatt	PkgWatt
10.45	159.92
0.08	75.44
0.08
0.08
0.08
0.07
0.08
0.07
0.07
0.06
0.06
0.06
0.06
0.06
0.06
0.06
0.06
0.08
0.08
0.08
0.08
0.08
0.07
0.07
0.07
0.07
0.07
0.07
0.07
0.06
0.06
0.06
0.06
0.14	84.45
0.14
0.14
0.14
0.14
0.14
0.14
0.14
0.13
0.13
0.13
0.13
0.13
0.13
0.13
0.13
0.14
0.14
0.14
0.14
0.19
0.19
0.19
3.85
0.14
0.14
0.14
0.14
0.13
0.13
0.13
0.13
CorWatt	PkgWatt
10.34	159.46
0.08	75.25
0.08
0.08
0.08
0.07
0.07
0.07
0.07
0.06
0.06
0.06
0.06
0.06
0.06
0.06
0.06
0.07
0.07
0.07
0.07
0.08
0.07
0.07
0.07
0.06
0.06
0.06
0.06
0.06
0.06
0.06
0.06
0.14	84.33
0.14
0.14
0.14
0.14
0.14
0.14
0.14
0.13
0.13
0.13
0.13
0.13
0.13
0.13
0.13
0.14
0.14
0.14
0.14
0.19
0.19
0.19
3.85
0.14
0.14
0.14
0.14
0.13
0.13
0.13
0.13
CorWatt	PkgWatt
10.31	159.67
0.08	75.23
0.08
0.08
0.08
0.07
0.07
0.07
0.07
0.06
0.06
0.06
0.06
0.06
0.06
0.06
0.06
0.07
0.07
0.07
0.07
0.08
0.07
0.07
0.07
0.06
0.06
0.06
0.06
0.06
0.06
0.06
0.06
0.14	84.34
0.14
0.14
0.14
0.14
0.14
0.14
0.14
0.13
0.13
0.13
0.12
0.12
0.12
0.13
0.12
0.14
0.14
0.14
0.14
0.19
0.19
0.19
3.84
0.14
0.14
0.13
0.13
0.13
0.13
0.13
0.13
CorWatt	PkgWatt
10.40	161.54
0.09	75.38
0.08
0.08
0.08
0.07
0.07
0.07
0.07
0.06
0.06
0.06
0.06
0.06
0.06
0.06
0.06
0.08
0.08
0.07
0.07
0.08
0.07
0.07
0.07
0.06
0.06
0.06
0.07
0.06
0.06
0.06
0.06
0.14	86.17
0.14
0.14
0.14
0.14
0.14
0.14
0.14
0.13
0.13
0.13
0.13
0.13
0.13
0.13
0.13
0.14
0.14
0.14
0.14
0.19
0.19
0.19
3.85
0.14
0.14
0.14
0.14
0.13
0.13
0.13
0.13
CorWatt	PkgWatt
10.53	159.86
0.08	75.41
0.08
0.08
0.08
0.08
0.08
0.07
0.07
0.06
0.06
0.06
0.07
0.06
0.07
0.06
0.06
0.08
0.08
0.08
0.08
0.09
0.07
0.07
0.07
0.07
0.07
0.07
0.07
0.06
0.07
0.06
0.06
0.14	84.49
0.14
0.14
0.14
0.14
0.14
0.14
0.14
0.13
0.13
0.13
0.13
0.13
0.13
0.13
0.13
0.14
0.14
0.14
0.14
0.19
0.20
0.19
3.85
0.14
0.14
0.14
0.14
0.13
0.13
0.13
0.13
CorWatt	PkgWatt
10.30	159.73
0.08	75.24
0.08
0.08
0.08
0.07
0.07
0.07
0.07
0.06
0.06
0.06
0.06
0.06
0.06
0.06
0.06
0.07
0.07
0.07
0.07
0.08
0.07
0.07
0.07
0.06
0.06
0.06
0.06
0.06
0.06
0.06
0.06
0.14	84.42
0.14
0.14
0.14
0.14
0.14
0.14
0.14
0.13
0.13
0.13
0.13
0.13
0.12
0.13
0.13
0.14
0.14
0.14
0.14
0.19
0.19
0.19
3.85
0.14
0.14
0.14
0.13
0.13
0.13
0.13
0.13
CorWatt	PkgWatt
10.29	159.49
0.08	75.20
0.08
0.08
0.08
0.07
0.07
0.07
0.07
0.06
0.06
0.06
0.06
0.06
0.06
0.06
0.06
0.07
0.07
0.07
0.07
0.08
0.07
0.07
0.07
0.06
0.06
0.06
0.06
0.06
0.06
0.06
0.06
0.14	84.30
0.14
0.14
0.14
0.14
0.14
0.14
0.14
0.12
0.12
0.12
0.12
0.13
0.12
0.13
0.12
0.14
0.14
0.14
0.14
0.19
0.19
0.19
3.85
0.13
0.14
0.13
0.14
0.13
0.13
0.13
0.13
CorWatt	PkgWatt
10.31	159.42
0.08	75.19
0.08
0.08
0.07
0.07
0.07
0.07
0.07
0.06
0.06
0.06
0.06
0.06
0.06
0.06
0.06
0.07
0.07
0.07
0.07
0.08
0.07
0.07
0.07
0.06
0.06
0.06
0.06
0.06
0.06
0.06
0.06
0.14	84.34
0.14
0.14
0.14
0.14
0.14
0.14
0.14
0.13
0.13
0.13
0.13
0.13
0.13
0.13
0.13
0.14
0.14
0.14
0.14
0.19
0.19
0.19
3.85
0.14
0.14
0.14
0.14
0.13
0.13
0.13
0.13
CorWatt	PkgWatt
10.54	160.07
0.09	75.54
0.08
0.08
0.08
0.08
0.08
0.08
0.07
0.06
0.06
0.06
0.07
0.06
0.06
0.06
0.06
0.08
0.08
0.08
0.08
0.09
0.07
0.08
0.08
0.07
0.07
0.07
0.07
0.06
0.07
0.07
0.06
0.14	84.52
0.14
0.14
0.14
0.14
0.14
0.14
0.14
0.13
0.13
0.13
0.13
0.13
0.13
0.13
0.13
0.14
0.14
0.14
0.14
0.19
0.19
0.19
3.85
0.14
0.14
0.14
0.14
0.13
0.13
0.13
0.13
CorWatt	PkgWatt
10.50	160.01
0.09	75.50
0.08
0.08
0.08
0.07
0.07
0.07
0.07
0.06
0.07
0.06
0.06
0.06
0.14
0.06
0.06
0.08
0.08
0.08
0.08
0.09
0.07
0.07
0.07
0.07
0.07
0.07
0.07
0.06
0.06
0.06
0.06
0.14	84.42
0.14
0.14
0.14
0.14
0.14
0.14
0.14
0.13
0.13
0.12
0.12
0.12
0.13
0.13
0.12
0.14
0.14
0.14
0.14
0.19
0.19
0.19
3.85
0.14
0.14
0.14
0.14
0.13
0.13
0.13
0.13
CorWatt	PkgWatt
10.30	159.59
0.08	75.27
0.08
0.08
0.08
0.07
0.07
0.07
0.07
0.06
0.06
0.06
0.06
0.06
0.06
0.06
0.06
0.07
0.07
0.07
0.07
0.08
0.07
0.07
0.07
0.06
0.06
0.06
0.06
0.06
0.06
0.06
0.06
0.14	84.30
0.14
0.14
0.14
0.14
0.14
0.14
0.14
0.13
0.12
0.12
0.12
0.12
0.13
0.13
0.12
0.14
0.14
0.14
0.14
0.19
0.19
0.19
3.84
0.13
0.14
0.14
0.14
0.13
0.13
0.13
0.13
CorWatt	PkgWatt
4.15	153.99
0.08	76.97
0.07
0.08
0.08
0.07
0.07
0.07
0.07
0.06
0.06
0.06
0.06
0.06
0.06
0.06
0.06
0.07
0.08
0.08
0.07
0.08
0.07
0.07
0.07
0.06
0.07
0.06
0.06
0.06
0.06
0.06
0.06
0.07	77.19
0.06
0.06
0.06
0.07
0.06
0.06
0.06
0.06
0.05
0.05
0.06
0.06
0.06
0.05
0.06
0.06
0.06
0.06
0.06
0.08
0.08
0.07
0.12
0.06
0.06
0.06
0.06
0.06
0.05
0.05
0.06
CorWatt	PkgWatt
4.34	151.15
0.08	75.49
0.08
0.08
0.08
0.08
0.08
0.08
0.07
0.06
0.07
0.06
0.06
0.06
0.06
0.06
0.06
0.08
0.08
0.08
0.08
0.09
0.08
0.08
0.07
0.07
0.07
0.07
0.07
0.06
0.07
0.06
0.06
0.07	75.52
0.06
0.06
0.07
0.07
0.06
0.07
0.06
0.06
0.06
0.06
0.06
0.06
0.06
0.06
0.06
0.07
0.06
0.06
0.06
0.07
0.07
0.07
0.07
0.06
0.06
0.06
0.06
0.06
0.06
0.06
0.06
CorWatt	PkgWatt
3.77	150.08
0.08	75.05
0.07
0.07
0.07
0.07
0.07
0.07
0.07
0.06
0.06
0.06
0.06
0.06
0.06
0.06
0.06
0.07
0.07
0.07
0.07
0.08
0.07
0.07
0.07
0.06
0.06
0.06
0.06
0.06
0.06
0.06
0.06
0.06	75.03
0.05
0.05
0.05
0.06
0.05
0.05
0.05
0.05
0.05
0.05
0.05
0.05
0.05
0.05
0.05
0.05
0.05
0.05
0.05
0.06
0.07
0.06
0.07
0.05
0.05
0.05
0.05
0.05
0.05
0.05
0.05
CorWatt	PkgWatt
10.34	159.35
0.09	75.37
0.08
0.08
0.08
0.07
0.08
0.07
0.07
0.06
0.06
0.06
0.06
0.06
0.06
0.06
0.06
0.08
0.08
0.08
0.08
0.08
0.07
0.07
0.07
0.07
0.07
0.06
0.07
0.06
0.06
0.06
0.06
0.14	84.08
0.14
0.14
0.14
0.19
0.19
0.19
3.79
0.13
0.13
0.12
0.13
0.12
0.13
0.13
0.13
0.14
0.14
0.14
0.14
0.15
0.15
0.14
0.15
0.14
0.14
0.13
0.14
0.13
0.13
0.13
0.13
CorWatt	PkgWatt
10.29	159.39
0.08	75.19
0.08
0.08
0.08
0.07
0.07
0.07
0.07
0.06
0.06
0.06
0.06
0.06
0.06
0.06
0.06
0.07
0.07
0.07
0.07
0.08
0.07
0.07
0.07
0.06
0.06
0.06
0.06
0.06
0.06
0.06
0.06
0.14	84.08
0.14
0.14
0.14
0.19
0.19
0.19
3.85
0.13
0.13
0.13
0.13
0.13
0.13
0.13
0.12
0.14
0.14
0.14
0.14
0.14
0.14
0.14
0.14
0.13
0.14
0.13
0.13
0.13
0.13
0.13
0.13
CorWatt	PkgWatt
10.50	159.75
0.09	75.48
0.08
0.08
0.08
0.08
0.08
0.07
0.07
0.07
0.07
0.06
0.06
0.06
0.06
0.06
0.06
0.08
0.08
0.08
0.08
0.09
0.07
0.07
0.08
0.07
0.07
0.07
0.07
0.06
0.06
0.06
0.06
0.14	84.25
0.14
0.14
0.14
0.19
0.19
0.19
3.85
0.13
0.13
0.13
0.13
0.13
0.13
0.13
0.13
0.14
0.14
0.14
0.14
0.14
0.14
0.14
0.15
0.14
0.14
0.13
0.14
0.13
0.13
0.13
0.13
CorWatt	PkgWatt
10.32	159.29
0.08	75.26
0.08
0.08
0.08
0.07
0.07
0.07
0.07
0.06
0.06
0.06
0.06
0.06
0.06
0.06
0.06
0.07
0.07
0.07
0.07
0.08
0.07
0.07
0.07
0.06
0.06
0.06
0.06
0.06
0.06
0.06
0.06
0.14	84.12
0.14
0.14
0.14
0.19
0.19
0.19
3.84
0.13
0.13
0.13
0.13
0.13
0.13
0.13
0.13
0.14
0.14
0.14
0.14
0.14
0.14
0.14
0.14
0.13
0.14
0.13
0.13
0.13
0.13
0.13
0.13
CorWatt	PkgWatt
10.40	159.61
0.08	75.34
0.08
0.08
0.08
0.08
0.07
0.07
0.07
0.06
0.07
0.06
0.06
0.06
0.06
0.06
0.06
0.08
0.08
0.08
0.08
0.08
0.07
0.07
0.07
0.06
0.06
0.06
0.07
0.06
0.06
0.06
0.06
0.14	84.20
0.14
0.14
0.14
0.19
0.19
0.19
3.85
0.13
0.13
0.13
0.13
0.13
0.13
0.13
0.13
0.14
0.14
0.14
0.14
0.14
0.14
0.14
0.14
0.13
0.14
0.13
0.13
0.13
0.13
0.13
0.13
CorWatt	PkgWatt
10.46	159.65
0.09	75.52
0.08
0.08
0.08
0.07
0.07
0.07
0.07
0.06
0.06
0.06
0.06
0.07
0.14
0.06
0.06
0.08
0.08
0.08
0.08
0.08
0.07
0.07
0.07
0.07
0.07
0.07
0.07
0.06
0.06
0.06
0.06
0.14	84.11
0.14
0.14
0.14
0.19
0.19
0.19
3.84
0.13
0.13
0.13
0.12
0.12
0.12
0.12
0.12
0.14
0.14
0.14
0.14
0.14
0.14
0.14
0.14
0.13
0.13
0.13
0.13
0.13
0.13
0.13
0.13
CorWatt	PkgWatt
10.52	159.77
0.09	75.58
0.08
0.08
0.08
0.08
0.08
0.07
0.07
0.07
0.07
0.06
0.06
0.06
0.06
0.06
0.06
0.08
0.08
0.08
0.08
0.09
0.08
0.07
0.08
0.07
0.07
0.07
0.07
0.07
0.07
0.07
0.07
0.14	84.26
0.14
0.14
0.14
0.19
0.19
0.19
3.85
0.13
0.13
0.13
0.13
0.13
0.13
0.13
0.13
0.14
0.14
0.14
0.14
0.14
0.14
0.14
0.15
0.14
0.14
0.13
0.13
0.13
0.13
0.13
0.13
CorWatt	PkgWatt
10.25	159.27
0.08	75.10
0.07
0.07
0.07
0.07
0.07
0.07
0.07
0.06
0.06
0.06
0.06
0.06
0.06
0.06
0.06
0.07
0.07
0.07
0.07
0.08
0.07
0.07
0.07
0.06
0.06
0.06
0.06
0.06
0.06
0.06
0.06
0.14	84.10
0.14
0.14
0.14
0.19
0.19
0.19
3.84
0.13
0.13
0.12
0.13
0.13
0.13
0.13
0.13
0.14
0.14
0.14
0.14
0.14
0.14
0.14
0.14
0.13
0.13
0.13
0.13
0.13
0.13
0.13
0.13
CorWatt	PkgWatt
10.38	159.43
0.08	75.39
0.08
0.08
0.08
0.08
0.07
0.07
0.07
0.06
0.07
0.06
0.06
0.06
0.06
0.06
0.06
0.08
0.08
0.08
0.08
0.08
0.07
0.07
0.07
0.07
0.07
0.06
0.06
0.06
0.06
0.06
0.06
0.14	84.17
0.14
0.14
0.14
0.19
0.19
0.19
3.85
0.13
0.13
0.13
0.13
0.13
0.13
0.13
0.13
0.14
0.14
0.14
0.14
0.14
0.14
0.14
0.15
0.13
0.14
0.13
0.13
0.13
0.13
0.13
0.13
CorWatt	PkgWatt
10.23	159.38
0.08	75.22
0.08
0.08
0.08
0.07
0.07
0.07
0.07
0.06
0.06
0.06
0.06
0.06
0.06
0.06
0.06
0.07
0.07
0.07
0.07
0.08
0.07
0.07
0.07
0.06
0.06
0.06
0.06
0.06
0.06
0.06
0.06
0.14	84.09
0.14
0.14
0.14
0.19
0.19
0.19
3.76
0.13
0.13
0.12
0.13
0.13
0.13
0.13
0.13
0.14
0.14
0.14
0.14
0.14
0.14
0.14
0.14
0.13
0.13
0.13
0.13
0.13
0.13
0.13
0.13
CorWatt	PkgWatt
4.23	150.92
0.08	75.45
0.08
0.08
0.08
0.08
0.07
0.07
0.08
0.06
0.06
0.06
0.06
0.06
0.06
0.06
0.06
0.08
0.08
0.08
0.08
0.09
0.07
0.07
0.07
0.07
0.07
0.07
0.07
0.06
0.06
0.06
0.06
0.07	75.44
0.06
0.06
0.06
0.07
0.07
0.07
0.06
0.06
0.06
0.06
0.06
0.06
0.06
0.06
0.06
0.06
0.06
0.06
0.06
0.07
0.07
0.07
0.07
0.06
0.06
0.06
0.06
0.06
0.06
0.06
0.06
CorWatt	PkgWatt
3.79	149.86
0.07	75.01
0.07
0.07
0.07
0.07
0.07
0.07
0.07
0.06
0.06
0.06
0.06
0.06
0.06
0.06
0.06
0.07
0.07
0.07
0.07
0.08
0.07
0.07
0.07
0.06
0.06
0.06
0.06
0.06
0.06
0.06
0.06
0.06	74.99
0.06
0.05
0.05
0.06
0.06
0.06
0.06
0.05
0.05
0.05
0.05
0.05
0.05
0.05
0.05
0.05
0.05
0.05
0.05
0.06
0.07
0.06
0.06
0.05
0.05
0.05
0.05
0.05
0.05
0.05
0.05
CorWatt	PkgWatt
4.03	150.61
0.08	75.26
0.08
0.08
0.08
0.07
0.07
0.07
0.07
0.06
0.06
0.06
0.06
0.06
0.06
0.06
0.06
0.08
0.08
0.07
0.08
0.08
0.08
0.07
0.07
0.06
0.06
0.06
0.06
0.06
0.06
0.06
0.06
0.06	75.22
0.06
0.05
0.05
0.06
0.06
0.06
0.06
0.05
0.05
0.05
0.06
0.05
0.05
0.05
0.05
0.05
0.05
0.05
0.06
0.07
0.07
0.07
0.07
0.05
0.05
0.05
0.14
0.05
0.05
0.05
0.05
CorWatt	PkgWatt
10.02	159.19
0.09	75.44
0.08
0.08
0.08
0.08
0.07
0.07
0.07
0.06
0.06
0.06
0.06
0.06
0.06
0.06
0.06
0.08
0.08
0.08
0.08
0.09
0.07
0.07
0.07
0.07
0.07
0.07
0.07
0.06
0.06
0.06
0.06
0.14	83.73
0.14
0.14
0.14
0.14
0.14
0.14
0.14
0.13
0.13
0.13
0.13
0.13
0.13
0.13
0.13
0.14
0.14
0.14
0.14
0.14
0.14
0.14
0.14
0.18
0.18
0.18
3.46
0.13
0.13
0.13
0.13
CorWatt	PkgWatt
10.20	159.32
0.09	75.66
0.08
0.08
0.08
0.08
0.08
0.08
0.08
0.07
0.07
0.06
0.07
0.07
0.06
0.06
0.06
0.08
0.08
0.08
0.08
0.09
0.08
0.08
0.08
0.07
0.07
0.07
0.07
0.07
0.07
0.07
0.07
0.14	83.74
0.14
0.14
0.14
0.14
0.14
0.14
0.14
0.13
0.13
0.13
0.13
0.13
0.13
0.13
0.13
0.14
0.14
0.14
0.14
0.15
0.15
0.14
0.14
0.18
0.18
0.18
3.47
0.13
0.13
0.13
0.13
CorWatt	PkgWatt
10.91	164.10
0.10	77.73
0.09
0.08
0.08
0.08
0.08
0.08
0.08
0.07
0.07
0.07
0.07
0.07
0.14
0.07
0.07
0.08
0.08
0.08
0.08
0.09
0.08
0.08
0.08
0.07
0.07
0.07
0.07
0.07
0.07
0.07
0.07
0.15	86.34
0.15
0.17
0.15
0.15
0.17
0.15
0.15
0.13
0.13
0.13
0.14
0.17
0.14
0.15
0.33
0.16
0.15
0.15
0.20
0.15
0.15
0.15
0.16
0.18
0.18
0.18
3.49
0.19
0.14
0.14
0.14
CorWatt	PkgWatt
12.16	169.07
0.11	80.21
0.10
0.09
0.09
0.09
0.08
0.08
0.09
0.07
0.09
0.07
0.08
0.10
0.13
0.10
0.10
0.09
0.09
0.09
0.09
0.12
0.10
0.10
0.10
0.08
0.08
0.07
0.08
0.09
0.08
0.08
0.08
0.20	88.98
0.19
0.19
0.19
0.18
0.22
0.19
0.17
0.17
0.16
0.17
0.18
0.17
0.18
0.18
0.21
0.27
0.20
0.16
0.16
0.19
0.16
0.16
0.19
0.18
0.18
0.19
3.50
0.22
0.16
0.24
0.17
CorWatt	PkgWatt
10.43	165.14
0.09	79.27
0.09
0.09
0.08
0.08
0.08
0.07
0.08
0.07
0.08
0.07
0.07
0.09
0.09
0.07
0.07
0.08
0.08
0.09
0.08
0.09
0.08
0.09
0.10
0.07
0.07
0.07
0.07
0.07
0.07
0.07
0.07
0.14	85.77
0.15
0.15
0.14
0.15
0.15
0.15
0.15
0.13
0.13
0.13
0.13
0.13
0.13
0.14
0.13
0.14
0.14
0.14
0.14
0.15
0.14
0.15
0.14
0.18
0.19
0.19
3.47
0.14
0.13
0.13
0.14
CorWatt	PkgWatt
10.25	162.90
0.09	77.35
0.08
0.08
0.08
0.08
0.08
0.08
0.08
0.07
0.07
0.07
0.07
0.07
0.07
0.06
0.06
0.08
0.08
0.08
0.08
0.09
0.08
0.08
0.08
0.07
0.07
0.07
0.07
0.07
0.07
0.07
0.07
0.14	85.62
0.14
0.14
0.14
0.14
0.14
0.14
0.14
0.13
0.13
0.13
0.13
0.13
0.13
0.13
0.13
0.14
0.14
0.14
0.14
0.15
0.15
0.15
0.15
0.18
0.18
0.19
3.48
0.13
0.13
0.13
0.13
CorWatt	PkgWatt
10.03	159.26
0.08	75.27
0.08
0.08
0.08
0.07
0.07
0.07
0.07
0.06
0.06
0.06
0.06
0.06
0.06
0.06
0.06
0.08
0.07
0.08
0.07
0.08
0.07
0.07
0.07
0.06
0.06
0.06
0.06
0.06
0.06
0.06
0.06
0.14	83.89
0.14
0.14
0.14
0.14
0.14
0.16
0.14
0.13
0.13
0.13
0.13
0.13
0.13
0.13
0.13
0.14
0.14
0.14
0.14
0.14
0.14
0.14
0.14
0.18
0.18
0.18
3.47
0.13
0.13
0.13
0.13
CorWatt	PkgWatt
9.92	159.07
0.08	75.28
0.08
0.08
0.08
0.07
0.07
0.07
0.07
0.06
0.07
0.06
0.06
0.06
0.06
0.06
0.06
0.07
0.07
0.07
0.07
0.08
0.07
0.07
0.07
0.06
0.06
0.06
0.06
0.06
0.06
0.06
0.06
0.14	83.78
0.14
0.14
0.14
0.14
0.14
0.14
0.14
0.13
0.13
0.13
0.13
0.13
0.12
0.12
0.12
0.14
0.14
0.14
0.14
0.14
0.14
0.14
0.14
0.18
0.18
0.18
3.48
0.13
0.13
0.13
0.13
CorWatt	PkgWatt
9.95	158.81
0.08	75.19
0.08
0.08
0.08
0.07
0.07
0.07
0.07
0.06
0.06
0.06
0.06
0.06
0.06
0.06
0.06
0.07
0.07
0.07
0.07
0.08
0.07
0.07
0.07
0.06
0.06
0.06
0.06
0.06
0.06
0.06
0.06
0.14	83.75
0.14
0.14
0.14
0.14
0.14
0.14
0.14
0.13
0.13
0.13
0.13
0.13
0.13
0.13
0.13
0.14
0.14
0.14
0.14
0.14
0.15
0.14
0.14
0.18
0.18
0.18
3.47
0.13
0.13
0.13
0.13
CorWatt	PkgWatt
9.90	159.21
0.09	75.62
0.08
0.08
0.08
0.08
0.08
0.08
0.08
0.07
0.07
0.06
0.06
0.06
0.06
0.06
0.07
0.08
0.08
0.08
0.08
0.09
0.08
0.08
0.08
0.07
0.07
0.07
0.07
0.07
0.07
0.06
0.06
0.14	83.49
0.14
0.14
0.14
0.14
0.14
0.14
0.14
0.13
0.13
0.12
0.12
0.12
0.12
0.12
0.13
0.14
0.14
0.14
0.14
0.14
0.14
0.14
0.14
0.18
0.18
0.18
3.25
0.13
0.13
0.13
0.13
CorWatt	PkgWatt
4.01	153.89
0.08	76.86
0.08
0.08
0.07
0.07
0.07
0.07
0.07
0.06
0.06
0.06
0.06
0.06
0.06
0.06
0.06
0.07
0.07
0.07
0.07
0.08
0.07
0.07
0.07
0.06
0.06
0.06
0.06
0.06
0.06
0.06
0.06
0.07	77.06
0.06
0.07
0.06
0.06
0.06
0.06
0.06
0.05
0.06
0.06
0.05
0.05
0.05
0.06
0.06
0.06
0.06
0.05
0.06
0.07
0.07
0.07
0.07
0.06
0.06
0.05
0.06
0.06
0.06
0.05
0.06
CorWatt	PkgWatt
3.81	150.03
0.08	75.07
0.07
0.07
0.07
0.07
0.07
0.07
0.07
0.06
0.06
0.06
0.06
0.06
0.06
0.06
0.06
0.07
0.07
0.07
0.07
0.08
0.07
0.07
0.07
0.06
0.06
0.06
0.06
0.06
0.06
0.06
0.06
0.06	75.02
0.06
0.06
0.05
0.06
0.06
0.05
0.05
0.05
0.05
0.05
0.05
0.05
0.05
0.05
0.05
0.05
0.05
0.05
0.05
0.07
0.07
0.07
0.07
0.05
0.05
0.05
0.05
0.05
0.05
0.05
0.05
CorWatt	PkgWatt
4.49	151.23
0.08	75.41
0.08
0.08
0.08
0.07
0.08
0.07
0.08
0.06
0.06
0.06
0.06
0.06
0.13
0.06
0.06
0.08
0.08
0.08
0.08
0.09
0.07
0.07
0.07
0.06
0.06
0.07
0.06
0.06
0.06
0.06
0.06
0.07	75.70
0.06
0.06
0.06
0.07
0.30
0.06
0.06
0.06
0.06
0.06
0.06
0.06
0.06
0.06
0.06
0.06
0.06
0.06
0.06
0.07
0.07
0.07
0.07
0.06
0.06
0.06
0.06
0.06
0.06
0.06
0.07
CorWatt	PkgWatt
10.61	159.98
0.09	75.66
0.08
0.08
0.08
0.08
0.08
0.08
0.08
0.07
0.07
0.07
0.07
0.07
0.06
0.06
0.06
0.08
0.08
0.08
0.08
0.09
0.08
0.08
0.08
0.07
0.07
0.07
0.07
0.07
0.07
0.07
0.07
0.14	84.31
0.14
0.14
0.14
0.19
3.86
0.19
0.19
0.13
0.13
0.13
0.13
0.13
0.13
0.13
0.13
0.14
0.14
0.14
0.14
0.15
0.15
0.14
0.15
0.14
0.14
0.14
0.14
0.13
0.13
0.13
0.13
CorWatt	PkgWatt
10.47	159.68
0.08	75.36
0.08
0.08
0.08
0.07
0.07
0.07
0.07
0.06
0.06
0.06
0.06
0.06
0.06
0.06
0.06
0.08
0.08
0.08
0.08
0.09
0.07
0.07
0.07
0.07
0.07
0.07
0.06
0.06
0.06
0.06
0.06
0.14	84.42
0.14
0.14
0.14
0.19
3.85
0.19
0.19
0.13
0.13
0.13
0.13
0.13
0.13
0.13
0.13
0.14
0.14
0.14
0.14
0.15
0.15
0.15
0.15
0.14
0.14
0.14
0.14
0.13
0.13
0.13
0.14
CorWatt	PkgWatt
10.38	159.63
0.08	75.25
0.08
0.08
0.08
0.07
0.07
0.07
0.07
0.06
0.06
0.06
0.06
0.06
0.06
0.06
0.06
0.07
0.07
0.07
0.07
0.08
0.07
0.07
0.07
0.06
0.06
0.06
0.06
0.06
0.06
0.06
0.06
0.14	84.32
0.14
0.14
0.14
0.19
3.85
0.19
0.19
0.13
0.13
0.13
0.13
0.13
0.13
0.13
0.13
0.14
0.14
0.14
0.14
0.14
0.15
0.14
0.15
0.14
0.14
0.14
0.14
0.13
0.13
0.13
0.13
CorWatt	PkgWatt
10.43	159.73
0.08	75.37
0.08
0.08
0.08
0.07
0.07
0.07
0.07
0.06
0.06
0.06
0.06
0.06
0.06
0.06
0.06
0.08
0.08
0.08
0.08
0.09
0.07
0.07
0.08
0.07
0.06
0.07
0.07
0.06
0.06
0.06
0.06
0.14	84.32
0.14
0.14
0.14
0.19
3.85
0.19
0.19
0.13
0.13
0.13
0.13
0.13
0.13
0.13
0.13
0.14
0.14
0.14
0.14
0.14
0.15
0.14
0.14
0.14
0.14
0.14
0.14
0.13
0.13
0.13
0.13
CorWatt	PkgWatt
10.64	159.96
0.09	75.69
0.08
0.08
0.08
0.08
0.08
0.08
0.08
0.07
0.07
0.07
0.07
0.07
0.07
0.07
0.06
0.08
0.08
0.08
0.08
0.09
0.08
0.08
0.08
0.07
0.07
0.07
0.07
0.07
0.07
0.07
0.07
0.14	84.35
0.14
0.14
0.14
0.19
3.86
0.19
0.19
0.13
0.13
0.13
0.13
0.13
0.13
0.13
0.13
0.14
0.14
0.14
0.14
0.15
0.15
0.14
0.15
0.14
0.14
0.14
0.14
0.13
0.13
0.13
0.13
CorWatt	PkgWatt
10.37	159.68
0.08	75.23
0.08
0.08
0.08
0.07
0.07
0.07
0.07
0.06
0.06
0.06
0.06
0.06
0.06
0.06
0.06
0.07
0.07
0.07
0.07
0.08
0.07
0.07
0.07
0.06
0.06
0.06
0.06
0.06
0.06
0.06
0.06
0.14	84.39
0.14
0.14
0.14
0.19
3.85
0.19
0.19
0.13
0.13
0.13
0.13
0.13
0.13
0.13
0.13
0.14
0.14
0.14
0.14
0.14
0.15
0.14
0.14
0.14
0.14
0.14
0.14
0.13
0.13
0.13
0.13
CorWatt	PkgWatt
10.39	159.64
0.08	75.37
0.08
0.08
0.08
0.07
0.07
0.07
0.07
0.06
0.08
0.06
0.06
0.06
0.06
0.06
0.06
0.08
0.08
0.07
0.08
0.09
0.07
0.07
0.07
0.06
0.06
0.06
0.06
0.06
0.06
0.06
0.06
0.14	84.28
0.14
0.14
0.14
0.19
3.86
0.19
0.19
0.13
0.13
0.13
0.13
0.13
0.13
0.12
0.12
0.14
0.14
0.14
0.14
0.14
0.14
0.14
0.14
0.14
0.14
0.14
0.14
0.13
0.13
0.13
0.13
CorWatt	PkgWatt
10.41	159.58
0.08	75.31
0.08
0.08
0.08
0.07
0.07
0.07
0.07
0.06
0.06
0.06
0.06
0.06
0.06
0.06
0.06
0.08
0.08
0.08
0.08
0.09
0.07
0.07
0.07
0.06
0.06
0.06
0.07
0.06
0.06
0.06
0.06
0.14	84.38
0.14
0.14
0.14
0.19
3.85
0.19
0.19
0.13
0.13
0.13
0.13
0.13
0.13
0.13
0.13
0.14
0.14
0.14
0.14
0.14
0.15
0.14
0.14
0.14
0.14
0.14
0.14
0.13
0.13
0.13
0.13
CorWatt	PkgWatt
10.59	160.06
0.09	75.52
0.08
0.08
0.08
0.08
0.08
0.07
0.08
0.07
0.07
0.06
0.06
0.06
0.06
0.06
0.06
0.08
0.08
0.08
0.08
0.09
0.08
0.08
0.08
0.07
0.07
0.07
0.07
0.06
0.06
0.06
0.06
0.14	84.41
0.14
0.14
0.14
0.19
3.86
0.19
0.19
0.13
0.13
0.13
0.13
0.13
0.13
0.13
0.13
0.14
0.14
0.14
0.14
0.15
0.15
0.14
0.15
0.14
0.14
0.14
0.14
0.13
0.13
0.13
0.13
CorWatt	PkgWatt
10.12	159.10
0.09	75.71
0.09
0.08
0.08
0.08
0.08
0.08
0.08
0.07
0.07
0.07
0.07
0.07
0.14
0.07
0.07
0.08
0.08
0.08
0.08
0.09
0.08
0.08
0.08
0.07
0.07
0.07
0.07
0.07
0.07
0.07
0.07
0.14	83.56
0.13
0.14
0.13
0.18
3.47
0.19
0.19
0.13
0.12
0.12
0.12
0.12
0.12
0.12
0.13
0.14
0.13
0.13
0.14
0.14
0.14
0.14
0.14
0.13
0.13
0.13
0.13
0.13
0.12
0.12
0.13
CorWatt	PkgWatt
3.95	150.51
0.08	75.20
0.08
0.08
0.08
0.07
0.07
0.07
0.07
0.06
0.06
0.06
0.06
0.06
0.06
0.06
0.06
0.07
0.07
0.07
0.07
0.08
0.07
0.07
0.07
0.06
0.06
0.06
0.06
0.06
0.06
0.06
0.06
0.06	75.20
0.06
0.06
0.06
0.06
0.06
0.06
0.06
0.06
0.05
0.05
0.05
0.05
0.05
0.06
0.05
0.06
0.05
0.05
0.06
0.07
0.07
0.07
0.07
0.05
0.05
0.05
0.05
0.05
0.05
0.05
0.05
CorWatt	PkgWatt
3.83	150.10
0.07	75.11
0.07
0.07
0.07
0.07
0.07
0.07
0.07
0.06
0.06
0.06
0.06
0.06
0.06
0.06
0.06
0.07
0.07
0.07
0.07
0.08
0.07
0.07
0.07
0.06
0.06
0.06
0.06
0.06
0.06
0.06
0.06
0.06	75.07
0.06
0.06
0.06
0.06
0.06
0.06
0.05
0.05
0.05
0.05
0.05
0.05
0.05
0.05
0.05
0.05
0.05
0.05
0.05
0.06
0.07
0.06
0.07
0.05
0.05
0.05
0.05
0.05
0.05
0.05
0.05
CorWatt	PkgWatt
4.89	151.88
0.08	75.54
0.09
0.08
0.08
0.08
0.08
0.08
0.07
0.07
0.07
0.07
0.07
0.06
0.06
0.06
0.06
0.08
0.08
0.08
0.08
0.09
0.08
0.08
0.08
0.07
0.07
0.07
0.07
0.07
0.07
0.07
0.07
0.07	76.24
0.07
0.07
0.07
0.07
0.07
0.07
0.08
0.07
0.07
0.06
0.07
0.06
0.06
0.06
0.07
0.07
0.07
0.07
0.39
0.08
0.08
0.08
0.08
0.07
0.07
0.07
0.07
0.07
0.06
0.06
0.06
CorWatt	PkgWatt
9.62	158.58
0.08	75.29
0.08
0.08
0.08
0.07
0.07
0.07
0.07
0.06
0.06
0.06
0.06
0.06
0.06
0.06
0.06
0.07
0.07
0.07
0.07
0.08
0.07
0.07
0.07
0.06
0.06
0.06
0.06
0.06
0.06
0.06
0.06
0.13	83.26
0.13
0.13
0.13
0.13
0.13
0.13
0.13
0.12
0.12
0.12
0.12
0.12
0.12
0.12
0.12
0.18
0.18
0.18
3.32
0.14
0.14
0.14
0.14
0.13
0.13
0.12
0.13
0.13
0.13
0.13
0.13
CorWatt	PkgWatt
9.94	162.29
0.09	77.26
0.09
0.08
0.08
0.07
0.07
0.08
0.08
0.07
0.07
0.07
0.07
0.07
0.07
0.07
0.07
0.08
0.08
0.08
0.08
0.09
0.07
0.08
0.08
0.07
0.06
0.07
0.07
0.06
0.07
0.07
0.07
0.14	85.19
0.13
0.14
0.14
0.14
0.14
0.14
0.13
0.13
0.13
0.13
0.13
0.13
0.13
0.13
0.13
0.18
0.18
0.19
3.30
0.14
0.14
0.14
0.14
0.13
0.13
0.13
0.13
0.13
0.13
0.13
0.13
CorWatt	PkgWatt
9.63	158.64
0.08	75.24
0.08
0.08
0.08
0.07
0.07
0.07
0.07
0.06
0.06
0.06
0.06
0.06
0.06
0.06
0.06
0.07
0.07
0.07
0.07
0.08
0.07
0.07
0.07
0.07
0.06
0.06
0.06
0.06
0.06
0.06
0.06
0.13	83.27
0.13
0.13
0.13
0.13
0.13
0.13
0.13
0.12
0.12
0.12
0.12
0.12
0.12
0.12
0.12
0.18
0.18
0.18
3.30
0.14
0.14
0.14
0.14
0.13
0.13
0.13
0.13
0.13
0.13
0.12
0.13
CorWatt	PkgWatt
9.80	158.92
0.08	75.54
0.08
0.08
0.08
0.08
0.08
0.08
0.07
0.07
0.07
0.07
0.07
0.06
0.06
0.06
0.06
0.08
0.08
0.08
0.08
0.09
0.07
0.08
0.08
0.07
0.07
0.07
0.07
0.06
0.06
0.06
0.06
0.14	83.36
0.13
0.13
0.13
0.14
0.13
0.13
0.13
0.13
0.13
0.13
0.13
0.13
0.12
0.12
0.12
0.18
0.18
0.18
3.30
0.14
0.14
0.14
0.14
0.13
0.13
0.13
0.13
0.13
0.13
0.13
0.13
CorWatt	PkgWatt
9.60	158.37
0.08	75.24
0.08
0.08
0.08
0.07
0.07
0.07
0.07
0.06
0.06
0.06
0.06
0.06
0.06
0.06
0.06
0.07
0.07
0.07
0.07
0.09
0.07
0.07
0.07
0.06
0.06
0.06
0.06
0.06
0.06
0.06
0.06
0.13	83.22
0.13
0.13
0.13
0.13
0.13
0.13
0.13
0.12
0.12
0.12
0.12
0.12
0.12
0.12
0.12
0.18
0.18
0.18
3.29
0.14
0.14
0.14
0.14
0.13
0.13
0.13
0.13
0.13
0.13
0.13
0.13
CorWatt	PkgWatt
9.64	158.58
0.08	75.28
0.08
0.08
0.08
0.07
0.07
0.07
0.07
0.06
0.06
0.06
0.06
0.06
0.12
0.06
0.06
0.07
0.07
0.07
0.07
0.08
0.07
0.07
0.07
0.06
0.06
0.06
0.06
0.06
0.06
0.06
0.06
0.13	83.23
0.13
0.13
0.13
0.13
0.13
0.13
0.13
0.12
0.12
0.12
0.12
0.12
0.12
0.12
0.12
0.18
0.18
0.18
3.30
0.14
0.14
0.14
0.14
0.13
0.13
0.12
0.13
0.13
0.12
0.12
0.13
CorWatt	PkgWatt
9.63	158.55
0.08	75.37
0.08
0.08
0.08
0.07
0.07
0.07
0.07
0.06
0.06
0.06
0.06
0.06
0.08
0.06
0.06
0.08
0.08
0.08
0.07
0.08
0.07
0.07
0.07
0.06
0.06
0.06
0.06
0.06
0.06
0.06
0.06
0.13	83.26
0.13
0.13
0.13
0.13
0.13
0.13
0.13
0.12
0.12
0.12
0.12
0.12
0.12
0.12
0.12
0.18
0.18
0.18
3.29
0.14
0.14
0.14
0.14
0.13
0.13
0.13
0.13
0.13
0.13
0.13
0.13
CorWatt	PkgWatt
9.76	158.86
0.08	75.45
0.08
0.08
0.08
0.07
0.08
0.07
0.07
0.06
0.07
0.07
0.06
0.06
0.06
0.06
0.06
0.08
0.08
0.08
0.08
0.09
0.07
0.07
0.07
0.07
0.07
0.07
0.07
0.06
0.07
0.06
0.06
0.13	83.31
0.13
0.13
0.13
0.14
0.13
0.13
0.13
0.13
0.13
0.13
0.13
0.13
0.12
0.12
0.12
0.18
0.18
0.18
3.30
0.14
0.14
0.14
0.14
0.13
0.13
0.13
0.13
0.13
0.13
0.13
0.13
CorWatt	PkgWatt
9.54	158.43
0.08	75.17
0.08
0.08
0.07
0.07
0.07
0.07
0.07
0.06
0.06
0.06
0.06
0.06
0.06
0.06
0.06
0.07
0.07
0.07
0.07
0.08
0.07
0.07
0.07
0.06
0.06
0.06
0.06
0.06
0.06
0.06
0.06
0.13	83.23
0.13
0.13
0.13
0.13
0.13
0.13
0.13
0.12
0.12
0.12
0.12
0.12
0.12
0.12
0.12
0.18
0.18
0.18
3.29
0.14
0.14
0.14
0.14
0.13
0.13
0.13
0.13
0.13
0.12
0.12
0.13
CorWatt	PkgWatt
8.91	157.48
0.08	75.38
0.08
0.08
0.08
0.07
0.07
0.07
0.07
0.06
0.06
0.06
0.06
0.06
0.06
0.06
0.06
0.08
0.08
0.08
0.08
0.08
0.07
0.07
0.07
0.06
0.06
0.06
0.06
0.06
0.06
0.06
0.06
0.12	82.26
0.12
0.12
0.12
0.12
0.12
0.12
0.12
0.12
0.12
0.12
0.12
0.12
0.11
0.11
0.11
0.17
0.17
0.16
2.84
0.13
0.13
0.13
0.14
0.12
0.12
0.12
0.12
0.12
0.12
0.12
0.12
CorWatt	PkgWatt
3.96	150.41
0.08	75.16
0.08
0.07
0.07
0.07
0.07
0.07
0.07
0.06
0.06
0.06
0.06
0.06
0.06
0.06
0.06
0.07
0.07
0.07
0.07
0.08
0.07
0.07
0.07
0.06
0.06
0.06
0.06
0.06
0.06
0.06
0.06
0.06	75.17
0.06
0.06
0.06
0.06
0.06
0.06
0.05
0.05
0.05
0.05
0.05
0.05
0.05
0.05
0.05
0.06
0.06
0.05
0.06
0.07
0.07
0.07
0.07
0.05
0.05
0.05
0.06
0.05
0.05
0.05
0.06
CorWatt	PkgWatt
4.19	150.88
0.08	75.46
0.08
0.08
0.08
0.11
0.08
0.07
0.07
0.06
0.06
0.06
0.06
0.06
0.06
0.06
0.06
0.08
0.08
0.08
0.08
0.09
0.07
0.07
0.07
0.07
0.07
0.07
0.07
0.06
0.06
0.06
0.06
0.06	75.37
0.06
0.06
0.06
0.06
0.06
0.06
0.06
0.06
0.06
0.06
0.05
0.06
0.05
0.05
0.06
0.06
0.06
0.06
0.06
0.07
0.07
0.07
0.07
0.06
0.06
0.06
0.06
0.06
0.06
0.06
0.06
CorWatt	PkgWatt
4.96	151.59
0.08	75.33
0.08
0.08
0.08
0.07
0.07
0.07
0.07
0.06
0.06
0.06
0.07
0.06
0.06
0.06
0.06
0.08
0.08
0.08
0.08
0.09
0.07
0.07
0.07
0.07
0.07
0.06
0.06
0.06
0.06
0.06
0.06
0.08	76.38
0.07
0.59
0.08
0.07
0.07
0.07
0.07
0.06
0.06
0.06
0.06
0.06
0.06
0.06
0.06
0.07
0.07
0.07
0.07
0.08
0.08
0.08
0.08
0.07
0.07
0.07
0.07
0.07
0.06
0.06
0.07
CorWatt	PkgWatt
10.45	159.87
0.09	75.48
0.08
0.08
0.08
0.07
0.07
0.07
0.07
0.08
0.07
0.06
0.08
0.06
0.06
0.06
0.06
0.08
0.08
0.08
0.08
0.09
0.07
0.07
0.07
0.07
0.07
0.06
0.07
0.06
0.06
0.06
0.06
0.19	84.28
0.19
3.84
0.19
0.14
0.14
0.14
0.14
0.13
0.13
0.13
0.13
0.13
0.13
0.13
0.13
0.14
0.14
0.14
0.14
0.14
0.14
0.14
0.15
0.14
0.14
0.14
0.14
0.13
0.13
0.13
0.13
CorWatt	PkgWatt
10.48	159.66
0.09	75.50
0.09
0.08
0.08
0.08
0.08
0.08
0.07
0.07
0.07
0.07
0.07
0.06
0.06
0.06
0.06
0.08
0.08
0.08
0.08
0.09
0.07
0.07
0.07
0.07
0.07
0.07
0.07
0.06
0.06
0.06
0.06
0.19	84.19
0.19
3.84
0.19
0.14
0.14
0.14
0.14
0.13
0.13
0.13
0.13
0.13
0.13
0.13
0.13
0.14
0.14
0.14
0.14
0.14
0.14
0.14
0.15
0.14
0.14
0.13
0.14
0.13
0.13
0.13
0.13
CorWatt	PkgWatt
10.75	159.99
0.09	75.77
0.08
0.08
0.08
0.08
0.08
0.08
0.08
0.07
0.07
0.07
0.07
0.07
0.14
0.07
0.07
0.08
0.08
0.08
0.08
0.09
0.08
0.08
0.08
0.07
0.07
0.07
0.07
0.07
0.07
0.07
0.07
0.19	84.31
0.19
3.83
0.19
0.14
0.14
0.14
0.14
0.13
0.13
0.13
0.13
0.13
0.13
0.13
0.13
0.14
0.14
0.14
0.14
0.15
0.15
0.15
0.15
0.14
0.14
0.14
0.14
0.13
0.13
0.13
0.13
CorWatt	PkgWatt
10.35	159.62
0.08	75.23
0.08
0.08
0.08
0.07
0.07
0.07
0.07
0.06
0.06
0.06
0.06
0.06
0.06
0.06
0.06
0.07
0.07
0.07
0.07
0.08
0.07
0.07
0.07
0.06
0.06
0.06
0.06
0.06
0.06
0.06
0.06
0.19	84.24
0.19
3.83
0.19
0.14
0.14
0.14
0.14
0.13
0.13
0.13
0.13
0.13
0.13
0.13
0.13
0.14
0.14
0.14
0.14
0.14
0.14
0.14
0.15
0.14
0.14
0.13
0.13
0.13
0.13
0.13
0.13
CorWatt	PkgWatt
10.22	159.29
0.08	75.16
0.08
0.07
0.07
0.07
0.07
0.07
0.06
0.06
0.06
0.06
0.06
0.06
0.06
0.06
0.06
0.07
0.07
0.07
0.07
0.08
0.07
0.07
0.07
0.06
0.06
0.06
0.06
0.06
0.06
0.06
0.06
0.19	84.13
0.19
3.82
0.19
0.14
0.14
0.14
0.14
0.13
0.13
0.13
0.13
0.13
0.13
0.13
0.12
0.14
0.14
0.14
0.14
0.14
0.14
0.14
0.15
0.13
0.14
0.13
0.13
0.13
0.13
0.13
0.13
CorWatt	PkgWatt
10.36	159.39
0.08	75.24
0.08
0.08
0.08
0.07
0.07
0.07
0.07
0.06
0.06
0.06
0.07
0.06
0.06
0.06
0.06
0.07
0.07
0.07
0.07
0.08
0.07
0.07
0.07
0.06
0.06
0.06
0.07
0.06
0.06
0.06
0.06
0.19	84.28
0.19
3.83
0.19
0.14
0.14
0.14
0.14
0.13
0.13
0.13
0.13
0.13
0.13
0.13
0.13
0.14
0.14
0.14
0.14
0.14
0.15
0.15
0.15
0.14
0.14
0.14
0.14
0.13
0.13
0.13
0.13
CorWatt	PkgWatt
10.53	159.90
0.09	75.51
0.08
0.08
0.08
0.08
0.07
0.07
0.07
0.07
0.07
0.06
0.07
0.07
0.06
0.06
0.06
0.08
0.08
0.08
0.08
0.09
0.08
0.08
0.08
0.07
0.07
0.07
0.07
0.07
0.07
0.06
0.06
0.19	84.26
0.19
3.83
0.19
0.14
0.14
0.14
0.14
0.13
0.13
0.13
0.13
0.13
0.13
0.13
0.13
0.14
0.14
0.14
0.14
0.15
0.15
0.15
0.15
0.14
0.14
0.14
0.14
0.13
0.13
0.13
0.13
CorWatt	PkgWatt
10.41	159.48
0.08	75.38
0.08
0.08
0.08
0.07
0.07
0.07
0.07
0.06
0.06
0.06
0.06
0.06
0.06
0.06
0.06
0.08
0.08
0.08
0.08
0.09
0.07
0.07
0.07
0.07
0.07
0.07
0.07
0.06
0.06
0.06
0.06
0.19	84.20
0.19
3.83
0.19
0.14
0.14
0.14
0.14
0.13
0.13
0.13
0.13
0.13
0.13
0.13
0.13
0.14
0.14
0.14
0.14
0.14
0.14
0.15
0.15
0.14
0.14
0.14
0.13
0.13
0.13
0.13
0.13
CorWatt	PkgWatt
10.34	159.58
0.08	75.28
0.08
0.08
0.08
0.07
0.07
0.07
0.07
0.06
0.06
0.06
0.06
0.06
0.06
0.06
0.06
0.08
0.07
0.07
0.08
0.08
0.07
0.07
0.07
0.06
0.06
0.06
0.06
0.06
0.06
0.06
0.06
0.19	84.21
0.19
3.83
0.19
0.14
0.14
0.14
0.14
0.13
0.13
0.13
0.13
0.13
0.13
0.13
0.13
0.14
0.14
0.14
0.14
0.14
0.14
0.14
0.14
0.13
0.14
0.13
0.13
0.13
0.13
0.13
0.13
CorWatt	PkgWatt
9.28	157.94
0.08	75.31
0.08
0.08
0.08
0.07
0.07
0.07
0.07
0.06
0.06
0.06
0.06
0.06
0.06
0.06
0.06
0.07
0.07
0.07
0.07
0.08
0.07
0.07
0.07
0.06
0.06
0.06
0.06
0.06
0.06
0.06
0.06
0.18	82.75
0.17
3.16
0.18
0.13
0.13
0.13
0.13
0.11
0.11
0.11
0.12
0.11
0.11
0.11
0.11
0.13
0.13
0.13
0.13
0.13
0.13
0.13
0.13
0.12
0.12
0.12
0.12
0.12
0.11
0.12
0.12
CorWatt	PkgWatt
4.33	151.06
0.08	75.45
0.08
0.08
0.08
0.08
0.08
0.07
0.07
0.07
0.07
0.06
0.06
0.06
0.06
0.06
0.06
0.08
0.08
0.08
0.08
0.09
0.07
0.07
0.07
0.07
0.07
0.07
0.07
0.06
0.07
0.06
0.06
0.07	75.54
0.07
0.07
0.07
0.07
0.07
0.07
0.07
0.06
0.06
0.06
0.06
0.06
0.06
0.06
0.06
0.07
0.06
0.06
0.06
0.07
0.07
0.07
0.07
0.06
0.06
0.06
0.06
0.06
0.06
0.06
0.06
CorWatt	PkgWatt
3.82	150.21
0.08	75.15
0.08
0.07
0.07
0.07
0.07
0.07
0.07
0.06
0.06
0.06
0.06
0.06
0.06
0.06
0.06
0.07
0.07
0.07
0.07
0.08
0.07
0.07
0.07
0.06
0.06
0.06
0.06
0.06
0.06
0.06
0.06
0.06	75.02
0.06
0.06
0.06
0.06
0.05
0.05
0.05
0.05
0.05
0.05
0.05
0.05
0.05
0.05
0.05
0.05
0.05
0.05
0.05
0.07
0.07
0.07
0.07
0.05
0.05
0.05
0.05
0.05
0.05
0.05
0.05
CorWatt	PkgWatt
5.27	152.10
0.08	75.50
0.09
0.08
0.08
0.07
0.08
0.07
0.07
0.07
0.06
0.06
0.06
0.07
0.14
0.06
0.06
0.08
0.08
0.08
0.08
0.09
0.07
0.07
0.08
0.07
0.07
0.07
0.07
0.06
0.06
0.06
0.06
0.08	76.68
0.07
0.08
0.07
0.08
0.07
0.07
0.08
0.07
0.06
0.06
0.07
0.07
0.06
0.07
0.07
0.07
0.07
0.07
0.07
0.08
0.08
0.08
0.08
0.08
0.08
0.08
0.67
0.07
0.07
0.07
0.07
CorWatt	PkgWatt
9.99	159.28
0.08	75.41
0.08
0.08
0.08
0.07
0.07
0.07
0.07
0.06
0.06
0.06
0.06
0.06
0.06
0.06
0.06
0.08
0.08
0.08
0.08
0.09
0.07
0.07
0.07
0.07
0.07
0.07
0.07
0.06
0.06
0.06
0.06
0.14	83.77
0.14
0.14
0.14
0.14
0.14
0.14
0.14
0.13
0.13
0.13
0.13
0.13
0.13
0.13
0.13
0.14
0.14
0.14
0.14
0.14
0.14
0.14
0.14
0.18
0.18
0.18
3.46
0.13
0.13
0.13
0.13
CorWatt	PkgWatt
10.12	159.31
0.09	75.55
0.08
0.08
0.08
0.08
0.08
0.07
0.07
0.07
0.06
0.06
0.06
0.06
0.06
0.06
0.06
0.08
0.08
0.08
0.08
0.09
0.08
0.08
0.08
0.07
0.07
0.07
0.07
0.06
0.07
0.06
0.06
0.14	83.76
0.14
0.14
0.14
0.14
0.14
0.14
0.14
0.13
0.13
0.13
0.13
0.13
0.13
0.13
0.13
0.14
0.14
0.14
0.14
0.14
0.14
0.15
0.15
0.18
0.18
0.18
3.47
0.13
0.13
0.13
0.13
CorWatt	PkgWatt
9.98	159.05
0.08	75.37
0.08
0.08
0.08
0.07
0.07
0.07
0.07
0.07
0.06
0.06
0.06
0.06
0.06
0.06
0.06
0.08
0.08
0.08
0.08
0.09
0.07
0.07
0.07
0.07
0.07
0.06
0.07
0.06
0.06
0.06
0.06
0.14	83.79
0.14
0.14
0.14
0.14
0.14
0.14
0.14
0.13
0.13
0.13
0.13
0.13
0.13
0.13
0.13
0.14
0.14
0.14
0.14
0.14
0.14
0.14
0.14
0.18
0.18
0.18
3.46
0.13
0.13
0.13
0.13
CorWatt	PkgWatt
9.97	159.16
0.08	75.30
0.08
0.08
0.08
0.07
0.07
0.07
0.07
0.06
0.06
0.06
0.06
0.06
0.06
0.06
0.06
0.08
0.08
0.07
0.07
0.08
0.07
0.07
0.07
0.07
0.07
0.07
0.07
0.06
0.06
0.06
0.06
0.14	83.76
0.14
0.14
0.14
0.14
0.14
0.14
0.14
0.13
0.13
0.13
0.13
0.13
0.13
0.13
0.13
0.14
0.14
0.14
0.14
0.14
0.14
0.14
0.15
0.18
0.18
0.18
3.46
0.13
0.13
0.13
0.13
CorWatt	PkgWatt
9.89	158.95
0.08	75.22
0.08
0.08
0.08
0.07
0.07
0.07
0.07
0.06
0.06
0.06
0.06
0.06
0.06
0.06
0.06
0.07
0.07
0.07
0.07
0.08
0.07
0.07
0.07
0.06
0.06
0.06
0.06
0.06
0.06
0.06
0.06
0.14	83.73
0.14
0.14
0.14
0.14
0.14
0.14
0.14
0.12
0.12
0.12
0.12
0.13
0.12
0.13
0.12
0.14
0.14
0.14
0.14
0.14
0.14
0.14
0.14
0.18
0.18
0.18
3.46
0.13
0.13
0.13
0.13
CorWatt	PkgWatt
10.45	163.42
0.09	77.68
0.09
0.08
0.08
0.08
0.08
0.08
0.08
0.07
0.07
0.07
0.07
0.07
0.07
0.07
0.07
0.08
0.08
0.08
0.08
0.09
0.08
0.08
0.08
0.07
0.07
0.07
0.07
0.07
0.07
0.07
0.07
0.14	85.85
0.14
0.15
0.15
0.17
0.15
0.15
0.16
0.13
0.13
0.13
0.13
0.13
0.13
0.13
0.13
0.15
0.15
0.14
0.18
0.15
0.15
0.15
0.15
0.18
0.18
0.19
3.46
0.15
0.14
0.13
0.13
CorWatt	PkgWatt
9.84	158.95
0.08	75.17
0.07
0.07
0.07
0.07
0.07
0.07
0.07
0.06
0.06
0.06
0.06
0.06
0.06
0.06
0.06
0.07
0.07
0.07
0.07
0.08
0.07
0.07
0.07
0.06
0.06
0.06
0.06
0.06
0.06
0.06
0.06
0.14	83.69
0.14
0.14
0.14
0.14
0.14
0.14
0.14
0.13
0.13
0.13
0.13
0.13
0.12
0.13
0.12
0.14
0.14
0.14
0.14
0.14
0.14
0.14
0.14
0.18
0.18
0.18
3.46
0.13
0.13
0.13
0.13
CorWatt	PkgWatt
9.85	158.87
0.08	75.12
0.07
0.07
0.07
0.07
0.07
0.07
0.06
0.06
0.06
0.06
0.06
0.06
0.06
0.06
0.06
0.07
0.07
0.07
0.07
0.08
0.07
0.07
0.07
0.06
0.06
0.06
0.06
0.06
0.06
0.06
0.06
0.14	83.77
0.14
0.14
0.14
0.14
0.14
0.14
0.14
0.12
0.12
0.12
0.12
0.13
0.12
0.12
0.12
0.14
0.14
0.14
0.14
0.14
0.14
0.14
0.15
0.18
0.18
0.18
3.45
0.13
0.13
0.13
0.13
CorWatt	PkgWatt
10.20	159.37
0.09	75.60
0.09
0.08
0.08
0.08
0.08
0.07
0.07
0.07
0.07
0.06
0.06
0.07
0.07
0.06
0.06
0.08
0.08
0.08
0.08
0.09
0.08
0.08
0.08
0.07
0.07
0.07
0.07
0.06
0.07
0.06
0.06
0.15	83.84
0.14
0.14
0.14
0.15
0.15
0.14
0.15
0.13
0.13
0.13
0.13
0.13
0.13
0.13
0.13
0.14
0.14
0.14
0.14
0.15
0.15
0.15
0.16
0.18
0.18
0.18
3.46
0.13
0.13
0.13
0.13
CorWatt	PkgWatt
9.20	158.21
0.09	75.95
0.09
0.09
0.09
0.08
0.08
0.08
0.08
0.07
0.07
0.07
0.07
0.07
0.14
0.07
0.07
0.08
0.08
0.08
0.08
0.10
0.08
0.08
0.08
0.07
0.07
0.07
0.07
0.07
0.07
0.07
0.07
0.13	82.22
0.13
0.13
0.13
0.13
0.13
0.13
0.13
0.11
0.11
0.11
0.11
0.11
0.11
0.11
0.11
0.13
0.12
0.12
0.13
0.13
0.13
0.13
0.13
0.16
0.16
0.16
2.72
0.12
0.12
0.11
0.12
CorWatt	PkgWatt
3.95	150.31
0.08	75.12
0.08
0.07
0.07
0.07
0.07
0.07
0.07
0.06
0.06
0.06
0.06
0.06
0.06
0.06
0.06
0.07
0.07
0.07
0.07
0.08
0.07
0.07
0.07
0.06
0.06
0.06
0.06
0.06
0.06
0.06
0.06
0.07	75.16
0.06
0.06
0.06
0.06
0.06
0.06
0.06
0.05
0.05
0.05
0.05
0.05
0.05
0.05
0.05
0.06
0.06
0.05
0.06
0.07
0.07
0.07
0.07
0.06
0.06
0.05
0.06
0.06
0.05
0.05
0.06
CorWatt	PkgWatt
4.03	153.91
0.08	76.98
0.08
0.07
0.07
0.07
0.07
0.07
0.07
0.06
0.06
0.06
0.06
0.06
0.06
0.06
0.06
0.07
0.07
0.07
0.07
0.08
0.07
0.07
0.08
0.06
0.06
0.06
0.06
0.06
0.06
0.06
0.06
0.06	77.03
0.07
0.08
0.06
0.06
0.06
0.06
0.06
0.05
0.05
0.05
0.05
0.05
0.05
0.05
0.05
0.06
0.06
0.05
0.06
0.08
0.07
0.07
0.07
0.06
0.06
0.07
0.06
0.06
0.05
0.05
0.05
CorWatt	PkgWatt
5.34	152.48
0.08	75.23
0.08
0.08
0.08
0.07
0.07
0.07
0.07
0.06
0.06
0.06
0.06
0.06
0.06
0.06
0.06
0.07
0.07
0.07
0.07
0.08
0.07
0.07
0.07
0.06
0.06
0.06
0.06
0.06
0.06
0.06
0.06
0.08	77.12
0.07
0.07
0.08
0.09
0.08
0.88
0.08
0.07
0.07
0.07
0.07
0.07
0.07
0.07
0.07
0.07
0.07
0.07
0.07
0.08
0.08
0.08
0.09
0.07
0.08
0.07
0.07
0.08
0.07
0.07
0.07
CorWatt	PkgWatt
10.65	159.90
0.09	75.62
0.08
0.08
0.08
0.08
0.08
0.07
0.07
0.07
0.07
0.07
0.07
0.07
0.07
0.06
0.06
0.08
0.08
0.08
0.08
0.09
0.08
0.08
0.08
0.07
0.07
0.07
0.07
0.07
0.07
0.07
0.07
0.15	84.39
0.14
0.15
0.15
0.19
0.19
3.86
0.19
0.13
0.13
0.13
0.13
0.13
0.13
0.13
0.13
0.14
0.14
0.14
0.14
0.15
0.15
0.15
0.15
0.14
0.14
0.14
0.14
0.13
0.13
0.13
0.13
CorWatt	PkgWatt
10.39	159.64
0.08	75.36
0.08
0.08
0.08
0.07
0.07
0.07
0.07
0.06
0.06
0.06
0.06
0.06
0.06
0.06
0.06
0.08
0.08
0.07
0.07
0.09
0.07
0.07
0.07
0.07
0.06
0.06
0.07
0.06
0.06
0.06
0.06
0.14	84.16
0.14
0.14
0.14
0.19
0.19
3.85
0.19
0.13
0.13
0.13
0.13
0.13
0.13
0.12
0.13
0.14
0.14
0.14
0.14
0.14
0.14
0.14
0.14
0.14
0.14
0.14
0.14
0.13
0.13
0.13
0.13
CorWatt	PkgWatt
10.51	159.63
0.09	75.46
0.08
0.08
0.08
0.08
0.08
0.07
0.07
0.06
0.06
0.06
0.06
0.07
0.06
0.06
0.06
0.08
0.08
0.08
0.08
0.09
0.08
0.07
0.08
0.07
0.07
0.07
0.07
0.07
0.07
0.07
0.07
0.14	84.27
0.14
0.14
0.15
0.19
0.19
3.85
0.19
0.13
0.13
0.13
0.13
0.13
0.13
0.13
0.13
0.14
0.14
0.14
0.14
0.14
0.14
0.15
0.14
0.14
0.14
0.14
0.14
0.13
0.13
0.13
0.13
CorWatt	PkgWatt
10.41	159.72
0.08	75.35
0.08
0.08
0.08
0.07
0.07
0.07
0.07
0.06
0.06
0.06
0.06
0.06
0.06
0.06
0.06
0.08
0.08
0.08
0.08
0.08
0.07
0.07
0.07
0.07
0.06
0.06
0.07
0.06
0.06
0.06
0.06
0.14	84.29
0.14
0.14
0.14
0.19
0.19
3.85
0.19
0.13
0.13
0.13
0.13
0.13
0.13
0.13
0.13
0.14
0.14
0.14
0.14
0.14
0.14
0.15
0.14
0.14
0.14
0.14
0.14
0.13
0.13
0.13
0.13
CorWatt	PkgWatt
10.52	159.75
0.08	75.56
0.08
0.08
0.08
0.08
0.08
0.07
0.07
0.06
0.07
0.06
0.06
0.07
0.06
0.06
0.06
0.08
0.08
0.08
0.08
0.09
0.07
0.07
0.07
0.07
0.07
0.07
0.07
0.06
0.07
0.06
0.06
0.14	84.20
0.14
0.14
0.14
0.19
0.19
3.85
0.19
0.13
0.13
0.13
0.13
0.13
0.13
0.13
0.13
0.14
0.14
0.14
0.14
0.14
0.14
0.14
0.14
0.14
0.14
0.14
0.14
0.13
0.13
0.13
0.13
CorWatt	PkgWatt
10.87	163.71
0.09	77.36
0.09
0.08
0.08
0.08
0.08
0.07
0.07
0.07
0.07
0.07
0.06
0.07
0.06
0.06
0.07
0.08
0.08
0.08
0.08
0.09
0.08
0.08
0.08
0.07
0.07
0.07
0.07
0.07
0.07
0.07
0.07
0.15	86.43
0.15
0.17
0.16
0.19
0.19
3.85
0.19
0.13
0.13
0.13
0.14
0.13
0.13
0.13
0.14
0.15
0.15
0.14
0.18
0.15
0.15
0.16
0.16
0.14
0.14
0.14
0.19
0.14
0.13
0.13
0.15
CorWatt	PkgWatt
10.63	160.01
0.09	75.72
0.09
0.08
0.08
0.08
0.08
0.07
0.07
0.07
0.07
0.07
0.07
0.07
0.14
0.07
0.07
0.08
0.08
0.08
0.08
0.09
0.08
0.08
0.08
0.07
0.07
0.07
0.07
0.07
0.07
0.07
0.07
0.14	84.22
0.14
0.14
0.14
0.19
0.19
3.84
0.19
0.13
0.13
0.13
0.13
0.13
0.13
0.13
0.13
0.14
0.14
0.14
0.14
0.14
0.14
0.14
0.14
0.14
0.14
0.14
0.14
0.13
0.13
0.13
0.13
CorWatt	PkgWatt
10.31	159.40
0.08	75.20
0.08
0.08
0.08
0.07
0.07
0.07
0.07
0.06
0.06
0.06
0.06
0.06
0.06
0.06
0.06
0.07
0.07
0.07
0.07
0.08
0.07
0.07
0.07
0.06
0.06
0.06
0.06
0.06
0.06
0.06
0.06
0.14	84.17
0.14
0.14
0.14
0.19
0.19
3.84
0.19
0.13
0.13
0.13
0.13
0.13
0.13
0.13
0.13
0.14
0.14
0.14
0.14
0.14
0.14
0.14
0.14
0.14
0.14
0.13
0.14
0.13
0.13
0.13
0.13
CorWatt	PkgWatt
10.53	159.77
0.08	75.50
0.08
0.08
0.08
0.08
0.08
0.07
0.07
0.07
0.06
0.06
0.06
0.06
0.06
0.06
0.06
0.08
0.08
0.08
0.08
0.09
0.07
0.07
0.07
0.07
0.07
0.07
0.07
0.06
0.06
0.06
0.06
0.14	84.34
0.14
0.14
0.14
0.19
0.19
3.84
0.19
0.13
0.13
0.13
0.13
0.13
0.13
0.13
0.13
0.14
0.14
0.14
0.14
0.15
0.15
0.15
0.15
0.14
0.14
0.14
0.14
0.13
0.13
0.13
0.13
CorWatt	PkgWatt
8.85	157.25
0.08	75.20
0.08
0.08
0.08
0.07
0.07
0.07
0.07
0.06
0.06
0.06
0.06
0.06
0.06
0.06
0.06
0.07
0.07
0.07
0.07
0.08
0.07
0.07
0.07
0.06
0.06
0.06
0.06
0.06
0.06
0.06
0.06
0.12	82.05
0.12
0.13
0.12
0.17
0.16
2.88
0.17
0.11
0.11
0.11
0.12
0.12
0.11
0.11
0.11
0.12
0.12
0.12
0.12
0.13
0.13
0.13
0.13
0.12
0.12
0.12
0.12
0.11
0.11
0.11
0.11
CorWatt	PkgWatt
4.00	150.45
0.08	75.27
0.08
0.07
0.07
0.07
0.07
0.07
0.07
0.06
0.06
0.06
0.06
0.06
0.06
0.06
0.06
0.07
0.07
0.07
0.07
0.08
0.07
0.07
0.07
0.06
0.06
0.06
0.06
0.06
0.06
0.06
0.06
0.07	75.28
0.06
0.07
0.06
0.06
0.06
0.06
0.06
0.05
0.05
0.05
0.06
0.06
0.05
0.06
0.05
0.06
0.06
0.06
0.06
0.07
0.07
0.07
0.07
0.05
0.05
0.06
0.05
0.05
0.05
0.05
0.05
CorWatt	PkgWatt
3.85	150.31
0.08	75.13
0.07
0.07
0.07
0.07
0.07
0.07
0.07
0.06
0.06
0.06
0.06
0.06
0.06
0.06
0.06
0.07
0.07
0.07
0.07
0.08
0.07
0.07
0.07
0.06
0.06
0.06
0.06
0.06
0.06
0.06
0.06
0.06	75.04
0.06
0.06
0.06
0.06
0.05
0.06
0.05
0.05
0.05
0.05
0.05
0.05
0.05
0.05
0.05
0.05
0.05
0.05
0.05
0.07
0.07
0.06
0.07
0.05
0.05
0.05
0.05
0.05
0.05
0.05
0.05
CorWatt	PkgWatt
5.78	153.01
0.09	75.56
0.08
0.08
0.08
0.08
0.08
0.07
0.07
0.07
0.07
0.07
0.07
0.06
0.07
0.06
0.06
0.08
0.08
0.08
0.08
0.09
0.08
0.08
0.08
0.07
0.07
0.07
0.07
0.07
0.07
0.07
0.07
0.09	77.46
0.08
0.08
0.08
0.09
0.08
0.08
0.08
0.08
0.08
0.08
0.08
0.08
0.07
0.08
0.08
0.09
0.09
0.09
0.88
0.09
0.09
0.09
0.09
0.08
0.08
0.08
0.08
0.08
0.08
0.08
0.08
CorWatt	PkgWatt
9.64	158.56
0.08	75.32
0.08
0.08
0.08
0.07
0.07
0.07
0.07
0.06
0.06
0.06
0.06
0.06
0.06
0.06
0.06
0.07
0.07
0.07
0.07
0.08
0.07
0.07
0.07
0.06
0.06
0.06
0.07
0.06
0.06
0.06
0.06
0.13	83.32
0.13
0.13
0.13
0.14
0.13
0.13
0.13
0.13
0.12
0.12
0.13
0.12
0.12
0.12
0.12
0.18
0.18
0.18
3.30
0.14
0.14
0.14
0.14
0.13
0.13
0.13
0.13
0.13
0.13
0.13
0.13
CorWatt	PkgWatt
9.59	158.56
0.08	75.23
0.08
0.08
0.08
0.07
0.07
0.07
0.07
0.06
0.06
0.06
0.06
0.06
0.06
0.06
0.06
0.07
0.07
0.07
0.07
0.08
0.07
0.07
0.07
0.06
0.06
0.06
0.06
0.06
0.06
0.06
0.06
0.13	83.23
0.13
0.13
0.13
0.13
0.13
0.13
0.13
0.12
0.12
0.12
0.12
0.12
0.12
0.12
0.12
0.18
0.18
0.18
3.29
0.14
0.14
0.14
0.14
0.13
0.13
0.13
0.13
0.13
0.12
0.12
0.13
CorWatt	PkgWatt
9.66	158.68
0.08	75.39
0.08
0.08
0.08
0.08
0.07
0.07
0.07
0.06
0.06
0.06
0.06
0.06
0.06
0.06
0.06
0.08
0.08
0.08
0.08
0.09
0.07
0.07
0.07
0.07
0.07
0.06
0.07
0.06
0.06
0.06
0.06
0.13	83.25
0.13
0.13
0.13
0.13
0.13
0.13
0.13
0.12
0.12
0.12
0.12
0.12
0.12
0.12
0.12
0.18
0.18
0.18
3.30
0.14
0.14
0.14
0.14
0.13
0.13
0.12
0.13
0.13
0.12
0.12
0.13
CorWatt	PkgWatt
10.01	159.10
0.09	75.84
0.09
0.08
0.08
0.08
0.08
0.08
0.08
0.08
0.07
0.07
0.07
0.07
0.14
0.07
0.07
0.08
0.08
0.08
0.08
0.09
0.08
0.08
0.08
0.07
0.07
0.07
0.07
0.07
0.07
0.07
0.07
0.14	83.39
0.13
0.13
0.14
0.14
0.13
0.13
0.13
0.13
0.13
0.13
0.13
0.13
0.13
0.13
0.12
0.18
0.18
0.18
3.30
0.14
0.14
0.14
0.14
0.13
0.13
0.13
0.13
0.13
0.13
0.13
0.13
CorWatt	PkgWatt
9.62	158.57
0.08	75.24
0.08
0.08
0.08
0.07
0.07
0.07
0.07
0.06
0.06
0.06
0.06
0.06
0.06
0.06
0.06
0.07
0.07
0.07
0.07
0.08
0.07
0.07
0.07
0.06
0.06
0.06
0.06
0.06
0.06
0.06
0.06
0.13	83.24
0.13
0.13
0.13
0.13
0.13
0.13
0.13
0.13
0.13
0.13
0.13
0.12
0.12
0.12
0.12
0.18
0.18
0.18
3.30
0.14
0.14
0.14
0.14
0.13
0.13
0.13
0.13
0.13
0.13
0.13
0.13
CorWatt	PkgWatt
9.49	158.26
0.08	75.13
0.08
0.07
0.07
0.07
0.07
0.07
0.07
0.06
0.06
0.06
0.06
0.06
0.06
0.06
0.06
0.07
0.07
0.07
0.07
0.08
0.07
0.07
0.07
0.06
0.06
0.06
0.06
0.06
0.06
0.06
0.06
0.13	83.18
0.13
0.13
0.13
0.13
0.13
0.13
0.13
0.12
0.12
0.12
0.12
0.12
0.12
0.12
0.12
0.18
0.18
0.17
3.29
0.14
0.14
0.14
0.14
0.12
0.12
0.12
0.12
0.13
0.12
0.12
0.13
CorWatt	PkgWatt
9.67	158.66
0.08	75.37
0.08
0.08
0.08
0.08
0.07
0.07
0.07
0.06
0.06
0.06
0.06
0.06
0.06
0.06
0.06
0.08
0.08
0.08
0.08
0.09
0.07
0.07
0.07
0.07
0.07
0.06
0.06
0.06
0.06
0.06
0.06
0.13	83.32
0.13
0.13
0.13
0.13
0.13
0.13
0.13
0.13
0.13
0.12
0.12
0.12
0.12
0.12
0.12
0.18
0.18
0.18
3.28
0.14
0.14
0.14
0.14
0.13
0.13
0.13
0.13
0.13
0.13
0.13
0.13
CorWatt	PkgWatt
9.75	158.81
0.08	75.41
0.08
0.08
0.08
0.08
0.07
0.07
0.07
0.07
0.06
0.06
0.06
0.06
0.06
0.06
0.06
0.08
0.08
0.08
0.08
0.09
0.07
0.07
0.07
0.07
0.07
0.07
0.07
0.06
0.06
0.06
0.06
0.13	83.33
0.13
0.13
0.13
0.14
0.13
0.13
0.13
0.13
0.13
0.13
0.12
0.13
0.12
0.12
0.12
0.18
0.18
0.18
3.29
0.14
0.14
0.14
0.14
0.13
0.13
0.13
0.13
0.13
0.13
0.13
0.13
CorWatt	PkgWatt
9.52	158.48
0.08	75.25
0.08
0.08
0.08
0.07
0.07
0.07
0.07
0.06
0.06
0.06
0.06
0.06
0.06
0.06
0.06
0.07
0.07
0.07
0.07
0.08
0.07
0.07
0.07
0.06
0.06
0.06
0.06
0.06
0.06
0.06
0.06
0.13	83.19
0.13
0.13
0.13
0.13
0.13
0.13
0.13
0.12
0.12
0.12
0.12
0.12
0.12
0.12
0.12
0.18
0.18
0.17
3.29
0.14
0.14
0.14
0.14
0.13
0.13
0.12
0.12
0.13
0.12
0.12
0.13
CorWatt	PkgWatt
8.03	156.12
0.08	75.20
0.08
0.08
0.08
0.07
0.07
0.07
0.07
0.06
0.06
0.06
0.06
0.06
0.06
0.06
0.06
0.07
0.07
0.07
0.07
0.08
0.07
0.07
0.07
0.06
0.06
0.06
0.06
0.06
0.06
0.06
0.06
0.11	81.06
0.11
0.11
0.11
0.11
0.11
0.11
0.11
0.10
0.10
0.10
0.10
0.11
0.10
0.10
0.10
0.15
0.15
0.14
2.35
0.12
0.12
0.12
0.13
0.11
0.11
0.11
0.11
0.11
0.11
0.11
0.11
CorWatt	PkgWatt
4.03	150.44
0.08	75.27
0.08
0.08
0.08
0.07
0.07
0.07
0.07
0.06
0.06
0.06
0.06
0.06
0.06
0.06
0.06
0.08
0.07
0.07
0.07
0.08
0.07
0.07
0.07
0.06
0.06
0.06
0.06
0.06
0.06
0.06
0.06
0.06	75.19
0.06
0.06
0.06
0.06
0.06
0.06
0.06
0.05
0.05
0.05
0.05
0.05
0.05
0.05
0.05
0.06
0.06
0.06
0.06
0.07
0.07
0.07
0.07
0.05
0.05
0.05
0.06
0.06
0.05
0.05
0.06
CorWatt	PkgWatt
4.07	150.76
0.08	75.33
0.08
0.08
0.08
0.07
0.07
0.07
0.07
0.06
0.06
0.06
0.06
0.06
0.06
0.06
0.06
0.08
0.08
0.08
0.08
0.09
0.07
0.07
0.07
0.06
0.06
0.06
0.06
0.06
0.06
0.06
0.06
0.06	75.28
0.06
0.06
0.06
0.06
0.06
0.06
0.06
0.05
0.05
0.05
0.05
0.05
0.05
0.05
0.05
0.06
0.06
0.06
0.06
0.07
0.07
0.07
0.07
0.06
0.06
0.06
0.06
0.06
0.06
0.06
0.06
CorWatt	PkgWatt
5.84	153.04
0.08	75.23
0.08
0.08
0.08
0.07
0.07
0.07
0.07
0.06
0.06
0.06
0.06
0.06
0.06
0.06
0.06
0.07
0.07
0.07
0.07
0.08
0.07
0.07
0.07
0.06
0.06
0.06
0.06
0.06
0.06
0.06
0.06
0.10	77.83
0.08
0.08
0.08
0.10
0.09
1.17
0.09
0.07
0.07
0.07
0.07
0.07
0.07
0.07
0.07
0.08
0.09
0.08
0.08
0.09
0.09
0.09
0.09
0.08
0.08
0.08
0.08
0.08
0.07
0.07
0.08
CorWatt	PkgWatt
10.50	159.52
0.08	75.38
0.08
0.08
0.08
0.07
0.07
0.07
0.07
0.06
0.06
0.06
0.06
0.06
0.13
0.06
0.06
0.08
0.08
0.08
0.08
0.08
0.07
0.07
0.07
0.07
0.07
0.06
0.06
0.06
0.06
0.06
0.06
0.14	84.26
0.14
0.14
0.14
0.19
0.19
3.85
0.19
0.13
0.13
0.13
0.13
0.13
0.13
0.13
0.13
0.14
0.14
0.14
0.14
0.14
0.15
0.14
0.15
0.14
0.14
0.14
0.14
0.13
0.13
0.13
0.13
CorWatt	PkgWatt
10.40	159.80
0.09	75.41
0.08
0.08
0.08
0.07
0.08
0.07
0.07
0.06
0.06
0.06
0.06
0.06
0.06
0.06
0.06
0.08
0.08
0.08
0.08
0.09
0.07
0.07
0.07
0.07
0.07
0.06
0.06
0.06
0.06
0.06
0.06
0.14	84.24
0.14
0.14
0.14
0.19
0.19
3.83
0.19
0.13
0.13
0.13
0.12
0.13
0.12
0.12
0.13
0.14
0.14
0.14
0.14
0.14
0.14
0.14
0.15
0.14
0.14
0.14
0.14
0.13
0.13
0.13
0.13
CorWatt	PkgWatt
10.44	159.66
0.08	75.47
0.08
0.08
0.08
0.07
0.07
0.07
0.07
0.06
0.06
0.06
0.06
0.06
0.06
0.06
0.06
0.08
0.08
0.08
0.08
0.09
0.07
0.07
0.07
0.07
0.07
0.07
0.07
0.06
0.06
0.06
0.06
0.14	84.21
0.14
0.14
0.14
0.19
0.19
3.84
0.19
0.13
0.13
0.13
0.13
0.13
0.13
0.13
0.13
0.14
0.14
0.14
0.14
0.14
0.14
0.14
0.15
0.14
0.14
0.14
0.14
0.13
0.13
0.13
0.13
CorWatt	PkgWatt
10.38	159.47
0.08	75.28
0.08
0.08
0.08
0.07
0.07
0.07
0.07
0.06
0.06
0.06
0.06
0.06
0.06
0.06
0.06
0.08
0.07
0.07
0.07
0.08
0.07
0.07
0.07
0.06
0.06
0.06
0.06
0.06
0.06
0.06
0.06
0.14	84.31
0.14
0.15
0.14
0.19
0.19
3.84
0.19
0.13
0.13
0.13
0.13
0.13
0.13
0.13
0.13
0.14
0.14
0.14
0.14
0.14
0.15
0.14
0.15
0.14
0.14
0.14
0.14
0.13
0.13
0.13
0.13
CorWatt	PkgWatt
10.31	159.52
0.08	75.22
0.08
0.08
0.08
0.07
0.07
0.07
0.07
0.06
0.06
0.06
0.06
0.06
0.06
0.06
0.06
0.07
0.07
0.07
0.07
0.08
0.07
0.07
0.07
0.06
0.06
0.06
0.06
0.06
0.06
0.06
0.06
0.14	84.19
0.14
0.14
0.14
0.19
0.19
3.84
0.19
0.13
0.13
0.13
0.13
0.13
0.12
0.12
0.12
0.14
0.14
0.14
0.14
0.14
0.14
0.14
0.15
0.14
0.14
0.13
0.13
0.13
0.13
0.13
0.13
CorWatt	PkgWatt
10.39	159.57
0.08	75.37
0.08
0.08
0.08
0.07
0.08
0.07
0.07
0.06
0.06
0.06
0.06
0.06
0.06
0.06
0.06
0.08
0.08
0.08
0.08
0.09
0.07
0.07
0.07
0.07
0.07
0.07
0.07
0.06
0.06
0.06
0.06
0.14	84.18
0.14
0.14
0.14
0.19
0.19
3.83
0.19
0.13
0.13
0.13
0.13
0.13
0.12
0.12
0.12
0.14
0.14
0.14
0.14
0.14
0.14
0.14
0.15
0.14
0.14
0.14
0.14
0.13
0.13
0.13
0.13
CorWatt	PkgWatt
10.42	159.47
0.08	75.37
0.08
0.08
0.08
0.07
0.07
0.07
0.07
0.06
0.06
0.06
0.06
0.06
0.06
0.06
0.06
0.08
0.08
0.07
0.07
0.08
0.07
0.07
0.07
0.07
0.07
0.07
0.07
0.06
0.06
0.06
0.06
0.14	84.19
0.14
0.14
0.14
0.19
0.20
3.83
0.19
0.13
0.13
0.13
0.13
0.13
0.13
0.13
0.13
0.14
0.14
0.14
0.14
0.14
0.15
0.14
0.15
0.14
0.14
0.14
0.14
0.13
0.13
0.13
0.13
CorWatt	PkgWatt
10.36	159.55
0.08	75.23
0.08
0.08
0.08
0.07
0.07
0.07
0.07
0.06
0.06
0.06
0.06
0.06
0.06
0.06
0.06
0.07
0.07
0.07
0.07
0.08
0.07
0.07
0.07
0.06
0.06
0.06
0.07
0.06
0.06
0.06
0.06
0.14	84.28
0.14
0.14
0.14
0.19
0.19
3.83
0.19
0.13
0.13
0.13
0.13
0.13
0.13
0.13
0.13
0.14
0.14
0.14
0.14
0.14
0.14
0.14
0.15
0.14
0.14
0.14
0.14
0.13
0.13
0.13
0.13
CorWatt	PkgWatt
10.23	159.28
0.08	75.13
0.07
0.07
0.07
0.07
0.07
0.07
0.07
0.06
0.06
0.06
0.06
0.06
0.06
0.06
0.06
0.07
0.07
0.07
0.07
0.08
0.07
0.07
0.07
0.06
0.06
0.06
0.06
0.06
0.06
0.06
0.06
0.14	84.13
0.14
0.14
0.14
0.19
0.19
3.83
0.19
0.13
0.13
0.13
0.13
0.13
0.12
0.12
0.12
0.14
0.14
0.14
0.14
0.14
0.14
0.14
0.14
0.14
0.14
0.14
0.14
0.13
0.13
0.13
0.13
CorWatt	PkgWatt
10.75	168.71
0.11	80.06
0.11
0.10
0.09
0.09
0.09
0.09
0.09
0.08
0.09
0.08
0.08
0.07
0.07
0.07
0.07
0.09
0.09
0.09
0.09
0.10
0.09
0.08
0.08
0.08
0.08
0.08
0.08
0.07
0.08
0.08
0.07
0.16	88.84
0.18
0.29
0.16
0.16
0.16
2.61
0.17
0.18
0.18
0.18
0.23
0.14
0.14
0.21
0.15
0.18
0.16
0.15
0.21
0.17
0.18
0.17
0.25
0.17
0.16
0.15
0.17
0.15
0.15
0.18
0.15
CorWatt	PkgWatt
4.36	151.10
0.08	75.50
0.08
0.08
0.08
0.07
0.07
0.07
0.07
0.07
0.07
0.06
0.06
0.06
0.14
0.06
0.06
0.08
0.08
0.08
0.08
0.09
0.07
0.07
0.07
0.07
0.07
0.07
0.07
0.06
0.06
0.06
0.06
0.07	75.49
0.07
0.07
0.07
0.07
0.07
0.07
0.06
0.06
0.06
0.06
0.06
0.06
0.06
0.06
0.06
0.07
0.06
0.06
0.06
0.07
0.08
0.07
0.07
0.06
0.06
0.06
0.06
0.06
0.06
0.06
0.06
CorWatt	PkgWatt
3.78	149.89
0.07	74.87
0.07
0.07
0.07
0.06
0.07
0.06
0.06
0.06
0.06
0.06
0.06
0.06
0.06
0.05
0.06
0.07
0.07
0.07
0.07
0.07
0.06
0.06
0.06
0.06
0.06
0.06
0.06
0.06
0.06
0.06
0.06
0.06	75.11
0.06
0.06
0.06
0.06
0.06
0.06
0.06
0.05
0.05
0.05
0.05
0.05
0.05
0.05
0.05
0.06
0.06
0.06
0.06
0.07
0.07
0.07
0.07
0.05
0.05
0.05
0.05
0.05
0.05
0.05
0.05
CorWatt	PkgWatt
6.12	157.17
0.08	77.04
0.08
0.08
0.08
0.07
0.07
0.07
0.07
0.06
0.06
0.06
0.06
0.06
0.06
0.06
0.06
0.07
0.08
0.08
0.08
0.08
0.07
0.07
0.07
0.06
0.06
0.06
0.06
0.06
0.06
0.06
0.06
0.09	80.03
0.09
0.09
0.09
0.10
0.09
0.09
0.09
0.09
0.08
0.11
0.08
0.08
0.08
0.08
0.08
0.09
0.09
0.09
0.09
0.09
0.10
0.09
0.09
0.10
0.10
0.10
1.20
0.08
0.08
0.08
0.08
CorWatt	PkgWatt
10.01	159.07
0.08	75.26
0.08
0.08
0.08
0.07
0.07
0.07
0.07
0.06
0.06
0.06
0.06
0.06
0.06
0.06
0.06
0.07
0.07
0.07
0.07
0.08
0.07
0.07
0.07
0.07
0.07
0.06
0.07
0.06
0.06
0.06
0.06
0.14	83.79
0.14
0.14
0.14
0.14
0.14
0.14
0.14
0.13
0.13
0.13
0.13
0.13
0.13
0.13
0.13
0.14
0.14
0.14
0.14
0.14
0.14
0.14
0.14
0.18
0.18
0.18
3.48
0.13
0.13
0.13
0.13
CorWatt	PkgWatt
10.08	159.15
0.08	75.38
0.08
0.08
0.08
0.07
0.07
0.07
0.07
0.06
0.06
0.06
0.06
0.06
0.06
0.06
0.06
0.08
0.08
0.08
0.08
0.09
0.07
0.07
0.07
0.07
0.07
0.07
0.07
0.06
0.06
0.06
0.06
0.14	83.86
0.14
0.14
0.14
0.14
0.14
0.14
0.14
0.13
0.13
0.13
0.13
0.13
0.13
0.13
0.13
0.14
0.14
0.14
0.14
0.14
0.15
0.14
0.14
0.18
0.18
0.19
3.48
0.13
0.13
0.13
0.13
CorWatt	PkgWatt
9.93	159.10
0.08	75.21
0.08
0.08
0.08
0.07
0.07
0.07
0.07
0.06
0.06
0.06
0.06
0.06
0.06
0.06
0.06
0.07
0.07
0.07
0.07
0.08
0.07
0.07
0.07
0.06
0.06
0.06
0.06
0.06
0.06
0.06
0.06
0.14	83.80
0.14
0.14
0.14
0.14
0.14
0.14
0.14
0.13
0.13
0.13
0.13
0.13
0.13
0.13
0.12
0.14
0.14
0.14
0.14
0.14
0.14
0.14
0.14
0.18
0.18
0.18
3.47
0.13
0.13
0.13
0.13
CorWatt	PkgWatt
9.90	158.94
0.08	75.23
0.08
0.08
0.08
0.07
0.07
0.07
0.07
0.06
0.06
0.06
0.06
0.06
0.06
0.06
0.06
0.07
0.07
0.07
0.07
0.08
0.07
0.07
0.07
0.06
0.06
0.06
0.06
0.06
0.06
0.06
0.06
0.14	83.71
0.14
0.14
0.14
0.14
0.14
0.14
0.14
0.13
0.13
0.13
0.13
0.13
0.13
0.13
0.12
0.14
0.14
0.14
0.14
0.14
0.15
0.14
0.14
0.18
0.18
0.18
3.47
0.13
0.13
0.13
0.13
CorWatt	PkgWatt
10.20	159.33
0.09	75.51
0.08
0.08
0.08
0.08
0.08
0.08
0.07
0.07
0.07
0.07
0.07
0.06
0.06
0.06
0.06
0.08
0.08
0.08
0.08
0.09
0.07
0.07
0.07
0.07
0.07
0.07
0.07
0.06
0.06
0.06
0.06
0.14	83.91
0.14
0.14
0.14
0.14
0.14
0.14
0.14
0.13
0.13
0.13
0.13
0.13
0.13
0.13
0.13
0.14
0.14
0.14
0.14
0.14
0.15
0.15
0.15
0.18
0.18
0.19
3.47
0.13
0.13
0.13
0.13
CorWatt	PkgWatt
10.05	159.25
0.08	75.30
0.08
0.08
0.08
0.07
0.07
0.07
0.07
0.06
0.06
0.06
0.06
0.06
0.06
0.06
0.06
0.08
0.08
0.08
0.08
0.08
0.07
0.07
0.07
0.07
0.07
0.06
0.07
0.06
0.06
0.06
0.06
0.14	83.85
0.14
0.14
0.14
0.14
0.14
0.14
0.14
0.13
0.13
0.13
0.13
0.13
0.13
0.13
0.13
0.14
0.14
0.14
0.14
0.14
0.15
0.14
0.15
0.18
0.18
0.18
3.47
0.13
0.13
0.13
0.13
CorWatt	PkgWatt
9.96	159.05
0.08	75.23
0.08
0.08
0.08
0.07
0.07
0.07
0.07
0.06
0.06
0.06
0.06
0.06
0.06
0.06
0.06
0.07
0.07
0.07
0.07
0.08
0.07
0.07
0.07
0.06
0.06
0.06
0.06
0.06
0.06
0.06
0.06
0.14	83.80
0.14
0.14
0.14
0.14
0.14
0.14
0.14
0.13
0.13
0.13
0.13
0.13
0.13
0.13
0.13
0.14
0.14
0.14
0.15
0.14
0.14
0.14
0.14
0.18
0.18
0.18
3.47
0.13
0.13
0.13
0.13
CorWatt	PkgWatt
10.11	159.18
0.08	75.51
0.08
0.08
0.08
0.07
0.07
0.07
0.07
0.06
0.06
0.06
0.06
0.06
0.14
0.06
0.06
0.08
0.08
0.08
0.08
0.09
0.07
0.07
0.07
0.07
0.07
0.07
0.07
0.06
0.06
0.06
0.06
0.14	83.78
0.14
0.14
0.14
0.14
0.14
0.14
0.14
0.13
0.13
0.13
0.13
0.13
0.13
0.12
0.13
0.14
0.14
0.14
0.14
0.14
0.14
0.14
0.14
0.18
0.18
0.18
3.47
0.13
0.13
0.13
0.13
CorWatt	PkgWatt
10.01	159.26
0.08	75.33
0.08
0.08
0.08
0.07
0.07
0.07
0.07
0.07
0.06
0.06
0.06
0.06
0.06
0.06
0.06
0.08
0.08
0.08
0.08
0.08
0.07
0.07
0.07
0.07
0.07
0.07
0.07
0.06
0.06
0.06
0.06
0.14	83.83
0.14
0.14
0.14
0.14
0.14
0.14
0.14
0.13
0.13
0.13
0.13
0.13
0.13
0.12
0.12
0.14
0.14
0.14
0.14
0.14
0.14
0.14
0.14
0.18
0.18
0.18
3.47
0.13
0.13
0.13
0.13
CorWatt	PkgWatt
7.88	156.02
0.08	75.28
0.08
0.08
0.08
0.07
0.07
0.07
0.07
0.06
0.06
0.06
0.06
0.06
0.06
0.06
0.06
0.07
0.07
0.07
0.07
0.08
0.07
0.07
0.07
0.06
0.06
0.06
0.06
0.06
0.06
0.06
0.06
0.11	80.76
0.11
0.12
0.12
0.11
0.11
0.11
0.11
0.10
0.10
0.10
0.10
0.10
0.10
0.10
0.10
0.11
0.11
0.11
0.11
0.12
0.12
0.12
0.12
0.14
0.14
0.14
2.22
0.11
0.10
0.10
0.11
CorWatt	PkgWatt
3.87	150.11
0.07	74.99
0.07
0.07
0.07
0.07
0.07
0.07
0.06
0.06
0.06
0.06
0.06
0.06
0.06
0.06
0.06
0.07
0.07
0.07
0.07
0.08
0.07
0.07
0.07
0.06
0.06
0.06
0.06
0.06
0.06
0.06
0.06
0.06	75.22
0.06
0.06
0.06
0.06
0.06
0.06
0.06
0.05
0.05
0.05
0.05
0.05
0.05
0.05
0.05
0.06
0.05
0.05
0.06
0.07
0.07
0.07
0.07
0.06
0.06
0.05
0.06
0.06
0.05
0.05
0.06
CorWatt	PkgWatt
3.77	150.10
0.07	74.92
0.07
0.07
0.07
0.07
0.07
0.06
0.06
0.06
0.06
0.06
0.06
0.06
0.06
0.05
0.05
0.07
0.07
0.07
0.07
0.07
0.06
0.06
0.07
0.06
0.06
0.06
0.06
0.06
0.06
0.06
0.06
0.06	75.07
0.06
0.06
0.06
0.06
0.06
0.06
0.05
0.05
0.05
0.05
0.05
0.05
0.05
0.05
0.05
0.06
0.05
0.06
0.06
0.07
0.07
0.07
0.06
0.05
0.05
0.05
0.05
0.05
0.05
0.05
0.05
CorWatt	PkgWatt
7.45	155.00
0.08	75.30
0.08
0.08
0.08
0.07
0.07
0.07
0.07
0.06
0.06
0.06
0.06
0.06
0.06
0.06
0.06
0.07
0.07
0.07
0.07
0.08
0.07
0.07
0.07
0.06
0.06
0.06
0.06
0.06
0.06
0.06
0.06
0.10	79.69
0.09
0.09
0.09
0.09
0.09
0.10
0.09
0.08
0.09
0.09
0.08
1.05
0.31
0.31
1.08
0.09
0.09
0.09
0.09
0.10
0.10
0.10
0.10
0.09
0.09
0.09
0.09
0.09
0.09
0.09
0.09
CorWatt	PkgWatt
13.45	162.70
0.08	75.29
0.08
0.08
0.08
0.07
0.07
0.07
0.07
0.06
0.06
0.06
0.06
0.06
0.06
0.06
0.06
0.08
0.08
0.08
0.08
0.08
0.07
0.07
0.07
0.06
0.06
0.06
0.07
0.06
0.06
0.06
0.06
0.15	87.51
0.15
0.15
0.14
0.15
0.15
0.15
0.15
0.14
0.14
0.14
0.14
2.78
0.76
0.76
2.83
0.15
0.15
0.15
0.15
0.16
0.16
0.16
0.16
0.14
0.14
0.14
0.14
0.14
0.14
0.14
0.14
CorWatt	PkgWatt
13.17	162.56
0.08	75.21
0.08
0.08
0.08
0.07
0.07
0.07
0.07
0.06
0.06
0.06
0.06
0.06
0.06
0.06
0.06
0.07
0.07
0.07
0.07
0.08
0.07
0.07
0.07
0.06
0.06
0.06
0.06
0.06
0.06
0.06
0.06
0.15	87.26
0.14
0.14
0.14
0.14
0.14
0.15
0.14
0.14
0.14
0.14
0.14
2.76
2.71
0.76
0.76
0.15
0.14
0.14
0.14
0.15
0.16
0.15
0.16
0.14
0.14
0.14
0.14
0.14
0.14
0.14
0.14
CorWatt	PkgWatt
13.07	162.26
0.08	75.10
0.07
0.07
0.07
0.07
0.07
0.07
0.07
0.06
0.06
0.06
0.06
0.06
0.06
0.06
0.06
0.07
0.07
0.07
0.07
0.08
0.07
0.07
0.07
0.06
0.06
0.06
0.06
0.06
0.06
0.06
0.06
0.15	87.15
0.14
0.14
0.14
0.14
0.14
0.14
0.14
0.14
0.14
0.14
0.14
2.76
2.71
0.76
0.76
0.15
0.14
0.14
0.14
0.15
0.16
0.15
0.16
0.14
0.14
0.14
0.14
0.14
0.14
0.14
0.14
CorWatt	PkgWatt
13.51	162.95
0.08	75.45
0.08
0.08
0.08
0.08
0.08
0.08
0.07
0.07
0.06
0.06
0.06
0.06
0.06
0.06
0.06
0.08
0.08
0.08
0.08
0.09
0.07
0.08
0.07
0.07
0.07
0.07
0.07
0.06
0.06
0.06
0.06
0.15	87.56
0.15
0.15
0.14
0.15
0.15
0.15
0.15
0.14
0.14
0.14
0.14
2.76
0.76
0.76
2.85
0.15
0.15
0.15
0.15
0.16
0.16
0.16
0.16
0.14
0.14
0.14
0.14
0.14
0.14
0.14
0.15
CorWatt	PkgWatt
13.51	163.04
0.09	75.59
0.08
0.08
0.08
0.08
0.08
0.07
0.07
0.07
0.07
0.06
0.06
0.06
0.14
0.06
0.06
0.08
0.08
0.08
0.08
0.09
0.07
0.08
0.08
0.07
0.07
0.07
0.07
0.06
0.06
0.06
0.06
0.15	87.41
0.14
0.14
0.14
0.15
0.15
0.15
0.15
0.14
0.14
0.14
0.14
2.73
0.76
0.76
2.79
0.15
0.15
0.15
0.15
0.16
0.16
0.16
0.16
0.14
0.14
0.14
0.14
0.14
0.14
0.14
0.14
CorWatt	PkgWatt
13.12	162.37
0.08	75.13
0.07
0.07
0.07
0.07
0.07
0.07
0.07
0.06
0.06
0.06
0.06
0.06
0.06
0.06
0.06
0.07
0.07
0.07
0.07
0.08
0.07
0.07
0.07
0.06
0.06
0.06
0.06
0.06
0.06
0.06
0.06
0.14	87.21
0.14
0.14
0.14
0.15
0.14
0.14
0.14
0.14
0.14
0.14
0.14
2.77
2.71
0.76
0.76
0.15
0.14
0.14
0.14
0.15
0.15
0.15
0.16
0.14
0.14
0.14
0.14
0.14
0.14
0.14
0.14
CorWatt	PkgWatt
13.47	166.18
0.09	77.14
0.08
0.08
0.08
0.07
0.08
0.07
0.07
0.07
0.07
0.06
0.06
0.07
0.06
0.06
0.06
0.08
0.08
0.08
0.08
0.08
0.07
0.08
0.08
0.07
0.07
0.06
0.07
0.07
0.06
0.07
0.06
0.15	89.16
0.15
0.14
0.14
0.16
0.15
0.15
0.15
0.15
0.15
0.15
0.15
2.77
2.71
0.78
0.76
0.15
0.14
0.15
0.14
0.17
0.16
0.16
0.16
0.14
0.14
0.14
0.15
0.17
0.14
0.14
0.15
CorWatt	PkgWatt
13.35	162.91
0.08	75.42
0.08
0.08
0.08
0.07
0.07
0.07
0.07
0.07
0.06
0.06
0.06
0.06
0.06
0.06
0.06
0.08
0.08
0.08
0.08
0.09
0.07
0.07
0.07
0.07
0.07
0.07
0.07
0.06
0.06
0.06
0.06
0.15	87.37
0.15
0.14
0.14
0.15
0.15
0.15
0.15
0.14
0.14
0.14
0.14
2.77
2.73
0.76
0.76
0.15
0.14
0.15
0.15
0.16
0.15
0.15
0.16
0.14
0.14
0.14
0.14
0.14
0.14
0.14
0.14
CorWatt	PkgWatt
13.30	162.62
0.08	75.44
0.08
0.08
0.08
0.07
0.08
0.07
0.07
0.06
0.06
0.06
0.06
0.06
0.06
0.06
0.06
0.08
0.08
0.08
0.08
0.08
0.07
0.07
0.07
0.07
0.07
0.07
0.07
0.06
0.06
0.06
0.06
0.15	87.31
0.15
0.14
0.14
0.15
0.15
0.15
0.15
0.14
0.14
0.14
0.14
2.73
2.72
0.76
0.76
0.15
0.15
0.15
0.15
0.16
0.16
0.16
0.16
0.14
0.14
0.14
0.14
0.14
0.14
0.14
0.14
CorWatt	PkgWatt
9.53	157.77
0.08	75.17
0.07
0.07
0.07
0.07
0.07
0.07
0.07
0.06
0.06
0.06
0.06
0.06
0.06
0.06
0.06
0.07
0.07
0.07
0.07
0.08
0.07
0.07
0.07
0.06
0.06
0.06
0.06
0.06
0.06
0.06
0.06
0.12	82.56
0.11
0.11
0.11
0.12
0.12
0.11
0.11
0.11
0.11
0.11
0.11
1.65
0.48
0.48
1.68
0.12
0.11
0.11
0.12
0.12
0.12
0.12
0.13
0.11
0.11
0.11
0.11
0.11
0.10
0.11
0.11
CorWatt	PkgWatt
3.84	150.21
0.07	75.03
0.07
0.07
0.07
0.07
0.07
0.07
0.06
0.06
0.06
0.06
0.06
0.06
0.06
0.06
0.06
0.07
0.07
0.07
0.07
0.08
0.07
0.07
0.07
0.06
0.06
0.06
0.06
0.06
0.06
0.06
0.06
0.06	75.15
0.06
0.06
0.06
0.06
0.06
0.06
0.05
0.05
0.05
0.05
0.05
0.05
0.05
0.05
0.05
0.06
0.05
0.05
0.06
0.07
0.07
0.07
0.07
0.05
0.05
0.05
0.06
0.05
0.05
0.05
0.05
CorWatt	PkgWatt
3.99	150.27
0.08	75.22
0.08
0.08
0.08
0.07
0.07
0.07
0.07
0.06
0.06
0.06
0.06
0.06
0.06
0.06
0.06
0.07
0.07
0.07
0.07
0.08
0.07
0.07
0.07
0.07
0.06
0.06
0.06
0.06
0.06
0.06
0.06
0.06	75.13
0.06
0.06
0.06
0.06
0.06
0.06
0.05
0.05
0.05
0.05
0.05
0.05
0.05
0.05
0.05
0.06
0.06
0.06
0.06
0.07
0.07
0.07
0.07
0.05
0.05
0.05
0.06
0.05
0.05
0.05
0.06
CorWatt	PkgWatt
7.95	155.64
0.08	75.23
0.08
0.08
0.08
0.07
0.07
0.07
0.07
0.06
0.06
0.06
0.06
0.06
0.06
0.06
0.06
0.07
0.07
0.07
0.07
0.08
0.07
0.07
0.07
0.06
0.06
0.06
0.06
0.06
0.06
0.06
0.06
0.10	80.32
0.09
0.09
0.09
0.10
0.10
0.09
0.09
0.09
0.09
0.09
0.09
0.09
0.09
0.09
0.09
0.10
0.10
0.10
0.10
0.10
0.11
0.10
0.10
0.09
0.09
0.09
0.10
1.25
1.21
0.34
0.34
CorWatt	PkgWatt
13.64	168.18
0.08	77.01
0.08
0.08
0.08
0.07
0.07
0.07
0.07
0.06
0.06
0.06
0.06
0.06
0.06
0.06
0.06
0.07
0.07
0.07
0.07
0.08
0.07
0.07
0.07
0.06
0.06
0.06
0.06
0.06
0.06
0.06
0.06
0.15	91.21
0.14
0.15
0.14
0.15
0.15
0.14
0.14
0.13
0.14
0.14
0.13
0.13
0.13
0.13
0.13
0.14
0.14
0.15
0.15
0.16
0.16
0.15
0.16
0.14
0.14
0.14
0.14
2.89
0.76
3.05
0.76
CorWatt	PkgWatt
13.76	163.05
0.09	75.57
0.08
0.08
0.08
0.08
0.08
0.07
0.07
0.07
0.06
0.06
0.06
0.07
0.14
0.06
0.06
0.08
0.08
0.08
0.08
0.09
0.07
0.08
0.08
0.07
0.07
0.07
0.07
0.06
0.07
0.07
0.06
0.15	87.56
0.14
0.14
0.14
0.15
0.15
0.14
0.14
0.13
0.14
0.14
0.13
0.13
0.13
0.13
0.13
0.15
0.14
0.14
0.15
0.16
0.16
0.15
0.15
0.14
0.14
0.14
0.14
2.88
0.76
3.01
0.76
CorWatt	PkgWatt
13.61	163.00
0.08	75.29
0.08
0.08
0.08
0.07
0.07
0.07
0.07
0.06
0.06
0.06
0.06
0.06
0.06
0.06
0.06
0.08
0.08
0.07
0.07
0.08
0.07
0.07
0.07
0.06
0.06
0.06
0.06
0.06
0.06
0.06
0.06
0.14	87.58
0.14
0.14
0.14
0.14
0.14
0.14
0.14
0.13
0.13
0.13
0.13
0.13
0.13
0.13
0.13
0.14
0.14
0.14
0.14
0.15
0.16
0.15
0.15
0.14
0.14
0.14
0.14
1.06
0.75
2.71
2.97
CorWatt	PkgWatt
13.61	162.86
0.09	75.38
0.08
0.08
0.08
0.07
0.07
0.07
0.07
0.06
0.06
0.06
0.06
0.06
0.06
0.06
0.06
0.08
0.08
0.08
0.08
0.08
0.07
0.07
0.07
0.06
0.06
0.06
0.06
0.06
0.06
0.06
0.06
0.14	87.57
0.14
0.14
0.14
0.14
0.14
0.14
0.14
0.13
0.13
0.13
0.13
0.13
0.13
0.13
0.13
0.14
0.14
0.14
0.14
0.15
0.16
0.15
0.15
0.14
0.14
0.14
0.14
0.75
0.75
3.04
2.95
CorWatt	PkgWatt
13.54	162.84
0.09	75.27
0.08
0.08
0.08
0.07
0.07
0.07
0.07
0.06
0.07
0.06
0.06
0.06
0.06
0.06
0.06
0.08
0.07
0.07
0.07
0.08
0.07
0.07
0.07
0.06
0.06
0.06
0.06
0.06
0.06
0.06
0.06
0.14	87.49
0.14
0.14
0.14
0.14
0.14
0.14
0.14
0.13
0.13
0.13
0.13
0.13
0.13
0.13
0.13
0.14
0.14
0.14
0.14
0.15
0.16
0.15
0.15
0.14
0.14
0.14
0.14
2.88
0.76
3.01
0.76
CorWatt	PkgWatt
12.42	161.51
0.09	75.32
0.08
0.08
0.08
0.07
0.07
0.07
0.07
0.06
0.06
0.06
0.06
0.06
0.06
0.06
0.06
0.08
0.07
0.08
0.08
0.08
0.07
0.07
0.07
0.06
0.06
0.06
0.06
0.06
0.06
0.06
0.06
0.14	86.32
0.14
0.14
0.14
0.14
0.14
0.14
0.14
0.13
0.13
0.13
0.13
0.13
0.13
0.13
0.13
0.14
0.14
0.14
0.14
0.15
0.15
0.14
0.15
0.14
0.14
0.14
0.14
4.12
0.75
0.75
0.75
CorWatt	PkgWatt
13.58	162.97
0.08	75.32
0.08
0.08
0.08
0.07
0.07
0.07
0.07
0.06
0.06
0.06
0.06
0.06
0.06
0.06
0.06
0.08
0.08
0.08
0.08
0.08
0.07
0.07
0.07
0.06
0.06
0.06
0.06
0.06
0.06
0.06
0.06
0.14	87.50
0.14
0.14
0.14
0.14
0.14
0.14
0.14
0.13
0.13
0.13
0.13
0.13
0.13
0.13
0.13
0.14
0.14
0.14
0.14
0.16
0.15
0.15
0.15
0.14
0.14
0.14
0.14
2.92
0.76
3.01
0.76
CorWatt	PkgWatt
12.46	161.68
0.09	75.32
0.08
0.08
0.08
0.07
0.07
0.07
0.07
0.06
0.07
0.06
0.06
0.06
0.06
0.06
0.06
0.08
0.08
0.08
0.08
0.08
0.07
0.07
0.07
0.07
0.07
0.07
0.06
0.06
0.06
0.06
0.06
0.14	86.39
0.14
0.14
0.14
0.14
0.14
0.14
0.14
0.13
0.13
0.13
0.13
0.13
0.13
0.13
0.13
0.14
0.14
0.14
0.14
0.15
0.15
0.14
0.15
0.14
0.14
0.14
0.14
4.13
0.75
0.75
0.75
CorWatt	PkgWatt
13.54	162.71
0.08	75.31
0.08
0.08
0.08
0.07
0.07
0.07
0.07
0.06
0.07
0.06
0.06
0.06
0.06
0.06
0.06
0.08
0.08
0.08
0.08
0.09
0.07
0.07
0.07
0.06
0.06
0.06
0.06
0.06
0.06
0.06
0.06
0.15	87.48
0.14
0.14
0.14
0.14
0.14
0.14
0.14
0.13
0.13
0.13
0.13
0.13
0.13
0.13
0.13
0.14
0.14
0.14
0.14
0.16
0.16
0.15
0.15
0.14
0.14
0.14
0.14
2.88
0.76
3.00
0.75
CorWatt	PkgWatt
9.24	157.39
0.08	75.21
0.07
0.07
0.07
0.07
0.07
0.07
0.07
0.06
0.06
0.06
0.06
0.06
0.06
0.06
0.06
0.07
0.07
0.07
0.07
0.08
0.07
0.07
0.07
0.06
0.06
0.06
0.06
0.06
0.06
0.06
0.06
0.12	82.10
0.11
0.11
0.11
0.11
0.11
0.11
0.11
0.10
0.10
0.10
0.10
0.10
0.10
0.09
0.09
0.11
0.10
0.10
0.10
0.12
0.12
0.11
0.12
0.10
0.10
0.10
0.10
1.62
0.45
1.68
0.45
CorWatt	PkgWatt
4.12	150.68
0.08	75.24
0.08
0.08
0.08
0.07
0.07
0.07
0.07
0.06
0.06
0.06
0.06
0.06
0.06
0.06
0.06
0.07
0.07
0.07
0.07
0.08
0.07
0.07
0.07
0.06
0.06
0.06
0.06
0.06
0.06
0.06
0.06
0.07	75.45
0.06
0.07
0.06
0.07
0.06
0.06
0.06
0.06
0.06
0.06
0.06
0.06
0.05
0.05
0.05
0.06
0.06
0.06
0.06
0.07
0.07
0.07
0.07
0.06
0.06
0.06
0.06
0.06
0.06
0.06
0.06
CorWatt	PkgWatt
4.13	150.55
0.08	75.42
0.08
0.08
0.08
0.07
0.07
0.07
0.07
0.06
0.06
0.06
0.06
0.06
0.13
0.06
0.06
0.08
0.08
0.08
0.08
0.09
0.07
0.07
0.07
0.06
0.06
0.06
0.06
0.06
0.06
0.06
0.06
0.06	75.22
0.06
0.06
0.06
0.06
0.06
0.06
0.06
0.05
0.05
0.05
0.05
0.05
0.05
0.05
0.05
0.06
0.06
0.06
0.06
0.07
0.07
0.07
0.07
0.06
0.06
0.05
0.06
0.06
0.05
0.05
0.06
CorWatt	PkgWatt
8.13	155.81
0.08	75.44
0.08
0.08
0.08
0.08
0.08
0.07
0.07
0.07
0.09
0.07
0.06
0.06
0.06
0.06
0.09
0.08
0.08
0.08
0.08
0.09
0.07
0.07
0.07
0.07
0.07
0.07
0.06
0.06
0.06
0.06
0.06
0.10	80.29
0.10
0.09
0.09
0.10
0.09
0.09
0.09
0.09
0.09
0.10
0.09
0.09
0.09
0.09
0.09
1.33
0.36
0.36
1.19
0.11
0.10
0.10
0.10
0.09
0.09
0.09
0.09
0.09
0.09
0.09
0.09
CorWatt	PkgWatt
12.85	161.70
0.08	75.24
0.08
0.08
0.08
0.07
0.07
0.07
0.07
0.06
0.06
0.06
0.06
0.06
0.06
0.06
0.06
0.08
0.07
0.07
0.08
0.08
0.07
0.07
0.07
0.06
0.06
0.06
0.06
0.06
0.06
0.06
0.06
0.13	86.47
0.13
0.13
0.13
0.14
0.13
0.13
0.13
0.12
0.12
0.13
0.12
0.12
0.12
0.12
0.12
2.94
2.69
0.73
0.73
0.14
0.14
0.14
0.14
0.13
0.13
0.12
0.13
0.13
0.12
0.12
0.13
CorWatt	PkgWatt
13.11	162.14
0.09	75.58
0.08
0.08
0.08
0.08
0.08
0.07
0.07
0.07
0.07
0.07
0.07
0.07
0.06
0.06
0.06
0.09
0.08
0.08
0.10
0.09
0.08
0.08
0.08
0.07
0.07
0.07
0.07
0.07
0.07
0.07
0.07
0.14	86.57
0.14
0.14
0.14
0.14
0.14
0.14
0.14
0.13
0.13
0.13
0.13
0.13
0.13
0.13
0.13
0.73
0.73
2.89
2.61
0.15
0.15
0.14
0.14
0.13
0.14
0.13
0.13
0.13
0.13
0.13
0.13
CorWatt	PkgWatt
13.01	161.98
0.09	75.40
0.08
0.08
0.08
0.07
0.07
0.07
0.07
0.06
0.07
0.06
0.06
0.06
0.06
0.06
0.06
0.08
0.08
0.08
0.08
0.08
0.07
0.07
0.07
0.07
0.07
0.07
0.07
0.06
0.06
0.06
0.06
0.14	86.61
0.13
0.14
0.13
0.14
0.14
0.13
0.13
0.13
0.13
0.13
0.13
0.13
0.13
0.13
0.12
2.90
2.71
0.73
0.74
0.14
0.15
0.14
0.14
0.13
0.13
0.13
0.13
0.13
0.13
0.13
0.13
CorWatt	PkgWatt
12.85	161.81
0.08	75.28
0.08
0.08
0.08
0.07
0.07
0.07
0.07
0.06
0.06
0.06
0.06
0.06
0.06
0.06
0.06
0.07
0.07
0.07
0.07
0.08
0.07
0.07
0.07
0.06
0.06
0.06
0.06
0.06
0.06
0.06
0.06
0.13	86.42
0.13
0.13
0.13
0.14
0.13
0.13
0.13
0.12
0.12
0.12
0.12
0.12
0.12
0.12
0.12
2.89
2.71
0.73
0.73
0.14
0.14
0.14
0.14
0.13
0.13
0.13
0.13
0.13
0.13
0.13
0.13
CorWatt	PkgWatt
12.95	161.76
0.08	75.21
0.08
0.08
0.08
0.07
0.07
0.07
0.07
0.06
0.06
0.06
0.06
0.06
0.06
0.06
0.06
0.07
0.07
0.07
0.07
0.08
0.07
0.07
0.07
0.06
0.06
0.06
0.06
0.06
0.06
0.06
0.06
0.14	86.69
0.14
0.14
0.14
0.14
0.14
0.14
0.14
0.13
0.13
0.13
0.13
0.13
0.13
0.12
0.12
0.73
2.73
2.91
0.73
0.14
0.14
0.14
0.14
0.13
0.13
0.13
0.13
0.13
0.13
0.13
0.13
CorWatt	PkgWatt
13.08	162.21
0.08	75.41
0.08
0.08
0.08
0.07
0.07
0.07
0.07
0.06
0.07
0.06
0.06
0.06
0.06
0.06
0.06
0.08
0.08
0.08
0.08
0.08
0.07
0.07
0.07
0.07
0.07
0.07
0.07
0.06
0.06
0.06
0.06
0.14	86.64
0.14
0.14
0.14
0.14
0.14
0.14
0.14
0.13
0.13
0.13
0.13
0.13
0.13
0.12
0.12
0.73
2.74
2.91
0.73
0.14
0.14
0.14
0.14
0.13
0.13
0.13
0.13
0.13
0.13
0.13
0.13
CorWatt	PkgWatt
12.89	161.81
0.08	75.26
0.08
0.08
0.08
0.07
0.07
0.07
0.07
0.06
0.06
0.06
0.06
0.06
0.06
0.06
0.06
0.08
0.08
0.07
0.07
0.08
0.07
0.07
0.07
0.06
0.06
0.06
0.06
0.06
0.06
0.06
0.06
0.14	86.56
0.13
0.13
0.13
0.14
0.13
0.13
0.13
0.12
0.13
0.13
0.13
0.13
0.13
0.12
0.12
2.89
2.72
0.73
0.73
0.14
0.14
0.14
0.14
0.13
0.13
0.13
0.13
0.13
0.13
0.13
0.13
CorWatt	PkgWatt
12.91	161.63
0.08	75.32
0.08
0.08
0.08
0.07
0.07
0.07
0.07
0.06
0.07
0.06
0.06
0.06
0.06
0.06
0.06
0.08
0.08
0.08
0.08
0.09
0.07
0.07
0.07
0.07
0.07
0.06
0.06
0.06
0.06
0.06
0.06
0.14	86.44
0.13
0.13
0.13
0.14
0.13
0.13
0.13
0.13
0.13
0.13
0.12
0.13
0.13
0.12
0.12
2.89
2.70
0.73
0.73
0.14
0.14
0.14
0.14
0.13
0.13
0.13
0.13
0.13
0.13
0.13
0.13
CorWatt	PkgWatt
13.41	166.10
0.10	77.46
0.09
0.08
0.08
0.08
0.08
0.08
0.08
0.07
0.07
0.07
0.07
0.07
0.14
0.07
0.07
0.08
0.08
0.08
0.08
0.09
0.07
0.08
0.08
0.07
0.07
0.07
0.07
0.06
0.07
0.07
0.07
0.14	88.57
0.14
0.14
0.14
0.15
0.14
0.15
0.14
0.12
0.13
0.13
0.12
0.13
0.13
0.13
0.13
0.73
2.75
2.89
0.73
0.14
0.15
0.14
0.14
0.13
0.13
0.13
0.13
0.13
0.13
0.14
0.13
CorWatt	PkgWatt
8.87	156.66
0.09	75.43
0.08
0.08
0.08
0.08
0.08
0.08
0.07
0.07
0.07
0.06
0.06
0.06
0.06
0.06
0.06
0.08
0.08
0.08
0.08
0.08
0.07
0.07
0.07
0.07
0.07
0.07
0.07
0.07
0.07
0.07
0.07
0.11	81.30
0.10
0.10
0.10
0.11
0.10
0.10
0.10
0.09
0.10
0.10
0.09
0.09
0.09
0.09
0.09
1.52
1.42
0.41
0.41
0.11
0.11
0.11
0.11
0.10
0.10
0.09
0.10
0.09
0.10
0.09
0.10
CorWatt	PkgWatt
4.05	150.62
0.08	75.20
0.07
0.07
0.07
0.07
0.07
0.07
0.07
0.06
0.06
0.06
0.06
0.06
0.06
0.06
0.06
0.07
0.07
0.07
0.07
0.08
0.07
0.07
0.07
0.06
0.06
0.06
0.06
0.06
0.06
0.06
0.06
0.07	75.32
0.06
0.07
0.06
0.07
0.06
0.06
0.06
0.05
0.05
0.06
0.05
0.06
0.05
0.05
0.05
0.07
0.06
0.06
0.06
0.07
0.07
0.07
0.07
0.06
0.06
0.06
0.06
0.06
0.06
0.06
0.06
CorWatt	PkgWatt
3.87	150.09
0.08	75.10
0.07
0.07
0.07
0.07
0.07
0.07
0.07
0.06
0.06
0.06
0.06
0.06
0.06
0.06
0.06
0.07
0.07
0.07
0.07
0.08
0.07
0.07
0.07
0.06
0.06
0.06
0.06
0.06
0.06
0.06
0.06
0.06	75.07
0.06
0.06
0.06
0.06
0.05
0.05
0.05
0.05
0.05
0.05
0.05
0.05
0.05
0.05
0.05
0.06
0.06
0.05
0.05
0.07
0.07
0.07
0.07
0.05
0.05
0.05
0.05
0.05
0.05
0.05
0.05
CorWatt	PkgWatt
8.63	156.50
0.08	75.30
0.08
0.08
0.08
0.07
0.08
0.07
0.07
0.06
0.06
0.06
0.06
0.06
0.06
0.06
0.06
0.07
0.07
0.07
0.07
0.08
0.07
0.07
0.07
0.06
0.06
0.06
0.06
0.06
0.06
0.06
0.06
1.51	81.10
1.50
0.39
0.39
0.10
0.10
0.10
0.10
0.09
0.09
0.09
0.09
0.09
0.09
0.09
0.09
0.10
0.10
0.10
0.10
0.11
0.11
0.11
0.11
0.09
0.09
0.09
0.10
0.09
0.09
0.09
0.10
CorWatt	PkgWatt
13.68	162.95
0.08	75.41
0.08
0.08
0.08
0.07
0.08
0.07
0.07
0.06
0.06
0.06
0.06
0.06
0.06
0.06
0.06
0.08
0.08
0.08
0.08
0.08
0.07
0.07
0.07
0.07
0.07
0.07
0.07
0.06
0.06
0.06
0.06
3.05	87.52
0.76
3.02
0.76
0.14
0.14
0.14
0.14
0.13
0.13
0.13
0.13
0.13
0.13
0.13
0.13
0.14
0.14
0.14
0.14
0.15
0.15
0.15
0.15
0.14
0.14
0.14
0.14
0.13
0.13
0.13
0.13
CorWatt	PkgWatt
13.50	162.56
0.08	75.13
0.07
0.07
0.07
0.07
0.07
0.07
0.07
0.06
0.06
0.06
0.06
0.06
0.06
0.06
0.06
0.07
0.07
0.07
0.07
0.08
0.07
0.07
0.07
0.06
0.06
0.06
0.06
0.06
0.06
0.06
0.06
3.06	87.54
0.76
2.99
0.76
0.14
0.14
0.14
0.14
0.13
0.13
0.13
0.13
0.13
0.13
0.13
0.13
0.14
0.14
0.14
0.14
0.15
0.15
0.15
0.15
0.14
0.14
0.14
0.14
0.13
0.13
0.13
0.13
CorWatt	PkgWatt
13.46	162.74
0.08	75.20
0.08
0.08
0.08
0.07
0.07
0.07
0.07
0.06
0.06
0.06
0.06
0.06
0.06
0.06
0.06
0.07
0.07
0.07
0.07
0.08
0.07
0.07
0.07
0.06
0.06
0.06
0.06
0.06
0.06
0.06
0.06
1.91	87.46
0.75
2.99
1.87
0.14
0.14
0.14
0.14
0.13
0.13
0.13
0.13
0.13
0.13
0.13
0.13
0.14
0.14
0.14
0.14
0.15
0.15
0.14
0.15
0.14
0.14
0.14
0.14
0.13
0.13
0.13
0.13
CorWatt	PkgWatt
13.53	162.74
0.08	75.31
0.08
0.08
0.08
0.07
0.08
0.07
0.07
0.06
0.06
0.06
0.06
0.06
0.06
0.06
0.06
0.07
0.07
0.07
0.07
0.08
0.07
0.07
0.07
0.06
0.06
0.06
0.06
0.06
0.06
0.06
0.06
3.10	87.41
0.75
2.97
0.75
0.14
0.14
0.14
0.14
0.13
0.13
0.13
0.12
0.13
0.13
0.13
0.13
0.14
0.14
0.14
0.14
0.15
0.15
0.14
0.15
0.14
0.14
0.14
0.14
0.13
0.13
0.13
0.13
CorWatt	PkgWatt
13.73	162.94
0.08	75.44
0.08
0.08
0.08
0.08
0.08
0.07
0.07
0.06
0.06
0.06
0.06
0.06
0.06
0.06
0.07
0.08
0.08
0.08
0.08
0.09
0.07
0.08
0.07
0.07
0.07
0.07
0.07
0.06
0.06
0.07
0.06
2.52	87.55
1.33
1.21
2.56
0.14
0.14
0.14
0.14
0.13
0.13
0.13
0.13
0.13
0.13
0.13
0.13
0.14
0.14
0.14
0.14
0.15
0.15
0.15
0.15
0.14
0.14
0.14
0.14
0.13
0.13
0.13
0.13
CorWatt	PkgWatt
13.64	162.92
0.08	75.41
0.08
0.08
0.08
0.07
0.07
0.07
0.07
0.06
0.06
0.06
0.06
0.06
0.14
0.06
0.06
0.08
0.08
0.07
0.07
0.08
0.07
0.07
0.07
0.07
0.06
0.07
0.06
0.06
0.06
0.06
0.06
3.03	87.49
0.76
2.98
0.75
0.14
0.14
0.14
0.14
0.13
0.13
0.13
0.13
0.13
0.13
0.13
0.13
0.14
0.14
0.14
0.14
0.15
0.15
0.15
0.15
0.14
0.14
0.14
0.14
0.13
0.13
0.13
0.13
CorWatt	PkgWatt
13.40	162.43
0.08	75.12
0.07
0.07
0.07
0.07
0.07
0.07
0.07
0.06
0.06
0.06
0.06
0.06
0.06
0.06
0.06
0.07
0.07
0.07
0.07
0.08
0.07
0.07
0.07
0.06
0.06
0.06
0.06
0.06
0.06
0.06
0.06
0.76	87.39
2.96
0.76
3.00
0.14
0.14
0.14
0.14
0.13
0.13
0.13
0.13
0.13
0.13
0.13
0.13
0.14
0.14
0.14
0.14
0.14
0.15
0.14
0.14
0.14
0.14
0.14
0.14
0.13
0.13
0.13
0.13
CorWatt	PkgWatt
13.34	162.57
0.08	75.14
0.08
0.08
0.07
0.07
0.07
0.07
0.07
0.06
0.06
0.06
0.06
0.06
0.06
0.06
0.06
0.07
0.07
0.07
0.07
0.08
0.07
0.07
0.07
0.06
0.06
0.06
0.06
0.06
0.06
0.06
0.06
0.76	87.32
2.97
2.98
0.75
0.14
0.14
0.14
0.14
0.13
0.13
0.13
0.13
0.13
0.13
0.13
0.13
0.14
0.14
0.14
0.14
0.14
0.15
0.14
0.14
0.14
0.14
0.14
0.14
0.13
0.13
0.13
0.13
CorWatt	PkgWatt
13.50	162.75
0.08	75.31
0.08
0.08
0.08
0.07
0.07
0.07
0.07
0.06
0.06
0.06
0.06
0.06
0.06
0.06
0.06
0.08
0.08
0.08
0.08
0.08
0.07
0.07
0.07
0.06
0.06
0.06
0.06
0.06
0.06
0.06
0.06
0.76	87.41
2.98
3.01
0.75
0.14
0.14
0.14
0.14
0.13
0.13
0.13
0.13
0.13
0.13
0.13
0.13
0.14
0.14
0.14
0.14
0.15
0.15
0.14
0.15
0.14
0.14
0.14
0.14
0.13
0.13
0.13
0.13
CorWatt	PkgWatt
8.56	156.16
0.08	75.25
0.08
0.08
0.08
0.07
0.07
0.07
0.07
0.06
0.06
0.06
0.06
0.06
0.06
0.06
0.06
0.07
0.07
0.07
0.07
0.08
0.07
0.07
0.07
0.06
0.06
0.06
0.06
0.06
0.06
0.06
0.06
0.40	81.10
1.46
1.46
0.40
0.10
0.10
0.10
0.11
0.09
0.09
0.10
0.09
0.09
0.09
0.09
0.09
0.10
0.10
0.10
0.10
0.11
0.11
0.10
0.11
0.09
0.10
0.09
0.09
0.09
0.09
0.09
0.09
CorWatt	PkgWatt
3.93	150.37
0.08	75.04
0.07
0.07
0.07
0.07
0.07
0.07
0.06
0.06
0.06
0.06
0.06
0.06
0.06
0.06
0.06
0.07
0.07
0.07
0.07
0.08
0.07
0.07
0.07
0.06
0.06
0.06
0.06
0.06
0.06
0.06
0.06
0.06	75.22
0.06
0.06
0.06
0.07
0.06
0.06
0.06
0.05
0.05
0.06
0.05
0.05
0.05
0.05
0.06
0.06
0.05
0.06
0.05
0.07
0.07
0.07
0.07
0.05
0.05
0.05
0.05
0.05
0.05
0.05
0.06
CorWatt	PkgWatt
3.80	150.16
0.08	75.08
0.07
0.07
0.07
0.07
0.07
0.07
0.06
0.06
0.06
0.06
0.06
0.06
0.06
0.06
0.06
0.07
0.07
0.07
0.07
0.08
0.07
0.07
0.07
0.06
0.06
0.06
0.06
0.06
0.06
0.06
0.06
0.06	75.06
0.06
0.06
0.06
0.06
0.06
0.06
0.05
0.05
0.05
0.05
0.05
0.05
0.05
0.05
0.05
0.05
0.05
0.05
0.05
0.07
0.06
0.06
0.07
0.05
0.05
0.05
0.05
0.05
0.05
0.05
0.05
CorWatt	PkgWatt
9.19	157.00
0.08	75.37
0.08
0.08
0.08
0.08
0.07
0.07
0.07
0.06
0.06
0.06
0.06
0.06
0.06
0.06
0.06
0.08
0.08
0.08
0.08
0.08
0.07
0.07
0.07
0.07
0.07
0.07
0.07
0.06
0.06
0.06
0.06
0.11	81.66
0.11
0.11
0.10
0.11
0.11
0.11
0.11
0.10
0.10
0.10
0.09
0.10
0.10
0.09
0.09
0.11
0.11
0.10
0.11
1.62
1.61
0.43
0.43
0.10
0.10
0.10
0.10
0.10
0.10
0.10
0.10
CorWatt	PkgWatt
13.52	162.72
0.08	75.23
0.08
0.08
0.08
0.07
0.07
0.07
0.07
0.06
0.06
0.06
0.06
0.06
0.06
0.06
0.06
0.07
0.07
0.07
0.07
0.08
0.07
0.07
0.07
0.06
0.06
0.06
0.06
0.06
0.06
0.06
0.06
0.14	87.41
0.14
0.14
0.14
0.14
0.14
0.14
0.14
0.13
0.13
0.13
0.13
0.13
0.13
0.12
0.13
0.14
0.14
0.14
0.14
3.11
2.97
0.76
0.76
0.14
0.14
0.14
0.14
0.13
0.13
0.13
0.13
CorWatt	PkgWatt
13.45	162.58
0.08	75.22
0.08
0.08
0.08
0.07
0.07
0.07
0.07
0.06
0.06
0.06
0.06
0.06
0.06
0.06
0.06
0.07
0.07
0.07
0.07
0.08
0.07
0.07
0.07
0.06
0.06
0.06
0.06
0.06
0.06
0.06
0.06
0.14	87.36
0.14
0.14
0.14
0.14
0.14
0.14
0.14
0.13
0.13
0.13
0.13
0.13
0.13
0.13
0.13
0.14
0.14
0.14
0.14
3.05
2.98
0.76
0.76
0.14
0.14
0.14
0.14
0.13
0.13
0.13
0.13
CorWatt	PkgWatt
13.58	162.63
0.08	75.45
0.08
0.08
0.08
0.08
0.07
0.07
0.07
0.06
0.06
0.06
0.06
0.06
0.14
0.06
0.06
0.08
0.08
0.08
0.08
0.09
0.07
0.07
0.07
0.07
0.07
0.06
0.07
0.06
0.06
0.06
0.06
0.14	87.35
0.14
0.14
0.14
0.14
0.14
0.14
0.14
0.13
0.13
0.13
0.13
0.13
0.13
0.13
0.13
0.14
0.14
0.14
0.14
2.99
2.98
0.76
0.76
0.14
0.14
0.14
0.14
0.13
0.13
0.13
0.13
CorWatt	PkgWatt
13.69	163.09
0.09	75.49
0.08
0.08
0.08
0.08
0.08
0.08
0.07
0.06
0.07
0.06
0.06
0.07
0.06
0.06
0.06
0.08
0.08
0.08
0.08
0.09
0.08
0.07
0.08
0.07
0.07
0.07
0.07
0.07
0.07
0.06
0.07
0.15	87.44
0.14
0.15
0.14
0.14
0.15
0.14
0.15
0.13
0.13
0.13
0.13
0.13
0.13
0.13
0.13
0.15
0.14
0.14
0.14
2.56
2.99
1.21
0.76
0.14
0.14
0.14
0.14
0.13
0.13
0.13
0.13
CorWatt	PkgWatt
13.34	162.46
0.08	75.11
0.07
0.07
0.07
0.07
0.07
0.07
0.06
0.06
0.06
0.06
0.06
0.06
0.06
0.06
0.06
0.07
0.07
0.07
0.07
0.08
0.07
0.07
0.07
0.06
0.06
0.06
0.06
0.06
0.06
0.06
0.06
0.14	87.32
0.14
0.14
0.14
0.14
0.14
0.14
0.14
0.13
0.13
0.13
0.13
0.13
0.13
0.12
0.13
0.14
0.14
0.14
0.14
0.76
3.03
2.98
0.76
0.14
0.14
0.14
0.14
0.13
0.13
0.13
0.13
CorWatt	PkgWatt
13.49	162.43
0.08	75.13
0.08
0.08
0.08
0.07
0.07
0.07
0.07
0.06
0.06
0.06
0.06
0.06
0.06
0.06
0.06
0.07
0.07
0.07
0.07
0.08
0.07
0.07
0.07
0.06
0.06
0.06
0.06
0.06
0.06
0.06
0.06
0.14	87.42
0.14
0.14
0.14
0.14
0.14
0.14
0.14
0.13
0.13
0.13
0.13
0.13
0.13
0.13
0.13
0.14
0.14
0.14
0.14
0.77
3.03
2.98
0.76
0.14
0.14
0.14
0.14
0.13
0.13
0.13
0.13
CorWatt	PkgWatt
13.42	162.66
0.08	75.25
0.08
0.08
0.08
0.07
0.07
0.07
0.07
0.06
0.06
0.06
0.06
0.06
0.06
0.06
0.06
0.07
0.07
0.07
0.07
0.08
0.07
0.07
0.07
0.06
0.06
0.06
0.06
0.06
0.06
0.06
0.06
0.14	87.42
0.14
0.14
0.14
0.14
0.14
0.14
0.14
0.13
0.13
0.13
0.13
0.13
0.13
0.13
0.13
0.14
0.14
0.14
0.14
0.76
3.01
2.99
0.76
0.14
0.14
0.14
0.14
0.13
0.13
0.13
0.13
CorWatt	PkgWatt
13.59	162.86
0.09	75.37
0.08
0.08
0.08
0.07
0.07
0.07
0.07
0.06
0.06
0.06
0.06
0.06
0.06
0.06
0.06
0.08
0.08
0.08
0.08
0.08
0.07
0.07
0.07
0.07
0.07
0.07
0.07
0.06
0.06
0.06
0.06
0.14	87.36
0.14
0.14
0.14
0.14
0.14
0.14
0.14
0.13
0.13
0.13
0.13
0.13
0.13
0.13
0.13
0.14
0.14
0.14
0.14
3.00
2.99
0.77
0.76
0.14
0.14
0.14
0.14
0.13
0.13
0.13
0.13
CorWatt	PkgWatt
13.38	162.55
0.08	75.26
0.08
0.08
0.08
0.07
0.07
0.07
0.07
0.06
0.06
0.06
0.06
0.06
0.06
0.06
0.06
0.07
0.07
0.07
0.07
0.08
0.07
0.07
0.07
0.06
0.06
0.06
0.06
0.06
0.06
0.06
0.06
0.14	87.28
0.14
0.14
0.14
0.14
0.14
0.14
0.14
0.13
0.13
0.13
0.12
0.13
0.13
0.12
0.12
0.14
0.14
0.14
0.14
2.99
2.98
0.76
0.76
0.14
0.14
0.14
0.14
0.13
0.13
0.13
0.13
CorWatt	PkgWatt
8.20	155.69
0.08	75.16
0.07
0.07
0.07
0.07
0.07
0.07
0.07
0.06
0.06
0.06
0.06
0.06
0.06
0.06
0.06
0.07
0.07
0.07
0.07
0.08
0.07
0.07
0.07
0.06
0.06
0.06
0.06
0.06
0.06
0.06
0.06
0.10	80.73
0.10
0.10
0.10
0.10
0.10
0.10
0.10
0.09
0.09
0.09
0.09
0.09
0.09
0.09
0.09
0.10
0.10
0.09
0.10
1.35
1.35
0.38
0.38
0.09
0.09
0.09
0.10
0.09
0.09
0.09
0.09
CorWatt	PkgWatt
3.98	150.52
0.08	75.16
0.07
0.07
0.07
0.07
0.07
0.07
0.07
0.06
0.06
0.06
0.06
0.06
0.06
0.06
0.06
0.07
0.07
0.07
0.07
0.08
0.07
0.07
0.07
0.07
0.06
0.06
0.07
0.06
0.06
0.06
0.06
0.06	75.22
0.06
0.07
0.06
0.07
0.06
0.06
0.06
0.05
0.05
0.05
0.05
0.05
0.05
0.05
0.05
0.06
0.06
0.06
0.06
0.07
0.07
0.07
0.07
0.05
0.05
0.05
0.06
0.06
0.05
0.06
0.06
CorWatt	PkgWatt
4.16	150.81
0.08	75.34
0.08
0.08
0.08
0.07
0.07
0.07
0.07
0.06
0.06
0.06
0.06
0.06
0.06
0.06
0.06
0.08
0.08
0.08
0.08
0.08
0.07
0.07
0.07
0.07
0.07
0.07
0.07
0.06
0.06
0.06
0.06
0.07	75.45
0.06
0.06
0.06
0.07
0.06
0.06
0.06
0.06
0.06
0.06
0.05
0.06
0.06
0.05
0.05
0.06
0.06
0.06
0.06
0.07
0.07
0.07
0.07
0.06
0.06
0.06
0.06
0.06
0.06
0.06
0.06
CorWatt	PkgWatt
9.53	157.47
0.08	75.50
0.08
0.08
0.08
0.07
0.07
0.07
0.07
0.06
0.06
0.06
0.06
0.06
0.14
0.06
0.06
0.08
0.08
0.08
0.08
0.09
0.07
0.07
0.07
0.07
0.07
0.07
0.07
0.06
0.06
0.06
0.06
0.12	82.08
0.11
0.11
0.11
1.73
0.45
0.45
1.70
0.09
0.09
0.09
0.09
0.10
0.10
0.09
0.09
0.10
0.10
0.10
0.10
0.12
0.12
0.11
0.12
0.11
0.10
0.10
0.11
0.10
0.10
0.10
0.10
CorWatt	PkgWatt
13.50	162.76
0.08	75.11
0.07
0.07
0.07
0.07
0.07
0.07
0.07
0.06
0.06
0.06
0.06
0.06
0.06
0.06
0.06
0.07
0.07
0.07
0.07
0.08
0.07
0.07
0.07
0.06
0.06
0.06
0.06
0.06
0.06
0.06
0.06
0.14	87.51
0.14
0.14
0.14
3.07
2.99
0.76
0.76
0.13
0.13
0.13
0.13
0.13
0.13
0.13
0.13
0.14
0.14
0.14
0.14
0.15
0.15
0.15
0.15
0.14
0.14
0.14
0.14
0.13
0.13
0.13
0.13
CorWatt	PkgWatt
13.40	162.42
0.08	75.14
0.08
0.08
0.08
0.07
0.07
0.07
0.07
0.06
0.06
0.06
0.06
0.06
0.06
0.06
0.06
0.07
0.07
0.07
0.07
0.08
0.07
0.07
0.07
0.06
0.06
0.06
0.06
0.06
0.06
0.06
0.06
0.14	87.27
0.14
0.14
0.14
0.75
0.76
3.00
3.00
0.13
0.13
0.13
0.13
0.13
0.13
0.13
0.13
0.14
0.14
0.14
0.14
0.15
0.15
0.14
0.15
0.14
0.14
0.14
0.14
0.13
0.13
0.13
0.13
CorWatt	PkgWatt
13.71	162.93
0.09	75.46
0.08
0.08
0.08
0.08
0.08
0.08
0.07
0.06
0.07
0.06
0.06
0.06
0.06
0.06
0.06
0.08
0.08
0.08
0.08
0.09
0.07
0.07
0.07
0.07
0.07
0.07
0.07
0.06
0.06
0.06
0.06
0.15	87.53
0.14
0.14
0.15
1.40
3.01
2.38
0.76
0.13
0.13
0.13
0.13
0.13
0.13
0.13
0.13
0.14
0.14
0.14
0.14
0.15
0.15
0.15
0.15
0.14
0.14
0.14
0.14
0.13
0.13
0.13
0.14
CorWatt	PkgWatt
13.55	162.82
0.09	75.27
0.08
0.08
0.08
0.07
0.07
0.07
0.07
0.06
0.06
0.06
0.06
0.06
0.06
0.06
0.06
0.07
0.07
0.07
0.07
0.08
0.07
0.07
0.07
0.06
0.06
0.06
0.06
0.06
0.06
0.06
0.06
0.14	87.53
0.14
0.14
0.14
3.00
0.76
0.76
3.02
0.13
0.13
0.13
0.13
0.13
0.13
0.13
0.13
0.14
0.14
0.14
0.14
0.15
0.15
0.15
0.15
0.14
0.14
0.14
0.14
0.13
0.13
0.13
0.13
CorWatt	PkgWatt
13.27	162.41
0.08	75.16
0.07
0.07
0.07
0.07
0.07
0.07
0.06
0.06
0.06
0.06
0.06
0.06
0.06
0.06
0.06
0.07
0.07
0.07
0.07
0.08
0.07
0.07
0.07
0.06
0.06
0.06
0.06
0.06
0.06
0.06
0.06
0.14	87.21
0.14
0.14
0.14
0.75
0.76
2.95
2.96
0.13
0.13
0.13
0.13
0.13
0.13
0.13
0.13
0.14
0.14
0.14
0.14
0.14
0.15
0.14
0.14
0.14
0.14
0.14
0.14
0.13
0.13
0.13
0.13
CorWatt	PkgWatt
13.48	162.56
0.08	75.13
0.08
0.08
0.08
0.07
0.07
0.07
0.07
0.06
0.06
0.06
0.06
0.06
0.06
0.06
0.06
0.07
0.07
0.07
0.07
0.08
0.07
0.07
0.07
0.06
0.06
0.06
0.06
0.06
0.06
0.06
0.06
0.14	87.53
0.14
0.14
0.14
2.98
0.76
0.77
3.04
0.13
0.13
0.13
0.13
0.13
0.13
0.13
0.13
0.14
0.14
0.14
0.14
0.15
0.15
0.15
0.15
0.14
0.14
0.14
0.14
0.13
0.13
0.13
0.13
CorWatt	PkgWatt
13.77	163.27
0.09	75.48
0.08
0.08
0.08
0.08
0.08
0.07
0.07
0.06
0.07
0.06
0.06
0.06
0.06
0.06
0.06
0.08
0.08
0.08
0.08
0.09
0.07
0.07
0.07
0.07
0.07
0.07
0.07
0.06
0.06
0.06
0.06
0.15	87.68
0.14
0.14
0.14
3.01
0.76
0.77
3.04
0.13
0.13
0.13
0.13
0.13
0.13
0.13
0.13
0.14
0.14
0.14
0.14
0.15
0.16
0.15
0.15
0.14
0.14
0.14
0.14
0.13
0.13
0.13
0.14
CorWatt	PkgWatt
13.58	162.67
0.08	75.30
0.08
0.08
0.08
0.07
0.07
0.07
0.07
0.06
0.07
0.06
0.06
0.06
0.06
0.06
0.06
0.08
0.08
0.08
0.08
0.09
0.07
0.07
0.07
0.06
0.06
0.06
0.06
0.06
0.06
0.06
0.06
0.14	87.47
0.14
0.14
0.14
2.98
0.76
0.76
3.05
0.13
0.13
0.13
0.13
0.13
0.13
0.13
0.13
0.14
0.14
0.14
0.14
0.15
0.15
0.15
0.15
0.14
0.14
0.14
0.14
0.13
0.13
0.13
0.13
CorWatt	PkgWatt
13.63	163.03
0.09	75.37
0.08
0.08
0.08
0.07
0.07
0.07
0.07
0.06
0.07
0.06
0.06
0.06
0.06
0.06
0.06
0.08
0.08
0.08
0.08
0.09
0.07
0.07
0.07
0.06
0.06
0.06
0.07
0.06
0.06
0.06
0.06
0.15	87.62
0.14
0.14
0.14
2.98
0.76
0.76
3.04
0.13
0.13
0.13
0.13
0.13
0.13
0.13
0.13
0.14
0.14
0.14
0.14
0.15
0.15
0.15
0.15
0.14
0.14
0.14
0.14
0.13
0.13
0.13
0.14
CorWatt	PkgWatt
7.93	155.53
0.08	75.44
0.08
0.08
0.08
0.07
0.08
0.08
0.07
0.06
0.06
0.06
0.06
0.06
0.14
0.06
0.06
0.08
0.08
0.08
0.08
0.08
0.07
0.07
0.07
0.07
0.06
0.07
0.07
0.06
0.06
0.06
0.06
0.09	80.09
0.09
0.09
0.09
0.35
0.35
1.22
1.22
0.08
0.08
0.08
0.09
0.08
0.08
0.08
0.09
0.09
0.09
0.09
0.09
0.10
0.10
0.10
0.10
0.09
0.09
0.09
0.09
0.08
0.08
0.08
0.08
CorWatt	PkgWatt
4.33	150.97
0.08	75.36
0.08
0.08
0.08
0.07
0.08
0.07
0.07
0.06
0.07
0.06
0.06
0.06
0.06
0.06
0.06
0.08
0.08
0.08
0.08
0.08
0.07
0.07
0.07
0.07
0.07
0.07
0.07
0.06
0.06
0.06
0.06
0.07	75.58
0.07
0.07
0.07
0.07
0.07
0.07
0.07
0.06
0.06
0.06
0.06
0.06
0.06
0.06
0.06
0.07
0.06
0.06
0.07
0.07
0.07
0.07
0.07
0.06
0.06
0.06
0.06
0.06
0.06
0.06
0.06
CorWatt	PkgWatt
3.89	150.15
0.08	75.10
0.07
0.07
0.07
0.07
0.07
0.07
0.06
0.06
0.06
0.06
0.06
0.06
0.06
0.06
0.06
0.07
0.07
0.07
0.07
0.08
0.07
0.07
0.07
0.06
0.06
0.06
0.06
0.06
0.06
0.06
0.06
0.06	75.12
0.06
0.06
0.06
0.06
0.06
0.06
0.06
0.05
0.05
0.05
0.05
0.05
0.05
0.05
0.05
0.06
0.05
0.05
0.06
0.07
0.07
0.07
0.07
0.05
0.05
0.05
0.05
0.05
0.05
0.05
0.05
CorWatt	PkgWatt
9.38	157.53
0.08	75.28
0.08
0.08
0.08
0.07
0.07
0.07
0.07
0.06
0.06
0.06
0.06
0.06
0.06
0.06
0.06
0.07
0.07
0.07
0.07
0.08
0.07
0.07
0.07
0.06
0.06
0.06
0.06
0.06
0.06
0.06
0.06
0.11	82.16
0.11
0.11
0.11
0.11
0.11
0.11
0.11
0.10
0.10
0.10
0.10
0.10
0.10
0.10
0.10
0.11
0.11
0.11
0.11
0.12
0.11
0.11
0.11
0.47
0.47
1.64
1.68
0.10
0.10
0.10
0.10
CorWatt	PkgWatt
13.25	162.24
0.08	75.22
0.08
0.08
0.08
0.07
0.07
0.07
0.07
0.06
0.06
0.06
0.06
0.06
0.06
0.06
0.06
0.07
0.07
0.07
0.07
0.08
0.07
0.07
0.07
0.06
0.06
0.06
0.06
0.06
0.06
0.06
0.06
0.14	87.13
0.14
0.14
0.14
0.14
0.14
0.14
0.15
0.13
0.13
0.13
0.13
0.13
0.13
0.13
0.13
0.14
0.14
0.14
0.14
0.15
0.15
0.15
0.15
2.94
0.75
0.75
2.82
0.13
0.13
0.13
0.13
CorWatt	PkgWatt
13.04	162.37
0.09	75.52
0.08
0.08
0.08
0.07
0.08
0.07
0.07
0.06
0.07
0.06
0.06
0.06
0.06
0.06
0.06
0.08
0.08
0.08
0.08
0.09
0.08
0.08
0.08
0.07
0.07
0.07
0.07
0.06
0.07
0.06
0.06
0.14	86.72
0.14
0.14
0.14
0.14
0.14
0.14
0.15
0.13
0.13
0.13
0.13
0.13
0.13
0.13
0.13
0.14
0.14
0.14
0.14
0.15
0.15
0.15
0.15
3.24
0.75
2.14
0.75
0.13
0.13
0.13
0.13
CorWatt	PkgWatt
12.87	161.91
0.08	75.20
0.08
0.08
0.08
0.07
0.07
0.07
0.07
0.06
0.06
0.06
0.06
0.06
0.06
0.06
0.06
0.07
0.07
0.07
0.07
0.08
0.07
0.07
0.07
0.06
0.06
0.06
0.06
0.06
0.06
0.06
0.06
0.15	86.80
0.14
0.14
0.14
0.14
0.14
0.14
0.14
0.13
0.13
0.13
0.13
0.13
0.13
0.13
0.13
0.14
0.14
0.14
0.14
0.15
0.15
0.15
0.15
2.77
0.75
2.61
0.75
0.13
0.13
0.13
0.13
CorWatt	PkgWatt
12.88	162.14
0.09	75.28
0.08
0.08
0.08
0.07
0.07
0.07
0.07
0.06
0.06
0.06
0.06
0.06
0.06
0.06
0.06
0.07
0.07
0.07
0.07
0.08
0.07
0.07
0.07
0.06
0.06
0.06
0.07
0.06
0.06
0.06
0.06
0.14	86.78
0.14
0.15
0.14
0.14
0.14
0.14
0.14
0.13
0.13
0.13
0.13
0.13
0.13
0.13
0.13
0.14
0.14
0.14
0.14
0.15
0.15
0.14
0.15
1.77
0.75
2.63
1.74
0.13
0.13
0.13
0.13
CorWatt	PkgWatt
12.85	161.92
0.08	75.21
0.08
0.08
0.08
0.07
0.07
0.07
0.07
0.06
0.06
0.06
0.06
0.06
0.06
0.06
0.06
0.07
0.07
0.07
0.07
0.08
0.07
0.07
0.07
0.06
0.06
0.06
0.06
0.06
0.06
0.06
0.06
0.14	86.68
0.14
0.14
0.14
0.14
0.14
0.14
0.14
0.13
0.13
0.13
0.12
0.13
0.13
0.12
0.13
0.14
0.14
0.14
0.14
0.14
0.14
0.14
0.14
1.35
0.74
2.11
2.76
0.13
0.13
0.13
0.13
CorWatt	PkgWatt
25.44	201.64
0.45	100.37
0.23
0.22
0.34
0.46
0.33
0.44
0.43
0.60
0.77
0.53
0.51
0.30
0.22
0.31
0.25
0.71
0.36
0.44
0.37
0.72
0.28
0.22
0.37
0.31
0.21
0.40
0.30
0.25
0.46
0.26
0.17
0.19	101.37
0.21
0.26
0.25
0.35
0.25
0.23
0.27
0.19
0.22
0.24
0.21
0.23
0.30
0.23
0.26
0.20
0.20
0.21
0.30
0.24
0.24
0.31
0.22
4.07
0.76
0.76
0.76
0.33
0.22
0.24
0.27
CorWatt	PkgWatt
14.70	173.52
0.10	81.24
0.09
0.09
0.09
0.11
0.19
0.09
0.09
0.08
0.10
0.10
0.10
0.08
0.15
0.08
0.08
0.09
0.09
0.09
0.09
0.10
0.10
0.10
0.09
0.08
0.08
0.08
0.08
0.08
0.08
0.09
0.09
0.15	92.33
0.16
0.16
0.16
0.18
0.21
0.17
0.17
0.15
0.15
0.28
0.15
0.16
0.14
0.14
0.16
0.15
0.15
0.15
0.15
0.17
0.16
0.17
0.16
2.85
0.75
0.75
2.78
0.15
0.16
0.14
0.15
CorWatt	PkgWatt
19.99	180.35
0.29	87.50
0.17
0.15
0.23
0.20
0.20
0.24
0.17
0.34
0.30
0.37
0.37
0.16
0.18
0.17
0.16
0.24
0.24
0.21
0.21
0.25
0.23
0.21
0.23
0.15
0.17
0.15
0.14
1.24
0.19
0.16
0.23
0.26	92.82
0.19
0.18
0.18
0.19
0.19
0.16
0.17
0.17
0.21
0.20
0.18
0.27
0.19
0.18
0.33
0.16
0.15
0.15
0.17
0.17
0.16
0.17
0.16
0.75
0.75
2.64
2.78
0.16
0.14
0.14
0.15
CorWatt	PkgWatt
15.96	168.21
0.16	80.29
0.13
0.18
0.12
0.12
0.13
0.12
0.13
0.12
0.10
0.11
0.12
0.10
0.10
0.11
0.13
0.11
0.11
0.12
0.11
0.16
0.15
0.19
0.87
0.18
0.13
0.12
0.12
0.12
0.12
0.14
0.14
0.14	87.95
0.14
0.14
0.15
0.15
0.17
0.15
0.16
0.13
0.13
0.14
0.13
0.15
0.14
0.14
0.14
0.15
0.14
0.14
0.14
0.15
0.15
0.16
0.15
2.10
0.75
1.40
2.77
0.14
0.14
0.14
0.14
CorWatt	PkgWatt
10.72	160.26
0.13	79.72
0.12
0.12
0.12
0.12
0.12
0.12
0.12
0.10
0.10
0.10
0.10
0.10
0.10
0.10
0.10
0.11
0.11
0.11
0.11
0.16
0.15
0.20
1.38
0.11
0.11
0.11
0.11
0.12
0.12
0.12
0.14
0.11	80.48
0.12
0.11
0.12
0.11
0.13
0.11
0.12
0.10
0.10
0.10
0.10
0.10
0.10
0.10
0.10
0.11
0.11
0.10
0.11
0.11
0.11
0.12
0.11
0.33
0.33
0.99
1.04
0.10
0.10
0.10
0.11
CorWatt	PkgWatt
8.51	161.15
0.13	82.46
0.12
0.12
0.12
0.12
0.12
0.12
0.13
0.10
0.10
0.10
0.10
0.10
0.10
0.10
0.10
0.12
0.12
0.12
0.12
0.18
0.17
0.28
1.83
0.11
0.11
0.11
0.11
0.11
0.14
0.12
0.14
0.09	78.75
0.09
0.09
0.10
0.09
0.11
0.09
0.10
0.08
0.08
0.09
0.19
0.08
0.08
0.08
0.08
0.09
0.08
0.08
0.09
0.09
0.09
0.09
0.09
0.08
0.08
0.08
0.08
0.08
0.08
0.08
0.08
CorWatt	PkgWatt
10.11	162.56
0.15	84.07
0.16
0.16
0.15
0.17
0.17
0.17
0.18
0.15
0.15
0.15
0.15
0.15
0.15
0.14
0.15
0.17
0.17
0.17
0.17
0.22
0.66
0.28
1.48
0.16
0.16
0.17
0.16
0.16
0.18
0.16
0.20
0.08	78.56
0.08
0.07
0.08
0.13
0.13
0.12
0.13
0.10
0.11
0.10
0.11
0.12
0.12
0.11
0.11
0.08
0.07
0.07
0.07
0.10
0.10
0.10
0.08
0.07
0.07
0.07
0.07
0.07
0.07
0.07
0.07
CorWatt	PkgWatt
14.58	164.47
0.19	82.00
0.16
0.14
0.16
0.14
0.25
0.17
0.16
0.13
0.14
0.64
0.17
0.54
0.54
0.12
0.12
0.24
0.14
0.15
0.16
0.16
0.18
0.31
0.14
0.18
0.57
0.17
0.16
0.19
0.22
0.21
0.23
0.11	82.33
0.12
0.11
0.11
0.13
0.15
0.13
0.17
1.53
0.42
0.49
1.59
0.16
0.11
0.11
0.11
0.12
0.11
0.11
0.11
0.12
0.12
0.13
0.12
0.11
0.11
0.11
0.11
0.11
0.11
0.11
0.11
CorWatt	PkgWatt
21.75	173.91
0.21	85.71
0.25
0.18
0.18
0.17
0.75
0.44
0.34
0.17
0.92
1.66
0.17
0.74
0.33
0.15
0.15
0.21
0.16
0.16
0.49
0.17
0.16
0.26
0.27
0.15
0.15
0.14
0.15
0.14
0.14
0.14
0.14
0.15	88.19
0.15
0.15
0.15
0.16
0.19
0.16
0.17
3.08
0.76
0.76
3.07
0.15
0.14
0.14
0.14
0.15
0.15
0.15
0.15
0.16
0.16
0.16
0.16
0.15
0.15
0.15
0.14
0.14
0.14
0.14
0.15
CorWatt	PkgWatt
63.57	233.70
0.69	116.31
0.31
2.29
1.34
1.50
2.31
1.74
0.23
0.25
1.18
0.56
1.66
1.16
0.21
1.69
2.43
0.27
1.08
0.79
1.67
1.27
0.26
0.71
0.57
0.85
0.39
1.30
0.33
0.43
0.33
1.01
0.59
1.99	117.39
0.63
0.21
1.10
1.53
0.32
0.61
1.25
2.30
3.01
1.63
1.47
0.57
1.43
0.64
0.18
0.49
0.92
0.19
2.30
0.23
0.34
0.67
2.06
0.35
0.93
0.88
0.66
0.51
1.32
0.83
0.62
CorWatt	PkgWatt
23.29	179.44
0.21	82.14
0.14
0.14
0.14
0.18
0.18
0.18
0.59
0.11
0.11
0.11
0.20
0.11
0.11
0.10
0.24
0.12
0.12
0.12
0.12
0.14
0.12
0.12
0.13
0.15
0.12
0.12
0.12
0.14
0.13
0.12
0.14
0.26	97.34
0.36
0.40
0.26
0.51
0.67
0.26
0.44
2.65
0.82
1.24
3.11
0.28
0.40
0.26
0.42
0.29
0.37
0.21
0.49
0.32
0.29
0.40
0.79
0.32
0.35
0.35
0.42
0.31
0.25
0.27
0.71
CorWatt	PkgWatt
20.91	171.28
0.15	77.19
0.11
0.11
0.11
0.10
0.10
0.10
0.10
0.08
0.08
0.08
0.08
0.08
0.16
0.09
0.08
0.10
0.10
0.09
0.10
0.11
0.10
0.10
0.10
0.11
0.09
0.09
0.10
0.10
0.09
0.09
0.10
0.20	94.08
0.23
0.36
0.20
0.85
0.21
0.18
0.50
3.09
0.81
0.76
3.06
0.35
0.44
0.18
0.24
0.45
0.28
0.33
0.25
0.21
0.20
0.50
0.84
0.35
0.42
0.37
0.34
0.23
0.19
0.72
0.42
CorWatt	PkgWatt
20.49	170.81
0.15	76.91
0.11
0.10
0.10
0.10
0.10
0.10
0.09
0.08
0.08
0.08
0.08
0.08
0.08
0.08
0.08
0.10
0.10
0.09
0.09
0.11
0.09
0.09
0.09
0.11
0.09
0.09
0.09
0.10
0.09
0.09
0.10
0.50	93.89
0.37
0.34
0.42
0.22
0.48
0.21
0.21
0.76
0.82
2.91
3.02
0.49
0.29
0.21
0.27
0.35
0.57
0.23
0.30
0.40
0.30
0.40
0.39
0.51
0.23
0.17
0.44
0.46
0.33
0.21
0.65
CorWatt	PkgWatt
20.69	170.92
0.17	76.74
0.11
0.11
0.10
0.09
0.09
0.09
0.09
0.08
0.08
0.08
0.08
0.08
0.08
0.08
0.08
0.09
0.09
0.09
0.09
0.10
0.09
0.09
0.09
0.10
0.09
0.09
0.09
0.10
0.08
0.08
0.09
0.62	94.15
0.27
0.18
0.47
0.26
0.42
0.28
0.26
0.77
0.82
2.90
2.99
0.24
0.25
0.21
0.64
0.29
0.64
0.39
0.21
0.27
0.22
0.50
0.40
0.42
0.47
0.36
0.39
0.56
0.35
0.30
0.38
CorWatt	PkgWatt
64.94	229.13
0.48	109.31
1.69
1.27
0.19
1.18
1.73
1.68
0.22
1.17
0.36
0.25
1.30
0.13
1.68
0.14
1.66
1.41
1.70
0.26
0.17
0.28
0.32
1.37
0.86
1.69
0.29
0.26
1.13
0.95
1.65
0.28
0.27
0.75	119.94
1.82
0.38
1.27
0.63
0.48
0.50
1.90
1.89
2.30
2.82
1.49
1.27
0.80
1.84
1.29
1.55
0.55
1.30
0.51
0.84
0.40
0.69
1.91
0.50
0.67
0.56
1.53
1.95
1.93
0.33
0.27
CorWatt	PkgWatt
59.64	248.08
0.41	124.42
1.65
0.21
0.20
0.26
5.11
0.28
0.40
0.17
0.15
0.17
0.31
0.29
0.55
0.36
4.96
0.20
1.61
0.18
0.40
0.42
0.31
0.18
0.39
5.00
0.28
0.20
0.20
0.19
4.92
0.29
0.19
0.21	123.61
3.10
0.56
0.22
0.20
0.20
0.50
2.82
3.16
0.76
0.81
3.04
0.26
0.40
0.15
0.15
0.51
0.17
0.16
0.17
0.63
0.20
0.19
3.31
0.15
0.15
0.15
0.17
1.22
4.93
0.25
0.26
CorWatt	PkgWatt
37.50	205.71
0.20	104.06
0.16
0.16
0.16
0.33
5.01
0.21
0.20
1.76
0.22
0.15
0.16
0.80
0.18
0.18
2.98
1.53
0.20
0.17
0.17
0.17
0.15
0.15
0.15
1.90
0.21
0.17
0.17
0.16
1.09
0.65
0.16
0.18	101.62
0.16
0.15
0.17
0.17
0.17
0.18
0.16
3.15
0.76
3.00
0.76
0.14
0.14
0.14
0.16
0.16
0.16
0.15
0.37
0.17
0.16
0.16
0.17
0.15
0.15
0.15
0.16
0.20
4.99
0.22
0.32
CorWatt	PkgWatt
26.56	187.98
0.19	94.70
0.16
0.16
0.16
0.33
4.69
0.20
0.64
0.14
0.14
0.13
0.13
0.13
0.14
0.14
0.14
2.38
1.13
0.19
0.19
0.17
0.16
0.15
0.15
0.14
0.14
0.14
0.14
0.14
0.14
0.14
0.14
0.16	93.31
0.17
0.15
0.16
0.16
0.16
0.16
0.16
1.49
0.44
1.35
0.51
0.14
0.14
0.14
0.15
0.17
0.16
0.15
0.29
0.16
0.16
0.16
0.16
0.15
0.15
0.15
0.15
0.20
4.95
0.21
0.31
CorWatt	PkgWatt
13.00	179.24
0.10	85.67
0.09
0.09
0.09
0.10
0.10
0.10
0.35
0.07
0.07
0.07
0.08
0.08
0.08
0.08
0.08
0.08
0.08
0.09
0.08
0.11
0.09
0.09
0.09
0.08
0.08
0.08
0.08
0.07
0.08
0.07
0.08
0.15	93.62
0.16
0.15
0.16
0.17
0.16
0.17
0.17
0.14
0.15
0.15
0.15
0.14
0.14
0.14
0.25
0.16
0.15
0.15
0.16
1.40
0.17
0.18
0.18
0.15
0.15
0.14
0.16
0.18
3.67
0.19
0.30
CorWatt	PkgWatt
67.35	243.11
1.26	119.52
1.56
0.40
0.30
0.32
2.48
2.46
1.37
1.42
0.28
0.13
2.44
1.55
1.16
0.17
0.45
1.28
0.42
1.76
1.39
1.18
0.40
0.26
1.45
0.41
0.37
1.07
1.44
0.17
0.14
2.42
2.44
1.74	123.59
2.60
0.73
0.31
1.20
0.81
0.46
0.43
1.23
0.29
0.17
2.56
2.56
1.30
0.28
1.51
2.18
0.35
0.37
0.25
0.63
1.38
0.35
0.33
0.32
1.64
0.43
0.18
3.55
0.22
1.45
1.22
CorWatt	PkgWatt
50.59	217.28
0.23	106.09
0.17
0.17
0.28
0.32
5.02
0.67
0.46
0.17
0.16
0.32
0.92
2.52
0.59
0.17
0.17
1.34
0.64
0.18
0.17
0.18
0.17
0.17
0.49
0.15
0.15
0.15
0.28
0.22
0.28
1.29
4.83
0.50	111.09
1.21
1.93
1.75
2.09
0.48
0.18
0.18
0.21
0.33
0.20
5.01
5.04
0.33
0.20
0.20
0.16
0.16
0.16
0.16
0.17
0.17
0.17
0.18
0.15
0.15
0.15
0.16
5.04
0.30
0.20
0.21
CorWatt	PkgWatt
35.91	206.60
0.19	100.25
0.16
0.16
0.16
0.30
5.01
0.21
0.21
0.14
0.14
0.14
0.15
0.14
0.21
0.14
0.25
0.15
0.15
0.26
0.15
0.17
0.15
0.15
0.15
0.14
0.14
0.14
0.15
0.19
0.31
0.20
4.83
3.09	106.43
0.77
3.06
0.77
0.16
0.16
0.15
0.15
0.21
0.94
0.16
0.38
2.30
0.50
0.17
0.17
0.16
0.16
0.15
0.16
0.17
0.16
0.16
0.16
0.15
0.15
0.15
0.15
5.03
0.32
0.20
0.20
CorWatt	PkgWatt
28.91	188.42
0.20	94.22
0.16
0.16
0.16
0.98
4.03
0.22
0.21
0.14
0.14
0.13
0.15
0.25
0.13
0.14
0.13
0.15
0.15
0.15
0.26
0.16
0.16
0.15
0.15
0.14
0.14
0.14
0.14
0.19
0.31
0.19
4.83
3.00	94.11
0.76
3.04
0.76
0.15
0.15
0.15
0.15
0.14
0.14
0.14
0.14
0.14
0.14
0.14
0.13
0.15
0.15
0.14
0.15
0.16
0.16
0.16
0.16
0.14
0.14
0.14
0.15
1.66
1.10
0.17
0.18
CorWatt	PkgWatt
21.15	175.03
0.17	85.47
0.15
0.15
0.15
0.16
0.15
0.16
0.16
0.14
0.13
0.13
0.13
0.14
0.13
0.14
0.13
0.15
0.14
0.14
0.14
0.16
0.16
0.15
0.15
0.14
0.14
0.14
0.15
0.19
0.30
0.19
4.82
2.99	89.58
0.76
3.02
0.76
0.15
0.15
0.15
0.15
0.14
0.14
0.14
0.14
0.14
0.13
0.13
0.14
0.14
0.14
0.14
0.15
0.16
0.16
0.16
0.16
0.14
0.14
0.14
0.14
0.14
0.14
0.14
0.14
CorWatt	PkgWatt
138.25	322.76
1.32	161.31
1.31
1.35
2.96
3.04
1.58
1.70
2.94
1.22
2.61
2.95
1.68
2.53
1.97
1.52
3.09
1.62
1.25
2.63
2.97
3.15
0.92
2.78
0.67
1.07
1.63
2.85
2.08
2.41
1.66
2.86
3.11
3.42	161.41
2.19
2.84
2.04
2.41
2.86
2.63
0.94
2.48
2.29
1.31
2.93
2.17
3.01
2.84
2.55
1.96
1.22
1.42
1.41
1.09
2.54
2.91
0.79
2.85
1.68
2.97
2.14
2.54
2.85
0.67
2.86
CorWatt	PkgWatt
75.09	262.01
0.29	116.39
0.22
0.22
4.91
0.18
0.18
0.18
1.42
0.57
0.16
0.37
0.16
0.16
0.16
0.69
0.43
0.19
0.18
0.18
1.48
0.22
0.20
3.40
0.19
0.16
0.44
0.47
0.17
0.19
0.20
4.96
0.19
3.16	145.70
1.37
0.78
2.32
1.12
4.54
2.51
0.21
4.90
0.20
0.19
2.42
0.23
3.12
4.91
0.21
0.35
0.19
1.00
0.67
2.56
0.55
0.21
0.39
3.92
0.19
0.77
0.20
0.71
4.91
0.21
2.97
CorWatt	PkgWatt
32.09	190.94
0.16	85.40
0.15
0.15
2.20
0.14
0.13
0.92
0.13
0.11
0.11
0.11
0.11
0.11
0.10
0.10
0.10
0.12
0.12
0.12
0.12
0.14
0.12
0.12
0.13
0.11
0.11
0.11
0.12
0.12
0.12
0.39
0.12
3.11	105.54
0.76
0.77
2.84
0.16
0.16
0.16
0.53
5.00
0.19
0.19
0.19
0.18
0.17
2.55
0.17
0.18
0.17
0.16
0.16
0.17
0.20
0.66
0.17
4.83
0.19
0.19
0.20
0.15
0.19
0.15
0.15
CorWatt	PkgWatt
24.81	177.82
0.16	84.12
0.14
0.14
0.13
0.15
0.18
1.42
0.15
0.13
0.13
0.14
0.94
0.21
0.23
0.12
0.12
0.14
0.22
0.13
0.14
0.16
0.14
0.15
0.15
0.14
0.14
0.14
0.87
0.12
0.12
0.12
0.16
3.06	93.73
0.77
0.77
2.83
0.16
0.16
0.16
0.16
2.87
0.17
0.17
0.18
0.82
0.15
0.15
0.15
0.18
0.16
0.16
0.16
0.17
0.17
0.18
0.17
2.18
0.17
0.17
0.17
0.14
0.14
0.14
0.14
CorWatt	PkgWatt
21.77	174.33
0.20	86.38
0.17
0.32
0.17
0.17
0.40
0.27
0.26
0.15
0.15
0.14
0.18
0.15
0.15
0.15
0.15
0.25
0.18
0.18
0.18
0.20
0.65
0.21
0.51
0.43
0.18
0.18
1.61
0.17
0.37
0.17
1.50
1.92	87.89
2.99
1.80
0.76
0.15
0.15
0.15
0.15
0.14
0.14
0.14
0.14
0.14
0.14
0.13
0.13
0.19
0.16
0.16
0.16
0.16
0.16
0.16
0.16
0.15
0.15
0.14
0.14
0.14
0.14
0.14
0.15
CorWatt	PkgWatt
22.29	181.25
0.32	90.11
0.21
0.21
0.25
0.23
0.22
0.23
0.59
0.18
0.19
0.23
0.21
0.15
0.18
0.19
0.18
0.34
0.21
0.22
0.18
1.61
0.26
0.60
0.34
0.25
0.19
0.19
1.27
0.19
0.21
0.17
0.60
0.79	91.18
2.98
2.92
0.76
0.15
0.16
0.15
0.20
0.14
0.14
0.14
0.14
0.13
0.13
0.13
0.13
0.16
0.16
0.16
0.19
0.17
0.17
0.19
0.17
0.16
0.15
0.15
0.15
0.14
0.14
0.14
0.14
CorWatt	PkgWatt
24.59	208.64
0.47	105.49
0.49
0.47
0.36
0.50
0.27
0.50
0.46
0.20
0.16
0.34
0.38
0.40
0.42
0.39
0.50
0.54
0.21
0.31
0.55
0.51
0.60
0.59
0.79
0.37
0.27
0.25
0.33
0.37
0.56
0.26
0.42
1.44	103.32
0.49
0.59
1.37
0.36
0.53
0.55
0.44
0.27
0.28
0.22
0.23
0.17
0.22
0.53
0.18
0.45
0.25
0.21
0.37
0.17
0.17
0.21
0.16
0.22
0.17
0.15
0.24
0.18
0.17
0.15
0.23
CorWatt	PkgWatt
4.44	151.44
0.08	75.76
0.08
0.08
0.08
0.08
0.08
0.08
0.08
0.06
0.06
0.06
0.06
0.06
0.14
0.06
0.06
0.08
0.08
0.08
0.08
0.09
0.08
0.08
0.08
0.07
0.07
0.07
0.07
0.06
0.06
0.07
0.07
0.07	75.56
0.07
0.08
0.07
0.07
0.08
0.07
0.07
0.06
0.06
0.06
0.06
0.05
0.06
0.05
0.05
0.07
0.07
0.07
0.07
0.07
0.07
0.07
0.07
0.06
0.07
0.06
0.07
0.06
0.06
0.06
0.06
CorWatt	PkgWatt
4.52	151.36
0.08	75.77
0.08
0.08
0.08
0.08
0.08
0.08
0.08
0.07
0.07
0.07
0.07
0.07
0.07
0.07
0.06
0.08
0.08
0.08
0.08
0.09
0.08
0.08
0.08
0.08
0.08
0.08
0.08
0.07
0.07
0.07
0.07
0.07	75.66
0.07
0.07
0.07
0.07
0.07
0.07
0.07
0.06
0.06
0.06
0.06
0.06
0.06
0.06
0.06
0.07
0.07
0.07
0.07
0.07
0.07
0.07
0.07
0.07
0.07
0.06
0.06
0.06
0.06
0.06
0.06
CorWatt	PkgWatt
9.77	159.67
0.08	77.23
0.08
0.08
0.08
0.08
0.08
0.08
0.08
0.06
0.06
0.06
0.06
0.06
0.06
0.06
0.06
0.07
0.08
0.08
0.08
0.09
0.08
0.08
0.08
0.07
0.08
0.08
0.08
0.06
0.06
0.07
0.06
0.12	82.35
0.12
0.13
0.12
0.11
0.12
0.11
0.12
0.10
0.11
0.10
0.10
0.10
0.10
0.10
0.10
0.12
0.11
0.11
0.11
0.12
0.12
0.12
0.12
1.68
0.45
0.45
1.76
0.10
0.10
0.10
0.10
CorWatt	PkgWatt
15.48	168.71
0.13	79.12
0.13
0.13
0.12
0.12
0.12
0.12
0.13
0.10
0.10
0.11
0.11
0.12
0.12
0.12
0.12
0.11
0.11
0.11
0.12
0.14
0.13
0.13
0.13
0.12
0.11
0.11
0.12
0.11
0.11
0.11
0.11
0.18	89.70
0.17
0.15
0.15
0.18
0.19
0.18
0.18
0.16
0.16
0.16
0.16
0.13
0.13
0.13
0.13
0.15
0.14
0.14
0.14
0.15
0.15
0.15
0.15
0.75
2.99
0.75
2.94
0.14
0.14
0.14
0.14
CorWatt	PkgWatt
13.62	162.96
0.08	75.50
0.08
0.08
0.08
0.08
0.08
0.08
0.08
0.06
0.06
0.06
0.06
0.06
0.06
0.06
0.06
0.08
0.08
0.08
0.08
0.09
0.08
0.08
0.08
0.07
0.07
0.07
0.08
0.06
0.06
0.06
0.07
0.14	87.43
0.14
0.14
0.14
0.14
0.14
0.14
0.14
0.13
0.13
0.13
0.13
0.13
0.13
0.13
0.13
0.14
0.14
0.14
0.14
0.15
0.15
0.15
0.15
0.75
2.99
0.75
2.92
0.14
0.14
0.14
0.14
CorWatt	PkgWatt
13.79	163.45
0.09	75.77
0.08
0.08
0.08
0.08
0.08
0.08
0.08
0.07
0.07
0.07
0.07
0.07
0.07
0.06
0.06
0.08
0.08
0.08
0.08
0.09
0.08
0.08
0.08
0.08
0.08
0.08
0.08
0.07
0.07
0.07
0.07
0.15	87.55
0.14
0.14
0.15
0.15
0.15
0.14
0.14
0.13
0.13
0.13
0.13
0.13
0.13
0.13
0.13
0.15
0.14
0.14
0.14
0.15
0.15
0.15
0.15
0.75
2.96
0.75
2.94
0.14
0.14
0.14
0.14
CorWatt	PkgWatt
13.49	162.76
0.08	75.35
0.08
0.08
0.08
0.07
0.07
0.08
0.08
0.06
0.06
0.06
0.06
0.06
0.06
0.06
0.06
0.07
0.07
0.07
0.07
0.09
0.08
0.08
0.08
0.07
0.07
0.07
0.07
0.06
0.06
0.06
0.06
0.15	87.40
0.14
0.14
0.14
0.14
0.14
0.14
0.14
0.13
0.13
0.13
0.13
0.13
0.13
0.13
0.13
0.14
0.14
0.14
0.14
0.15
0.15
0.15
0.15
2.87
2.99
0.75
0.75
0.14
0.14
0.14
0.14
CorWatt	PkgWatt
13.61	162.91
0.08	75.56
0.08
0.08
0.08
0.08
0.08
0.08
0.08
0.06
0.06
0.06
0.06
0.06
0.06
0.06
0.06
0.08
0.08
0.08
0.08
0.09
0.08
0.08
0.08
0.07
0.07
0.07
0.07
0.06
0.07
0.07
0.07
0.14	87.44
0.14
0.14
0.14
0.14
0.15
0.14
0.14
0.13
0.13
0.13
0.13
0.13
0.13
0.13
0.13
0.14
0.14
0.14
0.14
0.15
0.15
0.15
0.15
2.92
0.75
2.93
0.75
0.14
0.14
0.14
0.14
CorWatt	PkgWatt
13.46	162.94
0.08	75.49
0.08
0.08
0.08
0.08
0.08
0.08
0.08
0.06
0.06
0.06
0.06
0.06
0.06
0.06
0.06
0.08
0.07
0.07
0.07
0.09
0.08
0.08
0.08
0.07
0.07
0.07
0.07
0.06
0.06
0.06
0.06
0.15	87.35
0.14
0.14
0.14
0.14
0.14
0.14
0.14
0.13
0.13
0.13
0.13
0.13
0.13
0.13
0.13
0.14
0.14
0.14
0.14
0.15
0.15
0.15
0.15
0.75
0.74
2.92
2.97
0.13
0.13
0.13
0.13
CorWatt	PkgWatt
13.74	163.10
0.08	75.64
0.08
0.08
0.08
0.08
0.08
0.08
0.08
0.07
0.07
0.06
0.07
0.06
0.07
0.06
0.06
0.08
0.08
0.08
0.08
0.09
0.08
0.08
0.08
0.08
0.08
0.08
0.08
0.07
0.07
0.07
0.07
0.15	87.51
0.14
0.15
0.14
0.15
0.15
0.15
0.15
0.13
0.13
0.13
0.13
0.13
0.13
0.13
0.13
0.15
0.15
0.15
0.15
0.15
0.15
0.15
0.15
2.92
0.75
2.94
0.75
0.14
0.14
0.14
0.14
CorWatt	PkgWatt
14.07	167.20
0.09	77.63
0.08
0.08
0.08
0.08
0.08
0.08
0.08
0.07
0.07
0.06
0.07
0.07
0.14
0.06
0.06
0.08
0.08
0.08
0.08
0.09
0.08
0.08
0.08
0.08
0.08
0.08
0.08
0.07
0.07
0.07
0.07
0.15	89.59
0.20
0.15
0.15
0.15
0.15
0.15
0.16
0.13
0.14
0.13
0.14
0.13
0.14
0.14
0.14
0.16
0.15
0.15
0.18
0.18
0.17
0.16
0.16
2.92
0.75
2.94
0.75
0.15
0.14
0.14
0.15
CorWatt	PkgWatt
13.56	162.84
0.08	75.39
0.08
0.08
0.08
0.07
0.07
0.08
0.08
0.06
0.06
0.06
0.06
0.06
0.06
0.06
0.06
0.07
0.07
0.07
0.07
0.09
0.08
0.08
0.08
0.07
0.07
0.07
0.07
0.06
0.06
0.06
0.06
0.14	87.51
0.14
0.14
0.14
0.14
0.14
0.14
0.14
0.13
0.13
0.13
0.13
0.13
0.13
0.13
0.13
0.14
0.14
0.14
0.14
0.15
0.15
0.15
0.15
2.99
0.75
2.93
0.75
0.14
0.14
0.14
0.14
CorWatt	PkgWatt
7.85	155.51
0.08	75.22
0.07
0.07
0.07
0.07
0.07
0.07
0.07
0.06
0.06
0.06
0.06
0.06
0.06
0.06
0.06
0.07
0.07
0.07
0.07
0.08
0.08
0.07
0.08
0.07
0.07
0.07
0.07
0.06
0.06
0.06
0.06
0.11	80.22
0.10
0.10
0.10
0.10
0.10
0.10
0.10
0.08
0.08
0.08
0.08
0.08
0.08
0.08
0.08
0.10
0.10
0.10
0.10
0.10
0.10
0.10
0.10
1.16
0.34
0.34
1.20
0.09
0.09
0.09
0.09
CorWatt	PkgWatt
4.49	151.35
0.08	75.65
0.08
0.08
0.08
0.08
0.08
0.08
0.08
0.07
0.07
0.06
0.07
0.06
0.06
0.06
0.06
0.08
0.08
0.08
0.08
0.09
0.08
0.08
0.08
0.07
0.08
0.07
0.07
0.06
0.07
0.07
0.07
0.07	75.71
0.07
0.07
0.07
0.08
0.07
0.07
0.07
0.06
0.06
0.06
0.06
0.06
0.06
0.06
0.06
0.07
0.07
0.07
0.07
0.07
0.07
0.08
0.07
0.07
0.07
0.06
0.07
0.06
0.06
0.06
0.06
CorWatt	PkgWatt
4.04	150.33
0.07	75.25
0.07
0.07
0.07
0.07
0.07
0.07
0.07
0.06
0.06
0.06
0.06
0.06
0.06
0.06
0.06
0.07
0.07
0.07
0.07
0.09
0.08
0.07
0.08
0.07
0.07
0.07
0.07
0.06
0.06
0.06
0.06
0.06	75.15
0.06
0.06
0.06
0.07
0.07
0.06
0.06
0.05
0.05
0.05
0.05
0.05
0.05
0.05
0.05
0.07
0.06
0.06
0.06
0.07
0.07
0.07
0.07
0.06
0.06
0.06
0.06
0.05
0.05
0.05
0.05
CorWatt	PkgWatt
9.30	157.94
0.08	75.30
0.07
0.07
0.07
0.08
0.07
0.07
0.08
0.06
0.06
0.06
0.06
0.06
0.06
0.06
0.06
0.07
0.07
0.07
0.07
0.09
0.08
0.08
0.08
0.07
0.07
0.07
0.07
0.06
0.06
0.06
0.06
0.21	82.53
0.12
0.12
0.12
0.20
0.23
0.20
1.47
0.14
0.60
0.14
0.13
0.13
0.13
0.13
0.47
0.26
0.13
0.12
0.13
0.21
0.14
0.14
0.30
0.12
0.12
0.23
0.12
0.20
0.11
0.11
0.12
CorWatt	PkgWatt
12.54	162.40
0.08	75.34
0.07
0.07
0.07
0.07
0.07
0.08
0.07
0.06
0.06
0.06
0.06
0.06
0.06
0.06
0.06
0.07
0.07
0.07
0.07
0.09
0.08
0.08
0.08
0.07
0.07
0.07
0.07
0.06
0.06
0.06
0.06
0.16	87.05
0.15
0.15
0.20
0.28
0.33
0.28
2.37
0.19
0.23
0.19
0.96
0.49
0.18
0.18
0.45
0.18
0.17
0.17
0.43
0.18
0.18
0.18
0.46
0.27
0.16
0.16
0.17
0.16
0.16
0.16
0.38
CorWatt	PkgWatt
12.93	162.89
0.08	75.60
0.08
0.08
0.08
0.08
0.08
0.08
0.08
0.07
0.07
0.06
0.07
0.06
0.06
0.06
0.06
0.08
0.08
0.08
0.08
0.09
0.08
0.08
0.08
0.07
0.08
0.07
0.07
0.07
0.07
0.07
0.06
0.18	87.34
0.18
0.28
0.43
0.32
0.33
0.28
2.35
0.18
0.20
0.18
0.72
0.19
0.17
0.16
0.55
0.26
0.17
0.19
0.35
0.19
0.19
0.18
0.51
0.18
0.18
0.18
0.58
0.15
0.16
0.16
0.23
CorWatt	PkgWatt
12.77	167.72
0.09	77.25
0.08
0.08
0.08
0.08
0.08
0.08
0.08
0.06
0.07
0.06
0.07
0.06
0.06
0.06
0.06
0.07
0.07
0.07
0.07
0.09
0.08
0.08
0.08
0.07
0.08
0.07
0.07
0.06
0.06
0.06
0.06
0.18	90.44
0.17
0.22
0.32
0.30
0.31
0.31
2.37
0.16
0.23
0.16
0.46
0.63
0.18
0.18
0.34
0.19
0.18
0.18
0.50
0.19
0.22
0.27
0.30
0.53
0.18
0.17
0.23
0.15
0.16
0.15
0.31
CorWatt	PkgWatt
12.47	162.81
0.09	75.55
0.08
0.08
0.08
0.08
0.08
0.08
0.08
0.06
0.06
0.06
0.06
0.06
0.06
0.06
0.06
0.08
0.08
0.08
0.08
0.09
0.08
0.08
0.08
0.07
0.07
0.07
0.07
0.06
0.06
0.06
0.06
0.22	87.27
0.16
0.16
0.16
0.28
0.28
0.33
2.30
0.17
0.17
0.17
0.72
0.17
0.17
0.17
0.60
0.58
0.20
0.20
0.54
0.18
0.19
0.42
0.21
0.16
0.16
0.16
0.31
0.15
0.15
0.15
0.21
CorWatt	PkgWatt
12.97	162.98
0.10	75.73
0.08
0.08
0.08
0.08
0.08
0.08
0.08
0.07
0.07
0.06
0.07
0.07
0.14
0.07
0.07
0.08
0.08
0.08
0.08
0.09
0.08
0.08
0.08
0.07
0.07
0.07
0.07
0.06
0.07
0.07
0.07
0.24	87.28
0.16
0.16
0.17
0.29
1.90
0.33
0.76
0.19
0.61
0.19
0.47
0.47
0.53
0.18
0.21
0.19
0.18
0.18
0.61
0.18
0.18
0.40
0.19
0.20
0.16
0.23
0.16
0.16
0.16
0.16
0.35
CorWatt	PkgWatt
13.02	163.03
0.10	75.78
0.08
0.08
0.08
0.08
0.08
0.08
0.08
0.07
0.07
0.07
0.07
0.07
0.07
0.07
0.07
0.08
0.08
0.08
0.08
0.10
0.09
0.08
0.08
0.08
0.08
0.08
0.08
0.07
0.07
0.07
0.07
0.17	87.21
0.19
0.16
0.24
0.28
0.67
0.29
2.02
0.18
0.31
0.18
0.71
0.17
0.17
0.17
0.60
0.17
0.17
0.24
0.35
0.32
0.25
0.18
0.26
0.19
0.19
0.19
0.77
0.15
0.15
0.15
0.25
CorWatt	PkgWatt
12.43	162.33
0.08	75.30
0.07
0.07
0.07
0.08
0.08
0.08
0.07
0.06
0.06
0.06
0.06
0.06
0.06
0.06
0.06
0.07
0.07
0.07
0.07
0.09
0.08
0.07
0.07
0.07
0.07
0.07
0.07
0.06
0.06
0.06
0.06
0.53	87.00
0.17
0.17
0.19
0.28
2.36
0.28
0.33
0.27
0.20
0.17
0.63
0.27
0.15
0.15
0.25
0.17
0.17
0.22
0.38
0.17
0.17
0.17
0.42
0.24
0.17
0.17
0.55
0.15
0.15
0.15
0.35
CorWatt	PkgWatt
12.73	162.72
0.09	75.56
0.08
0.08
0.08
0.08
0.08
0.08
0.08
0.06
0.06
0.06
0.06
0.06
0.06
0.06
0.06
0.08
0.08
0.08
0.08
0.09
0.08
0.08
0.08
0.07
0.07
0.07
0.07
0.06
0.06
0.06
0.06
0.19	87.20
0.16
0.16
0.24
0.31
1.26
0.29
1.40
0.20
0.19
0.18
0.73
0.17
0.16
0.16
0.54
0.17
0.18
0.17
0.49
0.20
0.22
0.21
0.85
0.16
0.16
0.16
0.36
0.15
0.15
0.15
0.29
CorWatt	PkgWatt
12.56	162.51
0.10	75.51
0.08
0.08
0.08
0.08
0.08
0.08
0.08
0.06
0.06
0.06
0.06
0.06
0.06
0.06
0.06
0.08
0.08
0.08
0.08
0.09
0.08
0.08
0.08
0.07
0.07
0.07
0.07
0.06
0.06
0.06
0.06
0.16	86.98
0.16
0.16
0.27
0.33
0.56
0.28
2.07
0.17
0.17
0.17
0.59
0.22
0.16
0.16
0.48
0.17
0.17
0.17
0.44
0.17
0.18
0.17
0.40
0.18
0.18
0.18
0.78
0.16
0.16
0.16
0.43
CorWatt	PkgWatt
12.94	163.13
0.11	75.93
0.09
0.09
0.09
0.08
0.09
0.08
0.08
0.07
0.07
0.07
0.07
0.07
0.07
0.07
0.07
0.08
0.08
0.08
0.12
0.10
0.09
0.08
0.08
0.08
0.08
0.08
0.08
0.07
0.07
0.07
0.07
0.22	87.17
0.17
0.16
0.18
0.33
0.67
0.28
1.96
0.19
0.18
0.32
0.58
0.18
0.18
0.18
0.78
0.18
0.19
0.18
0.65
0.17
0.18
0.17
0.36
0.17
0.17
0.17
0.46
0.16
0.16
0.20
0.28
CorWatt	PkgWatt
12.57	162.42
0.09	75.42
0.08
0.08
0.08
0.08
0.08
0.08
0.08
0.06
0.06
0.06
0.06
0.06
0.06
0.06
0.06
0.07
0.07
0.07
0.08
0.09
0.08
0.08
0.08
0.07
0.07
0.07
0.07
0.06
0.06
0.06
0.06
0.16	87.07
0.16
0.16
0.23
0.33
0.76
0.28
1.87
0.20
0.20
0.20
1.11
0.48
0.17
0.17
0.36
0.18
0.18
0.17
0.52
0.18
0.18
0.18
0.40
0.18
0.16
0.16
0.29
0.15
0.15
0.15
0.26
CorWatt	PkgWatt
12.43	162.43
0.08	75.39
0.08
0.08
0.08
0.08
0.08
0.08
0.08
0.06
0.06
0.06
0.06
0.06
0.06
0.06
0.06
0.07
0.07
0.07
0.07
0.09
0.08
0.08
0.08
0.07
0.07
0.07
0.07
0.06
0.06
0.06
0.06
0.18	86.96
0.15
0.16
0.18
0.33
0.28
0.29
2.33
0.19
0.19
0.19
1.02
0.17
0.16
0.16
0.54
0.17
0.17
0.17
0.50
0.19
0.20
0.18
0.54
0.27
0.17
0.16
0.31
0.15
0.15
0.18
0.17
CorWatt	PkgWatt
12.33	162.09
0.08	75.20
0.07
0.07
0.07
0.07
0.08
0.08
0.07
0.06
0.06
0.06
0.06
0.06
0.06
0.06
0.06
0.07
0.07
0.07
0.07
0.09
0.08
0.07
0.07
0.07
0.07
0.06
0.07
0.06
0.06
0.06
0.06
0.16	86.94
0.15
0.16
0.19
0.33
0.28
0.28
2.35
0.19
0.19
0.18
0.92
0.68
0.19
0.19
0.55
0.17
0.17
0.17
0.53
0.17
0.17
0.16
0.21
0.16
0.16
0.16
0.29
0.15
0.15
0.15
0.19
CorWatt	PkgWatt
13.05	163.56
0.10	75.97
0.08
0.08
0.08
0.08
0.08
0.09
0.08
0.07
0.07
0.07
0.07
0.07
0.07
0.07
0.07
0.08
0.08
0.08
0.08
0.09
0.09
0.08
0.08
0.07
0.08
0.07
0.08
0.07
0.07
0.07
0.07
0.18	87.52
0.18
0.19
0.28
0.34
1.88
0.29
0.79
0.32
0.19
0.18
0.59
0.18
0.18
0.19
0.81
0.18
0.18
0.17
0.47
0.20
0.20
0.19
0.60
0.19
0.18
0.25
0.17
0.16
0.17
0.16
0.35
CorWatt	PkgWatt
12.67	166.05
0.08	77.36
0.08
0.08
0.08
0.08
0.08
0.08
0.08
0.06
0.06
0.06
0.06
0.06
0.14
0.06
0.06
0.08
0.08
0.08
0.08
0.09
0.08
0.08
0.08
0.07
0.07
0.07
0.07
0.06
0.06
0.06
0.06
0.18	88.81
0.16
0.19
0.18
0.33
0.28
0.28
2.33
0.19
0.19
0.84
0.30
0.25
0.16
0.17
0.44
0.18
0.18
0.17
0.53
0.45
0.18
0.18
0.19
0.31
0.18
0.18
0.46
0.15
0.16
0.15
0.20
CorWatt	PkgWatt
12.43	162.41
0.08	75.33
0.08
0.08
0.08
0.08
0.08
0.08
0.08
0.06
0.06
0.06
0.06
0.06
0.06
0.06
0.06
0.07
0.07
0.07
0.07
0.09
0.08
0.08
0.07
0.07
0.07
0.06
0.07
0.06
0.06
0.06
0.06
0.20	86.96
0.16
0.16
0.22
0.33
0.28
0.28
2.34
0.21
0.21
0.21
1.27
0.17
0.17
0.17
0.65
0.16
0.16
0.16
0.31
0.38
0.17
0.17
0.18
0.17
0.16
0.16
0.32
0.15
0.15
0.15
0.23
CorWatt	PkgWatt
12.63	162.72
0.10	75.66
0.08
0.08
0.08
0.08
0.08
0.08
0.08
0.06
0.06
0.06
0.06
0.06
0.06
0.06
0.06
0.08
0.08
0.08
0.08
0.09
0.08
0.08
0.08
0.07
0.07
0.07
0.07
0.06
0.06
0.06
0.06
0.16	87.08
0.16
0.16
0.21
0.33
1.66
0.28
0.98
0.20
0.20
0.20
1.11
0.38
0.18
0.18
0.54
0.19
0.19
0.18
0.70
0.17
0.17
0.16
0.25
0.19
0.16
0.15
0.18
0.15
0.15
0.15
0.22
CorWatt	PkgWatt
12.75	162.75
0.09	75.68
0.08
0.10
0.08
0.08
0.08
0.08
0.08
0.07
0.07
0.07
0.07
0.07
0.07
0.06
0.06
0.08
0.08
0.08
0.08
0.09
0.08
0.08
0.08
0.07
0.07
0.07
0.07
0.07
0.07
0.07
0.07
0.17	87.09
0.16
0.16
0.19
0.33
0.28
0.28
2.33
0.53
0.20
0.20
0.75
0.17
0.17
0.25
0.44
0.18
0.18
0.18
0.63
0.27
0.28
0.18
0.30
0.17
0.16
0.16
0.35
0.15
0.15
0.15
0.23
CorWatt	PkgWatt
12.30	162.17
0.08	75.21
0.07
0.07
0.07
0.07
0.07
0.08
0.07
0.06
0.06
0.06
0.06
0.06
0.06
0.06
0.06
0.07
0.07
0.07
0.07
0.08
0.08
0.07
0.07
0.07
0.07
0.06
0.07
0.06
0.06
0.06
0.06
0.16	86.95
0.16
0.16
0.22
0.33
0.28
0.28
2.34
0.20
0.20
0.91
0.42
0.35
0.17
0.17
0.50
0.19
0.19
0.19
0.80
0.16
0.16
0.16
0.19
0.16
0.15
0.15
0.17
0.15
0.15
0.15
0.20
CorWatt	PkgWatt
12.62	162.53
0.09	75.52
0.08
0.08
0.08
0.08
0.08
0.08
0.08
0.06
0.06
0.06
0.06
0.06
0.06
0.06
0.06
0.08
0.08
0.08
0.08
0.09
0.08
0.08
0.08
0.07
0.07
0.07
0.07
0.06
0.06
0.06
0.06
0.17	87.04
0.16
0.19
0.17
0.33
2.35
0.28
0.29
0.17
0.20
0.39
0.20
0.18
0.33
0.18
0.49
0.20
0.20
0.20
0.93
0.19
0.52
0.18
0.24
0.17
0.17
0.17
0.46
0.15
0.15
0.15
0.20
CorWatt	PkgWatt
12.56	162.49
0.09	75.41
0.08
0.08
0.08
0.08
0.08
0.08
0.08
0.06
0.06
0.06
0.06
0.06
0.06
0.06
0.06
0.08
0.07
0.07
0.07
0.09
0.08
0.08
0.07
0.07
0.07
0.07
0.07
0.06
0.06
0.06
0.06
0.20	87.11
0.16
0.16
0.21
0.33
2.34
0.28
0.28
0.18
0.18
0.18
0.74
0.31
0.16
0.16
0.34
0.18
0.17
0.17
0.42
0.19
0.58
0.18
0.19
0.21
0.18
0.18
0.66
0.16
0.16
0.16
0.33
CorWatt	PkgWatt
12.71	162.65
0.08	75.48
0.08
0.08
0.08
0.08
0.08
0.08
0.08
0.06
0.06
0.06
0.06
0.06
0.06
0.06
0.06
0.08
0.08
0.08
0.08
0.09
0.08
0.08
0.08
0.07
0.07
0.07
0.07
0.07
0.07
0.07
0.07
0.16	87.12
0.16
0.16
0.22
0.33
2.36
0.29
0.29
0.17
0.36
0.17
0.44
0.18
0.17
0.17
0.56
0.19
0.20
0.19
0.75
0.26
0.20
0.18
0.43
0.18
0.18
0.18
0.58
0.16
0.15
0.15
0.24
CorWatt	PkgWatt
12.52	162.41
0.09	75.38
0.08
0.08
0.08
0.08
0.08
0.08
0.08
0.06
0.06
0.06
0.06
0.06
0.06
0.06
0.06
0.07
0.07
0.07
0.07
0.09
0.08
0.07
0.07
0.07
0.07
0.06
0.07
0.06
0.06
0.06
0.06
0.18	87.04
0.16
0.16
0.20
0.33
1.24
0.28
1.41
0.19
0.20
0.19
1.03
0.44
0.16
0.16
0.23
0.19
0.20
0.79
0.24
0.21
0.17
0.17
0.22
0.17
0.17
0.16
0.40
0.15
0.15
0.15
0.20
CorWatt	PkgWatt
12.44	162.31
0.08	75.37
0.08
0.08
0.07
0.07
0.08
0.08
0.08
0.06
0.06
0.06
0.06
0.06
0.07
0.06
0.06
0.07
0.07
0.07
0.07
0.09
0.08
0.07
0.07
0.06
0.07
0.06
0.07
0.06
0.06
0.06
0.06
0.16	86.95
0.16
0.16
0.21
0.33
0.28
0.28
2.33
0.18
0.37
0.18
0.51
0.19
0.19
0.19
1.00
0.18
0.18
0.18
0.61
0.41
0.18
0.18
0.20
0.16
0.16
0.16
0.27
0.15
0.15
0.15
0.20
CorWatt	PkgWatt
13.00	163.25
0.11	75.90
0.08
0.09
0.08
0.08
0.08
0.08
0.08
0.07
0.07
0.07
0.07
0.07
0.13
0.07
0.07
0.08
0.08
0.08
0.08
0.09
0.12
0.08
0.08
0.07
0.07
0.07
0.07
0.07
0.07
0.07
0.07
0.16	87.35
0.16
0.16
0.22
1.62
0.70
0.31
0.67
0.19
0.20
0.79
0.42
0.19
0.19
0.19
0.99
0.18
0.18
0.18
0.51
0.17
0.17
0.26
0.27
0.20
0.16
0.16
0.19
0.15
0.15
0.15
0.21
CorWatt	PkgWatt
13.07	163.27
0.10	76.06
0.09
0.09
0.09
0.09
0.09
0.09
0.09
0.07
0.07
0.07
0.07
0.07
0.07
0.07
0.07
0.08
0.08
0.08
0.08
0.10
0.09
0.09
0.08
0.09
0.08
0.08
0.12
0.07
0.07
0.07
0.07
0.19	87.17
0.17
0.17
0.33
0.34
2.36
0.29
0.29
0.17
0.18
0.18
0.57
0.18
0.18
0.17
0.66
0.19
0.19
0.19
0.74
0.30
0.38
0.19
0.30
0.17
0.17
0.18
0.34
0.15
0.17
0.15
0.21
CorWatt	PkgWatt
12.53	162.29
0.08	75.29
0.08
0.08
0.07
0.07
0.07
0.08
0.07
0.06
0.06
0.06
0.06
0.06
0.06
0.06
0.06
0.07
0.07
0.07
0.07
0.08
0.08
0.07
0.07
0.06
0.07
0.06
0.07
0.06
0.06
0.06
0.06
0.16	87.09
0.16
0.16
0.22
0.34
2.34
0.29
0.29
0.18
0.18
0.18
0.69
0.42
0.18
0.18
0.54
0.18
0.18
0.18
0.55
0.17
0.17
0.17
0.29
0.30
0.19
0.19
0.62
0.16
0.15
0.15
0.21
CorWatt	PkgWatt
12.55	162.63
0.09	75.48
0.08
0.08
0.08
0.08
0.08
0.08
0.08
0.06
0.06
0.06
0.06
0.06
0.06
0.06
0.06
0.08
0.08
0.08
0.08
0.09
0.08
0.08
0.08
0.07
0.07
0.07
0.07
0.06
0.06
0.06
0.06
0.16	87.07
0.16
0.16
0.20
0.33
0.73
1.86
0.28
0.20
0.20
0.20
1.07
0.17
0.17
0.17
0.66
0.19
0.19
0.19
0.82
0.19
0.26
0.17
0.18
0.16
0.16
0.15
0.20
0.15
0.18
0.17
0.18
CorWatt	PkgWatt
12.35	162.14
0.08	75.32
0.08
0.08
0.07
0.07
0.08
0.08
0.08
0.06
0.06
0.06
0.06
0.06
0.06
0.06
0.06
0.07
0.07
0.07
0.07
0.08
0.07
0.07
0.07
0.06
0.07
0.06
0.07
0.06
0.06
0.06
0.06
0.19	86.91
0.16
0.16
0.18
0.32
0.29
2.28
0.28
0.18
0.69
0.18
0.19
0.53
0.17
0.17
0.30
0.19
0.19
0.19
0.87
0.36
0.18
0.17
0.18
0.16
0.16
0.16
0.24
0.16
0.16
0.16
0.38
CorWatt	PkgWatt
7.25	160.44
0.10	79.40
0.09
0.09
0.08
0.08
0.09
0.09
0.09
0.08
0.08
0.07
0.07
0.07
0.07
0.07
0.07
0.09
0.09
0.09
0.09
0.10
0.08
0.09
0.08
0.08
0.07
0.08
0.08
0.07
0.07
0.07
0.07
0.11	81.04
0.13
0.11
0.13
0.16
0.15
0.43
0.39
0.10
0.11
0.13
0.30
0.09
0.10
0.09
0.11
0.11
0.25
0.11
0.18
0.11
0.13
0.20
0.12
0.12
0.10
0.09
0.11
0.09
0.09
0.09
0.13
CorWatt	PkgWatt
4.06	150.48
0.08	75.16
0.07
0.07
0.07
0.07
0.07
0.07
0.07
0.06
0.06
0.06
0.06
0.06
0.06
0.06
0.06
0.07
0.07
0.07
0.07
0.08
0.07
0.07
0.07
0.06
0.06
0.06
0.06
0.06
0.06
0.06
0.06
0.07	75.26
0.06
0.06
0.06
0.07
0.07
0.07
0.07
0.05
0.05
0.05
0.05
0.05
0.05
0.05
0.05
0.07
0.07
0.06
0.07
0.07
0.07
0.07
0.07
0.06
0.06
0.06
0.06
0.05
0.05
0.05
0.05
CorWatt	PkgWatt
4.03	150.35
0.08	75.31
0.08
0.08
0.07
0.07
0.08
0.08
0.08
0.06
0.06
0.06
0.06
0.06
0.06
0.06
0.06
0.07
0.07
0.07
0.07
0.09
0.07
0.07
0.07
0.06
0.06
0.06
0.06
0.06
0.06
0.06
0.06
0.06	75.15
0.06
0.06
0.06
0.07
0.07
0.07
0.06
0.05
0.05
0.05
0.05
0.05
0.05
0.05
0.05
0.06
0.06
0.06
0.06
0.07
0.07
0.07
0.07
0.06
0.06
0.05
0.05
0.05
0.05
0.05
0.05
CorWatt	PkgWatt
10.31	159.33
0.08	75.33
0.08
0.08
0.07
0.07
0.08
0.08
0.08
0.06
0.06
0.06
0.06
0.06
0.06
0.06
0.06
0.07
0.07
0.07
0.07
0.09
0.07
0.07
0.07
0.06
0.07
0.06
0.06
0.06
0.06
0.06
0.06
0.15	83.88
0.15
0.15
0.44
0.24
0.16
0.24
0.15
0.22
0.13
0.13
0.29
0.23
0.13
0.14
0.12
0.22
0.22
1.73
0.22
0.16
0.46
0.16
0.15
0.29
0.15
0.15
0.38
0.13
0.13
0.13
0.36
CorWatt	PkgWatt
12.97	163.11
0.09	75.84
0.08
0.08
0.08
0.08
0.08
0.08
0.08
0.07
0.07
0.07
0.07
0.07
0.14
0.07
0.07
0.08
0.08
0.08
0.08
0.09
0.08
0.08
0.08
0.07
0.07
0.07
0.07
0.07
0.07
0.07
0.07
0.26	87.28
0.17
0.17
0.36
0.31
0.19
0.22
0.18
0.19
0.19
0.17
0.65
0.16
0.15
0.20
0.25
0.28
0.27
2.23
0.36
0.50
0.21
0.21
0.65
0.25
0.17
0.17
0.41
0.29
0.16
0.16
0.35
CorWatt	PkgWatt
12.66	162.46
0.08	75.31
0.08
0.08
0.07
0.08
0.08
0.08
0.08
0.06
0.06
0.06
0.06
0.06
0.06
0.06
0.06
0.07
0.07
0.07
0.07
0.09
0.07
0.07
0.07
0.06
0.06
0.06
0.06
0.06
0.06
0.06
0.06
0.27	87.19
0.17
0.17
0.38
0.25
0.18
0.30
0.18
0.16
0.16
0.16
0.37
0.18
0.19
0.15
0.23
0.28
0.28
2.31
0.28
0.23
0.21
0.20
0.88
0.35
0.17
0.16
0.26
0.19
0.19
0.57
0.41
CorWatt	PkgWatt
12.44	162.24
0.08	75.27
0.08
0.08
0.08
0.07
0.08
0.08
0.08
0.06
0.06
0.06
0.06
0.06
0.06
0.06
0.06
0.07
0.07
0.07
0.07
0.08
0.07
0.07
0.07
0.06
0.07
0.06
0.06
0.06
0.06
0.06
0.06
0.18	86.93
0.15
0.15
0.20
0.19
0.17
0.35
0.19
0.16
0.17
0.16
0.38
0.18
0.19
0.17
0.61
0.27
0.27
0.80
1.73
0.66
0.20
0.31
0.24
0.20
0.18
0.18
0.63
0.17
0.17
0.17
0.49
CorWatt	PkgWatt
12.43	162.29
0.08	75.25
0.07
0.08
0.07
0.07
0.08
0.07
0.07
0.06
0.06
0.06
0.06
0.06
0.06
0.06
0.06
0.07
0.07
0.07
0.07
0.08
0.07
0.07
0.07
0.06
0.06
0.06
0.06
0.06
0.06
0.06
0.06
0.21	87.02
0.15
0.16
0.17
0.32
0.18
0.23
0.18
0.42
0.18
0.16
0.24
0.19
0.16
0.15
0.27
0.27
0.27
0.27
2.26
0.22
0.19
0.20
0.66
0.25
0.17
0.17
0.41
0.57
0.19
0.19
0.61
CorWatt	PkgWatt
12.77	162.64
0.08	75.53
0.08
0.08
0.08
0.08
0.08
0.08
0.08
0.07
0.06
0.06
0.06
0.06
0.06
0.06
0.06
0.08
0.08
0.08
0.08
0.09
0.08
0.08
0.08
0.07
0.07
0.07
0.07
0.06
0.07
0.07
0.07
0.19	87.12
0.18
0.42
0.26
0.24
0.20
0.41
0.23
0.15
0.16
0.15
0.19
0.17
0.17
0.16
0.42
0.27
0.27
0.30
2.21
0.28
0.26
0.19
0.30
0.21
0.30
0.18
0.58
0.22
0.18
0.18
0.78
CorWatt	PkgWatt
12.49	162.33
0.09	75.34
0.08
0.08
0.08
0.07
0.07
0.08
0.07
0.06
0.06
0.06
0.06
0.06
0.06
0.06
0.06
0.07
0.07
0.07
0.07
0.09
0.07
0.07
0.07
0.06
0.06
0.06
0.06
0.06
0.06
0.06
0.06
0.18	86.98
0.18
0.19
0.59
0.17
0.19
0.17
0.30
0.15
0.15
0.14
0.20
0.17
0.14
0.14
0.15
0.28
0.28
2.31
0.28
0.28
0.19
0.19
0.45
0.39
0.20
0.19
0.68
0.20
0.18
0.18
0.81
CorWatt	PkgWatt
12.41	162.23
0.08	75.29
0.07
0.08
0.07
0.07
0.07
0.08
0.08
0.06
0.06
0.06
0.06
0.06
0.06
0.06
0.06
0.07
0.07
0.07
0.07
0.08
0.07
0.07
0.07
0.06
0.06
0.06
0.06
0.06
0.06
0.06
0.06
0.21	86.90
0.18
0.19
0.70
0.22
0.28
0.17
0.32
0.15
0.15
0.15
0.29
0.14
0.14
0.14
0.18
0.27
0.27
2.29
0.27
0.25
0.18
0.18
0.31
0.21
0.18
0.18
0.72
0.18
0.18
0.70
0.24
CorWatt	PkgWatt
12.47	162.13
0.08	75.17
0.07
0.08
0.07
0.07
0.07
0.07
0.07
0.06
0.06
0.06
0.06
0.06
0.06
0.06
0.06
0.07
0.07
0.07
0.07
0.08
0.07
0.07
0.07
0.06
0.06
0.06
0.06
0.06
0.06
0.06
0.06
0.19	87.05
0.42
0.18
0.42
0.17
0.32
0.17
0.19
0.17
0.18
0.18
0.63
0.27
0.15
0.15
0.23
0.27
0.27
2.29
0.28
0.31
0.18
0.18
0.35
0.21
0.18
0.18
0.65
0.16
0.16
0.17
0.46
CorWatt	PkgWatt
13.04	163.29
0.11	75.87
0.09
0.09
0.09
0.08
0.08
0.08
0.08
0.07
0.07
0.07
0.07
0.07
0.07
0.07
0.07
0.08
0.08
0.08
0.08
0.09
0.08
0.08
0.08
0.07
0.08
0.07
0.07
0.07
0.07
0.07
0.07
0.30	87.35
0.22
0.20
0.48
0.24
0.30
0.18
0.30
0.15
0.16
0.15
0.24
0.15
0.15
0.15
0.21
0.27
0.28
1.29
1.30
0.36
0.19
0.18
0.25
0.23
0.21
0.19
0.85
0.18
0.20
0.55
0.46
CorWatt	PkgWatt
12.66	162.52
0.08	75.37
0.08
0.08
0.08
0.07
0.08
0.08
0.08
0.06
0.06
0.06
0.06
0.06
0.06
0.06
0.06
0.07
0.07
0.07
0.07
0.09
0.07
0.07
0.07
0.06
0.07
0.06
0.07
0.06
0.06
0.06
0.06
0.57	87.17
0.37
0.20
0.20
0.19
0.31
0.17
0.36
0.14
0.15
0.14
0.19
0.25
0.16
0.15
0.22
0.28
0.28
2.34
0.28
0.24
0.20
0.19
0.49
0.38
0.21
0.18
0.58
0.17
0.18
0.17
0.54
CorWatt	PkgWatt
12.81	162.54
0.08	75.40
0.08
0.08
0.08
0.07
0.07
0.08
0.08
0.06
0.06
0.06
0.06
0.06
0.13
0.06
0.06
0.07
0.07
0.07
0.08
0.08
0.07
0.07
0.07
0.06
0.07
0.06
0.07
0.06
0.06
0.06
0.06
0.20	87.19
0.20
0.20
0.64
0.28
0.26
0.18
0.51
0.15
0.15
0.15
0.23
0.15
0.15
0.14
0.23
0.28
0.28
2.29
0.33
0.37
0.19
0.20
0.31
0.45
0.20
0.18
0.47
0.17
0.19
0.17
0.63
CorWatt	PkgWatt
12.79	162.65
0.09	75.27
0.08
0.08
0.08
0.07
0.07
0.07
0.08
0.06
0.06
0.06
0.06
0.06
0.06
0.06
0.06
0.07
0.07
0.07
0.07
0.08
0.07
0.07
0.07
0.06
0.07
0.06
0.06
0.06
0.06
0.06
0.06
0.21	87.33
0.17
0.18
0.39
0.22
0.40
0.20
0.65
0.16
0.21
0.16
0.33
0.19
0.14
0.14
0.16
0.28
0.28
2.14
0.49
0.34
0.19
0.19
0.34
0.37
0.22
0.19
0.76
0.16
0.17
0.16
0.42
CorWatt	PkgWatt
12.72	162.71
0.09	75.58
0.08
0.08
0.08
0.08
0.08
0.08
0.08
0.07
0.06
0.06
0.06
0.07
0.06
0.06
0.06
0.08
0.08
0.08
0.08
0.09
0.08
0.08
0.07
0.07
0.07
0.07
0.07
0.06
0.07
0.06
0.06
0.18	87.10
0.26
0.19
0.21
0.27
0.21
0.18
0.52
0.18
0.39
0.16
0.21
0.16
0.17
0.15
0.26
0.27
0.27
0.28
2.26
0.39
0.19
0.19
0.28
0.25
0.22
0.20
0.98
0.16
0.17
0.17
0.45
CorWatt	PkgWatt
12.63	162.41
0.09	75.34
0.08
0.08
0.08
0.07
0.08
0.08
0.08
0.06
0.06
0.06
0.06
0.06
0.06
0.06
0.06
0.08
0.08
0.07
0.08
0.09
0.07
0.07
0.07
0.07
0.07
0.06
0.06
0.06
0.06
0.06
0.06
0.17	87.13
0.17
0.17
0.34
0.38
0.21
0.18
0.36
0.16
0.16
0.15
0.37
0.19
0.15
0.14
0.18
0.27
0.27
2.31
0.29
0.32
0.19
0.18
0.30
0.36
0.20
0.19
0.74
0.18
0.19
0.18
0.73
CorWatt	PkgWatt
12.68	162.73
0.09	75.41
0.08
0.08
0.08
0.07
0.08
0.08
0.08
0.06
0.06
0.06
0.06
0.06
0.06
0.06
0.06
0.08
0.08
0.07
0.07
0.09
0.07
0.07
0.07
0.06
0.06
0.06
0.06
0.06
0.06
0.06
0.06
0.20	87.30
0.42
0.18
0.28
0.20
0.17
0.16
0.19
0.16
0.18
0.16
0.39
0.18
0.16
0.16
0.49
0.28
0.28
2.35
0.28
0.32
0.19
0.18
0.29
0.36
0.19
0.19
0.61
0.18
0.18
0.18
0.77
CorWatt	PkgWatt
12.48	162.19
0.08	75.28
0.07
0.08
0.07
0.07
0.08
0.08
0.07
0.06
0.06
0.06
0.06
0.06
0.06
0.06
0.06
0.07
0.07
0.07
0.07
0.08
0.07
0.07
0.07
0.06
0.06
0.06
0.06
0.06
0.06
0.06
0.06
0.27	86.99
0.47
0.18
0.19
0.18
0.19
0.17
0.32
0.16
0.18
0.16
0.46
0.20
0.15
0.15
0.37
0.27
0.27
0.59
1.94
0.36
0.19
0.18
0.23
0.24
0.20
0.20
0.99
0.16
0.16
0.16
0.36
CorWatt	PkgWatt
12.79	162.90
0.09	75.53
0.08
0.08
0.08
0.08
0.08
0.08
0.08
0.06
0.06
0.06
0.06
0.06
0.06
0.06
0.06
0.08
0.08
0.08
0.08
0.09
0.07
0.07
0.07
0.07
0.07
0.07
0.07
0.06
0.07
0.06
0.06
0.20	87.22
0.19
0.18
0.51
0.22
0.20
0.20
0.66
0.25
0.18
0.16
0.31
0.15
0.15
0.14
0.24
0.28
0.28
1.32
1.29
0.32
0.19
0.18
0.28
0.21
0.19
0.18
0.77
0.17
0.17
0.35
0.39
CorWatt	PkgWatt
12.41	162.10
0.08	75.21
0.07
0.07
0.07
0.07
0.07
0.07
0.07
0.06
0.06
0.06
0.06
0.06
0.06
0.06
0.06
0.07
0.07
0.07
0.07
0.08
0.07
0.07
0.07
0.06
0.06
0.06
0.06
0.06
0.06
0.06
0.06
0.19	86.93
0.21
0.17
0.43
0.17
0.18
0.17
0.29
0.16
0.25
0.15
0.19
0.18
0.14
0.14
0.17
0.27
0.27
0.44
2.11
0.40
0.19
0.18
0.31
0.55
0.19
0.19
0.58
0.18
0.18
0.22
0.86
CorWatt	PkgWatt
12.60	162.46
0.08	75.31
0.08
0.08
0.08
0.08
0.08
0.08
0.08
0.06
0.06
0.06
0.06
0.06
0.06
0.06
0.06
0.07
0.07
0.07
0.07
0.08
0.07
0.07
0.07
0.06
0.06
0.06
0.06
0.06
0.06
0.06
0.06
0.18	87.13
0.17
0.16
0.37
0.19
0.20
0.18
0.51
0.17
0.17
0.16
0.38
0.15
0.17
0.17
0.18
0.27
0.27
0.29
2.25
0.19
0.19
0.18
0.40
0.24
0.20
0.20
0.98
0.18
0.18
0.19
0.70
CorWatt	PkgWatt
12.48	162.32
0.09	75.37
0.08
0.08
0.08
0.07
0.08
0.08
0.08
0.06
0.06
0.06
0.06
0.06
0.06
0.06
0.06
0.07
0.07
0.07
0.07
0.09
0.07
0.07
0.07
0.06
0.06
0.06
0.06
0.06
0.06
0.06
0.06
0.42	86.97
0.57
0.19
0.23
0.17
0.32
0.17
0.32
0.14
0.15
0.14
0.20
0.17
0.15
0.15
0.19
0.27
0.27
1.14
1.44
0.26
0.19
0.18
0.37
0.20
0.20
0.20
0.99
0.16
0.16
0.16
0.41
CorWatt	PkgWatt
12.72	162.68
0.08	75.66
0.08
0.08
0.08
0.08
0.08
0.08
0.08
0.07
0.07
0.06
0.06
0.07
0.14
0.06
0.06
0.08
0.08
0.08
0.08
0.09
0.08
0.08
0.08
0.07
0.07
0.07
0.07
0.07
0.07
0.07
0.07
0.17	87.00
0.17
0.16
0.27
0.19
0.42
0.19
0.51
0.18
0.18
0.16
0.41
0.15
0.15
0.14
0.20
0.27
0.27
0.27
2.25
0.34
0.18
0.18
0.18
0.18
0.18
0.18
0.68
0.21
0.19
0.52
0.57
CorWatt	PkgWatt
12.82	162.60
0.10	75.42
0.08
0.08
0.08
0.08
0.08
0.08
0.08
0.06
0.06
0.06
0.06
0.06
0.06
0.06
0.06
0.08
0.08
0.08
0.08
0.09
0.07
0.07
0.07
0.07
0.07
0.06
0.07
0.06
0.06
0.06
0.06
0.26	87.27
0.29
0.17
0.18
0.17
0.21
0.17
0.32
0.18
0.33
0.16
0.29
0.22
0.16
0.16
0.25
0.38
0.28
0.62
1.84
0.40
0.19
0.19
0.27
0.44
0.20
0.20
0.67
0.21
0.19
0.20
0.83
CorWatt	PkgWatt
12.51	162.46
0.09	75.41
0.08
0.08
0.09
0.08
0.08
0.08
0.08
0.06
0.06
0.06
0.06
0.06
0.06
0.06
0.06
0.08
0.07
0.07
0.08
0.08
0.07
0.07
0.07
0.06
0.07
0.06
0.06
0.06
0.06
0.06
0.06
0.36	86.97
0.19
0.16
0.19
0.18
0.20
0.18
0.61
0.16
0.17
0.16
0.44
0.15
0.15
0.14
0.22
1.83
0.27
0.27
0.72
0.31
0.20
0.18
0.33
0.47
0.19
0.19
0.64
0.17
0.16
0.16
0.49
CorWatt	PkgWatt
12.48	162.24
0.08	75.23
0.07
0.07
0.07
0.07
0.08
0.08
0.08
0.06
0.06
0.06
0.06
0.06
0.06
0.06
0.06
0.07
0.07
0.07
0.07
0.08
0.07
0.07
0.07
0.06
0.06
0.06
0.06
0.06
0.06
0.06
0.06
0.18	87.03
0.32
0.17
0.29
0.20
0.57
0.20
0.48
0.16
0.30
0.15
0.19
0.24
0.15
0.15
0.19
2.17
0.27
0.28
0.38
0.27
0.19
0.19
0.36
0.27
0.17
0.17
0.38
0.18
0.18
0.18
0.78
CorWatt	PkgWatt
12.60	162.67
0.09	75.68
0.08
0.08
0.08
0.08
0.08
0.08
0.08
0.07
0.06
0.06
0.07
0.06
0.06
0.06
0.06
0.08
0.08
0.08
0.08
0.09
0.08
0.08
0.08
0.07
0.07
0.07
0.07
0.07
0.07
0.07
0.06
0.22	86.98
0.17
0.16
0.26
0.18
0.24
0.18
0.43
0.15
0.16
0.15
0.30
0.17
0.16
0.15
0.37
0.27
0.27
0.27
2.23
0.29
0.19
0.18
0.35
0.23
0.19
0.19
0.81
0.21
0.18
0.18
0.77
CorWatt	PkgWatt
12.38	162.11
0.08	75.32
0.08
0.08
0.08
0.07
0.07
0.08
0.08
0.06
0.06
0.06
0.06
0.06
0.06
0.06
0.06
0.07
0.07
0.07
0.07
0.09
0.07
0.07
0.07
0.06
0.06
0.06
0.06
0.06
0.06
0.06
0.06
0.20	86.84
0.19
0.18
0.61
0.18
0.23
0.18
0.59
0.15
0.19
0.15
0.18
0.18
0.14
0.14
0.15
0.27
0.27
0.27
2.24
0.23
0.18
0.18
0.33
0.20
0.18
0.64
0.21
0.41
0.18
0.18
0.58
CorWatt	PkgWatt
12.34	162.06
0.08	75.20
0.07
0.07
0.07
0.07
0.07
0.08
0.08
0.06
0.06
0.06
0.06
0.06
0.06
0.06
0.06
0.07
0.07
0.07
0.07
0.08
0.07
0.07
0.07
0.06
0.06
0.06
0.06
0.06
0.06
0.06
0.06
0.37	86.82
0.21
0.18
0.56
0.17
0.33
0.17
0.20
0.14
0.15
0.14
0.18
0.16
0.15
0.15
0.29
0.27
0.27
0.27
2.25
0.25
0.19
0.18
0.37
0.21
0.19
0.22
0.82
0.18
0.49
0.31
0.18
CorWatt	PkgWatt
12.40	162.25
0.08	75.16
0.07
0.07
0.07
0.07
0.07
0.07
0.07
0.06
0.06
0.06
0.06
0.06
0.06
0.06
0.06
0.07
0.07
0.07
0.07
0.08
0.07
0.07
0.07
0.06
0.06
0.06
0.06
0.06
0.06
0.06
0.06
0.19	87.06
0.63
0.18
0.23
0.16
0.17
0.16
0.25
0.16
0.17
0.16
0.47
0.18
0.15
0.15
0.24
0.87
0.27
0.27
1.68
0.18
0.18
0.18
0.39
0.31
0.19
0.22
0.73
0.17
0.19
0.20
0.62
CorWatt	PkgWatt
12.87	162.81
0.08	75.57
0.08
0.08
0.08
0.08
0.08
0.08
0.08
0.07
0.06
0.06
0.06
0.06
0.06
0.06
0.06
0.08
0.08
0.08
0.08
0.09
0.08
0.07
0.07
0.07
0.07
0.07
0.07
0.06
0.06
0.06
0.06
0.18	87.35
0.20
0.18
0.55
0.20
0.27
0.19
0.39
0.17
0.19
0.17
0.56
0.17
0.16
0.15
0.37
2.30
0.28
0.28
0.28
0.35
0.19
0.18
0.23
0.35
0.18
0.19
0.45
0.20
0.19
0.20
0.64
CorWatt	PkgWatt
5.38	152.40
0.08	75.21
0.07
0.08
0.07
0.07
0.08
0.08
0.07
0.06
0.06
0.06
0.06
0.06
0.06
0.06
0.06
0.07
0.07
0.07
0.07
0.08
0.07
0.07
0.07
0.06
0.06
0.06
0.06
0.06
0.06
0.06
0.06
0.09	77.14
0.08
0.08
0.12
0.09
0.09
0.08
0.12
0.07
0.07
0.07
0.14
0.07
0.07
0.07
0.09
0.39
0.10
0.10
0.10
0.14
0.09
0.09
0.09
0.09
0.08
0.08
0.18
0.07
0.07
0.07
0.10
CorWatt	PkgWatt
4.56	156.50
0.09	79.19
0.08
0.08
0.08
0.08
0.08
0.08
0.09
0.07
0.06
0.06
0.06
0.07
0.14
0.07
0.07
0.08
0.08
0.08
0.08
0.09
0.08
0.08
0.07
0.07
0.07
0.07
0.07
0.06
0.07
0.06
0.07
0.07	77.35
0.08
0.07
0.07
0.07
0.08
0.07
0.07
0.06
0.05
0.06
0.06
0.05
0.06
0.06
0.06
0.07
0.07
0.06
0.07
0.07
0.08
0.07
0.08
0.06
0.07
0.06
0.06
0.06
0.07
0.06
0.06
CorWatt	PkgWatt
4.02	150.32
0.08	75.23
0.07
0.07
0.07
0.07
0.07
0.08
0.07
0.06
0.06
0.06
0.06
0.06
0.06
0.06
0.06
0.07
0.07
0.07
0.07
0.08
0.07
0.07
0.07
0.06
0.06
0.06
0.06
0.06
0.06
0.06
0.06
0.06	75.11
0.06
0.06
0.06
0.06
0.07
0.06
0.06
0.05
0.05
0.05
0.05
0.05
0.05
0.05
0.05
0.06
0.06
0.06
0.06
0.07
0.07
0.07
0.07
0.06
0.06
0.05
0.05
0.05
0.05
0.05
0.05
CorWatt	PkgWatt
11.56	161.10
0.08	75.45
0.08
0.08
0.08
0.08
0.08
0.08
0.08
0.06
0.06
0.06
0.06
0.06
0.06
0.06
0.06
0.08
0.08
0.08
0.08
0.08
0.07
0.07
0.08
0.07
0.07
0.07
0.07
0.06
0.06
0.06
0.06
0.25	85.56
0.25
0.25
1.95
0.17
0.31
0.17
0.43
0.16
0.17
0.16
0.63
0.52
0.18
0.15
0.24
0.19
0.16
0.23
0.42
0.32
0.17
0.17
0.17
0.17
0.15
0.15
0.36
0.14
0.17
0.14
0.17
CorWatt	PkgWatt
12.62	162.56
0.09	75.40
0.08
0.08
0.08
0.07
0.08
0.08
0.08
0.06
0.06
0.06
0.06
0.06
0.06
0.06
0.06
0.08
0.08
0.08
0.08
0.09
0.07
0.07
0.07
0.06
0.06
0.06
0.06
0.06
0.06
0.06
0.06
0.28	87.14
0.27
0.27
2.23
0.20
0.38
0.18
0.40
0.57
0.20
0.18
0.36
0.38
0.16
0.16
0.33
0.17
0.17
0.34
0.25
0.24
0.19
0.18
0.40
0.24
0.17
0.16
0.37
0.16
0.17
0.16
0.47
CorWatt	PkgWatt
12.52	162.30
0.08	75.24
0.08
0.07
0.07
0.07
0.07
0.08
0.08
0.06
0.06
0.06
0.06
0.06
0.06
0.06
0.06
0.07
0.07
0.07
0.07
0.08
0.07
0.07
0.07
0.06
0.06
0.06
0.06
0.06
0.06
0.06
0.06
0.28	87.06
0.27
0.28
2.24
0.22
0.22
0.19
0.68
0.46
0.22
0.19
0.78
0.32
0.16
0.15
0.21
0.17
0.17
0.18
0.42
0.18
0.18
0.18
0.38
0.18
0.17
0.17
0.44
0.15
0.15
0.15
0.22
CorWatt	PkgWatt
12.77	162.65
0.09	75.39
0.08
0.08
0.08
0.07
0.08
0.08
0.08
0.06
0.06
0.06
0.06
0.06
0.06
0.06
0.06
0.08
0.08
0.07
0.07
0.09
0.07
0.07
0.07
0.07
0.07
0.06
0.06
0.06
0.06
0.06
0.06
1.25	87.32
0.28
0.28
1.32
0.22
0.38
0.19
0.50
0.20
0.19
0.17
0.65
0.30
0.16
0.16
0.26
0.18
0.18
0.26
0.43
0.28
0.19
0.18
0.35
0.26
0.17
0.17
0.35
0.17
0.18
0.17
0.55
CorWatt	PkgWatt
12.83	162.87
0.08	75.42
0.08
0.08
0.08
0.07
0.08
0.08
0.08
0.06
0.06
0.06
0.06
0.06
0.06
0.06
0.06
0.08
0.08
0.08
0.08
0.09
0.07
0.07
0.07
0.07
0.07
0.06
0.06
0.06
0.06
0.06
0.06
2.37	87.37
0.28
0.28
0.28
0.21
0.23
0.19
0.72
0.17
0.17
0.16
0.44
0.19
0.16
0.16
0.51
0.18
0.18
0.20
0.60
0.19
0.19
0.18
0.40
0.28
0.17
0.17
0.45
0.16
0.17
0.16
0.37
CorWatt	PkgWatt
12.66	162.47
0.09	75.34
0.08
0.08
0.08
0.07
0.08
0.08
0.08
0.06
0.06
0.06
0.06
0.06
0.06
0.06
0.06
0.08
0.08
0.08
0.08
0.09
0.07
0.07
0.07
0.06
0.06
0.06
0.06
0.06
0.06
0.06
0.06
0.29	87.17
0.28
0.28
2.24
0.19
0.36
0.24
0.41
0.17
0.18
0.16
0.48
0.66
0.18
0.17
0.27
0.18
0.18
0.20
0.59
0.36
0.19
0.18
0.23
0.24
0.17
0.17
0.38
0.16
0.17
0.16
0.34
CorWatt	PkgWatt
12.60	162.50
0.09	75.30
0.08
0.08
0.07
0.07
0.07
0.07
0.08
0.06
0.06
0.06
0.06
0.06
0.06
0.06
0.06
0.07
0.07
0.07
0.07
0.08
0.07
0.07
0.07
0.06
0.06
0.06
0.07
0.06
0.06
0.06
0.06
0.28	87.17
0.27
0.28
2.25
0.19
0.22
0.60
0.29
0.24
0.24
0.20
1.13
0.18
0.16
0.16
0.49
0.17
0.17
0.17
0.34
0.27
0.19
0.18
0.36
0.16
0.16
0.16
0.30
0.15
0.15
0.19
0.16
CorWatt	PkgWatt
12.70	162.61
0.09	75.27
0.08
0.08
0.08
0.07
0.07
0.07
0.07
0.06
0.06
0.06
0.06
0.06
0.06
0.06
0.06
0.07
0.07
0.07
0.07
0.08
0.07
0.07
0.07
0.06
0.06
0.06
0.06
0.06
0.06
0.06
0.06
2.27	87.33
0.28
0.28
0.39
0.19
0.55
0.24
0.40
0.17
0.17
0.17
0.59
0.41
0.17
0.17
0.40
0.18
0.18
0.19
0.60
0.36
0.18
0.18
0.21
0.23
0.16
0.16
0.25
0.16
0.16
0.17
0.34
CorWatt	PkgWatt
12.95	163.00
0.09	75.90
0.08
0.08
0.08
0.08
0.08
0.08
0.08
0.07
0.07
0.07
0.07
0.07
0.14
0.07
0.07
0.08
0.08
0.08
0.08
0.09
0.08
0.08
0.08
0.07
0.09
0.07
0.07
0.07
0.07
0.07
0.07
0.29	87.11
0.28
0.28
2.20
0.20
0.36
0.45
0.56
0.18
0.18
0.18
0.77
0.18
0.18
0.16
0.46
0.16
0.16
0.16
0.26
0.29
0.19
0.18
0.35
0.26
0.18
0.17
0.48
0.15
0.15
0.16
0.20
CorWatt	PkgWatt
12.81	162.76
0.09	75.34
0.08
0.08
0.08
0.07
0.08
0.07
0.07
0.06
0.06
0.06
0.06
0.06
0.06
0.06
0.06
0.07
0.07
0.07
0.07
0.08
0.07
0.07
0.07
0.06
0.06
0.06
0.06
0.06
0.06
0.06
0.06
2.28	87.43
0.28
0.28
0.34
0.19
0.30
0.30
0.61
0.17
0.16
0.15
0.33
0.98
0.23
0.20
0.33
0.17
0.17
0.17
0.41
0.19
0.19
0.18
0.39
0.24
0.16
0.16
0.29
0.16
0.15
0.16
0.32
CorWatt	PkgWatt
12.89	162.64
0.09	75.32
0.08
0.08
0.08
0.07
0.07
0.07
0.08
0.06
0.06
0.06
0.06
0.06
0.06
0.06
0.06
0.07
0.07
0.07
0.07
0.08
0.07
0.07
0.07
0.06
0.07
0.06
0.06
0.06
0.06
0.06
0.06
1.65	87.37
0.28
0.28
0.96
0.19
0.32
0.35
0.48
0.22
0.58
0.18
0.26
0.19
0.18
0.17
0.54
0.18
0.18
0.18
0.55
0.19
0.19
0.18
0.40
0.18
0.17
0.17
0.42
0.16
0.16
0.17
0.40
CorWatt	PkgWatt
12.62	162.52
0.09	75.29
0.08
0.08
0.08
0.07
0.08
0.07
0.07
0.06
0.06
0.06
0.06
0.06
0.06
0.06
0.06
0.08
0.07
0.07
0.07
0.08
0.07
0.07
0.07
0.06
0.06
0.06
0.06
0.06
0.06
0.06
0.06
0.29	87.20
0.27
0.27
2.22
0.20
0.22
0.48
0.30
0.22
0.22
0.18
0.79
0.63
0.20
0.18
0.34
0.23
0.18
0.18
0.54
0.18
0.18
0.18
0.35
0.22
0.16
0.16
0.23
0.15
0.15
0.15
0.21
CorWatt	PkgWatt
12.83	162.81
0.08	75.49
0.08
0.08
0.08
0.07
0.08
0.08
0.08
0.06
0.06
0.06
0.06
0.06
0.06
0.06
0.06
0.08
0.08
0.08
0.08
0.09
0.07
0.07
0.07
0.07
0.07
0.07
0.07
0.06
0.06
0.06
0.06
0.28	87.38
0.28
0.28
2.23
0.20
0.23
0.40
0.34
0.21
0.21
0.18
0.71
0.22
0.30
0.51
0.36
0.33
0.29
0.18
0.19
0.20
0.20
0.21
0.64
0.20
0.16
0.16
0.20
0.15
0.15
0.15
0.23
CorWatt	PkgWatt
12.96	162.97
0.10	75.49
0.08
0.10
0.08
0.07
0.08
0.08
0.08
0.06
0.06
0.06
0.06
0.06
0.06
0.06
0.06
0.08
0.08
0.08
0.08
0.09
0.07
0.07
0.07
0.07
0.07
0.07
0.07
0.06
0.06
0.06
0.06
0.97	87.44
0.28
0.28
1.59
0.26
0.21
0.32
0.31
0.21
0.22
0.19
0.96
0.59
0.21
0.21
0.36
0.31
0.32
0.18
0.19
0.19
0.19
0.19
0.52
0.19
0.16
0.16
0.21
0.15
0.15
0.15
0.24
CorWatt	PkgWatt
12.84	162.87
0.09	75.40
0.08
0.08
0.08
0.07
0.07
0.08
0.08
0.06
0.06
0.06
0.06
0.06
0.06
0.06
0.06
0.08
0.08
0.07
0.08
0.08
0.07
0.07
0.07
0.06
0.06
0.06
0.06
0.06
0.06
0.06
0.06
2.37	87.42
0.28
0.28
0.29
0.23
0.50
0.25
0.48
0.17
0.18
0.17
0.65
0.19
0.18
0.19
0.56
0.26
0.30
0.17
0.19
0.17
0.18
0.17
0.39
0.20
0.17
0.17
0.55
0.15
0.15
0.15
0.28
CorWatt	PkgWatt
12.75	162.67
0.09	75.49
0.08
0.08
0.08
0.07
0.08
0.08
0.08
0.06
0.06
0.06
0.06
0.06
0.06
0.06
0.06
0.08
0.08
0.08
0.08
0.09
0.07
0.07
0.07
0.07
0.07
0.07
0.07
0.06
0.06
0.06
0.06
1.58	87.26
0.28
0.28
1.02
0.19
0.20
0.53
0.21
0.36
0.18
0.18
0.58
0.37
0.16
0.16
0.28
0.31
0.36
0.18
0.19
0.19
0.19
0.19
0.63
0.21
0.16
0.16
0.32
0.16
0.16
0.16
0.35
CorWatt	PkgWatt
13.03	163.08
0.10	75.63
0.08
0.09
0.08
0.08
0.08
0.08
0.08
0.07
0.07
0.06
0.07
0.07
0.07
0.06
0.06
0.08
0.08
0.08
0.08
0.09
0.08
0.08
0.08
0.07
0.07
0.07
0.07
0.07
0.07
0.07
0.07
1.26	87.40
0.28
0.28
1.34
0.19
0.19
0.43
0.44
0.20
0.37
0.49
0.24
0.19
0.17
0.17
0.59
0.33
0.27
0.18
0.19
0.21
0.20
0.19
0.66
0.19
0.16
0.16
0.24
0.16
0.16
0.16
0.36
CorWatt	PkgWatt
12.52	162.41
0.09	75.29
0.08
0.08
0.08
0.07
0.07
0.07
0.07
0.06
0.06
0.06
0.06
0.06
0.06
0.06
0.06
0.07
0.07
0.07
0.07
0.08
0.07
0.07
0.07
0.06
0.06
0.06
0.06
0.06
0.06
0.06
0.06
0.29	87.13
0.27
0.28
2.25
0.18
0.35
0.19
0.29
0.17
0.17
0.18
0.49
0.70
0.19
0.19
0.58
0.37
0.24
0.17
0.19
0.19
0.21
0.19
0.59
0.20
0.16
0.16
0.21
0.15
0.15
0.15
0.26
CorWatt	PkgWatt
12.96	162.96
0.09	75.58
0.08
0.08
0.08
0.07
0.07
0.08
0.07
0.06
0.06
0.06
0.06
0.06
0.13
0.06
0.06
0.08
0.08
0.08
0.08
0.09
0.08
0.07
0.07
0.07
0.07
0.07
0.07
0.06
0.06
0.06
0.06
2.34	87.42
0.28
0.28
0.29
0.20
0.58
0.23
0.51
0.17
0.17
0.18
0.52
0.19
0.37
0.34
0.22
0.38
0.23
0.17
0.19
0.17
0.22
0.17
0.28
0.21
0.18
0.18
0.69
0.15
0.15
0.15
0.23
CorWatt	PkgWatt
12.83	162.93
0.10	75.62
0.08
0.08
0.08
0.08
0.08
0.08
0.08
0.07
0.07
0.06
0.07
0.07
0.07
0.06
0.06
0.08
0.08
0.08
0.08
0.09
0.08
0.08
0.08
0.07
0.07
0.07
0.07
0.07
0.07
0.07
0.07
0.81	87.26
0.28
0.27
1.74
0.19
0.41
0.42
0.19
0.19
0.19
0.22
0.95
0.51
0.19
0.19
0.25
0.34
0.23
0.17
0.18
0.17
0.17
0.17
0.24
0.20
0.17
0.17
0.46
0.16
0.16
0.27
0.22
CorWatt	PkgWatt
12.77	162.64
0.10	75.51
0.08
0.08
0.08
0.08
0.08
0.08
0.08
0.06
0.06
0.06
0.06
0.06
0.06
0.06
0.06
0.08
0.08
0.08
0.08
0.09
0.08
0.07
0.07
0.07
0.07
0.07
0.07
0.07
0.07
0.06
0.06
1.04	87.15
0.28
0.28
1.51
0.21
0.53
0.26
0.68
0.17
0.18
0.43
0.39
0.19
0.18
0.18
0.55
0.18
0.35
0.17
0.18
0.17
0.30
0.17
0.23
0.26
0.17
0.17
0.33
0.15
0.15
0.16
0.27
CorWatt	PkgWatt
12.90	162.99
0.08	75.56
0.08
0.08
0.08
0.07
0.07
0.08
0.08
0.06
0.06
0.06
0.06
0.06
0.06
0.06
0.06
0.08
0.08
0.08
0.08
0.09
0.17
0.08
0.08
0.07
0.07
0.06
0.07
0.06
0.06
0.06
0.06
2.35	87.36
0.29
0.28
0.28
0.27
0.21
0.37
0.20
0.17
0.17
0.20
0.67
0.59
0.18
0.19
0.39
0.26
0.27
0.18
0.18
0.41
0.22
0.19
0.46
0.31
0.17
0.17
0.29
0.15
0.15
0.15
0.20
